Repeat,Fold,Sample,True_label,Predicted_probability
1,1,GSM331667,0,0.9999978542327881
1,1,GSM330930,1,0.999976634979248
1,1,GSM330932,1,0.9999995231628418
1,1,GSM330933,1,1.0
1,1,GSM330934,1,0.999992847442627
1,1,GSM330935,1,1.0
1,1,GSM330937,1,1.0
1,1,GSM330940,1,0.9999991655349731
1,1,GSM330944,1,1.0
1,1,GSM330947,1,1.0
1,1,GSM330948,1,1.0
1,1,GSM330949,1,1.0
1,1,GSM330950,1,0.9999996423721313
1,1,GSM330951,1,0.9999983310699463
1,1,GSM330952,1,0.9999983310699463
1,1,GSM330954,1,0.9999998807907104
1,1,GSM330955,1,0.9999997615814209
1,1,GSM330957,1,1.0
1,1,GSM330958,1,1.0
1,1,GSM330959,1,0.9999998807907104
1,1,GSM330960,1,1.0
1,1,GSM330962,1,0.9999995231628418
1,1,GSM330963,1,0.9999998807907104
1,1,GSM330964,1,0.9999967813491821
1,1,GSM330965,1,0.9999998807907104
1,1,GSM330967,1,0.9999998807907104
1,1,GSM330968,1,0.9999997615814209
1,1,GSM330969,1,0.99998939037323
1,1,GSM330970,1,1.0
1,1,GSM330977,1,0.9999998807907104
1,1,GSM330979,1,1.0
1,1,GSM330980,1,0.9999998807907104
1,1,GSM330986,1,0.9999998807907104
1,1,GSM330988,1,0.9999995231628418
1,1,GSM330989,1,1.0
1,1,GSM330990,1,0.999998927116394
1,1,GSM330992,1,1.0
1,1,GSM330993,1,0.9999997615814209
1,1,GSM330996,1,0.9999995231628418
1,1,GSM330997,1,0.9999988079071045
1,1,GSM331000,1,0.9999995231628418
1,1,GSM331001,1,0.9999991655349731
1,1,GSM331013,1,0.9999996423721313
1,1,GSM331014,1,0.9999996423721313
1,1,GSM331015,1,1.0
1,1,GSM331020,1,0.9999994039535522
1,1,GSM331022,1,0.9999998807907104
1,1,GSM331023,1,0.9999992847442627
1,1,GSM331024,1,0.9999998807907104
1,1,GSM331025,1,1.0
1,1,GSM331026,1,0.9999997615814209
1,1,GSM331027,1,0.9999997615814209
1,1,GSM331031,1,0.9999743700027466
1,1,GSM331033,1,0.9999996423721313
1,1,GSM331034,1,1.0
1,1,GSM331037,1,1.0
1,1,GSM331038,1,0.9999912977218628
1,1,GSM331039,1,0.9999998807907104
1,1,GSM331041,1,0.9999998807907104
1,1,GSM331042,1,0.9999995231628418
1,1,GSM331043,1,0.9999996423721313
1,1,GSM331046,1,0.9999998807907104
1,1,GSM331047,1,0.9999998807907104
1,1,GSM331048,1,0.9999998807907104
1,1,GSM331057,1,0.9999998807907104
1,1,GSM331058,1,0.9999997615814209
1,1,GSM331064,1,1.0
1,1,GSM331065,1,0.9999998807907104
1,1,GSM331067,1,0.9999997615814209
1,1,GSM331074,1,0.9999994039535522
1,1,GSM331075,1,0.9999997615814209
1,1,GSM331077,1,0.9999978542327881
1,1,GSM331078,1,1.0
1,1,GSM331080,1,1.0
1,1,GSM331081,1,0.9999998807907104
1,1,GSM331085,1,0.9999998807907104
1,1,GSM331088,1,0.9999998807907104
1,1,GSM331090,1,0.9999973773956299
1,1,GSM331093,1,0.9999996423721313
1,1,GSM331096,1,0.9999998807907104
1,1,GSM331098,1,0.9999996423721313
1,1,GSM331099,1,0.9999998807907104
1,1,GSM331100,1,0.9999996423721313
1,1,GSM331102,1,0.9999990463256836
1,1,GSM331103,1,0.9999998807907104
1,1,GSM331105,1,0.9999994039535522
1,1,GSM331107,1,0.9999939203262329
1,1,GSM331110,1,0.9999998807907104
1,1,GSM331112,1,0.9999997615814209
1,1,GSM331114,1,0.9999997615814209
1,1,GSM331116,1,0.9999998807907104
1,1,GSM331117,1,0.9999998807907104
1,1,GSM331118,1,0.9999998807907104
1,1,GSM331119,1,0.9999998807907104
1,1,GSM331120,1,1.0
1,1,GSM331123,1,0.9999998807907104
1,1,GSM331125,1,1.0
1,1,GSM331126,1,0.9999996423721313
1,1,GSM331127,1,1.0
1,1,GSM331130,1,0.9999911785125732
1,1,GSM331134,1,0.9999996423721313
1,1,GSM331135,1,1.0
1,1,GSM331137,1,0.9999992847442627
1,1,GSM331140,1,0.9999997615814209
1,1,GSM331142,1,1.0
1,1,GSM331143,1,1.0
1,1,GSM331145,1,0.9999997615814209
1,1,GSM331146,1,0.9999978542327881
1,1,GSM331148,1,0.9999953508377075
1,1,GSM331149,1,0.9999997615814209
1,1,GSM331152,1,0.999991774559021
1,1,GSM331155,1,0.9999992847442627
1,1,GSM331156,1,0.9999998807907104
1,1,GSM331157,1,0.9999998807907104
1,1,GSM331160,1,0.9999996423721313
1,1,GSM331162,1,1.0
1,1,GSM331164,1,0.9999980926513672
1,1,GSM331166,1,0.9999997615814209
1,1,GSM331167,1,1.0
1,1,GSM331168,1,0.9999927282333374
1,1,GSM331169,1,0.9999998807907104
1,1,GSM331171,1,0.9999996423721313
1,1,GSM331172,1,0.9999998807907104
1,1,GSM331173,1,0.999606728553772
1,1,GSM331174,1,0.9999995231628418
1,1,GSM331175,1,0.9999997615814209
1,1,GSM331177,1,0.9999991655349731
1,1,GSM331178,1,0.9999996423721313
1,1,GSM331180,1,0.9999939203262329
1,1,GSM331182,1,1.0
1,1,GSM331185,1,0.9999998807907104
1,1,GSM331186,1,0.9999997615814209
1,1,GSM331190,1,0.9999998807907104
1,1,GSM331195,1,0.999997615814209
1,1,GSM331196,1,0.9999996423721313
1,1,GSM331197,1,0.9999998807907104
1,1,GSM331198,1,1.0
1,1,GSM331200,1,0.9999995231628418
1,1,GSM331202,1,0.9999977350234985
1,1,GSM331203,1,0.9999998807907104
1,1,GSM331205,1,1.0
1,1,GSM331207,1,0.9999998807907104
1,1,GSM331209,1,0.9999990463256836
1,1,GSM331210,1,1.0
1,1,GSM331211,1,0.9999995231628418
1,1,GSM331213,1,1.0
1,1,GSM331216,1,0.9999994039535522
1,1,GSM331217,1,0.9999997615814209
1,1,GSM331219,1,0.9999990463256836
1,1,GSM331221,1,0.9999998807907104
1,1,GSM331223,1,0.9999998807907104
1,1,GSM331224,1,1.0
1,1,GSM331226,1,1.0
1,1,GSM331227,1,0.9999996423721313
1,1,GSM331229,1,0.9999998807907104
1,1,GSM331230,1,0.9999997615814209
1,1,GSM331231,1,1.0
1,1,GSM331232,1,0.9999998807907104
1,1,GSM331239,1,0.9999998807907104
1,1,GSM331240,1,0.9999974966049194
1,1,GSM331242,1,0.9999997615814209
1,1,GSM331243,1,0.9999996423721313
1,1,GSM331244,1,0.9999996423721313
1,1,GSM331250,1,1.0
1,1,GSM331251,1,1.0
1,1,GSM331254,1,0.9999997615814209
1,1,GSM331255,1,0.9999998807907104
1,1,GSM331256,1,0.9999997615814209
1,1,GSM331257,1,0.9999998807907104
1,1,GSM331258,1,0.9999998807907104
1,1,GSM331259,1,0.9999994039535522
1,1,GSM331261,1,1.0
1,1,GSM331262,1,0.9999971389770508
1,1,GSM331265,1,0.9999998807907104
1,1,GSM331268,1,1.0
1,1,GSM331270,1,1.0
1,1,GSM331272,1,0.9999996423721313
1,1,GSM331273,1,0.9999996423721313
1,1,GSM331274,1,0.9999997615814209
1,1,GSM331280,1,0.9999995231628418
1,1,GSM331281,1,0.9999992847442627
1,1,GSM331282,1,1.0
1,1,GSM331283,1,0.9999997615814209
1,1,GSM331284,1,0.9999998807907104
1,1,GSM331286,1,0.9999998807907104
1,1,GSM331289,1,0.999997615814209
1,1,GSM331291,1,0.9999998807907104
1,1,GSM331297,1,1.0
1,1,GSM331301,1,0.9999995231628418
1,1,GSM331302,1,0.9999992847442627
1,1,GSM331304,1,0.9999998807907104
1,1,GSM331305,1,0.9999979734420776
1,1,GSM331309,1,0.9999998807907104
1,1,GSM331312,1,0.9999998807907104
1,1,GSM331314,1,0.9999998807907104
1,1,GSM331316,1,0.9999996423721313
1,1,GSM331319,1,1.0
1,1,GSM331320,1,0.9999997615814209
1,1,GSM331322,1,0.9924025535583496
1,1,GSM331323,1,0.9999996423721313
1,1,GSM331325,1,0.9999990463256836
1,1,GSM331328,1,1.0
1,1,GSM331329,1,0.9999994039535522
1,1,GSM331333,1,0.9999983310699463
1,1,GSM331337,1,0.9999985694885254
1,1,GSM331338,1,0.9999998807907104
1,1,GSM331339,1,1.0
1,1,GSM331340,1,1.0
1,1,GSM331342,1,0.9999996423721313
1,1,GSM331349,1,0.9999998807907104
1,1,GSM331350,1,0.9999998807907104
1,1,GSM331354,1,0.9999998807907104
1,1,GSM331355,1,0.9999998807907104
1,1,GSM331356,1,0.9999998807907104
1,1,GSM331357,1,0.9999998807907104
1,1,GSM331360,1,0.9999995231628418
1,1,GSM331362,1,0.9999997615814209
1,1,GSM331363,1,0.9999998807907104
1,1,GSM331364,1,0.9999998807907104
1,1,GSM331369,1,0.9999998807907104
1,1,GSM331370,1,1.0
1,1,GSM331372,1,0.9999995231628418
1,1,GSM331373,1,0.9999943971633911
1,1,GSM331374,1,1.0
1,1,GSM331376,1,0.9999934434890747
1,2,GSM330929,1,0.7510813474655151
1,2,GSM330931,1,0.49694839119911194
1,2,GSM330936,1,0.36385205388069153
1,2,GSM330938,1,0.6703025102615356
1,2,GSM330939,1,0.24389629065990448
1,2,GSM330941,1,0.7857789397239685
1,2,GSM330942,1,0.9451001882553101
1,2,GSM330943,1,0.22537216544151306
1,2,GSM330945,1,0.6045693159103394
1,2,GSM330946,1,0.2870420217514038
1,2,GSM330953,1,0.8579986691474915
1,2,GSM330956,1,0.7717326879501343
1,2,GSM330961,1,0.4848319888114929
1,2,GSM330966,1,0.35835695266723633
1,2,GSM330971,1,0.38083091378211975
1,2,GSM330972,1,0.5108125805854797
1,2,GSM330973,1,0.4578709602355957
1,2,GSM330974,1,0.401716023683548
1,2,GSM330975,1,0.7081246972084045
1,2,GSM330976,1,0.2722022533416748
1,2,GSM330978,1,0.8861910104751587
1,2,GSM330981,1,0.6099002957344055
1,2,GSM330982,1,0.33675816655158997
1,2,GSM330983,1,0.14293162524700165
1,2,GSM330984,1,0.41422417759895325
1,2,GSM330985,1,0.720710277557373
1,2,GSM330987,1,0.2530378997325897
1,2,GSM330991,1,0.3634556829929352
1,2,GSM330994,1,0.6439287662506104
1,2,GSM330995,1,0.17495222389698029
1,2,GSM330998,1,0.5560151934623718
1,2,GSM330999,1,0.48026517033576965
1,2,GSM331002,1,0.6048550009727478
1,2,GSM331003,1,0.6156893968582153
1,2,GSM331004,1,0.5023894309997559
1,2,GSM331005,1,0.4593343436717987
1,2,GSM331006,1,0.7182600498199463
1,2,GSM331007,1,0.44869107007980347
1,2,GSM331008,1,0.5815971493721008
1,2,GSM331009,1,0.44124966859817505
1,2,GSM331010,1,0.767427921295166
1,2,GSM331011,1,0.5448039174079895
1,2,GSM331012,1,0.8109035491943359
1,2,GSM331016,1,0.6883005499839783
1,2,GSM331017,1,0.5739836692810059
1,2,GSM331018,1,0.6404052376747131
1,2,GSM331019,1,0.8780651688575745
1,2,GSM331021,1,0.6475442051887512
1,2,GSM331028,1,0.23609572649002075
1,2,GSM331029,1,0.46111035346984863
1,2,GSM331030,1,0.22486120462417603
1,2,GSM331032,1,0.2712821662425995
1,2,GSM331035,1,0.2859435975551605
1,2,GSM331036,1,0.8537837266921997
1,2,GSM331040,1,0.5003661513328552
1,2,GSM331044,1,0.6596328020095825
1,2,GSM331045,1,0.7090478539466858
1,2,GSM331049,1,0.5105271339416504
1,2,GSM331050,1,0.908401608467102
1,2,GSM331051,1,0.24761489033699036
1,2,GSM331052,1,0.6265788674354553
1,2,GSM331053,1,0.665630578994751
1,2,GSM331054,1,0.7365556955337524
1,2,GSM331055,1,0.6722003221511841
1,2,GSM331056,1,0.5443760752677917
1,2,GSM331059,1,0.455886572599411
1,2,GSM331060,1,0.7562921643257141
1,2,GSM331061,1,0.4962891638278961
1,2,GSM331062,1,0.7408788800239563
1,2,GSM331063,1,0.8100270628929138
1,2,GSM331066,1,0.910412609577179
1,2,GSM331068,1,0.8361746668815613
1,2,GSM331069,1,0.5603773593902588
1,2,GSM331070,1,0.7866398692131042
1,2,GSM331071,1,0.5509450435638428
1,2,GSM331072,1,0.7846758365631104
1,2,GSM331073,1,0.8237754106521606
1,2,GSM331076,1,0.33709555864334106
1,2,GSM331079,1,0.6626691818237305
1,2,GSM331082,1,0.5760291814804077
1,2,GSM331083,1,0.8026005029678345
1,2,GSM331084,1,0.5235322117805481
1,2,GSM331086,1,0.8887403607368469
1,2,GSM331087,1,0.40523219108581543
1,2,GSM331089,1,0.6603038907051086
1,2,GSM331091,1,0.4460400342941284
1,2,GSM331092,1,0.6438981294631958
1,2,GSM331094,1,0.64284747838974
1,2,GSM331095,1,0.7004672288894653
1,2,GSM331097,1,0.7938899397850037
1,2,GSM331101,1,0.5811683535575867
1,2,GSM331104,1,0.785567045211792
1,2,GSM331106,1,0.7354682087898254
1,2,GSM331108,1,0.7202101945877075
1,2,GSM331109,1,0.30434104800224304
1,2,GSM331111,1,0.5498138666152954
1,2,GSM331113,1,0.6217823624610901
1,2,GSM331115,1,0.7235000133514404
1,2,GSM331121,1,0.42977434396743774
1,2,GSM331122,1,0.5904514193534851
1,2,GSM331124,1,0.8569139242172241
1,2,GSM331128,1,0.5679978132247925
1,2,GSM331129,1,0.3840745985507965
1,2,GSM331131,1,0.3904404938220978
1,2,GSM331132,1,0.7004032135009766
1,2,GSM331133,1,0.7713477611541748
1,2,GSM331136,1,0.6622555255889893
1,2,GSM331138,1,0.5501172542572021
1,2,GSM331139,1,0.27897846698760986
1,2,GSM331141,1,0.5656009912490845
1,2,GSM331144,1,0.7417819499969482
1,2,GSM331147,1,0.7658716440200806
1,2,GSM331150,1,0.5619487166404724
1,2,GSM331151,1,0.634461522102356
1,2,GSM331153,1,0.36746111512184143
1,2,GSM331154,1,0.46292468905448914
1,2,GSM331158,1,0.7979319095611572
1,2,GSM331159,1,0.7113351821899414
1,2,GSM331161,1,0.38677820563316345
1,2,GSM331163,1,0.36687445640563965
1,2,GSM331165,1,0.5001629590988159
1,2,GSM331170,1,0.8674760460853577
1,2,GSM331176,1,0.43583160638809204
1,2,GSM331179,1,0.8047029376029968
1,2,GSM331181,1,0.5924856066703796
1,2,GSM331183,1,0.7964833378791809
1,2,GSM331184,1,0.7702078819274902
1,2,GSM331187,1,0.750220000743866
1,2,GSM331188,1,0.3119417130947113
1,2,GSM331189,1,0.655997633934021
1,2,GSM331191,1,0.7457020282745361
1,2,GSM331192,1,0.6795082688331604
1,2,GSM331193,1,0.4532775580883026
1,2,GSM331194,1,0.5076563954353333
1,2,GSM331199,1,0.603005051612854
1,2,GSM331201,1,0.7905745506286621
1,2,GSM331204,1,0.45395272970199585
1,2,GSM331206,1,0.6712614893913269
1,2,GSM331208,1,0.35884276032447815
1,2,GSM331212,1,0.7437729835510254
1,2,GSM331214,1,0.9310926795005798
1,2,GSM331215,1,0.5324913859367371
1,2,GSM331218,1,0.5743554830551147
1,2,GSM331220,1,0.3109019696712494
1,2,GSM331222,1,0.7000170946121216
1,2,GSM331225,1,0.8555846810340881
1,2,GSM331228,1,0.2394028753042221
1,2,GSM331233,1,0.686166524887085
1,2,GSM331234,1,0.5038411021232605
1,2,GSM331235,1,0.2606123387813568
1,2,GSM331236,1,0.7238929271697998
1,2,GSM331237,1,0.526421070098877
1,2,GSM331238,1,0.1996467411518097
1,2,GSM331241,1,0.5233365893363953
1,2,GSM331245,1,0.898790717124939
1,2,GSM331246,1,0.6229438781738281
1,2,GSM331247,1,0.47005409002304077
1,2,GSM331248,1,0.6654869318008423
1,2,GSM331249,1,0.536798357963562
1,2,GSM331252,1,0.5133596658706665
1,2,GSM331253,1,0.6803133487701416
1,2,GSM331260,1,0.7125720977783203
1,2,GSM331263,1,0.35547786951065063
1,2,GSM331264,1,0.2589384913444519
1,2,GSM331266,1,0.4057232141494751
1,2,GSM331267,1,0.39508056640625
1,2,GSM331269,1,0.6216588020324707
1,2,GSM331271,1,0.4409199059009552
1,2,GSM331275,1,0.8035784363746643
1,2,GSM331276,1,0.469497412443161
1,2,GSM331277,1,0.6117241978645325
1,2,GSM331278,1,0.5393533706665039
1,2,GSM331279,1,0.6277628540992737
1,2,GSM331285,1,0.5493675470352173
1,2,GSM331287,1,0.6979498267173767
1,2,GSM331288,1,0.44770702719688416
1,2,GSM331290,1,0.6860988736152649
1,2,GSM331292,1,0.5066312551498413
1,2,GSM331293,1,0.7921085357666016
1,2,GSM331294,1,0.7103414535522461
1,2,GSM331295,1,0.8756586909294128
1,2,GSM331296,1,0.6564684510231018
1,2,GSM331298,1,0.29244330525398254
1,2,GSM331299,1,0.43055444955825806
1,2,GSM331300,1,0.3346617817878723
1,2,GSM331303,1,0.5947768688201904
1,2,GSM331306,1,0.8185754418373108
1,2,GSM331307,1,0.850531280040741
1,2,GSM331308,1,0.41360387206077576
1,2,GSM331310,1,0.7556089162826538
1,2,GSM331311,1,0.7479422688484192
1,2,GSM331313,1,0.5841461420059204
1,2,GSM331315,1,0.5646457076072693
1,2,GSM331317,1,0.8527094721794128
1,2,GSM331318,1,0.7348418235778809
1,2,GSM331321,1,0.513887882232666
1,2,GSM331324,1,0.8394715785980225
1,2,GSM331326,1,0.7286849617958069
1,2,GSM331327,1,0.6677029132843018
1,2,GSM331330,1,0.964228093624115
1,2,GSM331331,1,0.297945499420166
1,2,GSM331332,1,0.5467760562896729
1,2,GSM331334,1,0.5005341172218323
1,2,GSM331335,1,0.6005388498306274
1,2,GSM331336,1,0.4326925575733185
1,2,GSM331341,1,0.3243226706981659
1,2,GSM331343,1,0.25111207365989685
1,2,GSM331344,1,0.5785447955131531
1,2,GSM331345,1,0.7088635563850403
1,2,GSM331346,1,0.5760017037391663
1,2,GSM331347,1,0.3176654577255249
1,2,GSM331348,1,0.8909687399864197
1,2,GSM331351,1,0.8061736226081848
1,2,GSM331352,1,0.24698248505592346
1,2,GSM331353,1,0.698178768157959
1,2,GSM331358,1,0.8067799806594849
1,2,GSM331359,1,0.44261014461517334
1,2,GSM331361,1,0.2894081771373749
1,2,GSM331365,1,0.5309068560600281
1,2,GSM331366,1,0.35748037695884705
1,2,GSM331367,1,0.5683268308639526
1,2,GSM331368,1,0.8084502816200256
1,2,GSM331371,1,0.47060704231262207
1,2,GSM331375,1,0.19419951736927032
2,1,GSM331667,0,1.0
2,1,GSM330929,1,1.0
2,1,GSM330931,1,1.0
2,1,GSM330932,1,1.0
2,1,GSM330934,1,0.9999998807907104
2,1,GSM330935,1,1.0
2,1,GSM330936,1,1.0
2,1,GSM330937,1,1.0
2,1,GSM330938,1,1.0
2,1,GSM330939,1,1.0
2,1,GSM330941,1,1.0
2,1,GSM330942,1,1.0
2,1,GSM330944,1,1.0
2,1,GSM330947,1,1.0
2,1,GSM330949,1,1.0
2,1,GSM330951,1,1.0
2,1,GSM330952,1,1.0
2,1,GSM330953,1,0.9999902248382568
2,1,GSM330954,1,1.0
2,1,GSM330955,1,1.0
2,1,GSM330956,1,1.0
2,1,GSM330959,1,1.0
2,1,GSM330961,1,1.0
2,1,GSM330963,1,1.0
2,1,GSM330968,1,1.0
2,1,GSM330969,1,0.9999983310699463
2,1,GSM330970,1,1.0
2,1,GSM330972,1,1.0
2,1,GSM330975,1,1.0
2,1,GSM330980,1,1.0
2,1,GSM330981,1,1.0
2,1,GSM330987,1,1.0
2,1,GSM330988,1,1.0
2,1,GSM330989,1,1.0
2,1,GSM330993,1,1.0
2,1,GSM330995,1,1.0
2,1,GSM330997,1,1.0
2,1,GSM330998,1,1.0
2,1,GSM330999,1,1.0
2,1,GSM331000,1,1.0
2,1,GSM331001,1,1.0
2,1,GSM331003,1,1.0
2,1,GSM331008,1,1.0
2,1,GSM331009,1,1.0
2,1,GSM331010,1,1.0
2,1,GSM331011,1,1.0
2,1,GSM331014,1,1.0
2,1,GSM331017,1,1.0
2,1,GSM331018,1,1.0
2,1,GSM331019,1,1.0
2,1,GSM331021,1,1.0
2,1,GSM331026,1,1.0
2,1,GSM331029,1,1.0
2,1,GSM331031,1,1.0
2,1,GSM331032,1,1.0
2,1,GSM331037,1,1.0
2,1,GSM331040,1,1.0
2,1,GSM331042,1,1.0
2,1,GSM331044,1,1.0
2,1,GSM331045,1,1.0
2,1,GSM331047,1,1.0
2,1,GSM331048,1,1.0
2,1,GSM331049,1,1.0
2,1,GSM331050,1,1.0
2,1,GSM331052,1,1.0
2,1,GSM331056,1,1.0
2,1,GSM331057,1,1.0
2,1,GSM331058,1,1.0
2,1,GSM331062,1,1.0
2,1,GSM331064,1,1.0
2,1,GSM331066,1,1.0
2,1,GSM331067,1,1.0
2,1,GSM331069,1,1.0
2,1,GSM331072,1,1.0
2,1,GSM331073,1,1.0
2,1,GSM331074,1,1.0
2,1,GSM331075,1,1.0
2,1,GSM331077,1,1.0
2,1,GSM331078,1,1.0
2,1,GSM331079,1,1.0
2,1,GSM331081,1,1.0
2,1,GSM331082,1,1.0
2,1,GSM331085,1,1.0
2,1,GSM331087,1,1.0
2,1,GSM331088,1,1.0
2,1,GSM331089,1,1.0
2,1,GSM331090,1,1.0
2,1,GSM331092,1,1.0
2,1,GSM331093,1,1.0
2,1,GSM331097,1,1.0
2,1,GSM331098,1,1.0
2,1,GSM331101,1,1.0
2,1,GSM331102,1,1.0
2,1,GSM331103,1,1.0
2,1,GSM331105,1,1.0
2,1,GSM331106,1,1.0
2,1,GSM331107,1,1.0
2,1,GSM331111,1,1.0
2,1,GSM331113,1,1.0
2,1,GSM331116,1,1.0
2,1,GSM331117,1,1.0
2,1,GSM331123,1,1.0
2,1,GSM331126,1,1.0
2,1,GSM331128,1,1.0
2,1,GSM331130,1,0.9999997615814209
2,1,GSM331131,1,1.0
2,1,GSM331134,1,1.0
2,1,GSM331136,1,1.0
2,1,GSM331138,1,1.0
2,1,GSM331139,1,1.0
2,1,GSM331140,1,1.0
2,1,GSM331141,1,1.0
2,1,GSM331143,1,1.0
2,1,GSM331147,1,1.0
2,1,GSM331152,1,1.0
2,1,GSM331154,1,1.0
2,1,GSM331157,1,1.0
2,1,GSM331158,1,1.0
2,1,GSM331160,1,1.0
2,1,GSM331161,1,1.0
2,1,GSM331162,1,1.0
2,1,GSM331165,1,1.0
2,1,GSM331167,1,1.0
2,1,GSM331169,1,1.0
2,1,GSM331171,1,1.0
2,1,GSM331172,1,1.0
2,1,GSM331173,1,0.9999037981033325
2,1,GSM331174,1,1.0
2,1,GSM331175,1,1.0
2,1,GSM331176,1,1.0
2,1,GSM331177,1,1.0
2,1,GSM331180,1,1.0
2,1,GSM331182,1,1.0
2,1,GSM331184,1,1.0
2,1,GSM331185,1,1.0
2,1,GSM331191,1,1.0
2,1,GSM331193,1,1.0
2,1,GSM331196,1,1.0
2,1,GSM331197,1,1.0
2,1,GSM331200,1,1.0
2,1,GSM331204,1,1.0
2,1,GSM331212,1,1.0
2,1,GSM331214,1,1.0
2,1,GSM331217,1,1.0
2,1,GSM331222,1,1.0
2,1,GSM331223,1,1.0
2,1,GSM331224,1,1.0
2,1,GSM331225,1,1.0
2,1,GSM331229,1,1.0
2,1,GSM331234,1,1.0
2,1,GSM331240,1,1.0
2,1,GSM331243,1,1.0
2,1,GSM331244,1,1.0
2,1,GSM331245,1,1.0
2,1,GSM331248,1,1.0
2,1,GSM331249,1,1.0
2,1,GSM331250,1,1.0
2,1,GSM331251,1,1.0
2,1,GSM331252,1,1.0
2,1,GSM331253,1,0.9999998807907104
2,1,GSM331254,1,1.0
2,1,GSM331255,1,1.0
2,1,GSM331259,1,1.0
2,1,GSM331261,1,1.0
2,1,GSM331263,1,1.0
2,1,GSM331265,1,1.0
2,1,GSM331266,1,1.0
2,1,GSM331268,1,1.0
2,1,GSM331270,1,1.0
2,1,GSM331272,1,1.0
2,1,GSM331273,1,1.0
2,1,GSM331274,1,1.0
2,1,GSM331276,1,1.0
2,1,GSM331278,1,1.0
2,1,GSM331279,1,1.0
2,1,GSM331281,1,1.0
2,1,GSM331284,1,1.0
2,1,GSM331285,1,1.0
2,1,GSM331286,1,1.0
2,1,GSM331287,1,1.0
2,1,GSM331290,1,1.0
2,1,GSM331291,1,1.0
2,1,GSM331293,1,1.0
2,1,GSM331294,1,0.9999997615814209
2,1,GSM331295,1,1.0
2,1,GSM331299,1,1.0
2,1,GSM331300,1,1.0
2,1,GSM331301,1,1.0
2,1,GSM331302,1,1.0
2,1,GSM331304,1,1.0
2,1,GSM331306,1,1.0
2,1,GSM331308,1,1.0
2,1,GSM331314,1,1.0
2,1,GSM331315,1,1.0
2,1,GSM331319,1,1.0
2,1,GSM331322,1,0.9973260164260864
2,1,GSM331326,1,1.0
2,1,GSM331327,1,1.0
2,1,GSM331328,1,1.0
2,1,GSM331330,1,1.0
2,1,GSM331331,1,1.0
2,1,GSM331333,1,1.0
2,1,GSM331334,1,1.0
2,1,GSM331341,1,1.0
2,1,GSM331342,1,1.0
2,1,GSM331344,1,1.0
2,1,GSM331345,1,1.0
2,1,GSM331346,1,1.0
2,1,GSM331347,1,1.0
2,1,GSM331348,1,1.0
2,1,GSM331350,1,1.0
2,1,GSM331351,1,1.0
2,1,GSM331354,1,1.0
2,1,GSM331356,1,1.0
2,1,GSM331357,1,1.0
2,1,GSM331359,1,1.0
2,1,GSM331360,1,1.0
2,1,GSM331363,1,1.0
2,1,GSM331364,1,1.0
2,1,GSM331365,1,1.0
2,1,GSM331367,1,1.0
2,1,GSM331370,1,1.0
2,1,GSM331372,1,1.0
2,1,GSM331374,1,1.0
2,1,GSM331375,1,1.0
2,2,GSM330930,1,0.8416499495506287
2,2,GSM330933,1,0.9326182007789612
2,2,GSM330940,1,0.14739425480365753
2,2,GSM330943,1,0.34218406677246094
2,2,GSM330945,1,0.8062502145767212
2,2,GSM330946,1,0.47604602575302124
2,2,GSM330948,1,0.8260301351547241
2,2,GSM330950,1,0.794265627861023
2,2,GSM330957,1,0.9158440828323364
2,2,GSM330958,1,0.7338802218437195
2,2,GSM330960,1,0.8189790844917297
2,2,GSM330962,1,0.7604115605354309
2,2,GSM330964,1,0.14814689755439758
2,2,GSM330965,1,0.552282452583313
2,2,GSM330966,1,0.6231917142868042
2,2,GSM330967,1,0.6473768353462219
2,2,GSM330971,1,0.5024399757385254
2,2,GSM330973,1,0.7153173089027405
2,2,GSM330974,1,0.4516189396381378
2,2,GSM330976,1,0.23465965688228607
2,2,GSM330977,1,0.8769177794456482
2,2,GSM330978,1,0.8724415898323059
2,2,GSM330979,1,0.8952372670173645
2,2,GSM330982,1,0.5593120455741882
2,2,GSM330983,1,0.2070278525352478
2,2,GSM330984,1,0.6898616552352905
2,2,GSM330985,1,0.5939902663230896
2,2,GSM330986,1,0.5988982319831848
2,2,GSM330990,1,0.5006522536277771
2,2,GSM330991,1,0.23791491985321045
2,2,GSM330992,1,0.5621296763420105
2,2,GSM330994,1,0.5803902745246887
2,2,GSM330996,1,0.8647052049636841
2,2,GSM331002,1,0.5682302713394165
2,2,GSM331004,1,0.3329116106033325
2,2,GSM331005,1,0.5380710959434509
2,2,GSM331006,1,0.494917631149292
2,2,GSM331007,1,0.6857098937034607
2,2,GSM331012,1,0.7774679064750671
2,2,GSM331013,1,0.5175407528877258
2,2,GSM331015,1,0.8094898462295532
2,2,GSM331016,1,0.7169240117073059
2,2,GSM331020,1,0.38872161507606506
2,2,GSM331022,1,0.9026256203651428
2,2,GSM331023,1,0.5562710165977478
2,2,GSM331024,1,0.6927905082702637
2,2,GSM331025,1,0.7472625374794006
2,2,GSM331027,1,0.4630938470363617
2,2,GSM331028,1,0.34949207305908203
2,2,GSM331030,1,0.5573605895042419
2,2,GSM331033,1,0.8912944197654724
2,2,GSM331034,1,0.6983631253242493
2,2,GSM331035,1,0.441514790058136
2,2,GSM331036,1,0.7589690089225769
2,2,GSM331038,1,0.3657028079032898
2,2,GSM331039,1,0.7563267350196838
2,2,GSM331041,1,0.9154166579246521
2,2,GSM331043,1,0.6243593692779541
2,2,GSM331046,1,0.8174452185630798
2,2,GSM331051,1,0.3553900420665741
2,2,GSM331053,1,0.6427646279335022
2,2,GSM331054,1,0.5784408450126648
2,2,GSM331055,1,0.7042349576950073
2,2,GSM331059,1,0.39760419726371765
2,2,GSM331060,1,0.8084781765937805
2,2,GSM331061,1,0.624372124671936
2,2,GSM331063,1,0.8874435424804688
2,2,GSM331065,1,0.5255730748176575
2,2,GSM331068,1,0.8364307880401611
2,2,GSM331070,1,0.8985772132873535
2,2,GSM331071,1,0.4394211769104004
2,2,GSM331076,1,0.4892537593841553
2,2,GSM331080,1,0.9024307131767273
2,2,GSM331083,1,0.6759058833122253
2,2,GSM331084,1,0.38560739159584045
2,2,GSM331086,1,0.7754932641983032
2,2,GSM331091,1,0.6409376859664917
2,2,GSM331094,1,0.6666763424873352
2,2,GSM331095,1,0.8799360394477844
2,2,GSM331096,1,0.43796443939208984
2,2,GSM331099,1,0.8577077984809875
2,2,GSM331100,1,0.383573979139328
2,2,GSM331104,1,0.740510106086731
2,2,GSM331108,1,0.7075304985046387
2,2,GSM331109,1,0.5887864232063293
2,2,GSM331110,1,0.780683159828186
2,2,GSM331112,1,0.6797083020210266
2,2,GSM331114,1,0.5875195264816284
2,2,GSM331115,1,0.682678759098053
2,2,GSM331118,1,0.5880334973335266
2,2,GSM331119,1,0.9294102787971497
2,2,GSM331120,1,0.6812804341316223
2,2,GSM331121,1,0.6197936534881592
2,2,GSM331122,1,0.6064648032188416
2,2,GSM331124,1,0.7522250413894653
2,2,GSM331125,1,0.7190595865249634
2,2,GSM331127,1,0.7370744943618774
2,2,GSM331129,1,0.4837544560432434
2,2,GSM331132,1,0.7478561401367188
2,2,GSM331133,1,0.7573972940444946
2,2,GSM331135,1,0.7360730767250061
2,2,GSM331137,1,0.4624563157558441
2,2,GSM331142,1,0.9190762042999268
2,2,GSM331144,1,0.6050710678100586
2,2,GSM331145,1,0.7193390130996704
2,2,GSM331146,1,0.42822569608688354
2,2,GSM331148,1,0.7548677325248718
2,2,GSM331149,1,0.5261949896812439
2,2,GSM331150,1,0.39756423234939575
2,2,GSM331151,1,0.25557196140289307
2,2,GSM331153,1,0.385048508644104
2,2,GSM331155,1,0.23234932124614716
2,2,GSM331156,1,0.7920302748680115
2,2,GSM331159,1,0.7000858783721924
2,2,GSM331163,1,0.4566670358181
2,2,GSM331164,1,0.2911052107810974
2,2,GSM331166,1,0.6111091375350952
2,2,GSM331168,1,0.7074965238571167
2,2,GSM331170,1,0.9276778697967529
2,2,GSM331178,1,0.5718002319335938
2,2,GSM331179,1,0.9611803293228149
2,2,GSM331181,1,0.822544276714325
2,2,GSM331183,1,0.6696404218673706
2,2,GSM331186,1,0.4347441792488098
2,2,GSM331187,1,0.7835451364517212
2,2,GSM331188,1,0.35034430027008057
2,2,GSM331189,1,0.49364009499549866
2,2,GSM331190,1,0.7558268308639526
2,2,GSM331192,1,0.7002471685409546
2,2,GSM331194,1,0.29084616899490356
2,2,GSM331195,1,0.11687624454498291
2,2,GSM331198,1,0.7188908457756042
2,2,GSM331199,1,0.5805686116218567
2,2,GSM331201,1,0.8467906713485718
2,2,GSM331202,1,0.557054877281189
2,2,GSM331203,1,0.748046338558197
2,2,GSM331205,1,0.764441192150116
2,2,GSM331206,1,0.6951680779457092
2,2,GSM331207,1,0.5479041934013367
2,2,GSM331208,1,0.5449533462524414
2,2,GSM331209,1,0.41935163736343384
2,2,GSM331210,1,0.8106622695922852
2,2,GSM331211,1,0.5575947165489197
2,2,GSM331213,1,0.7057545185089111
2,2,GSM331215,1,0.5521456003189087
2,2,GSM331216,1,0.5546938180923462
2,2,GSM331218,1,0.5273337364196777
2,2,GSM331219,1,0.8365296721458435
2,2,GSM331220,1,0.5693206787109375
2,2,GSM331221,1,0.6492733359336853
2,2,GSM331226,1,0.8056076765060425
2,2,GSM331227,1,0.6284792423248291
2,2,GSM331228,1,0.488949179649353
2,2,GSM331230,1,0.8593565225601196
2,2,GSM331231,1,0.6206364035606384
2,2,GSM331232,1,0.5475901365280151
2,2,GSM331233,1,0.7276732921600342
2,2,GSM331235,1,0.3607848286628723
2,2,GSM331236,1,0.4577265977859497
2,2,GSM331237,1,0.7180851697921753
2,2,GSM331238,1,0.24829432368278503
2,2,GSM331239,1,0.6021159887313843
2,2,GSM331241,1,0.2656729221343994
2,2,GSM331242,1,0.6472637057304382
2,2,GSM331246,1,0.9143527150154114
2,2,GSM331247,1,0.5818774104118347
2,2,GSM331256,1,0.3667537271976471
2,2,GSM331257,1,0.5127913951873779
2,2,GSM331258,1,0.9398294687271118
2,2,GSM331260,1,0.9381071925163269
2,2,GSM331262,1,0.7040818929672241
2,2,GSM331264,1,0.6317960619926453
2,2,GSM331267,1,0.19210655987262726
2,2,GSM331269,1,0.599798858165741
2,2,GSM331271,1,0.20184960961341858
2,2,GSM331275,1,0.7114938497543335
2,2,GSM331277,1,0.8438820838928223
2,2,GSM331280,1,0.9157066941261292
2,2,GSM331282,1,0.5428774952888489
2,2,GSM331283,1,0.6602641344070435
2,2,GSM331288,1,0.6979522109031677
2,2,GSM331289,1,0.38105565309524536
2,2,GSM331292,1,0.5535354018211365
2,2,GSM331296,1,0.4893488585948944
2,2,GSM331297,1,0.8484274744987488
2,2,GSM331298,1,0.3433953821659088
2,2,GSM331303,1,0.8280473351478577
2,2,GSM331305,1,0.32349660992622375
2,2,GSM331307,1,0.7837120890617371
2,2,GSM331309,1,0.6799777746200562
2,2,GSM331310,1,0.7729171514511108
2,2,GSM331311,1,0.9071508646011353
2,2,GSM331312,1,0.6335321664810181
2,2,GSM331313,1,0.3545137345790863
2,2,GSM331316,1,0.6490832567214966
2,2,GSM331317,1,0.6317277550697327
2,2,GSM331318,1,0.8262744545936584
2,2,GSM331320,1,0.8480421304702759
2,2,GSM331321,1,0.2921831011772156
2,2,GSM331323,1,0.37458157539367676
2,2,GSM331324,1,0.7603756785392761
2,2,GSM331325,1,0.36114928126335144
2,2,GSM331329,1,0.43099114298820496
2,2,GSM331332,1,0.5912464261054993
2,2,GSM331335,1,0.6858662962913513
2,2,GSM331336,1,0.5964273810386658
2,2,GSM331337,1,0.15779563784599304
2,2,GSM331338,1,0.28151753544807434
2,2,GSM331339,1,0.8293684124946594
2,2,GSM331340,1,0.8459458351135254
2,2,GSM331343,1,0.2587614357471466
2,2,GSM331349,1,0.5953201651573181
2,2,GSM331352,1,0.5744733810424805
2,2,GSM331353,1,0.75943523645401
2,2,GSM331355,1,0.825814962387085
2,2,GSM331358,1,0.767201840877533
2,2,GSM331361,1,0.4718090295791626
2,2,GSM331362,1,0.49865612387657166
2,2,GSM331366,1,0.2550322115421295
2,2,GSM331368,1,0.8981087803840637
2,2,GSM331369,1,0.6426056027412415
2,2,GSM331371,1,0.8011273145675659
2,2,GSM331373,1,0.2029690444469452
2,2,GSM331376,1,0.5022251605987549
3,1,GSM331667,0,1.0
3,1,GSM330929,1,1.0
3,1,GSM330931,1,1.0
3,1,GSM330935,1,1.0
3,1,GSM330938,1,1.0
3,1,GSM330939,1,1.0
3,1,GSM330945,1,1.0
3,1,GSM330947,1,1.0
3,1,GSM330948,1,1.0
3,1,GSM330950,1,1.0
3,1,GSM330952,1,1.0
3,1,GSM330956,1,1.0
3,1,GSM330960,1,1.0
3,1,GSM330961,1,1.0
3,1,GSM330963,1,1.0
3,1,GSM330964,1,0.9999998807907104
3,1,GSM330965,1,1.0
3,1,GSM330967,1,1.0
3,1,GSM330969,1,0.9999995231628418
3,1,GSM330970,1,1.0
3,1,GSM330972,1,1.0
3,1,GSM330975,1,1.0
3,1,GSM330976,1,1.0
3,1,GSM330978,1,1.0
3,1,GSM330979,1,1.0
3,1,GSM330985,1,1.0
3,1,GSM330987,1,1.0
3,1,GSM330988,1,1.0
3,1,GSM330989,1,1.0
3,1,GSM330992,1,1.0
3,1,GSM330993,1,1.0
3,1,GSM330994,1,1.0
3,1,GSM330996,1,1.0
3,1,GSM330998,1,1.0
3,1,GSM330999,1,1.0
3,1,GSM331003,1,1.0
3,1,GSM331004,1,1.0
3,1,GSM331006,1,1.0
3,1,GSM331009,1,1.0
3,1,GSM331011,1,1.0
3,1,GSM331012,1,1.0
3,1,GSM331013,1,1.0
3,1,GSM331014,1,1.0
3,1,GSM331015,1,1.0
3,1,GSM331017,1,1.0
3,1,GSM331018,1,1.0
3,1,GSM331020,1,1.0
3,1,GSM331022,1,1.0
3,1,GSM331023,1,1.0
3,1,GSM331024,1,1.0
3,1,GSM331025,1,1.0
3,1,GSM331027,1,1.0
3,1,GSM331029,1,1.0
3,1,GSM331030,1,1.0
3,1,GSM331031,1,0.9999998807907104
3,1,GSM331033,1,1.0
3,1,GSM331037,1,1.0
3,1,GSM331041,1,1.0
3,1,GSM331043,1,1.0
3,1,GSM331044,1,1.0
3,1,GSM331045,1,1.0
3,1,GSM331046,1,1.0
3,1,GSM331047,1,1.0
3,1,GSM331051,1,1.0
3,1,GSM331052,1,1.0
3,1,GSM331053,1,1.0
3,1,GSM331056,1,1.0
3,1,GSM331058,1,1.0
3,1,GSM331059,1,1.0
3,1,GSM331063,1,1.0
3,1,GSM331064,1,1.0
3,1,GSM331065,1,1.0
3,1,GSM331067,1,1.0
3,1,GSM331071,1,0.9999995231628418
3,1,GSM331073,1,1.0
3,1,GSM331075,1,1.0
3,1,GSM331076,1,1.0
3,1,GSM331077,1,1.0
3,1,GSM331081,1,1.0
3,1,GSM331082,1,1.0
3,1,GSM331084,1,1.0
3,1,GSM331085,1,1.0
3,1,GSM331088,1,1.0
3,1,GSM331089,1,1.0
3,1,GSM331090,1,1.0
3,1,GSM331091,1,1.0
3,1,GSM331092,1,1.0
3,1,GSM331093,1,1.0
3,1,GSM331094,1,1.0
3,1,GSM331095,1,1.0
3,1,GSM331096,1,1.0
3,1,GSM331098,1,1.0
3,1,GSM331099,1,1.0
3,1,GSM331101,1,1.0
3,1,GSM331102,1,1.0
3,1,GSM331103,1,1.0
3,1,GSM331105,1,1.0
3,1,GSM331111,1,1.0
3,1,GSM331112,1,1.0
3,1,GSM331114,1,1.0
3,1,GSM331117,1,1.0
3,1,GSM331118,1,1.0
3,1,GSM331120,1,1.0
3,1,GSM331123,1,1.0
3,1,GSM331125,1,1.0
3,1,GSM331126,1,1.0
3,1,GSM331128,1,1.0
3,1,GSM331129,1,1.0
3,1,GSM331130,1,1.0
3,1,GSM331132,1,1.0
3,1,GSM331133,1,1.0
3,1,GSM331137,1,1.0
3,1,GSM331142,1,1.0
3,1,GSM331147,1,1.0
3,1,GSM331148,1,1.0
3,1,GSM331150,1,1.0
3,1,GSM331151,1,1.0
3,1,GSM331152,1,1.0
3,1,GSM331153,1,1.0
3,1,GSM331155,1,1.0
3,1,GSM331157,1,1.0
3,1,GSM331158,1,1.0
3,1,GSM331159,1,1.0
3,1,GSM331161,1,1.0
3,1,GSM331162,1,1.0
3,1,GSM331163,1,1.0
3,1,GSM331164,1,1.0
3,1,GSM331165,1,1.0
3,1,GSM331166,1,1.0
3,1,GSM331168,1,0.9999998807907104
3,1,GSM331170,1,1.0
3,1,GSM331171,1,1.0
3,1,GSM331172,1,1.0
3,1,GSM331173,1,0.9999717473983765
3,1,GSM331174,1,1.0
3,1,GSM331176,1,1.0
3,1,GSM331177,1,1.0
3,1,GSM331178,1,1.0
3,1,GSM331179,1,1.0
3,1,GSM331182,1,1.0
3,1,GSM331183,1,1.0
3,1,GSM331186,1,1.0
3,1,GSM331187,1,1.0
3,1,GSM331188,1,1.0
3,1,GSM331190,1,1.0
3,1,GSM331193,1,1.0
3,1,GSM331198,1,1.0
3,1,GSM331199,1,1.0
3,1,GSM331200,1,1.0
3,1,GSM331201,1,1.0
3,1,GSM331202,1,1.0
3,1,GSM331203,1,1.0
3,1,GSM331205,1,1.0
3,1,GSM331208,1,1.0
3,1,GSM331213,1,1.0
3,1,GSM331215,1,1.0
3,1,GSM331216,1,1.0
3,1,GSM331217,1,1.0
3,1,GSM331218,1,1.0
3,1,GSM331220,1,1.0
3,1,GSM331229,1,1.0
3,1,GSM331230,1,1.0
3,1,GSM331232,1,1.0
3,1,GSM331233,1,0.9999998807907104
3,1,GSM331236,1,1.0
3,1,GSM331237,1,1.0
3,1,GSM331238,1,0.9999998807907104
3,1,GSM331240,1,1.0
3,1,GSM331241,1,1.0
3,1,GSM331242,1,1.0
3,1,GSM331244,1,1.0
3,1,GSM331246,1,1.0
3,1,GSM331249,1,1.0
3,1,GSM331251,1,1.0
3,1,GSM331255,1,1.0
3,1,GSM331257,1,1.0
3,1,GSM331259,1,1.0
3,1,GSM331263,1,1.0
3,1,GSM331264,1,1.0
3,1,GSM331265,1,1.0
3,1,GSM331267,1,1.0
3,1,GSM331268,1,1.0
3,1,GSM331272,1,1.0
3,1,GSM331274,1,1.0
3,1,GSM331276,1,1.0
3,1,GSM331277,1,1.0
3,1,GSM331278,1,1.0
3,1,GSM331279,1,1.0
3,1,GSM331280,1,1.0
3,1,GSM331283,1,1.0
3,1,GSM331287,1,1.0
3,1,GSM331290,1,1.0
3,1,GSM331294,1,0.9999998807907104
3,1,GSM331295,1,1.0
3,1,GSM331296,1,1.0
3,1,GSM331299,1,1.0
3,1,GSM331300,1,1.0
3,1,GSM331307,1,1.0
3,1,GSM331309,1,1.0
3,1,GSM331310,1,1.0
3,1,GSM331314,1,1.0
3,1,GSM331315,1,1.0
3,1,GSM331316,1,1.0
3,1,GSM331320,1,1.0
3,1,GSM331325,1,1.0
3,1,GSM331326,1,1.0
3,1,GSM331327,1,1.0
3,1,GSM331329,1,1.0
3,1,GSM331330,1,1.0
3,1,GSM331331,1,1.0
3,1,GSM331333,1,1.0
3,1,GSM331334,1,1.0
3,1,GSM331337,1,1.0
3,1,GSM331339,1,1.0
3,1,GSM331342,1,1.0
3,1,GSM331344,1,1.0
3,1,GSM331345,1,1.0
3,1,GSM331348,1,1.0
3,1,GSM331351,1,1.0
3,1,GSM331355,1,1.0
3,1,GSM331360,1,1.0
3,1,GSM331361,1,1.0
3,1,GSM331364,1,1.0
3,1,GSM331368,1,1.0
3,1,GSM331375,1,1.0
3,2,GSM330930,1,0.7879055738449097
3,2,GSM330932,1,0.46365687251091003
3,2,GSM330933,1,0.9140030741691589
3,2,GSM330934,1,0.055383797734975815
3,2,GSM330936,1,0.1436326801776886
3,2,GSM330937,1,0.8295724391937256
3,2,GSM330940,1,0.02018839865922928
3,2,GSM330941,1,0.7982068657875061
3,2,GSM330942,1,0.9177470207214355
3,2,GSM330943,1,0.19259877502918243
3,2,GSM330944,1,0.5660783052444458
3,2,GSM330946,1,0.05648980662226677
3,2,GSM330949,1,0.9904372096061707
3,2,GSM330951,1,0.0684584230184555
3,2,GSM330953,1,0.92856365442276
3,2,GSM330954,1,0.42938512563705444
3,2,GSM330955,1,0.38636866211891174
3,2,GSM330957,1,0.9084136486053467
3,2,GSM330958,1,0.772251307964325
3,2,GSM330959,1,0.6704825162887573
3,2,GSM330962,1,0.1568414270877838
3,2,GSM330966,1,0.43856891989707947
3,2,GSM330968,1,0.39294907450675964
3,2,GSM330971,1,0.1144835576415062
3,2,GSM330973,1,0.44306236505508423
3,2,GSM330974,1,0.8631840944290161
3,2,GSM330977,1,0.6775719523429871
3,2,GSM330980,1,0.618744969367981
3,2,GSM330981,1,0.8572386503219604
3,2,GSM330982,1,0.437786340713501
3,2,GSM330983,1,0.014206849969923496
3,2,GSM330984,1,0.8333467841148376
3,2,GSM330986,1,0.15377946197986603
3,2,GSM330990,1,0.09771036356687546
3,2,GSM330991,1,0.16464847326278687
3,2,GSM330995,1,0.04130547121167183
3,2,GSM330997,1,0.17916339635849
3,2,GSM331000,1,0.8171290159225464
3,2,GSM331001,1,0.470766544342041
3,2,GSM331002,1,0.12792125344276428
3,2,GSM331005,1,0.3385235369205475
3,2,GSM331007,1,0.23902325332164764
3,2,GSM331008,1,0.13707730174064636
3,2,GSM331010,1,0.6881786584854126
3,2,GSM331016,1,0.5449782609939575
3,2,GSM331019,1,0.9816426038742065
3,2,GSM331021,1,0.6371669173240662
3,2,GSM331026,1,0.8073225617408752
3,2,GSM331028,1,0.23524963855743408
3,2,GSM331032,1,0.046825021505355835
3,2,GSM331034,1,0.6319311261177063
3,2,GSM331035,1,0.28776121139526367
3,2,GSM331036,1,0.8882407546043396
3,2,GSM331038,1,0.6850253939628601
3,2,GSM331039,1,0.6614293456077576
3,2,GSM331040,1,0.48547324538230896
3,2,GSM331042,1,0.16016918420791626
3,2,GSM331048,1,0.9097545146942139
3,2,GSM331049,1,0.21076993644237518
3,2,GSM331050,1,0.9315025210380554
3,2,GSM331054,1,0.9566999077796936
3,2,GSM331055,1,0.8162752985954285
3,2,GSM331057,1,0.7968383431434631
3,2,GSM331060,1,0.47177061438560486
3,2,GSM331061,1,0.7130815982818604
3,2,GSM331062,1,0.9045253992080688
3,2,GSM331066,1,0.9442283511161804
3,2,GSM331068,1,0.7529575824737549
3,2,GSM331069,1,0.8227238059043884
3,2,GSM331070,1,0.960335910320282
3,2,GSM331072,1,0.9283933639526367
3,2,GSM331074,1,0.29015102982521057
3,2,GSM331078,1,0.88640958070755
3,2,GSM331079,1,0.4493216276168823
3,2,GSM331080,1,0.8075920343399048
3,2,GSM331083,1,0.6505511999130249
3,2,GSM331086,1,0.9646556377410889
3,2,GSM331087,1,0.22719424962997437
3,2,GSM331097,1,0.9021385908126831
3,2,GSM331100,1,0.24091094732284546
3,2,GSM331104,1,0.9533160328865051
3,2,GSM331106,1,0.7576267719268799
3,2,GSM331107,1,0.1953940987586975
3,2,GSM331108,1,0.7308067679405212
3,2,GSM331109,1,0.30798888206481934
3,2,GSM331110,1,0.3960075080394745
3,2,GSM331113,1,0.5840358734130859
3,2,GSM331115,1,0.32167765498161316
3,2,GSM331116,1,0.8239611983299255
3,2,GSM331119,1,0.3977903723716736
3,2,GSM331121,1,0.49444082379341125
3,2,GSM331122,1,0.5831636190414429
3,2,GSM331124,1,0.7580341696739197
3,2,GSM331127,1,0.6872619986534119
3,2,GSM331131,1,0.07311330735683441
3,2,GSM331134,1,0.22153979539871216
3,2,GSM331135,1,0.3951629400253296
3,2,GSM331136,1,0.8752807378768921
3,2,GSM331138,1,0.24352024495601654
3,2,GSM331139,1,0.4778308868408203
3,2,GSM331140,1,0.7631019949913025
3,2,GSM331141,1,0.3903079926967621
3,2,GSM331143,1,0.7928448915481567
3,2,GSM331144,1,0.921632707118988
3,2,GSM331145,1,0.8908163905143738
3,2,GSM331146,1,0.13890980184078217
3,2,GSM331149,1,0.08878397941589355
3,2,GSM331154,1,0.08862605690956116
3,2,GSM331156,1,0.1273306906223297
3,2,GSM331160,1,0.6841694712638855
3,2,GSM331167,1,0.7302621603012085
3,2,GSM331169,1,0.21103568375110626
3,2,GSM331175,1,0.1364837884902954
3,2,GSM331180,1,0.011742066591978073
3,2,GSM331181,1,0.7095140814781189
3,2,GSM331184,1,0.8820917010307312
3,2,GSM331185,1,0.9352394938468933
3,2,GSM331189,1,0.47978726029396057
3,2,GSM331191,1,0.7060595750808716
3,2,GSM331192,1,0.32552796602249146
3,2,GSM331194,1,0.1897503286600113
3,2,GSM331195,1,0.03428635001182556
3,2,GSM331196,1,0.03159898519515991
3,2,GSM331197,1,0.6190246939659119
3,2,GSM331204,1,0.25502899289131165
3,2,GSM331206,1,0.8248137831687927
3,2,GSM331207,1,0.6282312273979187
3,2,GSM331209,1,0.5761806964874268
3,2,GSM331210,1,0.7833269834518433
3,2,GSM331211,1,0.6523445844650269
3,2,GSM331212,1,0.3127572238445282
3,2,GSM331214,1,0.9781699776649475
3,2,GSM331219,1,0.5820845365524292
3,2,GSM331221,1,0.5703989863395691
3,2,GSM331222,1,0.12148123979568481
3,2,GSM331223,1,0.22858507931232452
3,2,GSM331224,1,0.8640850782394409
3,2,GSM331225,1,0.8337453007698059
3,2,GSM331226,1,0.9619852900505066
3,2,GSM331227,1,0.07409738004207611
3,2,GSM331228,1,0.0991237461566925
3,2,GSM331231,1,0.6413397789001465
3,2,GSM331234,1,0.22834281623363495
3,2,GSM331235,1,0.11792052537202835
3,2,GSM331239,1,0.3196427524089813
3,2,GSM331243,1,0.8321645855903625
3,2,GSM331245,1,0.8850886225700378
3,2,GSM331247,1,0.21924938261508942
3,2,GSM331248,1,0.374106764793396
3,2,GSM331250,1,0.9774092435836792
3,2,GSM331252,1,0.12821882963180542
3,2,GSM331253,1,0.44024941325187683
3,2,GSM331254,1,0.8233858942985535
3,2,GSM331256,1,0.16607269644737244
3,2,GSM331258,1,0.9497295618057251
3,2,GSM331260,1,0.8942486047744751
3,2,GSM331261,1,0.9473358988761902
3,2,GSM331262,1,0.2400326281785965
3,2,GSM331266,1,0.2748626172542572
3,2,GSM331269,1,0.810451865196228
3,2,GSM331270,1,0.7691246867179871
3,2,GSM331271,1,0.15520942211151123
3,2,GSM331273,1,0.07241711765527725
3,2,GSM331275,1,0.9210019111633301
3,2,GSM331281,1,0.11784530431032181
3,2,GSM331282,1,0.9622858762741089
3,2,GSM331284,1,0.0630471408367157
3,2,GSM331285,1,0.42368701100349426
3,2,GSM331286,1,0.14004409313201904
3,2,GSM331288,1,0.13081903755664825
3,2,GSM331289,1,0.02491609938442707
3,2,GSM331291,1,0.6307111382484436
3,2,GSM331292,1,0.3639264702796936
3,2,GSM331293,1,0.879112720489502
3,2,GSM331297,1,0.9869858622550964
3,2,GSM331298,1,0.017871657386422157
3,2,GSM331301,1,0.6927433609962463
3,2,GSM331302,1,0.4890654981136322
3,2,GSM331303,1,0.3502348065376282
3,2,GSM331304,1,0.7124912738800049
3,2,GSM331305,1,0.11391299962997437
3,2,GSM331306,1,0.8140361309051514
3,2,GSM331308,1,0.2017216831445694
3,2,GSM331311,1,0.8145554065704346
3,2,GSM331312,1,0.4508301019668579
3,2,GSM331313,1,0.36382177472114563
3,2,GSM331317,1,0.9124175310134888
3,2,GSM331318,1,0.6067544221878052
3,2,GSM331319,1,0.6309332251548767
3,2,GSM331321,1,0.8126136660575867
3,2,GSM331322,1,0.5364535450935364
3,2,GSM331323,1,0.05752863362431526
3,2,GSM331324,1,0.9434190988540649
3,2,GSM331328,1,0.6546193957328796
3,2,GSM331332,1,0.6414609551429749
3,2,GSM331335,1,0.7661685347557068
3,2,GSM331336,1,0.13551081717014313
3,2,GSM331338,1,0.41533422470092773
3,2,GSM331340,1,0.7610315680503845
3,2,GSM331341,1,0.12244289368391037
3,2,GSM331343,1,0.06348918378353119
3,2,GSM331346,1,0.7547281980514526
3,2,GSM331347,1,0.37987416982650757
3,2,GSM331349,1,0.35246217250823975
3,2,GSM331350,1,0.536393940448761
3,2,GSM331352,1,0.01856902427971363
3,2,GSM331353,1,0.6769652366638184
3,2,GSM331354,1,0.635995090007782
3,2,GSM331356,1,0.4983304738998413
3,2,GSM331357,1,0.5295377969741821
3,2,GSM331358,1,0.5710402727127075
3,2,GSM331359,1,0.36838796734809875
3,2,GSM331362,1,0.7129626274108887
3,2,GSM331363,1,0.7913196682929993
3,2,GSM331365,1,0.6502751111984253
3,2,GSM331366,1,0.14527621865272522
3,2,GSM331367,1,0.32931455969810486
3,2,GSM331369,1,0.3373975157737732
3,2,GSM331370,1,0.872522234916687
3,2,GSM331371,1,0.4409056305885315
3,2,GSM331372,1,0.4817575514316559
3,2,GSM331373,1,0.03160988166928291
3,2,GSM331374,1,0.9523167014122009
3,2,GSM331376,1,0.17528575658798218
4,1,GSM331667,0,0.9999998807907104
4,1,GSM330934,1,0.9999992847442627
4,1,GSM330936,1,0.9999998807907104
4,1,GSM330938,1,1.0
4,1,GSM330943,1,1.0
4,1,GSM330944,1,1.0
4,1,GSM330949,1,1.0
4,1,GSM330950,1,1.0
4,1,GSM330952,1,0.9999998807907104
4,1,GSM330954,1,1.0
4,1,GSM330956,1,1.0
4,1,GSM330957,1,1.0
4,1,GSM330958,1,1.0
4,1,GSM330960,1,1.0
4,1,GSM330962,1,1.0
4,1,GSM330963,1,1.0
4,1,GSM330965,1,1.0
4,1,GSM330966,1,1.0
4,1,GSM330968,1,1.0
4,1,GSM330969,1,0.9999964237213135
4,1,GSM330970,1,1.0
4,1,GSM330971,1,1.0
4,1,GSM330972,1,1.0
4,1,GSM330974,1,0.9999984502792358
4,1,GSM330976,1,0.9999998807907104
4,1,GSM330977,1,1.0
4,1,GSM330978,1,1.0
4,1,GSM330981,1,1.0
4,1,GSM330982,1,1.0
4,1,GSM330983,1,0.9999998807907104
4,1,GSM330984,1,1.0
4,1,GSM330985,1,1.0
4,1,GSM330986,1,1.0
4,1,GSM330987,1,0.9999998807907104
4,1,GSM330988,1,1.0
4,1,GSM330989,1,1.0
4,1,GSM330990,1,1.0
4,1,GSM330992,1,1.0
4,1,GSM330995,1,1.0
4,1,GSM330996,1,1.0
4,1,GSM331000,1,1.0
4,1,GSM331004,1,1.0
4,1,GSM331005,1,1.0
4,1,GSM331006,1,1.0
4,1,GSM331007,1,1.0
4,1,GSM331009,1,0.9999998807907104
4,1,GSM331010,1,1.0
4,1,GSM331011,1,0.9999998807907104
4,1,GSM331013,1,1.0
4,1,GSM331016,1,1.0
4,1,GSM331019,1,1.0
4,1,GSM331022,1,1.0
4,1,GSM331023,1,1.0
4,1,GSM331029,1,1.0
4,1,GSM331030,1,0.9999997615814209
4,1,GSM331031,1,0.999998927116394
4,1,GSM331033,1,1.0
4,1,GSM331035,1,0.9999998807907104
4,1,GSM331037,1,1.0
4,1,GSM331038,1,0.9999992847442627
4,1,GSM331039,1,1.0
4,1,GSM331040,1,1.0
4,1,GSM331041,1,1.0
4,1,GSM331044,1,1.0
4,1,GSM331045,1,1.0
4,1,GSM331046,1,1.0
4,1,GSM331050,1,0.9999998807907104
4,1,GSM331056,1,1.0
4,1,GSM331057,1,1.0
4,1,GSM331060,1,0.9999998807907104
4,1,GSM331061,1,1.0
4,1,GSM331062,1,1.0
4,1,GSM331063,1,1.0
4,1,GSM331065,1,1.0
4,1,GSM331066,1,1.0
4,1,GSM331067,1,1.0
4,1,GSM331069,1,1.0
4,1,GSM331070,1,1.0
4,1,GSM331071,1,0.9999953508377075
4,1,GSM331073,1,1.0
4,1,GSM331076,1,1.0
4,1,GSM331083,1,1.0
4,1,GSM331084,1,1.0
4,1,GSM331089,1,1.0
4,1,GSM331090,1,0.9999997615814209
4,1,GSM331092,1,0.9999998807907104
4,1,GSM331094,1,1.0
4,1,GSM331102,1,1.0
4,1,GSM331105,1,1.0
4,1,GSM331106,1,1.0
4,1,GSM331109,1,1.0
4,1,GSM331111,1,1.0
4,1,GSM331113,1,1.0
4,1,GSM331114,1,1.0
4,1,GSM331117,1,1.0
4,1,GSM331118,1,1.0
4,1,GSM331119,1,1.0
4,1,GSM331120,1,1.0
4,1,GSM331126,1,1.0
4,1,GSM331127,1,1.0
4,1,GSM331128,1,1.0
4,1,GSM331131,1,1.0
4,1,GSM331132,1,1.0
4,1,GSM331134,1,1.0
4,1,GSM331135,1,1.0
4,1,GSM331136,1,1.0
4,1,GSM331139,1,0.9999996423721313
4,1,GSM331141,1,1.0
4,1,GSM331145,1,1.0
4,1,GSM331146,1,0.9999997615814209
4,1,GSM331150,1,1.0
4,1,GSM331151,1,1.0
4,1,GSM331152,1,0.9999995231628418
4,1,GSM331154,1,1.0
4,1,GSM331158,1,1.0
4,1,GSM331159,1,1.0
4,1,GSM331160,1,1.0
4,1,GSM331161,1,0.9999998807907104
4,1,GSM331162,1,1.0
4,1,GSM331163,1,0.9999997615814209
4,1,GSM331165,1,1.0
4,1,GSM331167,1,1.0
4,1,GSM331169,1,1.0
4,1,GSM331170,1,1.0
4,1,GSM331171,1,1.0
4,1,GSM331173,1,0.9995994567871094
4,1,GSM331177,1,1.0
4,1,GSM331179,1,1.0
4,1,GSM331182,1,1.0
4,1,GSM331185,1,1.0
4,1,GSM331187,1,1.0
4,1,GSM331190,1,1.0
4,1,GSM331192,1,1.0
4,1,GSM331193,1,1.0
4,1,GSM331196,1,1.0
4,1,GSM331197,1,1.0
4,1,GSM331198,1,1.0
4,1,GSM331203,1,1.0
4,1,GSM331204,1,1.0
4,1,GSM331205,1,1.0
4,1,GSM331207,1,1.0
4,1,GSM331212,1,1.0
4,1,GSM331214,1,1.0
4,1,GSM331215,1,1.0
4,1,GSM331218,1,1.0
4,1,GSM331219,1,0.9999998807907104
4,1,GSM331220,1,1.0
4,1,GSM331222,1,1.0
4,1,GSM331223,1,1.0
4,1,GSM331224,1,1.0
4,1,GSM331228,1,0.9999998807907104
4,1,GSM331230,1,1.0
4,1,GSM331233,1,0.9999988079071045
4,1,GSM331234,1,1.0
4,1,GSM331237,1,1.0
4,1,GSM331238,1,0.9999991655349731
4,1,GSM331241,1,1.0
4,1,GSM331242,1,1.0
4,1,GSM331243,1,1.0
4,1,GSM331244,1,1.0
4,1,GSM331245,1,1.0
4,1,GSM331246,1,1.0
4,1,GSM331247,1,1.0
4,1,GSM331248,1,1.0
4,1,GSM331249,1,1.0
4,1,GSM331251,1,1.0
4,1,GSM331254,1,1.0
4,1,GSM331257,1,1.0
4,1,GSM331261,1,1.0
4,1,GSM331264,1,1.0
4,1,GSM331267,1,1.0
4,1,GSM331268,1,1.0
4,1,GSM331269,1,1.0
4,1,GSM331272,1,1.0
4,1,GSM331274,1,1.0
4,1,GSM331276,1,1.0
4,1,GSM331278,1,1.0
4,1,GSM331283,1,1.0
4,1,GSM331284,1,1.0
4,1,GSM331286,1,1.0
4,1,GSM331287,1,1.0
4,1,GSM331289,1,0.9999997615814209
4,1,GSM331292,1,0.9999990463256836
4,1,GSM331297,1,1.0
4,1,GSM331299,1,1.0
4,1,GSM331301,1,1.0
4,1,GSM331303,1,1.0
4,1,GSM331304,1,1.0
4,1,GSM331305,1,0.9999997615814209
4,1,GSM331310,1,1.0
4,1,GSM331311,1,1.0
4,1,GSM331312,1,1.0
4,1,GSM331316,1,1.0
4,1,GSM331318,1,1.0
4,1,GSM331319,1,1.0
4,1,GSM331320,1,1.0
4,1,GSM331321,1,1.0
4,1,GSM331323,1,1.0
4,1,GSM331324,1,1.0
4,1,GSM331327,1,1.0
4,1,GSM331328,1,1.0
4,1,GSM331333,1,0.9999997615814209
4,1,GSM331336,1,0.9999997615814209
4,1,GSM331338,1,1.0
4,1,GSM331341,1,1.0
4,1,GSM331342,1,1.0
4,1,GSM331344,1,1.0
4,1,GSM331345,1,1.0
4,1,GSM331346,1,1.0
4,1,GSM331347,1,0.9999998807907104
4,1,GSM331348,1,1.0
4,1,GSM331350,1,1.0
4,1,GSM331351,1,1.0
4,1,GSM331352,1,0.9999997615814209
4,1,GSM331354,1,1.0
4,1,GSM331357,1,1.0
4,1,GSM331358,1,1.0
4,1,GSM331360,1,1.0
4,1,GSM331362,1,1.0
4,1,GSM331364,1,1.0
4,1,GSM331368,1,1.0
4,1,GSM331369,1,1.0
4,1,GSM331371,1,1.0
4,1,GSM331373,1,0.9999994039535522
4,1,GSM331374,1,1.0
4,2,GSM330929,1,0.5899032950401306
4,2,GSM330930,1,0.8388758897781372
4,2,GSM330931,1,0.38093557953834534
4,2,GSM330932,1,0.7007495760917664
4,2,GSM330933,1,0.854677140712738
4,2,GSM330935,1,0.7232908010482788
4,2,GSM330937,1,0.8786748051643372
4,2,GSM330939,1,0.3471522033214569
4,2,GSM330940,1,0.10855581611394882
4,2,GSM330941,1,0.7954068183898926
4,2,GSM330942,1,0.9157243371009827
4,2,GSM330945,1,0.6500385999679565
4,2,GSM330946,1,0.3417014479637146
4,2,GSM330947,1,0.9466167688369751
4,2,GSM330948,1,0.7593953609466553
4,2,GSM330951,1,0.2719334661960602
4,2,GSM330953,1,0.9018648862838745
4,2,GSM330955,1,0.4107149541378021
4,2,GSM330959,1,0.6170082688331604
4,2,GSM330961,1,0.39796027541160583
4,2,GSM330964,1,0.22409434616565704
4,2,GSM330967,1,0.477979451417923
4,2,GSM330973,1,0.49146953225135803
4,2,GSM330975,1,0.6293991208076477
4,2,GSM330979,1,0.8944626450538635
4,2,GSM330980,1,0.8939313292503357
4,2,GSM330991,1,0.17325298488140106
4,2,GSM330993,1,0.8850515484809875
4,2,GSM330994,1,0.723883867263794
4,2,GSM330997,1,0.21715979278087616
4,2,GSM330998,1,0.5762386322021484
4,2,GSM330999,1,0.3639262318611145
4,2,GSM331001,1,0.33578625321388245
4,2,GSM331002,1,0.5162971019744873
4,2,GSM331003,1,0.4498700499534607
4,2,GSM331008,1,0.38570553064346313
4,2,GSM331012,1,0.8458545804023743
4,2,GSM331014,1,0.33912843465805054
4,2,GSM331015,1,0.7367686033248901
4,2,GSM331017,1,0.7427237033843994
4,2,GSM331018,1,0.7041344046592712
4,2,GSM331020,1,0.3166089951992035
4,2,GSM331021,1,0.48633480072021484
4,2,GSM331024,1,0.6204437017440796
4,2,GSM331025,1,0.7069838047027588
4,2,GSM331026,1,0.5295290350914001
4,2,GSM331027,1,0.5101829767227173
4,2,GSM331028,1,0.48711198568344116
4,2,GSM331032,1,0.2819674611091614
4,2,GSM331034,1,0.588912308216095
4,2,GSM331036,1,0.8284564018249512
4,2,GSM331042,1,0.33566346764564514
4,2,GSM331043,1,0.7076725959777832
4,2,GSM331047,1,0.29459285736083984
4,2,GSM331048,1,0.8574655652046204
4,2,GSM331049,1,0.3359316885471344
4,2,GSM331051,1,0.2954481244087219
4,2,GSM331052,1,0.6241773962974548
4,2,GSM331053,1,0.6776646971702576
4,2,GSM331054,1,0.6817442178726196
4,2,GSM331055,1,0.8513365983963013
4,2,GSM331058,1,0.4517371952533722
4,2,GSM331059,1,0.4017027020454407
4,2,GSM331064,1,0.8158138394355774
4,2,GSM331068,1,0.8294517397880554
4,2,GSM331072,1,0.849536120891571
4,2,GSM331074,1,0.5719563961029053
4,2,GSM331075,1,0.3318904936313629
4,2,GSM331077,1,0.28013482689857483
4,2,GSM331078,1,0.7700249552726746
4,2,GSM331079,1,0.7734959125518799
4,2,GSM331080,1,0.8106794953346252
4,2,GSM331081,1,0.6554306149482727
4,2,GSM331082,1,0.47988161444664
4,2,GSM331085,1,0.28663450479507446
4,2,GSM331086,1,0.6309152841567993
4,2,GSM331087,1,0.5807086825370789
4,2,GSM331088,1,0.3253718614578247
4,2,GSM331091,1,0.6528303623199463
4,2,GSM331093,1,0.4921301305294037
4,2,GSM331095,1,0.8453209400177002
4,2,GSM331096,1,0.4462512731552124
4,2,GSM331097,1,0.7361374497413635
4,2,GSM331098,1,0.3483491539955139
4,2,GSM331099,1,0.9015722870826721
4,2,GSM331100,1,0.4015311002731323
4,2,GSM331101,1,0.5941932201385498
4,2,GSM331103,1,0.7313570380210876
4,2,GSM331104,1,0.6758533120155334
4,2,GSM331107,1,0.5524445176124573
4,2,GSM331108,1,0.6253076791763306
4,2,GSM331110,1,0.6462202668190002
4,2,GSM331112,1,0.6560502648353577
4,2,GSM331115,1,0.6632781028747559
4,2,GSM331116,1,0.5928698778152466
4,2,GSM331121,1,0.5365954637527466
4,2,GSM331122,1,0.5500470995903015
4,2,GSM331123,1,0.657316267490387
4,2,GSM331124,1,0.8835288286209106
4,2,GSM331125,1,0.47958746552467346
4,2,GSM331129,1,0.5232890248298645
4,2,GSM331130,1,0.8709406852722168
4,2,GSM331133,1,0.6828507781028748
4,2,GSM331137,1,0.25887826085090637
4,2,GSM331138,1,0.3524388372898102
4,2,GSM331140,1,0.51380854845047
4,2,GSM331142,1,0.8777804374694824
4,2,GSM331143,1,0.7146220207214355
4,2,GSM331144,1,0.6431069374084473
4,2,GSM331147,1,0.6185548901557922
4,2,GSM331148,1,0.8610571026802063
4,2,GSM331149,1,0.47860896587371826
4,2,GSM331153,1,0.45183882117271423
4,2,GSM331155,1,0.2770578861236572
4,2,GSM331156,1,0.7227643132209778
4,2,GSM331157,1,0.190131276845932
4,2,GSM331164,1,0.4068441092967987
4,2,GSM331166,1,0.7928450107574463
4,2,GSM331168,1,0.6330135464668274
4,2,GSM331172,1,0.7082432508468628
4,2,GSM331174,1,0.25933289527893066
4,2,GSM331175,1,0.5210018157958984
4,2,GSM331176,1,0.30523234605789185
4,2,GSM331178,1,0.4628540277481079
4,2,GSM331180,1,0.1831027865409851
4,2,GSM331181,1,0.7265443205833435
4,2,GSM331183,1,0.7565811276435852
4,2,GSM331184,1,0.6744715571403503
4,2,GSM331186,1,0.4037861227989197
4,2,GSM331188,1,0.22571063041687012
4,2,GSM331189,1,0.5008230209350586
4,2,GSM331191,1,0.8600175976753235
4,2,GSM331194,1,0.2920624911785126
4,2,GSM331195,1,0.18204687535762787
4,2,GSM331199,1,0.4475175738334656
4,2,GSM331200,1,0.36929869651794434
4,2,GSM331201,1,0.759006917476654
4,2,GSM331202,1,0.32702404260635376
4,2,GSM331206,1,0.7626107335090637
4,2,GSM331208,1,0.3722119629383087
4,2,GSM331209,1,0.44027015566825867
4,2,GSM331210,1,0.7492491006851196
4,2,GSM331211,1,0.30355769395828247
4,2,GSM331213,1,0.5896505117416382
4,2,GSM331216,1,0.4485594928264618
4,2,GSM331217,1,0.43179869651794434
4,2,GSM331221,1,0.5608488917350769
4,2,GSM331225,1,0.6590517163276672
4,2,GSM331226,1,0.8577108979225159
4,2,GSM331227,1,0.3645346164703369
4,2,GSM331229,1,0.6172081828117371
4,2,GSM331231,1,0.5801864862442017
4,2,GSM331232,1,0.4089271128177643
4,2,GSM331235,1,0.25611063838005066
4,2,GSM331236,1,0.8077899813652039
4,2,GSM331239,1,0.5117218494415283
4,2,GSM331240,1,0.7005178928375244
4,2,GSM331250,1,0.8277356624603271
4,2,GSM331252,1,0.434027761220932
4,2,GSM331253,1,0.8142551779747009
4,2,GSM331255,1,0.330287903547287
4,2,GSM331256,1,0.4799340069293976
4,2,GSM331258,1,0.7882830500602722
4,2,GSM331259,1,0.13534380495548248
4,2,GSM331260,1,0.8875192999839783
4,2,GSM331262,1,0.5266100764274597
4,2,GSM331263,1,0.42045512795448303
4,2,GSM331265,1,0.5820121169090271
4,2,GSM331266,1,0.5501567721366882
4,2,GSM331270,1,0.6103083491325378
4,2,GSM331271,1,0.23244032263755798
4,2,GSM331273,1,0.48864203691482544
4,2,GSM331275,1,0.7009190917015076
4,2,GSM331277,1,0.7384344339370728
4,2,GSM331279,1,0.756810188293457
4,2,GSM331280,1,0.7005444765090942
4,2,GSM331281,1,0.4199696481227875
4,2,GSM331282,1,0.44221293926239014
4,2,GSM331285,1,0.6759930849075317
4,2,GSM331288,1,0.46292242407798767
4,2,GSM331290,1,0.5710713267326355
4,2,GSM331291,1,0.6757051944732666
4,2,GSM331293,1,0.6600867509841919
4,2,GSM331294,1,0.8588571548461914
4,2,GSM331295,1,0.8600724339485168
4,2,GSM331296,1,0.6081278324127197
4,2,GSM331298,1,0.2109222263097763
4,2,GSM331300,1,0.33472058176994324
4,2,GSM331302,1,0.38662004470825195
4,2,GSM331306,1,0.786132276058197
4,2,GSM331307,1,0.7560168504714966
4,2,GSM331308,1,0.4726842939853668
4,2,GSM331309,1,0.47592708468437195
4,2,GSM331313,1,0.41587185859680176
4,2,GSM331314,1,0.45788249373435974
4,2,GSM331315,1,0.4656672477722168
4,2,GSM331317,1,0.5958458781242371
4,2,GSM331322,1,0.6011428236961365
4,2,GSM331325,1,0.2638978958129883
4,2,GSM331326,1,0.5707961916923523
4,2,GSM331329,1,0.4919050335884094
4,2,GSM331330,1,0.8825897574424744
4,2,GSM331331,1,0.184875026345253
4,2,GSM331332,1,0.507928729057312
4,2,GSM331334,1,0.42731133103370667
4,2,GSM331335,1,0.7657426595687866
4,2,GSM331337,1,0.24833963811397552
4,2,GSM331339,1,0.5299127101898193
4,2,GSM331340,1,0.7746785283088684
4,2,GSM331343,1,0.34728339314460754
4,2,GSM331349,1,0.6250619888305664
4,2,GSM331353,1,0.659875750541687
4,2,GSM331355,1,0.6836420893669128
4,2,GSM331356,1,0.5525261759757996
4,2,GSM331359,1,0.36334478855133057
4,2,GSM331361,1,0.5572815537452698
4,2,GSM331363,1,0.5730913281440735
4,2,GSM331365,1,0.3027121424674988
4,2,GSM331366,1,0.21850669384002686
4,2,GSM331367,1,0.5491583943367004
4,2,GSM331370,1,0.678299605846405
4,2,GSM331372,1,0.625137448310852
4,2,GSM331375,1,0.3002699017524719
4,2,GSM331376,1,0.5269308686256409
5,1,GSM331667,0,0.999998927116394
5,1,GSM330931,1,1.0
5,1,GSM330932,1,0.9999998807907104
5,1,GSM330934,1,0.999982476234436
5,1,GSM330935,1,1.0
5,1,GSM330936,1,0.9999988079071045
5,1,GSM330937,1,1.0
5,1,GSM330940,1,0.9999996423721313
5,1,GSM330942,1,0.9999998807907104
5,1,GSM330943,1,0.9999998807907104
5,1,GSM330945,1,1.0
5,1,GSM330947,1,1.0
5,1,GSM330948,1,1.0
5,1,GSM330949,1,1.0
5,1,GSM330950,1,0.9999998807907104
5,1,GSM330951,1,0.9999967813491821
5,1,GSM330952,1,0.99998939037323
5,1,GSM330953,1,0.9999353885650635
5,1,GSM330955,1,0.9999998807907104
5,1,GSM330959,1,1.0
5,1,GSM330960,1,1.0
5,1,GSM330961,1,0.9999998807907104
5,1,GSM330962,1,0.9999996423721313
5,1,GSM330963,1,1.0
5,1,GSM330968,1,1.0
5,1,GSM330972,1,0.9999997615814209
5,1,GSM330973,1,1.0
5,1,GSM330976,1,0.9999982118606567
5,1,GSM330978,1,1.0
5,1,GSM330979,1,1.0
5,1,GSM330983,1,0.9999966621398926
5,1,GSM330987,1,0.9999995231628418
5,1,GSM330988,1,1.0
5,1,GSM330989,1,1.0
5,1,GSM330990,1,0.9999994039535522
5,1,GSM330992,1,1.0
5,1,GSM330993,1,1.0
5,1,GSM330995,1,0.9999998807907104
5,1,GSM330999,1,1.0
5,1,GSM331000,1,0.9999998807907104
5,1,GSM331001,1,0.9999997615814209
5,1,GSM331002,1,1.0
5,1,GSM331006,1,1.0
5,1,GSM331008,1,0.9999997615814209
5,1,GSM331010,1,1.0
5,1,GSM331011,1,0.9999991655349731
5,1,GSM331015,1,1.0
5,1,GSM331016,1,1.0
5,1,GSM331017,1,1.0
5,1,GSM331018,1,1.0
5,1,GSM331019,1,1.0
5,1,GSM331020,1,0.9999998807907104
5,1,GSM331023,1,0.9999998807907104
5,1,GSM331024,1,1.0
5,1,GSM331025,1,1.0
5,1,GSM331029,1,1.0
5,1,GSM331031,1,0.9999680519104004
5,1,GSM331032,1,0.9999996423721313
5,1,GSM331034,1,1.0
5,1,GSM331035,1,0.999998927116394
5,1,GSM331037,1,1.0
5,1,GSM331038,1,0.9999833106994629
5,1,GSM331040,1,0.9999998807907104
5,1,GSM331041,1,1.0
5,1,GSM331043,1,0.9999998807907104
5,1,GSM331046,1,0.9999998807907104
5,1,GSM331055,1,0.9999516010284424
5,1,GSM331056,1,0.9999998807907104
5,1,GSM331057,1,1.0
5,1,GSM331061,1,1.0
5,1,GSM331063,1,1.0
5,1,GSM331064,1,1.0
5,1,GSM331065,1,1.0
5,1,GSM331068,1,1.0
5,1,GSM331071,1,0.9997938871383667
5,1,GSM331072,1,1.0
5,1,GSM331076,1,1.0
5,1,GSM331077,1,0.9999960660934448
5,1,GSM331080,1,1.0
5,1,GSM331081,1,1.0
5,1,GSM331083,1,0.9999997615814209
5,1,GSM331086,1,1.0
5,1,GSM331088,1,1.0
5,1,GSM331090,1,0.9999974966049194
5,1,GSM331091,1,0.9999996423721313
5,1,GSM331092,1,0.9999997615814209
5,1,GSM331093,1,0.9999998807907104
5,1,GSM331094,1,1.0
5,1,GSM331095,1,1.0
5,1,GSM331099,1,1.0
5,1,GSM331100,1,0.9999998807907104
5,1,GSM331101,1,1.0
5,1,GSM331104,1,1.0
5,1,GSM331106,1,0.9999998807907104
5,1,GSM331107,1,0.9999904632568359
5,1,GSM331109,1,1.0
5,1,GSM331111,1,1.0
5,1,GSM331113,1,1.0
5,1,GSM331115,1,0.9999998807907104
5,1,GSM331116,1,1.0
5,1,GSM331118,1,1.0
5,1,GSM331119,1,1.0
5,1,GSM331120,1,1.0
5,1,GSM331122,1,0.9999998807907104
5,1,GSM331124,1,0.9998369216918945
5,1,GSM331126,1,0.9999998807907104
5,1,GSM331127,1,1.0
5,1,GSM331128,1,0.9999998807907104
5,1,GSM331129,1,0.9999998807907104
5,1,GSM331131,1,0.9999997615814209
5,1,GSM331132,1,1.0
5,1,GSM331135,1,1.0
5,1,GSM331137,1,0.9999998807907104
5,1,GSM331138,1,0.9999994039535522
5,1,GSM331144,1,1.0
5,1,GSM331148,1,0.9999712705612183
5,1,GSM331149,1,0.9999998807907104
5,1,GSM331156,1,0.9999998807907104
5,1,GSM331159,1,0.9999998807907104
5,1,GSM331161,1,0.9999954700469971
5,1,GSM331162,1,1.0
5,1,GSM331163,1,0.9999978542327881
5,1,GSM331164,1,0.9999932050704956
5,1,GSM331166,1,0.9999998807907104
5,1,GSM331167,1,1.0
5,1,GSM331169,1,1.0
5,1,GSM331171,1,1.0
5,1,GSM331173,1,0.9974415302276611
5,1,GSM331174,1,1.0
5,1,GSM331175,1,1.0
5,1,GSM331176,1,0.9999986886978149
5,1,GSM331177,1,0.9999998807907104
5,1,GSM331182,1,1.0
5,1,GSM331183,1,0.9999998807907104
5,1,GSM331186,1,1.0
5,1,GSM331187,1,0.9999998807907104
5,1,GSM331189,1,0.8503395318984985
5,1,GSM331193,1,1.0
5,1,GSM331195,1,0.9999959468841553
5,1,GSM331196,1,0.9999994039535522
5,1,GSM331198,1,1.0
5,1,GSM331203,1,1.0
5,1,GSM331204,1,1.0
5,1,GSM331208,1,1.0
5,1,GSM331210,1,1.0
5,1,GSM331212,1,1.0
5,1,GSM331215,1,1.0
5,1,GSM331216,1,0.9999997615814209
5,1,GSM331217,1,1.0
5,1,GSM331218,1,1.0
5,1,GSM331219,1,0.9999990463256836
5,1,GSM331220,1,1.0
5,1,GSM331222,1,0.9999998807907104
5,1,GSM331225,1,0.9999998807907104
5,1,GSM331227,1,0.9999996423721313
5,1,GSM331228,1,0.9999983310699463
5,1,GSM331229,1,1.0
5,1,GSM331230,1,0.9999998807907104
5,1,GSM331233,1,0.9999477863311768
5,1,GSM331234,1,1.0
5,1,GSM331235,1,0.9999998807907104
5,1,GSM331240,1,0.9999967813491821
5,1,GSM331241,1,0.9999961853027344
5,1,GSM331245,1,1.0
5,1,GSM331246,1,1.0
5,1,GSM331250,1,1.0
5,1,GSM331251,1,1.0
5,1,GSM331252,1,0.9999998807907104
5,1,GSM331253,1,0.9999719858169556
5,1,GSM331254,1,0.9999998807907104
5,1,GSM331259,1,0.9999998807907104
5,1,GSM331260,1,0.9999998807907104
5,1,GSM331261,1,1.0
5,1,GSM331268,1,1.0
5,1,GSM331269,1,1.0
5,1,GSM331274,1,0.9999998807907104
5,1,GSM331276,1,1.0
5,1,GSM331280,1,0.9999995231628418
5,1,GSM331281,1,0.9999996423721313
5,1,GSM331286,1,0.9999998807907104
5,1,GSM331287,1,1.0
5,1,GSM331288,1,0.9999998807907104
5,1,GSM331290,1,1.0
5,1,GSM331291,1,1.0
5,1,GSM331292,1,0.9999716281890869
5,1,GSM331294,1,0.9999589920043945
5,1,GSM331297,1,1.0
5,1,GSM331301,1,0.9999998807907104
5,1,GSM331302,1,0.9999997615814209
5,1,GSM331304,1,0.9999998807907104
5,1,GSM331306,1,1.0
5,1,GSM331309,1,1.0
5,1,GSM331312,1,1.0
5,1,GSM331313,1,0.9999998807907104
5,1,GSM331317,1,1.0
5,1,GSM331318,1,1.0
5,1,GSM331319,1,1.0
5,1,GSM331321,1,0.9999978542327881
5,1,GSM331324,1,1.0
5,1,GSM331325,1,0.9999995231628418
5,1,GSM331326,1,1.0
5,1,GSM331327,1,0.9999997615814209
5,1,GSM331328,1,1.0
5,1,GSM331329,1,0.9999996423721313
5,1,GSM331330,1,1.0
5,1,GSM331332,1,0.9999998807907104
5,1,GSM331337,1,0.9999994039535522
5,1,GSM331341,1,0.9999998807907104
5,1,GSM331343,1,0.9997615218162537
5,1,GSM331344,1,0.9999997615814209
5,1,GSM331346,1,0.9999998807907104
5,1,GSM331347,1,0.9999982118606567
5,1,GSM331350,1,1.0
5,1,GSM331351,1,1.0
5,1,GSM331352,1,0.999996542930603
5,1,GSM331353,1,1.0
5,1,GSM331355,1,1.0
5,1,GSM331356,1,1.0
5,1,GSM331362,1,0.9999998807907104
5,1,GSM331364,1,1.0
5,1,GSM331366,1,0.9999998807907104
5,1,GSM331371,1,1.0
5,1,GSM331372,1,0.9999992847442627
5,1,GSM331373,1,0.9999837875366211
5,1,GSM331374,1,1.0
5,2,GSM330929,1,0.8081383109092712
5,2,GSM330930,1,0.821023166179657
5,2,GSM330933,1,0.9116328358650208
5,2,GSM330938,1,0.8268498778343201
5,2,GSM330939,1,0.17775562405586243
5,2,GSM330941,1,0.8912195563316345
5,2,GSM330944,1,0.6802952289581299
5,2,GSM330946,1,0.3958732485771179
5,2,GSM330954,1,0.7344079613685608
5,2,GSM330956,1,0.8567352890968323
5,2,GSM330957,1,0.9039246439933777
5,2,GSM330958,1,0.8916080594062805
5,2,GSM330964,1,0.10193045437335968
5,2,GSM330965,1,0.4725564122200012
5,2,GSM330966,1,0.5586519241333008
5,2,GSM330967,1,0.5681926608085632
5,2,GSM330969,1,0.16165602207183838
5,2,GSM330970,1,0.8038223385810852
5,2,GSM330971,1,0.2216651439666748
5,2,GSM330974,1,0.28500381112098694
5,2,GSM330975,1,0.7680495381355286
5,2,GSM330977,1,0.8631384372711182
5,2,GSM330980,1,0.7222839593887329
5,2,GSM330981,1,0.6908389925956726
5,2,GSM330982,1,0.39901381731033325
5,2,GSM330984,1,0.3205551207065582
5,2,GSM330985,1,0.8394424319267273
5,2,GSM330986,1,0.5879955887794495
5,2,GSM330991,1,0.2675478756427765
5,2,GSM330994,1,0.6619804501533508
5,2,GSM330996,1,0.5851001739501953
5,2,GSM330997,1,0.16886155307292938
5,2,GSM330998,1,0.5055029988288879
5,2,GSM331003,1,0.3100672662258148
5,2,GSM331004,1,0.303885281085968
5,2,GSM331005,1,0.35942286252975464
5,2,GSM331007,1,0.5496805906295776
5,2,GSM331009,1,0.47418180108070374
5,2,GSM331012,1,0.8632943630218506
5,2,GSM331013,1,0.4967564344406128
5,2,GSM331014,1,0.468330055475235
5,2,GSM331021,1,0.692462682723999
5,2,GSM331022,1,0.7802000641822815
5,2,GSM331026,1,0.5391347408294678
5,2,GSM331027,1,0.6237380504608154
5,2,GSM331028,1,0.1933196634054184
5,2,GSM331030,1,0.1530500203371048
5,2,GSM331033,1,0.6302160620689392
5,2,GSM331036,1,0.9150780439376831
5,2,GSM331039,1,0.794115424156189
5,2,GSM331042,1,0.38510218262672424
5,2,GSM331044,1,0.7913631796836853
5,2,GSM331045,1,0.6894107460975647
5,2,GSM331047,1,0.3991048038005829
5,2,GSM331048,1,0.8806926012039185
5,2,GSM331049,1,0.4100523591041565
5,2,GSM331050,1,0.8061532974243164
5,2,GSM331051,1,0.25445300340652466
5,2,GSM331052,1,0.4261161983013153
5,2,GSM331053,1,0.7016708850860596
5,2,GSM331054,1,0.27899277210235596
5,2,GSM331058,1,0.6889925599098206
5,2,GSM331059,1,0.5969630479812622
5,2,GSM331060,1,0.8793849945068359
5,2,GSM331062,1,0.8007614016532898
5,2,GSM331066,1,0.9416752457618713
5,2,GSM331067,1,0.7267482876777649
5,2,GSM331069,1,0.24621057510375977
5,2,GSM331070,1,0.8912580013275146
5,2,GSM331073,1,0.8617549538612366
5,2,GSM331074,1,0.5553444027900696
5,2,GSM331075,1,0.3204267621040344
5,2,GSM331078,1,0.7978495955467224
5,2,GSM331079,1,0.7615405917167664
5,2,GSM331082,1,0.7631588578224182
5,2,GSM331084,1,0.31918543577194214
5,2,GSM331085,1,0.16182208061218262
5,2,GSM331087,1,0.5590887069702148
5,2,GSM331089,1,0.7728205323219299
5,2,GSM331096,1,0.5009998679161072
5,2,GSM331097,1,0.34342607855796814
5,2,GSM331098,1,0.5276892781257629
5,2,GSM331102,1,0.3674828112125397
5,2,GSM331103,1,0.6837069988250732
5,2,GSM331105,1,0.27037912607192993
5,2,GSM331108,1,0.7553321123123169
5,2,GSM331110,1,0.8463074564933777
5,2,GSM331112,1,0.5486586689949036
5,2,GSM331114,1,0.5852904915809631
5,2,GSM331117,1,0.6036025881767273
5,2,GSM331121,1,0.5166642665863037
5,2,GSM331123,1,0.8176264762878418
5,2,GSM331125,1,0.6088390946388245
5,2,GSM331130,1,0.8311251997947693
5,2,GSM331133,1,0.6590142846107483
5,2,GSM331134,1,0.5675747394561768
5,2,GSM331136,1,0.38628602027893066
5,2,GSM331139,1,0.1872006505727768
5,2,GSM331140,1,0.6664047241210938
5,2,GSM331141,1,0.81673663854599
5,2,GSM331142,1,0.9563592672348022
5,2,GSM331143,1,0.7525678277015686
5,2,GSM331145,1,0.32011958956718445
5,2,GSM331146,1,0.1608220934867859
5,2,GSM331147,1,0.8877833485603333
5,2,GSM331150,1,0.5221534371376038
5,2,GSM331151,1,0.37897372245788574
5,2,GSM331152,1,0.1964723765850067
5,2,GSM331153,1,0.3060303032398224
5,2,GSM331154,1,0.5059806704521179
5,2,GSM331155,1,0.2365451455116272
5,2,GSM331157,1,0.3690161108970642
5,2,GSM331158,1,0.8528403043746948
5,2,GSM331160,1,0.19017118215560913
5,2,GSM331165,1,0.5927695631980896
5,2,GSM331168,1,0.24115414917469025
5,2,GSM331170,1,0.9582871198654175
5,2,GSM331172,1,0.7983779907226562
5,2,GSM331178,1,0.431098610162735
5,2,GSM331179,1,0.8305262923240662
5,2,GSM331180,1,0.12116371095180511
5,2,GSM331181,1,0.8096638321876526
5,2,GSM331184,1,0.5891628265380859
5,2,GSM331185,1,0.7635058760643005
5,2,GSM331188,1,0.3590651750564575
5,2,GSM331190,1,0.6383684873580933
5,2,GSM331191,1,0.8916283249855042
5,2,GSM331192,1,0.6299982070922852
5,2,GSM331194,1,0.48830753564834595
5,2,GSM331197,1,0.3424552381038666
5,2,GSM331199,1,0.6543201804161072
5,2,GSM331200,1,0.2340945601463318
5,2,GSM331201,1,0.888595700263977
5,2,GSM331202,1,0.26726117730140686
5,2,GSM331205,1,0.6673210859298706
5,2,GSM331206,1,0.5705233812332153
5,2,GSM331207,1,0.636504054069519
5,2,GSM331209,1,0.2548152506351471
5,2,GSM331211,1,0.6639298796653748
5,2,GSM331213,1,0.8330806493759155
5,2,GSM331214,1,0.9331637024879456
5,2,GSM331221,1,0.6314444541931152
5,2,GSM331223,1,0.38790977001190186
5,2,GSM331224,1,0.9070883989334106
5,2,GSM331226,1,0.9342641234397888
5,2,GSM331231,1,0.6820809245109558
5,2,GSM331232,1,0.48358580470085144
5,2,GSM331236,1,0.6167268753051758
5,2,GSM331237,1,0.6735711693763733
5,2,GSM331238,1,0.11488240212202072
5,2,GSM331239,1,0.5452395081520081
5,2,GSM331242,1,0.5643152594566345
5,2,GSM331243,1,0.44889795780181885
5,2,GSM331244,1,0.3980545103549957
5,2,GSM331247,1,0.6276894807815552
5,2,GSM331248,1,0.7205829620361328
5,2,GSM331249,1,0.6375434398651123
5,2,GSM331255,1,0.40810105204582214
5,2,GSM331256,1,0.26051390171051025
5,2,GSM331257,1,0.40084871649742126
5,2,GSM331258,1,0.8734457492828369
5,2,GSM331262,1,0.3332960903644562
5,2,GSM331263,1,0.2843698561191559
5,2,GSM331264,1,0.2262374311685562
5,2,GSM331265,1,0.8057167530059814
5,2,GSM331266,1,0.6022235751152039
5,2,GSM331267,1,0.0922304093837738
5,2,GSM331270,1,0.8565172553062439
5,2,GSM331271,1,0.09891525655984879
5,2,GSM331272,1,0.12433064728975296
5,2,GSM331273,1,0.5158087611198425
5,2,GSM331275,1,0.3632822036743164
5,2,GSM331277,1,0.5959131121635437
5,2,GSM331278,1,0.5199006199836731
5,2,GSM331279,1,0.352912962436676
5,2,GSM331282,1,0.6127541065216064
5,2,GSM331283,1,0.3939629793167114
5,2,GSM331284,1,0.5718951225280762
5,2,GSM331285,1,0.33739930391311646
5,2,GSM331289,1,0.14246830344200134
5,2,GSM331293,1,0.6414336562156677
5,2,GSM331295,1,0.9078558683395386
5,2,GSM331296,1,0.5237910151481628
5,2,GSM331298,1,0.045932818204164505
5,2,GSM331299,1,0.7315900921821594
5,2,GSM331300,1,0.26528725028038025
5,2,GSM331303,1,0.6433249115943909
5,2,GSM331305,1,0.32848525047302246
5,2,GSM331307,1,0.6704287528991699
5,2,GSM331308,1,0.4186258912086487
5,2,GSM331310,1,0.7815381288528442
5,2,GSM331311,1,0.9094139337539673
5,2,GSM331314,1,0.4772389233112335
5,2,GSM331315,1,0.3283907175064087
5,2,GSM331316,1,0.6492592096328735
5,2,GSM331320,1,0.7076750993728638
5,2,GSM331322,1,0.6518642902374268
5,2,GSM331323,1,0.36758825182914734
5,2,GSM331331,1,0.2870482802391052
5,2,GSM331333,1,0.2400864213705063
5,2,GSM331334,1,0.3820987045764923
5,2,GSM331335,1,0.670245349407196
5,2,GSM331336,1,0.27841678261756897
5,2,GSM331338,1,0.5305630564689636
5,2,GSM331339,1,0.7305828332901001
5,2,GSM331340,1,0.9136960506439209
5,2,GSM331342,1,0.22453676164150238
5,2,GSM331345,1,0.6225944757461548
5,2,GSM331348,1,0.7102842330932617
5,2,GSM331349,1,0.6868919730186462
5,2,GSM331354,1,0.5070363879203796
5,2,GSM331357,1,0.5375601053237915
5,2,GSM331358,1,0.7341552972793579
5,2,GSM331359,1,0.17690280079841614
5,2,GSM331360,1,0.25649386644363403
5,2,GSM331361,1,0.48213499784469604
5,2,GSM331363,1,0.4520309567451477
5,2,GSM331365,1,0.3418397605419159
5,2,GSM331367,1,0.6699475646018982
5,2,GSM331368,1,0.9017659425735474
5,2,GSM331369,1,0.688041627407074
5,2,GSM331370,1,0.9166318774223328
5,2,GSM331375,1,0.2678948640823364
5,2,GSM331376,1,0.21531838178634644
6,1,GSM331667,0,0.9999986886978149
6,1,GSM330929,1,0.9999998807907104
6,1,GSM330930,1,0.9999823570251465
6,1,GSM330931,1,0.9999998807907104
6,1,GSM330934,1,0.9999978542327881
6,1,GSM330935,1,1.0
6,1,GSM330936,1,0.9999996423721313
6,1,GSM330937,1,1.0
6,1,GSM330939,1,0.9999997615814209
6,1,GSM330941,1,1.0
6,1,GSM330944,1,1.0
6,1,GSM330945,1,1.0
6,1,GSM330946,1,1.0
6,1,GSM330947,1,1.0
6,1,GSM330948,1,1.0
6,1,GSM330949,1,1.0
6,1,GSM330951,1,0.9999992847442627
6,1,GSM330957,1,1.0
6,1,GSM330960,1,1.0
6,1,GSM330961,1,0.9999998807907104
6,1,GSM330962,1,0.9999997615814209
6,1,GSM330963,1,1.0
6,1,GSM330964,1,0.9999990463256836
6,1,GSM330967,1,1.0
6,1,GSM330969,1,0.9999912977218628
6,1,GSM330970,1,1.0
6,1,GSM330971,1,1.0
6,1,GSM330972,1,1.0
6,1,GSM330973,1,1.0
6,1,GSM330976,1,0.9999991655349731
6,1,GSM330977,1,1.0
6,1,GSM330979,1,1.0
6,1,GSM330980,1,0.9999998807907104
6,1,GSM330982,1,0.9999998807907104
6,1,GSM330983,1,0.9999994039535522
6,1,GSM330985,1,1.0
6,1,GSM330986,1,1.0
6,1,GSM330989,1,1.0
6,1,GSM330990,1,0.9999998807907104
6,1,GSM330991,1,0.9999997615814209
6,1,GSM330992,1,1.0
6,1,GSM330995,1,0.9999998807907104
6,1,GSM330996,1,0.9999998807907104
6,1,GSM330997,1,0.9999998807907104
6,1,GSM331000,1,0.9999998807907104
6,1,GSM331002,1,1.0
6,1,GSM331004,1,1.0
6,1,GSM331006,1,1.0
6,1,GSM331007,1,1.0
6,1,GSM331009,1,0.9999996423721313
6,1,GSM331010,1,0.9999998807907104
6,1,GSM331012,1,1.0
6,1,GSM331013,1,1.0
6,1,GSM331014,1,0.9999998807907104
6,1,GSM331017,1,1.0
6,1,GSM331018,1,1.0
6,1,GSM331019,1,1.0
6,1,GSM331023,1,0.9999998807907104
6,1,GSM331024,1,1.0
6,1,GSM331026,1,1.0
6,1,GSM331027,1,1.0
6,1,GSM331028,1,1.0
6,1,GSM331032,1,0.9999997615814209
6,1,GSM331034,1,1.0
6,1,GSM331035,1,0.9999990463256836
6,1,GSM331036,1,1.0
6,1,GSM331039,1,1.0
6,1,GSM331040,1,0.9999998807907104
6,1,GSM331042,1,0.9999998807907104
6,1,GSM331044,1,1.0
6,1,GSM331045,1,1.0
6,1,GSM331047,1,1.0
6,1,GSM331048,1,1.0
6,1,GSM331050,1,0.9999997615814209
6,1,GSM331051,1,1.0
6,1,GSM331052,1,1.0
6,1,GSM331054,1,1.0
6,1,GSM331056,1,1.0
6,1,GSM331059,1,1.0
6,1,GSM331060,1,0.9999995231628418
6,1,GSM331061,1,1.0
6,1,GSM331062,1,1.0
6,1,GSM331063,1,1.0
6,1,GSM331067,1,1.0
6,1,GSM331068,1,1.0
6,1,GSM331074,1,0.9999998807907104
6,1,GSM331076,1,1.0
6,1,GSM331077,1,0.9999990463256836
6,1,GSM331084,1,1.0
6,1,GSM331090,1,0.9999992847442627
6,1,GSM331092,1,0.9999998807907104
6,1,GSM331093,1,0.9999998807907104
6,1,GSM331097,1,1.0
6,1,GSM331101,1,1.0
6,1,GSM331105,1,0.9999997615814209
6,1,GSM331108,1,0.9999998807907104
6,1,GSM331109,1,1.0
6,1,GSM331110,1,1.0
6,1,GSM331113,1,1.0
6,1,GSM331114,1,0.9999998807907104
6,1,GSM331119,1,1.0
6,1,GSM331122,1,0.9999998807907104
6,1,GSM331124,1,0.9998986721038818
6,1,GSM331125,1,1.0
6,1,GSM331126,1,0.9999998807907104
6,1,GSM331127,1,1.0
6,1,GSM331129,1,1.0
6,1,GSM331130,1,0.999996542930603
6,1,GSM331131,1,0.9999998807907104
6,1,GSM331134,1,1.0
6,1,GSM331139,1,0.9999994039535522
6,1,GSM331140,1,0.9999998807907104
6,1,GSM331143,1,1.0
6,1,GSM331146,1,0.9999992847442627
6,1,GSM331148,1,0.9999986886978149
6,1,GSM331149,1,0.9999998807907104
6,1,GSM331150,1,1.0
6,1,GSM331152,1,0.9999983310699463
6,1,GSM331154,1,1.0
6,1,GSM331156,1,1.0
6,1,GSM331157,1,1.0
6,1,GSM331162,1,1.0
6,1,GSM331163,1,0.9999995231628418
6,1,GSM331164,1,0.9999996423721313
6,1,GSM331166,1,0.9999998807907104
6,1,GSM331167,1,1.0
6,1,GSM331169,1,1.0
6,1,GSM331171,1,0.9999998807907104
6,1,GSM331173,1,0.9994633793830872
6,1,GSM331175,1,0.9999998807907104
6,1,GSM331177,1,0.9999997615814209
6,1,GSM331178,1,0.9999997615814209
6,1,GSM331179,1,1.0
6,1,GSM331183,1,0.9999998807907104
6,1,GSM331185,1,1.0
6,1,GSM331186,1,1.0
6,1,GSM331187,1,0.9999998807907104
6,1,GSM331196,1,0.9999998807907104
6,1,GSM331198,1,1.0
6,1,GSM331200,1,0.9999998807907104
6,1,GSM331202,1,0.9999992847442627
6,1,GSM331206,1,1.0
6,1,GSM331211,1,0.9999998807907104
6,1,GSM331212,1,1.0
6,1,GSM331215,1,1.0
6,1,GSM331217,1,1.0
6,1,GSM331219,1,0.9999992847442627
6,1,GSM331220,1,0.9999998807907104
6,1,GSM331222,1,0.9999998807907104
6,1,GSM331223,1,1.0
6,1,GSM331225,1,0.9999998807907104
6,1,GSM331227,1,0.9999997615814209
6,1,GSM331228,1,0.9999997615814209
6,1,GSM331230,1,0.9999995231628418
6,1,GSM331233,1,0.9999922513961792
6,1,GSM331234,1,0.9999998807907104
6,1,GSM331235,1,0.9999998807907104
6,1,GSM331236,1,0.999998927116394
6,1,GSM331239,1,1.0
6,1,GSM331241,1,0.9999998807907104
6,1,GSM331243,1,0.9999998807907104
6,1,GSM331244,1,1.0
6,1,GSM331245,1,1.0
6,1,GSM331248,1,0.9999998807907104
6,1,GSM331252,1,0.9999998807907104
6,1,GSM331254,1,1.0
6,1,GSM331256,1,1.0
6,1,GSM331257,1,1.0
6,1,GSM331259,1,1.0
6,1,GSM331261,1,1.0
6,1,GSM331262,1,0.9999996423721313
6,1,GSM331263,1,1.0
6,1,GSM331264,1,1.0
6,1,GSM331265,1,0.9999998807907104
6,1,GSM331266,1,1.0
6,1,GSM331269,1,1.0
6,1,GSM331275,1,1.0
6,1,GSM331276,1,1.0
6,1,GSM331279,1,0.9999992847442627
6,1,GSM331282,1,1.0
6,1,GSM331285,1,0.9999998807907104
6,1,GSM331286,1,0.9999998807907104
6,1,GSM331287,1,1.0
6,1,GSM331293,1,1.0
6,1,GSM331298,1,0.9999980926513672
6,1,GSM331299,1,1.0
6,1,GSM331300,1,1.0
6,1,GSM331302,1,0.9999997615814209
6,1,GSM331303,1,1.0
6,1,GSM331308,1,1.0
6,1,GSM331311,1,1.0
6,1,GSM331313,1,0.9999998807907104
6,1,GSM331314,1,1.0
6,1,GSM331315,1,0.9999997615814209
6,1,GSM331317,1,1.0
6,1,GSM331318,1,1.0
6,1,GSM331322,1,0.9941245317459106
6,1,GSM331325,1,0.9999998807907104
6,1,GSM331328,1,1.0
6,1,GSM331329,1,0.9999998807907104
6,1,GSM331330,1,1.0
6,1,GSM331334,1,0.9999991655349731
6,1,GSM331337,1,0.9999998807907104
6,1,GSM331338,1,1.0
6,1,GSM331340,1,1.0
6,1,GSM331341,1,1.0
6,1,GSM331343,1,0.9999914169311523
6,1,GSM331344,1,0.9999998807907104
6,1,GSM331345,1,1.0
6,1,GSM331348,1,1.0
6,1,GSM331349,1,1.0
6,1,GSM331350,1,1.0
6,1,GSM331351,1,1.0
6,1,GSM331353,1,1.0
6,1,GSM331354,1,1.0
6,1,GSM331355,1,1.0
6,1,GSM331358,1,0.9999998807907104
6,1,GSM331360,1,0.9999998807907104
6,1,GSM331362,1,0.9999998807907104
6,1,GSM331364,1,1.0
6,1,GSM331366,1,0.9999998807907104
6,1,GSM331368,1,1.0
6,1,GSM331369,1,1.0
6,1,GSM331372,1,0.9999996423721313
6,1,GSM331376,1,0.9999985694885254
6,2,GSM330932,1,0.5020062923431396
6,2,GSM330933,1,0.8082783818244934
6,2,GSM330938,1,0.789943277835846
6,2,GSM330940,1,0.24658013880252838
6,2,GSM330942,1,0.9247934222221375
6,2,GSM330943,1,0.439632773399353
6,2,GSM330950,1,0.6154624223709106
6,2,GSM330952,1,0.42429956793785095
6,2,GSM330953,1,0.8110215663909912
6,2,GSM330954,1,0.500098466873169
6,2,GSM330955,1,0.5704061388969421
6,2,GSM330956,1,0.7521225810050964
6,2,GSM330958,1,0.7253410220146179
6,2,GSM330959,1,0.6991317868232727
6,2,GSM330965,1,0.628882110118866
6,2,GSM330966,1,0.6507879495620728
6,2,GSM330968,1,0.6325685381889343
6,2,GSM330974,1,0.5721020102500916
6,2,GSM330975,1,0.6769258975982666
6,2,GSM330978,1,0.9269679188728333
6,2,GSM330981,1,0.8331215977668762
6,2,GSM330984,1,0.6886674165725708
6,2,GSM330987,1,0.43826648592948914
6,2,GSM330988,1,0.6209667325019836
6,2,GSM330993,1,0.8636322021484375
6,2,GSM330994,1,0.834627091884613
6,2,GSM330998,1,0.7774890661239624
6,2,GSM330999,1,0.46781572699546814
6,2,GSM331001,1,0.6118340492248535
6,2,GSM331003,1,0.4436522126197815
6,2,GSM331005,1,0.5895911455154419
6,2,GSM331008,1,0.558041512966156
6,2,GSM331011,1,0.6133981347084045
6,2,GSM331015,1,0.7000373601913452
6,2,GSM331016,1,0.6563077569007874
6,2,GSM331020,1,0.500576913356781
6,2,GSM331021,1,0.5860946178436279
6,2,GSM331022,1,0.8587918877601624
6,2,GSM331025,1,0.6101956367492676
6,2,GSM331029,1,0.6345341801643372
6,2,GSM331030,1,0.47180938720703125
6,2,GSM331031,1,0.41032978892326355
6,2,GSM331033,1,0.5600051879882812
6,2,GSM331037,1,0.7025174498558044
6,2,GSM331038,1,0.658563494682312
6,2,GSM331041,1,0.7941182255744934
6,2,GSM331043,1,0.581931471824646
6,2,GSM331046,1,0.641892671585083
6,2,GSM331049,1,0.6560961604118347
6,2,GSM331053,1,0.7132747173309326
6,2,GSM331055,1,0.6964529156684875
6,2,GSM331057,1,0.823334276676178
6,2,GSM331058,1,0.7796631455421448
6,2,GSM331064,1,0.8251187801361084
6,2,GSM331065,1,0.7389785051345825
6,2,GSM331066,1,0.9091356992721558
6,2,GSM331069,1,0.7845930457115173
6,2,GSM331070,1,0.8391388058662415
6,2,GSM331071,1,0.6318898797035217
6,2,GSM331072,1,0.8997283577919006
6,2,GSM331073,1,0.8453993797302246
6,2,GSM331075,1,0.5673724412918091
6,2,GSM331078,1,0.7872958183288574
6,2,GSM331079,1,0.5737323760986328
6,2,GSM331080,1,0.8501737713813782
6,2,GSM331081,1,0.6745826601982117
6,2,GSM331082,1,0.7589417099952698
6,2,GSM331083,1,0.6155716776847839
6,2,GSM331085,1,0.5411719083786011
6,2,GSM331086,1,0.8421989679336548
6,2,GSM331087,1,0.6884833574295044
6,2,GSM331088,1,0.5687382221221924
6,2,GSM331089,1,0.6378000974655151
6,2,GSM331091,1,0.5227134227752686
6,2,GSM331094,1,0.7638423442840576
6,2,GSM331095,1,0.8444726467132568
6,2,GSM331096,1,0.6003418564796448
6,2,GSM331098,1,0.5577757954597473
6,2,GSM331099,1,0.7951265573501587
6,2,GSM331100,1,0.4665871560573578
6,2,GSM331102,1,0.5529990196228027
6,2,GSM331103,1,0.8437129855155945
6,2,GSM331104,1,0.7174570560455322
6,2,GSM331106,1,0.5859752297401428
6,2,GSM331107,1,0.6168414354324341
6,2,GSM331111,1,0.5657482147216797
6,2,GSM331112,1,0.6190075278282166
6,2,GSM331115,1,0.6535401940345764
6,2,GSM331116,1,0.7197299599647522
6,2,GSM331117,1,0.6667501926422119
6,2,GSM331118,1,0.6753812432289124
6,2,GSM331120,1,0.7789471745491028
6,2,GSM331121,1,0.6533946990966797
6,2,GSM331123,1,0.6832888722419739
6,2,GSM331128,1,0.6499609351158142
6,2,GSM331132,1,0.671517550945282
6,2,GSM331133,1,0.7732439637184143
6,2,GSM331135,1,0.5915249586105347
6,2,GSM331136,1,0.6893093585968018
6,2,GSM331137,1,0.3993867039680481
6,2,GSM331138,1,0.6430436968803406
6,2,GSM331141,1,0.6716748476028442
6,2,GSM331142,1,0.8443692326545715
6,2,GSM331144,1,0.7269511818885803
6,2,GSM331145,1,0.6644275188446045
6,2,GSM331147,1,0.8009582757949829
6,2,GSM331151,1,0.6100934743881226
6,2,GSM331153,1,0.5897950530052185
6,2,GSM331155,1,0.4135597348213196
6,2,GSM331158,1,0.7271479368209839
6,2,GSM331159,1,0.7117968797683716
6,2,GSM331160,1,0.45654356479644775
6,2,GSM331161,1,0.42119139432907104
6,2,GSM331165,1,0.5419462323188782
6,2,GSM331168,1,0.7477339506149292
6,2,GSM331170,1,0.8283942341804504
6,2,GSM331172,1,0.6067277193069458
6,2,GSM331174,1,0.5058904886245728
6,2,GSM331176,1,0.5161681175231934
6,2,GSM331180,1,0.47972777485847473
6,2,GSM331181,1,0.6949992775917053
6,2,GSM331182,1,0.8707584738731384
6,2,GSM331184,1,0.5734840035438538
6,2,GSM331188,1,0.5340864062309265
6,2,GSM331189,1,0.48763424158096313
6,2,GSM331190,1,0.6300321817398071
6,2,GSM331191,1,0.8265525102615356
6,2,GSM331192,1,0.7008029222488403
6,2,GSM331193,1,0.8122810125350952
6,2,GSM331194,1,0.46271228790283203
6,2,GSM331195,1,0.49606290459632874
6,2,GSM331197,1,0.566510796546936
6,2,GSM331199,1,0.48574817180633545
6,2,GSM331201,1,0.8950610756874084
6,2,GSM331203,1,0.5732178092002869
6,2,GSM331204,1,0.5746569633483887
6,2,GSM331205,1,0.618870735168457
6,2,GSM331207,1,0.6289001107215881
6,2,GSM331208,1,0.6930989623069763
6,2,GSM331209,1,0.3311172127723694
6,2,GSM331210,1,0.8096655607223511
6,2,GSM331213,1,0.7370073795318604
6,2,GSM331214,1,0.8474511504173279
6,2,GSM331216,1,0.561306357383728
6,2,GSM331218,1,0.6584539413452148
6,2,GSM331221,1,0.6772222518920898
6,2,GSM331224,1,0.845265805721283
6,2,GSM331226,1,0.7787500619888306
6,2,GSM331229,1,0.6840872168540955
6,2,GSM331231,1,0.7084705829620361
6,2,GSM331232,1,0.6214404106140137
6,2,GSM331237,1,0.8049642443656921
6,2,GSM331238,1,0.5243066549301147
6,2,GSM331240,1,0.5413515567779541
6,2,GSM331242,1,0.8155966401100159
6,2,GSM331246,1,0.730262279510498
6,2,GSM331247,1,0.5164523720741272
6,2,GSM331249,1,0.8802302479743958
6,2,GSM331250,1,0.8760378360748291
6,2,GSM331251,1,0.7180004715919495
6,2,GSM331253,1,0.7874194383621216
6,2,GSM331255,1,0.3352092206478119
6,2,GSM331258,1,0.8945727348327637
6,2,GSM331260,1,0.6521785855293274
6,2,GSM331267,1,0.5895139575004578
6,2,GSM331268,1,0.7875227928161621
6,2,GSM331270,1,0.6475721001625061
6,2,GSM331271,1,0.3679600656032562
6,2,GSM331272,1,0.7818043828010559
6,2,GSM331273,1,0.7035617828369141
6,2,GSM331274,1,0.835598886013031
6,2,GSM331277,1,0.7469789385795593
6,2,GSM331278,1,0.6492759585380554
6,2,GSM331280,1,0.6488692760467529
6,2,GSM331281,1,0.5495505928993225
6,2,GSM331283,1,0.42398279905319214
6,2,GSM331284,1,0.6440585255622864
6,2,GSM331288,1,0.6918924450874329
6,2,GSM331289,1,0.38271963596343994
6,2,GSM331290,1,0.7229687571525574
6,2,GSM331291,1,0.6788555383682251
6,2,GSM331292,1,0.6139957308769226
6,2,GSM331294,1,0.805661678314209
6,2,GSM331295,1,0.8332549929618835
6,2,GSM331296,1,0.6998514533042908
6,2,GSM331297,1,0.8705697059631348
6,2,GSM331301,1,0.6610479354858398
6,2,GSM331304,1,0.7598147392272949
6,2,GSM331305,1,0.4455324411392212
6,2,GSM331306,1,0.8642573356628418
6,2,GSM331307,1,0.7849729061126709
6,2,GSM331309,1,0.647912859916687
6,2,GSM331310,1,0.8545095324516296
6,2,GSM331312,1,0.7425097823143005
6,2,GSM331316,1,0.6205780506134033
6,2,GSM331319,1,0.8488093614578247
6,2,GSM331320,1,0.6366726756095886
6,2,GSM331321,1,0.624413788318634
6,2,GSM331323,1,0.7222293019294739
6,2,GSM331324,1,0.8338420987129211
6,2,GSM331326,1,0.6617931723594666
6,2,GSM331327,1,0.7144448757171631
6,2,GSM331331,1,0.45436587929725647
6,2,GSM331332,1,0.5487053990364075
6,2,GSM331333,1,0.44119587540626526
6,2,GSM331335,1,0.702846348285675
6,2,GSM331336,1,0.5389151573181152
6,2,GSM331339,1,0.6940375566482544
6,2,GSM331342,1,0.14513222873210907
6,2,GSM331346,1,0.7181878089904785
6,2,GSM331347,1,0.5968027114868164
6,2,GSM331352,1,0.48770615458488464
6,2,GSM331356,1,0.6006230711936951
6,2,GSM331357,1,0.64667147397995
6,2,GSM331359,1,0.6554163098335266
6,2,GSM331361,1,0.576678454875946
6,2,GSM331363,1,0.6359894871711731
6,2,GSM331365,1,0.6235121488571167
6,2,GSM331367,1,0.5405523777008057
6,2,GSM331370,1,0.7919960021972656
6,2,GSM331371,1,0.5728351473808289
6,2,GSM331373,1,0.3839464783668518
6,2,GSM331374,1,0.8673650026321411
6,2,GSM331375,1,0.3692281246185303
7,1,GSM331667,0,0.9999991655349731
7,1,GSM330933,1,1.0
7,1,GSM330935,1,1.0
7,1,GSM330938,1,1.0
7,1,GSM330940,1,0.9999969005584717
7,1,GSM330942,1,0.9999995231628418
7,1,GSM330943,1,0.9999997615814209
7,1,GSM330946,1,0.9999997615814209
7,1,GSM330947,1,1.0
7,1,GSM330948,1,0.9999998807907104
7,1,GSM330951,1,0.9999936819076538
7,1,GSM330953,1,0.9998644590377808
7,1,GSM330954,1,0.9999996423721313
7,1,GSM330955,1,0.9999998807907104
7,1,GSM330957,1,1.0
7,1,GSM330958,1,1.0
7,1,GSM330959,1,1.0
7,1,GSM330960,1,1.0
7,1,GSM330961,1,0.9999991655349731
7,1,GSM330962,1,0.9999996423721313
7,1,GSM330963,1,1.0
7,1,GSM330964,1,0.9999610185623169
7,1,GSM330967,1,0.9999997615814209
7,1,GSM330969,1,0.9998612403869629
7,1,GSM330970,1,1.0
7,1,GSM330971,1,0.9999996423721313
7,1,GSM330973,1,0.9999998807907104
7,1,GSM330977,1,1.0
7,1,GSM330979,1,1.0
7,1,GSM330980,1,1.0
7,1,GSM330981,1,0.9999998807907104
7,1,GSM330983,1,0.9999953508377075
7,1,GSM330985,1,0.9999998807907104
7,1,GSM330986,1,1.0
7,1,GSM330987,1,0.9999974966049194
7,1,GSM330995,1,0.9999996423721313
7,1,GSM330997,1,0.9999994039535522
7,1,GSM330999,1,0.9999997615814209
7,1,GSM331000,1,1.0
7,1,GSM331003,1,0.9999994039535522
7,1,GSM331006,1,0.9999998807907104
7,1,GSM331007,1,1.0
7,1,GSM331008,1,0.9999994039535522
7,1,GSM331012,1,1.0
7,1,GSM331013,1,0.9999992847442627
7,1,GSM331014,1,0.9999998807907104
7,1,GSM331017,1,1.0
7,1,GSM331018,1,0.9999996423721313
7,1,GSM331019,1,1.0
7,1,GSM331020,1,0.9999997615814209
7,1,GSM331025,1,0.9999998807907104
7,1,GSM331026,1,0.9999998807907104
7,1,GSM331028,1,1.0
7,1,GSM331029,1,1.0
7,1,GSM331030,1,0.9999963045120239
7,1,GSM331032,1,0.9999973773956299
7,1,GSM331040,1,0.9999996423721313
7,1,GSM331042,1,0.9999996423721313
7,1,GSM331044,1,0.9999998807907104
7,1,GSM331045,1,0.9999998807907104
7,1,GSM331046,1,0.9999997615814209
7,1,GSM331047,1,0.9999997615814209
7,1,GSM331048,1,1.0
7,1,GSM331049,1,0.9999996423721313
7,1,GSM331050,1,0.9999979734420776
7,1,GSM331051,1,0.9999997615814209
7,1,GSM331056,1,0.9999998807907104
7,1,GSM331057,1,1.0
7,1,GSM331059,1,0.9999998807907104
7,1,GSM331060,1,0.9999982118606567
7,1,GSM331061,1,0.9999998807907104
7,1,GSM331063,1,1.0
7,1,GSM331064,1,1.0
7,1,GSM331066,1,1.0
7,1,GSM331067,1,0.9999998807907104
7,1,GSM331070,1,1.0
7,1,GSM331074,1,0.9999997615814209
7,1,GSM331078,1,1.0
7,1,GSM331081,1,1.0
7,1,GSM331085,1,0.9999995231628418
7,1,GSM331086,1,0.9999998807907104
7,1,GSM331088,1,1.0
7,1,GSM331089,1,0.9999998807907104
7,1,GSM331090,1,0.9999922513961792
7,1,GSM331091,1,0.999998927116394
7,1,GSM331092,1,0.9999995231628418
7,1,GSM331095,1,1.0
7,1,GSM331098,1,0.9999997615814209
7,1,GSM331099,1,0.9999998807907104
7,1,GSM331100,1,1.0
7,1,GSM331101,1,1.0
7,1,GSM331103,1,1.0
7,1,GSM331104,1,0.9999998807907104
7,1,GSM331105,1,0.9999997615814209
7,1,GSM331110,1,1.0
7,1,GSM331111,1,1.0
7,1,GSM331114,1,0.9999996423721313
7,1,GSM331115,1,0.9999992847442627
7,1,GSM331116,1,1.0
7,1,GSM331120,1,1.0
7,1,GSM331122,1,0.9999984502792358
7,1,GSM331123,1,0.9999995231628418
7,1,GSM331125,1,0.9999998807907104
7,1,GSM331126,1,0.9999982118606567
7,1,GSM331130,1,0.9999778270721436
7,1,GSM331131,1,0.9999997615814209
7,1,GSM331133,1,0.9999998807907104
7,1,GSM331136,1,1.0
7,1,GSM331137,1,0.999993085861206
7,1,GSM331139,1,0.9999898672103882
7,1,GSM331140,1,0.999998927116394
7,1,GSM331141,1,0.9999998807907104
7,1,GSM331144,1,1.0
7,1,GSM331147,1,1.0
7,1,GSM331148,1,0.9999977350234985
7,1,GSM331155,1,0.9999990463256836
7,1,GSM331158,1,1.0
7,1,GSM331160,1,0.9999970197677612
7,1,GSM331164,1,0.9999973773956299
7,1,GSM331165,1,1.0
7,1,GSM331166,1,1.0
7,1,GSM331167,1,1.0
7,1,GSM331169,1,0.9999996423721313
7,1,GSM331170,1,1.0
7,1,GSM331171,1,0.9999997615814209
7,1,GSM331172,1,1.0
7,1,GSM331175,1,0.9999997615814209
7,1,GSM331180,1,0.9999927282333374
7,1,GSM331181,1,1.0
7,1,GSM331182,1,1.0
7,1,GSM331183,1,0.9999996423721313
7,1,GSM331184,1,0.9999995231628418
7,1,GSM331185,1,0.9999998807907104
7,1,GSM331186,1,0.9999998807907104
7,1,GSM331187,1,0.9999998807907104
7,1,GSM331189,1,0.7803245782852173
7,1,GSM331190,1,1.0
7,1,GSM331192,1,0.9999992847442627
7,1,GSM331193,1,1.0
7,1,GSM331199,1,1.0
7,1,GSM331200,1,0.9999994039535522
7,1,GSM331201,1,1.0
7,1,GSM331204,1,0.9999998807907104
7,1,GSM331206,1,1.0
7,1,GSM331208,1,1.0
7,1,GSM331212,1,0.9999998807907104
7,1,GSM331214,1,1.0
7,1,GSM331215,1,0.9999990463256836
7,1,GSM331217,1,0.9999998807907104
7,1,GSM331218,1,0.9999996423721313
7,1,GSM331220,1,0.9999998807907104
7,1,GSM331224,1,1.0
7,1,GSM331228,1,0.9999929666519165
7,1,GSM331231,1,1.0
7,1,GSM331232,1,0.9999998807907104
7,1,GSM331233,1,0.9999898672103882
7,1,GSM331236,1,0.9999918937683105
7,1,GSM331237,1,0.9999998807907104
7,1,GSM331238,1,0.9999759197235107
7,1,GSM331239,1,0.9999998807907104
7,1,GSM331241,1,0.9999982118606567
7,1,GSM331242,1,0.9999972581863403
7,1,GSM331248,1,1.0
7,1,GSM331249,1,1.0
7,1,GSM331250,1,1.0
7,1,GSM331252,1,0.9999994039535522
7,1,GSM331254,1,0.9999992847442627
7,1,GSM331256,1,0.9999998807907104
7,1,GSM331257,1,0.9999998807907104
7,1,GSM331258,1,1.0
7,1,GSM331260,1,1.0
7,1,GSM331261,1,1.0
7,1,GSM331262,1,0.9999990463256836
7,1,GSM331263,1,0.9999998807907104
7,1,GSM331264,1,0.9999998807907104
7,1,GSM331266,1,1.0
7,1,GSM331267,1,0.9999990463256836
7,1,GSM331268,1,1.0
7,1,GSM331270,1,0.9999998807907104
7,1,GSM331272,1,0.9999997615814209
7,1,GSM331273,1,0.9999996423721313
7,1,GSM331276,1,0.9999997615814209
7,1,GSM331278,1,0.9999997615814209
7,1,GSM331285,1,0.9999998807907104
7,1,GSM331286,1,0.9999996423721313
7,1,GSM331290,1,0.9999994039535522
7,1,GSM331292,1,0.9999921321868896
7,1,GSM331293,1,0.9999998807907104
7,1,GSM331296,1,0.9999996423721313
7,1,GSM331297,1,1.0
7,1,GSM331300,1,0.9999994039535522
7,1,GSM331302,1,0.9999964237213135
7,1,GSM331303,1,0.9999998807907104
7,1,GSM331304,1,0.9999998807907104
7,1,GSM331308,1,1.0
7,1,GSM331309,1,0.9999998807907104
7,1,GSM331310,1,1.0
7,1,GSM331314,1,0.9999997615814209
7,1,GSM331315,1,0.9999997615814209
7,1,GSM331316,1,0.9999985694885254
7,1,GSM331317,1,0.9999998807907104
7,1,GSM331321,1,0.9999986886978149
7,1,GSM331322,1,0.9883423447608948
7,1,GSM331326,1,0.9999998807907104
7,1,GSM331330,1,1.0
7,1,GSM331331,1,0.999994158744812
7,1,GSM331332,1,0.9999998807907104
7,1,GSM331336,1,0.9999958276748657
7,1,GSM331337,1,0.9999958276748657
7,1,GSM331338,1,1.0
7,1,GSM331341,1,0.9999997615814209
7,1,GSM331343,1,0.9999586343765259
7,1,GSM331349,1,0.9999998807907104
7,1,GSM331352,1,0.9999970197677612
7,1,GSM331354,1,1.0
7,1,GSM331355,1,1.0
7,1,GSM331357,1,1.0
7,1,GSM331360,1,0.9999994039535522
7,1,GSM331366,1,0.9999985694885254
7,1,GSM331367,1,1.0
7,1,GSM331368,1,1.0
7,1,GSM331371,1,1.0
7,1,GSM331374,1,1.0
7,1,GSM331375,1,0.9999995231628418
7,1,GSM331376,1,0.999996542930603
7,2,GSM330929,1,0.5523135662078857
7,2,GSM330930,1,0.9249889254570007
7,2,GSM330931,1,0.3879469633102417
7,2,GSM330932,1,0.610267162322998
7,2,GSM330934,1,0.369780033826828
7,2,GSM330936,1,0.26209673285484314
7,2,GSM330937,1,0.9247140288352966
7,2,GSM330939,1,0.20551720261573792
7,2,GSM330941,1,0.8406860828399658
7,2,GSM330944,1,0.7788162231445312
7,2,GSM330945,1,0.8670592904090881
7,2,GSM330949,1,0.9964892268180847
7,2,GSM330950,1,0.7319862842559814
7,2,GSM330952,1,0.21517054736614227
7,2,GSM330956,1,0.7903231978416443
7,2,GSM330965,1,0.32615309953689575
7,2,GSM330966,1,0.8486332893371582
7,2,GSM330968,1,0.41529032588005066
7,2,GSM330972,1,0.5784856677055359
7,2,GSM330974,1,0.5515140295028687
7,2,GSM330975,1,0.6555814743041992
7,2,GSM330976,1,0.2327691614627838
7,2,GSM330978,1,0.8005571961402893
7,2,GSM330982,1,0.6604219675064087
7,2,GSM330984,1,0.499173641204834
7,2,GSM330988,1,0.6586843132972717
7,2,GSM330989,1,0.9495343565940857
7,2,GSM330990,1,0.4089779853820801
7,2,GSM330991,1,0.4291412830352783
7,2,GSM330992,1,0.41034558415412903
7,2,GSM330993,1,0.9686791896820068
7,2,GSM330994,1,0.5871745944023132
7,2,GSM330996,1,0.7434160113334656
7,2,GSM330998,1,0.7613951563835144
7,2,GSM331001,1,0.20515470206737518
7,2,GSM331002,1,0.5966691374778748
7,2,GSM331004,1,0.18971748650074005
7,2,GSM331005,1,0.1428794115781784
7,2,GSM331009,1,0.5155208706855774
7,2,GSM331010,1,0.5986620187759399
7,2,GSM331011,1,0.12455485016107559
7,2,GSM331015,1,0.8622992038726807
7,2,GSM331016,1,0.679262638092041
7,2,GSM331021,1,0.7491118907928467
7,2,GSM331022,1,0.7151951193809509
7,2,GSM331023,1,0.28449028730392456
7,2,GSM331024,1,0.8032602667808533
7,2,GSM331027,1,0.7044215202331543
7,2,GSM331031,1,0.1352996826171875
7,2,GSM331033,1,0.8134423494338989
7,2,GSM331034,1,0.7051695585250854
7,2,GSM331035,1,0.22711807489395142
7,2,GSM331036,1,0.8571577072143555
7,2,GSM331037,1,0.8212214708328247
7,2,GSM331038,1,0.22066235542297363
7,2,GSM331039,1,0.858200192451477
7,2,GSM331041,1,0.6788448691368103
7,2,GSM331043,1,0.3971361219882965
7,2,GSM331052,1,0.7504783272743225
7,2,GSM331053,1,0.8232669830322266
7,2,GSM331054,1,0.5493894815444946
7,2,GSM331055,1,0.7468122839927673
7,2,GSM331058,1,0.5914376378059387
7,2,GSM331062,1,0.8549437522888184
7,2,GSM331065,1,0.5616495609283447
7,2,GSM331068,1,0.9212068319320679
7,2,GSM331069,1,0.37375712394714355
7,2,GSM331071,1,0.7102840542793274
7,2,GSM331072,1,0.9397113919258118
7,2,GSM331073,1,0.8711920380592346
7,2,GSM331075,1,0.09103476256132126
7,2,GSM331076,1,0.4507925808429718
7,2,GSM331077,1,0.2638576328754425
7,2,GSM331079,1,0.9083402752876282
7,2,GSM331080,1,0.9840384721755981
7,2,GSM331082,1,0.8449842929840088
7,2,GSM331083,1,0.32591545581817627
7,2,GSM331084,1,0.2932131290435791
7,2,GSM331087,1,0.6634061932563782
7,2,GSM331093,1,0.2696472704410553
7,2,GSM331094,1,0.7501887679100037
7,2,GSM331096,1,0.11112509667873383
7,2,GSM331097,1,0.6163999438285828
7,2,GSM331102,1,0.5814465880393982
7,2,GSM331106,1,0.20157484710216522
7,2,GSM331107,1,0.6561686992645264
7,2,GSM331108,1,0.39607587456703186
7,2,GSM331109,1,0.39685794711112976
7,2,GSM331112,1,0.24887409806251526
7,2,GSM331113,1,0.4368268549442291
7,2,GSM331117,1,0.8427361249923706
7,2,GSM331118,1,0.6720576286315918
7,2,GSM331119,1,0.8905815482139587
7,2,GSM331121,1,0.654723584651947
7,2,GSM331124,1,0.7191207408905029
7,2,GSM331127,1,0.8442419171333313
7,2,GSM331128,1,0.33884039521217346
7,2,GSM331129,1,0.6489301919937134
7,2,GSM331132,1,0.6526751518249512
7,2,GSM331134,1,0.4053926169872284
7,2,GSM331135,1,0.5106781721115112
7,2,GSM331138,1,0.13966183364391327
7,2,GSM331142,1,0.9720435738563538
7,2,GSM331143,1,0.7821453809738159
7,2,GSM331145,1,0.6751618981361389
7,2,GSM331146,1,0.17182987928390503
7,2,GSM331149,1,0.5235683917999268
7,2,GSM331150,1,0.5485870838165283
7,2,GSM331151,1,0.15835507214069366
7,2,GSM331152,1,0.0641116201877594
7,2,GSM331153,1,0.7262859344482422
7,2,GSM331154,1,0.5061389207839966
7,2,GSM331156,1,0.6740245819091797
7,2,GSM331157,1,0.2056034803390503
7,2,GSM331159,1,0.6859791278839111
7,2,GSM331161,1,0.31743723154067993
7,2,GSM331162,1,0.9119189381599426
7,2,GSM331163,1,0.1519109159708023
7,2,GSM331168,1,0.7292913794517517
7,2,GSM331173,1,0.7020552158355713
7,2,GSM331174,1,0.20001980662345886
7,2,GSM331176,1,0.16867385804653168
7,2,GSM331177,1,0.44679585099220276
7,2,GSM331178,1,0.41641438007354736
7,2,GSM331179,1,0.9770689606666565
7,2,GSM331188,1,0.15466491878032684
7,2,GSM331191,1,0.9345658421516418
7,2,GSM331194,1,0.4809058606624603
7,2,GSM331195,1,0.10334693640470505
7,2,GSM331196,1,0.3185415267944336
7,2,GSM331197,1,0.47078418731689453
7,2,GSM331198,1,0.6922146081924438
7,2,GSM331202,1,0.34814614057540894
7,2,GSM331203,1,0.7134507894515991
7,2,GSM331205,1,0.7507316470146179
7,2,GSM331207,1,0.44017478823661804
7,2,GSM331209,1,0.1623523235321045
7,2,GSM331210,1,0.933078944683075
7,2,GSM331211,1,0.20483888685703278
7,2,GSM331213,1,0.813379168510437
7,2,GSM331216,1,0.298493355512619
7,2,GSM331219,1,0.7429445385932922
7,2,GSM331221,1,0.6190055012702942
7,2,GSM331222,1,0.48968231678009033
7,2,GSM331223,1,0.23900137841701508
7,2,GSM331225,1,0.4464178681373596
7,2,GSM331226,1,0.8573287129402161
7,2,GSM331227,1,0.5311233997344971
7,2,GSM331229,1,0.7970669269561768
7,2,GSM331230,1,0.893369197845459
7,2,GSM331234,1,0.40197765827178955
7,2,GSM331235,1,0.1815844476222992
7,2,GSM331240,1,0.7776437401771545
7,2,GSM331243,1,0.4518410861492157
7,2,GSM331244,1,0.3399973213672638
7,2,GSM331245,1,0.6875858902931213
7,2,GSM331246,1,0.7141525745391846
7,2,GSM331247,1,0.5363326668739319
7,2,GSM331251,1,0.8044996857643127
7,2,GSM331253,1,0.8275728821754456
7,2,GSM331255,1,0.4052983820438385
7,2,GSM331259,1,0.23438218235969543
7,2,GSM331265,1,0.7720270752906799
7,2,GSM331269,1,0.7286064624786377
7,2,GSM331271,1,0.1948918253183365
7,2,GSM331274,1,0.23947633802890778
7,2,GSM331275,1,0.44422364234924316
7,2,GSM331277,1,0.7676757574081421
7,2,GSM331279,1,0.7250540852546692
7,2,GSM331280,1,0.9024990797042847
7,2,GSM331281,1,0.46167463064193726
7,2,GSM331282,1,0.34333792328834534
7,2,GSM331283,1,0.32560914754867554
7,2,GSM331284,1,0.3826436698436737
7,2,GSM331287,1,0.9472958445549011
7,2,GSM331288,1,0.49495112895965576
7,2,GSM331289,1,0.1751517802476883
7,2,GSM331291,1,0.5794324278831482
7,2,GSM331294,1,0.8965556621551514
7,2,GSM331295,1,0.8893719911575317
7,2,GSM331298,1,0.22074851393699646
7,2,GSM331299,1,0.8455167412757874
7,2,GSM331301,1,0.372458279132843
7,2,GSM331305,1,0.3167151212692261
7,2,GSM331306,1,0.795354425907135
7,2,GSM331307,1,0.8932029008865356
7,2,GSM331311,1,0.9410164952278137
7,2,GSM331312,1,0.8602352142333984
7,2,GSM331313,1,0.3886912763118744
7,2,GSM331318,1,0.9234848022460938
7,2,GSM331319,1,0.8584449291229248
7,2,GSM331320,1,0.9127855896949768
7,2,GSM331323,1,0.29995518922805786
7,2,GSM331324,1,0.7577258944511414
7,2,GSM331325,1,0.29115280508995056
7,2,GSM331327,1,0.5288048386573792
7,2,GSM331328,1,0.652725875377655
7,2,GSM331329,1,0.3162495493888855
7,2,GSM331333,1,0.1905156672000885
7,2,GSM331334,1,0.7381917834281921
7,2,GSM331335,1,0.7845582962036133
7,2,GSM331339,1,0.5452522039413452
7,2,GSM331340,1,0.646251916885376
7,2,GSM331342,1,0.1740424931049347
7,2,GSM331344,1,0.5818525552749634
7,2,GSM331345,1,0.8262979984283447
7,2,GSM331346,1,0.36910563707351685
7,2,GSM331347,1,0.7312930226325989
7,2,GSM331348,1,0.6456348299980164
7,2,GSM331350,1,0.510293185710907
7,2,GSM331351,1,0.7420181035995483
7,2,GSM331353,1,0.7341063022613525
7,2,GSM331356,1,0.7657121419906616
7,2,GSM331358,1,0.4169529378414154
7,2,GSM331359,1,0.44228455424308777
7,2,GSM331361,1,0.7143508791923523
7,2,GSM331362,1,0.2306206375360489
7,2,GSM331363,1,0.5859397649765015
7,2,GSM331364,1,0.6854338645935059
7,2,GSM331365,1,0.10163763910531998
7,2,GSM331369,1,0.6298432350158691
7,2,GSM331370,1,0.77518230676651
7,2,GSM331372,1,0.09654562920331955
7,2,GSM331373,1,0.1465284526348114
8,1,GSM331667,0,0.9999998807907104
8,1,GSM330930,1,0.9999967813491821
8,1,GSM330933,1,1.0
8,1,GSM330934,1,0.9999980926513672
8,1,GSM330935,1,1.0
8,1,GSM330936,1,0.9999998807907104
8,1,GSM330937,1,1.0
8,1,GSM330940,1,1.0
8,1,GSM330943,1,1.0
8,1,GSM330944,1,1.0
8,1,GSM330946,1,1.0
8,1,GSM330947,1,1.0
8,1,GSM330948,1,1.0
8,1,GSM330949,1,1.0
8,1,GSM330950,1,1.0
8,1,GSM330952,1,0.9999998807907104
8,1,GSM330954,1,1.0
8,1,GSM330955,1,1.0
8,1,GSM330956,1,1.0
8,1,GSM330959,1,1.0
8,1,GSM330960,1,1.0
8,1,GSM330961,1,1.0
8,1,GSM330962,1,1.0
8,1,GSM330974,1,0.9999995231628418
8,1,GSM330978,1,1.0
8,1,GSM330980,1,1.0
8,1,GSM330982,1,1.0
8,1,GSM330983,1,0.9999998807907104
8,1,GSM330985,1,1.0
8,1,GSM330986,1,1.0
8,1,GSM330987,1,1.0
8,1,GSM330988,1,1.0
8,1,GSM330990,1,1.0
8,1,GSM330992,1,1.0
8,1,GSM330993,1,1.0
8,1,GSM330994,1,1.0
8,1,GSM330995,1,1.0
8,1,GSM330997,1,1.0
8,1,GSM330998,1,1.0
8,1,GSM330999,1,1.0
8,1,GSM331001,1,1.0
8,1,GSM331002,1,1.0
8,1,GSM331004,1,1.0
8,1,GSM331005,1,1.0
8,1,GSM331006,1,1.0
8,1,GSM331007,1,1.0
8,1,GSM331008,1,1.0
8,1,GSM331010,1,1.0
8,1,GSM331012,1,1.0
8,1,GSM331014,1,1.0
8,1,GSM331022,1,1.0
8,1,GSM331023,1,1.0
8,1,GSM331025,1,1.0
8,1,GSM331026,1,1.0
8,1,GSM331028,1,1.0
8,1,GSM331030,1,0.9999998807907104
8,1,GSM331031,1,0.999998927116394
8,1,GSM331033,1,1.0
8,1,GSM331036,1,1.0
8,1,GSM331040,1,1.0
8,1,GSM331041,1,1.0
8,1,GSM331042,1,1.0
8,1,GSM331044,1,1.0
8,1,GSM331048,1,1.0
8,1,GSM331049,1,1.0
8,1,GSM331050,1,1.0
8,1,GSM331052,1,1.0
8,1,GSM331054,1,1.0
8,1,GSM331056,1,1.0
8,1,GSM331057,1,1.0
8,1,GSM331059,1,1.0
8,1,GSM331060,1,1.0
8,1,GSM331064,1,1.0
8,1,GSM331065,1,1.0
8,1,GSM331066,1,1.0
8,1,GSM331067,1,1.0
8,1,GSM331070,1,1.0
8,1,GSM331076,1,1.0
8,1,GSM331077,1,0.9999998807907104
8,1,GSM331082,1,1.0
8,1,GSM331085,1,1.0
8,1,GSM331086,1,1.0
8,1,GSM331087,1,1.0
8,1,GSM331088,1,1.0
8,1,GSM331089,1,1.0
8,1,GSM331094,1,1.0
8,1,GSM331095,1,1.0
8,1,GSM331096,1,1.0
8,1,GSM331099,1,1.0
8,1,GSM331105,1,0.9999998807907104
8,1,GSM331111,1,1.0
8,1,GSM331115,1,1.0
8,1,GSM331117,1,1.0
8,1,GSM331121,1,1.0
8,1,GSM331122,1,1.0
8,1,GSM331124,1,0.9999630451202393
8,1,GSM331126,1,1.0
8,1,GSM331128,1,1.0
8,1,GSM331129,1,1.0
8,1,GSM331132,1,1.0
8,1,GSM331133,1,1.0
8,1,GSM331135,1,1.0
8,1,GSM331140,1,1.0
8,1,GSM331141,1,1.0
8,1,GSM331142,1,1.0
8,1,GSM331143,1,1.0
8,1,GSM331146,1,0.9999998807907104
8,1,GSM331149,1,1.0
8,1,GSM331151,1,1.0
8,1,GSM331153,1,1.0
8,1,GSM331156,1,1.0
8,1,GSM331158,1,1.0
8,1,GSM331160,1,1.0
8,1,GSM331161,1,0.9999998807907104
8,1,GSM331166,1,1.0
8,1,GSM331167,1,1.0
8,1,GSM331168,1,0.9999995231628418
8,1,GSM331169,1,1.0
8,1,GSM331175,1,1.0
8,1,GSM331176,1,1.0
8,1,GSM331178,1,1.0
8,1,GSM331179,1,1.0
8,1,GSM331180,1,0.9999997615814209
8,1,GSM331181,1,1.0
8,1,GSM331183,1,1.0
8,1,GSM331184,1,1.0
8,1,GSM331190,1,1.0
8,1,GSM331193,1,1.0
8,1,GSM331194,1,1.0
8,1,GSM331197,1,1.0
8,1,GSM331198,1,1.0
8,1,GSM331199,1,1.0
8,1,GSM331200,1,1.0
8,1,GSM331203,1,1.0
8,1,GSM331205,1,1.0
8,1,GSM331207,1,1.0
8,1,GSM331211,1,1.0
8,1,GSM331213,1,1.0
8,1,GSM331214,1,1.0
8,1,GSM331215,1,1.0
8,1,GSM331216,1,1.0
8,1,GSM331222,1,1.0
8,1,GSM331223,1,1.0
8,1,GSM331227,1,0.9999998807907104
8,1,GSM331231,1,1.0
8,1,GSM331232,1,1.0
8,1,GSM331233,1,0.9999979734420776
8,1,GSM331234,1,1.0
8,1,GSM331235,1,1.0
8,1,GSM331237,1,1.0
8,1,GSM331241,1,1.0
8,1,GSM331245,1,1.0
8,1,GSM331246,1,1.0
8,1,GSM331247,1,1.0
8,1,GSM331254,1,1.0
8,1,GSM331260,1,1.0
8,1,GSM331263,1,1.0
8,1,GSM331264,1,1.0
8,1,GSM331266,1,1.0
8,1,GSM331268,1,1.0
8,1,GSM331270,1,1.0
8,1,GSM331273,1,1.0
8,1,GSM331274,1,1.0
8,1,GSM331275,1,1.0
8,1,GSM331276,1,1.0
8,1,GSM331277,1,1.0
8,1,GSM331278,1,1.0
8,1,GSM331279,1,0.9999998807907104
8,1,GSM331281,1,1.0
8,1,GSM331284,1,1.0
8,1,GSM331288,1,1.0
8,1,GSM331289,1,0.9999998807907104
8,1,GSM331290,1,1.0
8,1,GSM331291,1,1.0
8,1,GSM331292,1,0.999998927116394
8,1,GSM331293,1,1.0
8,1,GSM331295,1,1.0
8,1,GSM331296,1,1.0
8,1,GSM331297,1,1.0
8,1,GSM331299,1,1.0
8,1,GSM331300,1,1.0
8,1,GSM331301,1,1.0
8,1,GSM331302,1,1.0
8,1,GSM331306,1,1.0
8,1,GSM331308,1,1.0
8,1,GSM331310,1,1.0
8,1,GSM331311,1,1.0
8,1,GSM331313,1,1.0
8,1,GSM331315,1,1.0
8,1,GSM331316,1,1.0
8,1,GSM331317,1,1.0
8,1,GSM331319,1,1.0
8,1,GSM331321,1,1.0
8,1,GSM331327,1,1.0
8,1,GSM331328,1,1.0
8,1,GSM331329,1,1.0
8,1,GSM331333,1,0.9999998807907104
8,1,GSM331334,1,0.9999998807907104
8,1,GSM331338,1,1.0
8,1,GSM331339,1,1.0
8,1,GSM331342,1,1.0
8,1,GSM331343,1,0.9999940395355225
8,1,GSM331345,1,1.0
8,1,GSM331346,1,1.0
8,1,GSM331349,1,1.0
8,1,GSM331351,1,1.0
8,1,GSM331352,1,0.9999997615814209
8,1,GSM331354,1,1.0
8,1,GSM331355,1,1.0
8,1,GSM331356,1,1.0
8,1,GSM331358,1,1.0
8,1,GSM331359,1,1.0
8,1,GSM331360,1,1.0
8,1,GSM331361,1,1.0
8,1,GSM331362,1,1.0
8,1,GSM331363,1,1.0
8,1,GSM331364,1,1.0
8,1,GSM331366,1,1.0
8,1,GSM331367,1,1.0
8,1,GSM331369,1,1.0
8,1,GSM331370,1,1.0
8,1,GSM331371,1,1.0
8,1,GSM331373,1,0.9999997615814209
8,1,GSM331374,1,1.0
8,1,GSM331376,1,0.9999995231628418
8,2,GSM330929,1,0.6366007924079895
8,2,GSM330931,1,0.2661474943161011
8,2,GSM330932,1,0.4776442348957062
8,2,GSM330938,1,0.837918221950531
8,2,GSM330939,1,0.22666645050048828
8,2,GSM330941,1,0.8427374958992004
8,2,GSM330942,1,0.907076895236969
8,2,GSM330945,1,0.7731766104698181
8,2,GSM330951,1,0.3534444272518158
8,2,GSM330953,1,0.6914998292922974
8,2,GSM330957,1,0.8656669855117798
8,2,GSM330958,1,0.7833657264709473
8,2,GSM330963,1,0.6259127855300903
8,2,GSM330964,1,0.11548160761594772
8,2,GSM330965,1,0.6283997893333435
8,2,GSM330966,1,0.5660610795021057
8,2,GSM330967,1,0.5802810788154602
8,2,GSM330968,1,0.4627462327480316
8,2,GSM330969,1,0.35773640871047974
8,2,GSM330970,1,0.8241703510284424
8,2,GSM330971,1,0.3076312839984894
8,2,GSM330972,1,0.6105870604515076
8,2,GSM330973,1,0.8019134998321533
8,2,GSM330975,1,0.5585048794746399
8,2,GSM330976,1,0.11762122064828873
8,2,GSM330977,1,0.8429997563362122
8,2,GSM330979,1,0.8397613763809204
8,2,GSM330981,1,0.7462335824966431
8,2,GSM330984,1,0.6772710084915161
8,2,GSM330989,1,0.8770148754119873
8,2,GSM330991,1,0.2013516128063202
8,2,GSM330996,1,0.5481210947036743
8,2,GSM331000,1,0.8522775769233704
8,2,GSM331003,1,0.6206281185150146
8,2,GSM331009,1,0.44160962104797363
8,2,GSM331011,1,0.5107530355453491
8,2,GSM331013,1,0.3132111728191376
8,2,GSM331015,1,0.6511499881744385
8,2,GSM331016,1,0.5623684525489807
8,2,GSM331017,1,0.5845116376876831
8,2,GSM331018,1,0.43624138832092285
8,2,GSM331019,1,0.9098856449127197
8,2,GSM331020,1,0.3351576328277588
8,2,GSM331021,1,0.6665346622467041
8,2,GSM331024,1,0.5605072975158691
8,2,GSM331027,1,0.35039904713630676
8,2,GSM331029,1,0.662962019443512
8,2,GSM331032,1,0.20341092348098755
8,2,GSM331034,1,0.7370954155921936
8,2,GSM331035,1,0.36187559366226196
8,2,GSM331037,1,0.7709131240844727
8,2,GSM331038,1,0.527265727519989
8,2,GSM331039,1,0.6521275639533997
8,2,GSM331043,1,0.639621913433075
8,2,GSM331045,1,0.7940835356712341
8,2,GSM331046,1,0.7209621071815491
8,2,GSM331047,1,0.3845181465148926
8,2,GSM331051,1,0.36981400847435
8,2,GSM331053,1,0.6606775522232056
8,2,GSM331055,1,0.7290490865707397
8,2,GSM331058,1,0.4214581251144409
8,2,GSM331061,1,0.641221284866333
8,2,GSM331062,1,0.9168855547904968
8,2,GSM331063,1,0.8366796374320984
8,2,GSM331068,1,0.8384591937065125
8,2,GSM331069,1,0.6264768838882446
8,2,GSM331071,1,0.5111552476882935
8,2,GSM331072,1,0.6469256281852722
8,2,GSM331073,1,0.832550048828125
8,2,GSM331074,1,0.4074113368988037
8,2,GSM331075,1,0.44736170768737793
8,2,GSM331078,1,0.5452781915664673
8,2,GSM331079,1,0.7581710815429688
8,2,GSM331080,1,0.8518074154853821
8,2,GSM331081,1,0.7031189799308777
8,2,GSM331083,1,0.5968793630599976
8,2,GSM331084,1,0.7138612866401672
8,2,GSM331090,1,0.203651562333107
8,2,GSM331091,1,0.3531608581542969
8,2,GSM331092,1,0.6790764331817627
8,2,GSM331093,1,0.6077760457992554
8,2,GSM331097,1,0.7470389008522034
8,2,GSM331098,1,0.5704737901687622
8,2,GSM331100,1,0.38896018266677856
8,2,GSM331101,1,0.615536630153656
8,2,GSM331102,1,0.3813783824443817
8,2,GSM331103,1,0.7018809914588928
8,2,GSM331104,1,0.8363566994667053
8,2,GSM331106,1,0.7088993787765503
8,2,GSM331107,1,0.47246864438056946
8,2,GSM331108,1,0.5940741896629333
8,2,GSM331109,1,0.39525821805000305
8,2,GSM331110,1,0.6985108852386475
8,2,GSM331112,1,0.4098723828792572
8,2,GSM331113,1,0.5687751770019531
8,2,GSM331114,1,0.6213788390159607
8,2,GSM331116,1,0.6407020092010498
8,2,GSM331118,1,0.5148010849952698
8,2,GSM331119,1,0.8166505098342896
8,2,GSM331120,1,0.4629819989204407
8,2,GSM331123,1,0.6190778017044067
8,2,GSM331125,1,0.6066831946372986
8,2,GSM331127,1,0.7121122479438782
8,2,GSM331130,1,0.8229522109031677
8,2,GSM331131,1,0.3167058527469635
8,2,GSM331134,1,0.4043228030204773
8,2,GSM331136,1,0.7147936224937439
8,2,GSM331137,1,0.36636486649513245
8,2,GSM331138,1,0.383044958114624
8,2,GSM331139,1,0.4129795730113983
8,2,GSM331144,1,0.693867027759552
8,2,GSM331145,1,0.7207013368606567
8,2,GSM331147,1,0.6916658878326416
8,2,GSM331148,1,0.6509208083152771
8,2,GSM331150,1,0.3720818758010864
8,2,GSM331152,1,0.29361799359321594
8,2,GSM331154,1,0.42039403319358826
8,2,GSM331155,1,0.2252015918493271
8,2,GSM331157,1,0.30967646837234497
8,2,GSM331159,1,0.7004099488258362
8,2,GSM331162,1,0.8446803689002991
8,2,GSM331163,1,0.28997552394866943
8,2,GSM331164,1,0.11804228276014328
8,2,GSM331165,1,0.3799750804901123
8,2,GSM331170,1,0.8108121156692505
8,2,GSM331171,1,0.5105563998222351
8,2,GSM331172,1,0.6788235902786255
8,2,GSM331173,1,0.47970566153526306
8,2,GSM331174,1,0.21780601143836975
8,2,GSM331177,1,0.5262078642845154
8,2,GSM331182,1,0.8568627238273621
8,2,GSM331185,1,0.7831488847732544
8,2,GSM331186,1,0.36659887433052063
8,2,GSM331187,1,0.5539007782936096
8,2,GSM331188,1,0.33171144127845764
8,2,GSM331189,1,0.47159555554389954
8,2,GSM331191,1,0.785755455493927
8,2,GSM331192,1,0.4990546703338623
8,2,GSM331195,1,0.1370016485452652
8,2,GSM331196,1,0.21167732775211334
8,2,GSM331201,1,0.8434881567955017
8,2,GSM331202,1,0.25172749161720276
8,2,GSM331204,1,0.5683581233024597
8,2,GSM331206,1,0.7972595691680908
8,2,GSM331208,1,0.6548984050750732
8,2,GSM331209,1,0.41152119636535645
8,2,GSM331210,1,0.7902345061302185
8,2,GSM331212,1,0.7156583666801453
8,2,GSM331217,1,0.3061666786670685
8,2,GSM331218,1,0.6377008557319641
8,2,GSM331219,1,0.6765478253364563
8,2,GSM331220,1,0.28221383690834045
8,2,GSM331221,1,0.4729170501232147
8,2,GSM331224,1,0.8261696696281433
8,2,GSM331225,1,0.7614725828170776
8,2,GSM331226,1,0.9165700078010559
8,2,GSM331228,1,0.27140161395072937
8,2,GSM331229,1,0.7916041016578674
8,2,GSM331230,1,0.7667851448059082
8,2,GSM331236,1,0.5933339595794678
8,2,GSM331238,1,0.1939496397972107
8,2,GSM331239,1,0.6138337850570679
8,2,GSM331240,1,0.35319003462791443
8,2,GSM331242,1,0.4859067499637604
8,2,GSM331243,1,0.7155158519744873
8,2,GSM331244,1,0.22733549773693085
8,2,GSM331248,1,0.5520033836364746
8,2,GSM331249,1,0.5776441097259521
8,2,GSM331250,1,0.8675081133842468
8,2,GSM331251,1,0.7044091820716858
8,2,GSM331252,1,0.28772538900375366
8,2,GSM331253,1,0.6718617081642151
8,2,GSM331255,1,0.36452436447143555
8,2,GSM331256,1,0.3311580419540405
8,2,GSM331257,1,0.33830177783966064
8,2,GSM331258,1,0.8874337673187256
8,2,GSM331259,1,0.270835816860199
8,2,GSM331261,1,0.8881314992904663
8,2,GSM331262,1,0.5553234219551086
8,2,GSM331265,1,0.586646318435669
8,2,GSM331267,1,0.250192254781723
8,2,GSM331269,1,0.7901127338409424
8,2,GSM331271,1,0.1953795850276947
8,2,GSM331272,1,0.32195425033569336
8,2,GSM331280,1,0.6865495443344116
8,2,GSM331282,1,0.5655326247215271
8,2,GSM331283,1,0.4783098101615906
8,2,GSM331285,1,0.5841426849365234
8,2,GSM331286,1,0.39181214570999146
8,2,GSM331287,1,0.8689670562744141
8,2,GSM331294,1,0.5857950448989868
8,2,GSM331298,1,0.14338840544223785
8,2,GSM331303,1,0.5699087977409363
8,2,GSM331304,1,0.6682260036468506
8,2,GSM331305,1,0.27873697876930237
8,2,GSM331307,1,0.8740875124931335
8,2,GSM331309,1,0.6438169479370117
8,2,GSM331312,1,0.6836714744567871
8,2,GSM331314,1,0.4054518938064575
8,2,GSM331318,1,0.8330517411231995
8,2,GSM331320,1,0.7840672731399536
8,2,GSM331322,1,0.5302668809890747
8,2,GSM331323,1,0.326558381319046
8,2,GSM331324,1,0.7130359411239624
8,2,GSM331325,1,0.4638189971446991
8,2,GSM331326,1,0.5349220037460327
8,2,GSM331330,1,0.932984471321106
8,2,GSM331331,1,0.3172312378883362
8,2,GSM331332,1,0.4685269594192505
8,2,GSM331335,1,0.6994114518165588
8,2,GSM331336,1,0.2195817232131958
8,2,GSM331337,1,0.1368865966796875
8,2,GSM331340,1,0.8524303436279297
8,2,GSM331341,1,0.2843118906021118
8,2,GSM331344,1,0.4381033778190613
8,2,GSM331347,1,0.5306251049041748
8,2,GSM331348,1,0.7710943818092346
8,2,GSM331350,1,0.5765073895454407
8,2,GSM331353,1,0.7435137629508972
8,2,GSM331357,1,0.4889000654220581
8,2,GSM331365,1,0.35264861583709717
8,2,GSM331368,1,0.7384570837020874
8,2,GSM331372,1,0.49261170625686646
8,2,GSM331375,1,0.40342608094215393
