Repeat,Fold,Sample,True_label,Predicted_probability
1,1,GSM331638,0,0.6016609072685242
1,1,GSM331662,0,0.5407143831253052
1,1,GSM331663,0,0.32102179527282715
1,1,GSM331665,0,0.37168967723846436
1,1,GSM331666,0,0.33598706126213074
1,1,GSM331669,0,0.5117881894111633
1,1,GSM331671,0,0.24718207120895386
1,1,GSM331673,0,0.34320521354675293
1,1,GSM331677,0,0.22709427773952484
1,1,GSM331679,0,0.16841380298137665
1,1,GSM331680,0,0.6563310623168945
1,1,GSM331681,0,0.5912913680076599
1,1,GSM331682,0,0.43029120564460754
1,1,GSM331683,0,0.5675827264785767
1,1,GSM331686,0,0.5210317969322205
1,1,GSM331687,0,0.15817932784557343
1,1,GSM331691,0,0.6086432337760925
1,1,GSM331692,0,0.320719838142395
1,1,GSM331693,0,0.4847095310688019
1,1,GSM331696,0,0.3670410215854645
1,1,GSM331697,0,0.4617975354194641
1,1,GSM331698,0,0.14194680750370026
1,1,GSM331700,0,0.22879859805107117
1,1,GSM331704,0,0.6880584359169006
1,1,GSM331705,0,0.4627887010574341
1,1,GSM331711,0,0.7165214419364929
1,1,GSM331712,0,0.463639497756958
1,1,GSM331714,0,0.5063146352767944
1,1,GSM331718,0,0.29758045077323914
1,1,GSM331719,0,0.35107144713401794
1,1,GSM331720,0,0.4260105490684509
1,1,GSM331721,0,0.4859345257282257
1,1,GSM331722,0,0.4030410647392273
1,1,GSM331724,0,0.35928401350975037
1,1,GSM331725,0,0.2877488434314728
1,1,GSM331727,0,0.38881412148475647
1,1,GSM331731,0,0.332372784614563
1,1,GSM331377,1,0.4081340730190277
1,1,GSM331379,1,0.31856462359428406
1,1,GSM331380,1,0.6985869407653809
1,1,GSM331381,1,0.4895887076854706
1,1,GSM331386,1,0.3430425822734833
1,1,GSM331391,1,0.42823365330696106
1,1,GSM331395,1,0.4495646357536316
1,1,GSM331396,1,0.5979135036468506
1,1,GSM331397,1,0.1400294303894043
1,1,GSM331400,1,0.6784351468086243
1,1,GSM331401,1,0.653047502040863
1,1,GSM331403,1,0.7773362994194031
1,1,GSM331404,1,0.6268266439437866
1,1,GSM331406,1,0.37865161895751953
1,1,GSM331407,1,0.6697542071342468
1,1,GSM331409,1,0.599987804889679
1,1,GSM331410,1,0.5468778014183044
1,1,GSM331411,1,0.4493316411972046
1,1,GSM331414,1,0.5912002921104431
1,1,GSM331416,1,0.5635055899620056
1,1,GSM331417,1,0.5384752154350281
1,1,GSM331419,1,0.5090718865394592
1,1,GSM331422,1,0.5582470297813416
1,1,GSM331428,1,0.22140400111675262
1,1,GSM331430,1,0.42115628719329834
1,1,GSM331431,1,0.3902992606163025
1,1,GSM331434,1,0.6155720353126526
1,1,GSM331439,1,0.46283814311027527
1,1,GSM331440,1,0.6389535069465637
1,1,GSM331442,1,0.2876211404800415
1,1,GSM331443,1,0.5028775930404663
1,1,GSM331445,1,0.41737592220306396
1,1,GSM331448,1,0.45858508348464966
1,2,GSM331660,0,0.4589596688747406
1,2,GSM331661,0,0.5285220742225647
1,2,GSM331664,0,0.11342938989400864
1,2,GSM331668,0,0.36437317728996277
1,2,GSM331670,0,0.32152608036994934
1,2,GSM331672,0,0.5260190367698669
1,2,GSM331674,0,0.4048749506473541
1,2,GSM331675,0,0.45469510555267334
1,2,GSM331676,0,0.46476247906684875
1,2,GSM331678,0,0.24498844146728516
1,2,GSM331684,0,0.413750022649765
1,2,GSM331685,0,0.1895417869091034
1,2,GSM331688,0,0.5100992321968079
1,2,GSM331689,0,0.39619505405426025
1,2,GSM331690,0,0.723347544670105
1,2,GSM331694,0,0.3885752558708191
1,2,GSM331695,0,0.26106083393096924
1,2,GSM331699,0,0.1408814936876297
1,2,GSM331701,0,0.2493472546339035
1,2,GSM331702,0,0.4252726137638092
1,2,GSM331703,0,0.4274183213710785
1,2,GSM331706,0,0.7676663398742676
1,2,GSM331707,0,0.09130445122718811
1,2,GSM331708,0,0.24794189631938934
1,2,GSM331709,0,0.4750227928161621
1,2,GSM331710,0,0.6299823522567749
1,2,GSM331713,0,0.43157199025154114
1,2,GSM331715,0,0.25237077474594116
1,2,GSM331716,0,0.8492485284805298
1,2,GSM331717,0,0.6371649503707886
1,2,GSM331723,0,0.37507978081703186
1,2,GSM331726,0,0.31194034218788147
1,2,GSM331728,0,0.15253932774066925
1,2,GSM331729,0,0.2009410560131073
1,2,GSM331730,0,0.5580700635910034
1,2,GSM331732,0,0.3733256757259369
1,2,GSM331378,1,0.4780499339103699
1,2,GSM331382,1,0.7118929624557495
1,2,GSM331383,1,0.6038800477981567
1,2,GSM331384,1,0.6615201234817505
1,2,GSM331385,1,0.21717478334903717
1,2,GSM331387,1,0.34178856015205383
1,2,GSM331388,1,0.7003331184387207
1,2,GSM331389,1,0.539065420627594
1,2,GSM331390,1,0.443101167678833
1,2,GSM331393,1,0.745100736618042
1,2,GSM331399,1,0.2966138422489166
1,2,GSM331402,1,0.6655961275100708
1,2,GSM331405,1,0.16710376739501953
1,2,GSM331408,1,0.3936230540275574
1,2,GSM331412,1,0.6347120404243469
1,2,GSM331413,1,0.5429812073707581
1,2,GSM331418,1,0.7542730569839478
1,2,GSM331420,1,0.6981950402259827
1,2,GSM331421,1,0.4918661117553711
1,2,GSM331424,1,0.36350390315055847
1,2,GSM331425,1,0.5326737761497498
1,2,GSM331426,1,0.4573194980621338
1,2,GSM331427,1,0.49484169483184814
1,2,GSM331429,1,0.43371906876564026
1,2,GSM331432,1,0.32841023802757263
1,2,GSM331436,1,0.4383731186389923
1,2,GSM331438,1,0.5573109984397888
1,2,GSM331441,1,0.6685447692871094
1,2,GSM331444,1,0.4569753110408783
1,2,GSM331446,1,0.2942969799041748
1,2,GSM331447,1,0.6616165041923523
1,2,GSM331450,1,0.2918825149536133
1,2,GSM331452,1,0.7151266932487488
2,1,GSM331660,0,0.31355756521224976
2,1,GSM331663,0,0.19758591055870056
2,1,GSM331668,0,0.5207583904266357
2,1,GSM331669,0,0.47267889976501465
2,1,GSM331672,0,0.3464607894420624
2,1,GSM331673,0,0.41930675506591797
2,1,GSM331674,0,0.21589051187038422
2,1,GSM331675,0,0.2800861597061157
2,1,GSM331677,0,0.1276196837425232
2,1,GSM331678,0,0.244557186961174
2,1,GSM331683,0,0.7620261311531067
2,1,GSM331684,0,0.37142452597618103
2,1,GSM331686,0,0.30329635739326477
2,1,GSM331688,0,0.4726063013076782
2,1,GSM331690,0,0.6120592355728149
2,1,GSM331691,0,0.6257786750793457
2,1,GSM331693,0,0.4463864266872406
2,1,GSM331701,0,0.27617594599723816
2,1,GSM331703,0,0.3254013955593109
2,1,GSM331705,0,0.3151358366012573
2,1,GSM331706,0,0.8166898488998413
2,1,GSM331707,0,0.2122369259595871
2,1,GSM331708,0,0.5801756978034973
2,1,GSM331709,0,0.24445852637290955
2,1,GSM331712,0,0.25306904315948486
2,1,GSM331714,0,0.6267246007919312
2,1,GSM331716,0,0.7680322527885437
2,1,GSM331718,0,0.6457420587539673
2,1,GSM331720,0,0.5356706976890564
2,1,GSM331721,0,0.5264446139335632
2,1,GSM331722,0,0.6774653196334839
2,1,GSM331724,0,0.3128199279308319
2,1,GSM331726,0,0.2393549233675003
2,1,GSM331727,0,0.3841831386089325
2,1,GSM331728,0,0.28451329469680786
2,1,GSM331729,0,0.32886627316474915
2,1,GSM331732,0,0.34890350699424744
2,1,GSM331379,1,0.385448694229126
2,1,GSM331381,1,0.5320342183113098
2,1,GSM331382,1,0.6896539926528931
2,1,GSM331387,1,0.5038938522338867
2,1,GSM331388,1,0.6365801095962524
2,1,GSM331389,1,0.6671372652053833
2,1,GSM331390,1,0.42026790976524353
2,1,GSM331391,1,0.5544751882553101
2,1,GSM331393,1,0.6115197539329529
2,1,GSM331395,1,0.7474007606506348
2,1,GSM331396,1,0.765934944152832
2,1,GSM331402,1,0.4100267291069031
2,1,GSM331403,1,0.7209993004798889
2,1,GSM331407,1,0.5904586911201477
2,1,GSM331409,1,0.7548521161079407
2,1,GSM331411,1,0.5499569773674011
2,1,GSM331413,1,0.25529882311820984
2,1,GSM331416,1,0.7132715582847595
2,1,GSM331417,1,0.5546402335166931
2,1,GSM331421,1,0.8280046582221985
2,1,GSM331422,1,0.5706018805503845
2,1,GSM331424,1,0.4897896647453308
2,1,GSM331425,1,0.6884106397628784
2,1,GSM331426,1,0.4475562572479248
2,1,GSM331427,1,0.347484290599823
2,1,GSM331429,1,0.5422056913375854
2,1,GSM331430,1,0.2750982344150543
2,1,GSM331443,1,0.5972284078598022
2,1,GSM331444,1,0.4641381800174713
2,1,GSM331446,1,0.43287596106529236
2,1,GSM331447,1,0.6699490547180176
2,1,GSM331448,1,0.3690204918384552
2,1,GSM331452,1,0.8225712180137634
2,2,GSM331638,0,0.5465169548988342
2,2,GSM331661,0,0.5088194012641907
2,2,GSM331662,0,0.49587494134902954
2,2,GSM331664,0,0.4540320038795471
2,2,GSM331665,0,0.5203752517700195
2,2,GSM331666,0,0.4622619152069092
2,2,GSM331670,0,0.5414092540740967
2,2,GSM331671,0,0.5622403025627136
2,2,GSM331676,0,0.4670732319355011
2,2,GSM331679,0,0.4808618426322937
2,2,GSM331680,0,0.6987412571907043
2,2,GSM331681,0,0.4027419984340668
2,2,GSM331682,0,0.4795891046524048
2,2,GSM331685,0,0.35620707273483276
2,2,GSM331687,0,0.25558096170425415
2,2,GSM331689,0,0.40975630283355713
2,2,GSM331692,0,0.24338525533676147
2,2,GSM331694,0,0.45143845677375793
2,2,GSM331695,0,0.30913275480270386
2,2,GSM331696,0,0.4476397633552551
2,2,GSM331697,0,0.3362595736980438
2,2,GSM331698,0,0.14268098771572113
2,2,GSM331699,0,0.28384122252464294
2,2,GSM331700,0,0.3319433629512787
2,2,GSM331702,0,0.5351381897926331
2,2,GSM331704,0,0.6205705404281616
2,2,GSM331710,0,0.4345906972885132
2,2,GSM331711,0,0.5887582898139954
2,2,GSM331713,0,0.5572558045387268
2,2,GSM331715,0,0.22593946754932404
2,2,GSM331717,0,0.7655311822891235
2,2,GSM331719,0,0.31465065479278564
2,2,GSM331723,0,0.4297865331172943
2,2,GSM331725,0,0.4462166428565979
2,2,GSM331730,0,0.6187427043914795
2,2,GSM331731,0,0.7055798172950745
2,2,GSM331377,1,0.7403988242149353
2,2,GSM331378,1,0.7510715126991272
2,2,GSM331380,1,0.7367119789123535
2,2,GSM331383,1,0.7300184965133667
2,2,GSM331384,1,0.778925895690918
2,2,GSM331385,1,0.42253994941711426
2,2,GSM331386,1,0.4616908133029938
2,2,GSM331397,1,0.5072008371353149
2,2,GSM331399,1,0.6864246726036072
2,2,GSM331400,1,0.6789882183074951
2,2,GSM331401,1,0.4838980734348297
2,2,GSM331404,1,0.7281963229179382
2,2,GSM331405,1,0.26770785450935364
2,2,GSM331406,1,0.6713466644287109
2,2,GSM331408,1,0.802879273891449
2,2,GSM331410,1,0.443109929561615
2,2,GSM331412,1,0.8410663604736328
2,2,GSM331414,1,0.6943931579589844
2,2,GSM331418,1,0.7437897324562073
2,2,GSM331419,1,0.4267153739929199
2,2,GSM331420,1,0.5272347927093506
2,2,GSM331428,1,0.42052844166755676
2,2,GSM331431,1,0.589034914970398
2,2,GSM331432,1,0.3835453689098358
2,2,GSM331434,1,0.817020833492279
2,2,GSM331436,1,0.32988440990448
2,2,GSM331438,1,0.6382822394371033
2,2,GSM331439,1,0.758481502532959
2,2,GSM331440,1,0.5706053376197815
2,2,GSM331441,1,0.5918514132499695
2,2,GSM331442,1,0.5100218057632446
2,2,GSM331445,1,0.3762553930282593
2,2,GSM331450,1,0.35337939858436584
3,1,GSM331638,0,0.1391681432723999
3,1,GSM331664,0,0.1466020941734314
3,1,GSM331666,0,0.06803633272647858
3,1,GSM331668,0,0.48374685645103455
3,1,GSM331669,0,0.938053548336029
3,1,GSM331670,0,0.2739575207233429
3,1,GSM331673,0,0.3175237774848938
3,1,GSM331674,0,0.8629599809646606
3,1,GSM331677,0,0.2156231701374054
3,1,GSM331679,0,0.5963920950889587
3,1,GSM331681,0,0.8294300436973572
3,1,GSM331682,0,0.6908919811248779
3,1,GSM331683,0,0.9155749678611755
3,1,GSM331684,0,0.16127288341522217
3,1,GSM331686,0,0.903913676738739
3,1,GSM331691,0,0.5240941047668457
3,1,GSM331693,0,0.47017696499824524
3,1,GSM331694,0,0.15388299524784088
3,1,GSM331695,0,0.18022923171520233
3,1,GSM331698,0,0.1102873682975769
3,1,GSM331699,0,0.36589330434799194
3,1,GSM331700,0,0.25140249729156494
3,1,GSM331701,0,0.06382673233747482
3,1,GSM331703,0,0.3220730721950531
3,1,GSM331704,0,0.7135463953018188
3,1,GSM331705,0,0.4065437912940979
3,1,GSM331707,0,0.42667123675346375
3,1,GSM331709,0,0.2847544848918915
3,1,GSM331710,0,0.19277414679527283
3,1,GSM331712,0,0.6977742910385132
3,1,GSM331715,0,0.0964307114481926
3,1,GSM331722,0,0.38033148646354675
3,1,GSM331727,0,0.2077011615037918
3,1,GSM331728,0,0.044344596564769745
3,1,GSM331729,0,0.07374462485313416
3,1,GSM331731,0,0.6400648355484009
3,1,GSM331732,0,0.7173755168914795
3,1,GSM331377,1,0.7222033739089966
3,1,GSM331379,1,0.3966157138347626
3,1,GSM331381,1,0.4976494312286377
3,1,GSM331382,1,0.21236957609653473
3,1,GSM331383,1,0.7755880355834961
3,1,GSM331388,1,0.8400198817253113
3,1,GSM331389,1,0.44447600841522217
3,1,GSM331390,1,0.4578552544116974
3,1,GSM331391,1,0.45572468638420105
3,1,GSM331393,1,0.5927960276603699
3,1,GSM331396,1,0.40618565678596497
3,1,GSM331399,1,0.4068092405796051
3,1,GSM331401,1,0.5098405480384827
3,1,GSM331403,1,0.8115791082382202
3,1,GSM331406,1,0.5461195707321167
3,1,GSM331411,1,0.7151637673377991
3,1,GSM331412,1,0.7595303058624268
3,1,GSM331413,1,0.05047423020005226
3,1,GSM331416,1,0.5115718245506287
3,1,GSM331420,1,0.6260254383087158
3,1,GSM331425,1,0.41256701946258545
3,1,GSM331426,1,0.6980593204498291
3,1,GSM331427,1,0.645700216293335
3,1,GSM331428,1,0.055438630282878876
3,1,GSM331430,1,0.2840501368045807
3,1,GSM331431,1,0.6716587543487549
3,1,GSM331432,1,0.1723296344280243
3,1,GSM331439,1,0.6660687923431396
3,1,GSM331440,1,0.18376846611499786
3,1,GSM331441,1,0.7019481062889099
3,1,GSM331446,1,0.12104111164808273
3,1,GSM331447,1,0.8161752820014954
3,1,GSM331452,1,0.7243980169296265
3,2,GSM331660,0,0.08125994354486465
3,2,GSM331661,0,0.7005335688591003
3,2,GSM331662,0,0.22680412232875824
3,2,GSM331663,0,0.25153231620788574
3,2,GSM331665,0,0.8272649049758911
3,2,GSM331671,0,0.6764230728149414
3,2,GSM331672,0,0.9074212908744812
3,2,GSM331675,0,0.16867287456989288
3,2,GSM331676,0,0.7736532092094421
3,2,GSM331678,0,0.03500558063387871
3,2,GSM331680,0,0.15659885108470917
3,2,GSM331685,0,0.03935225307941437
3,2,GSM331687,0,0.27133727073669434
3,2,GSM331688,0,0.7089139223098755
3,2,GSM331689,0,0.18461567163467407
3,2,GSM331690,0,0.554211437702179
3,2,GSM331692,0,0.34049612283706665
3,2,GSM331696,0,0.2892071008682251
3,2,GSM331697,0,0.16905491054058075
3,2,GSM331702,0,0.7155805826187134
3,2,GSM331706,0,0.9562959671020508
3,2,GSM331708,0,0.4052460491657257
3,2,GSM331711,0,0.5604293346405029
3,2,GSM331713,0,0.20986048877239227
3,2,GSM331714,0,0.752202033996582
3,2,GSM331716,0,0.9885392785072327
3,2,GSM331717,0,0.8893799781799316
3,2,GSM331718,0,0.6242313385009766
3,2,GSM331719,0,0.17490404844284058
3,2,GSM331720,0,0.12082796543836594
3,2,GSM331721,0,0.9329515099525452
3,2,GSM331723,0,0.7766137719154358
3,2,GSM331724,0,0.19749367237091064
3,2,GSM331725,0,0.36731818318367004
3,2,GSM331726,0,0.04252021387219429
3,2,GSM331730,0,0.32523980736732483
3,2,GSM331378,1,0.7824956178665161
3,2,GSM331380,1,0.8824337720870972
3,2,GSM331384,1,0.5795683860778809
3,2,GSM331385,1,0.45122042298316956
3,2,GSM331386,1,0.36560165882110596
3,2,GSM331387,1,0.6194950938224792
3,2,GSM331395,1,0.22438393533229828
3,2,GSM331397,1,0.2089926153421402
3,2,GSM331400,1,0.3143983781337738
3,2,GSM331402,1,0.6131911277770996
3,2,GSM331404,1,0.563686728477478
3,2,GSM331405,1,0.06969475001096725
3,2,GSM331407,1,0.5620879530906677
3,2,GSM331408,1,0.3803723156452179
3,2,GSM331409,1,0.5213800072669983
3,2,GSM331410,1,0.28913089632987976
3,2,GSM331414,1,0.7593702077865601
3,2,GSM331417,1,0.7375738620758057
3,2,GSM331418,1,0.9730175137519836
3,2,GSM331419,1,0.5081127882003784
3,2,GSM331421,1,0.4687146246433258
3,2,GSM331422,1,0.8770589828491211
3,2,GSM331424,1,0.10707691311836243
3,2,GSM331429,1,0.8382807970046997
3,2,GSM331434,1,0.5181820392608643
3,2,GSM331436,1,0.18846504390239716
3,2,GSM331438,1,0.7069118618965149
3,2,GSM331442,1,0.4058341085910797
3,2,GSM331443,1,0.1141238883137703
3,2,GSM331444,1,0.7951121926307678
3,2,GSM331445,1,0.2759096324443817
3,2,GSM331448,1,0.8853794932365417
3,2,GSM331450,1,0.525891125202179
4,1,GSM331638,0,0.4263972043991089
4,1,GSM331660,0,0.2697356343269348
4,1,GSM331669,0,0.4325611889362335
4,1,GSM331671,0,0.31642141938209534
4,1,GSM331673,0,0.3136059641838074
4,1,GSM331674,0,0.3994637727737427
4,1,GSM331675,0,0.20966121554374695
4,1,GSM331677,0,0.12110991775989532
4,1,GSM331678,0,0.1968817114830017
4,1,GSM331679,0,0.2799164354801178
4,1,GSM331680,0,0.5541446208953857
4,1,GSM331681,0,0.6055011749267578
4,1,GSM331683,0,0.8503466844558716
4,1,GSM331684,0,0.20668067038059235
4,1,GSM331686,0,0.30416566133499146
4,1,GSM331688,0,0.5369779467582703
4,1,GSM331689,0,0.6060961484909058
4,1,GSM331691,0,0.7601986527442932
4,1,GSM331692,0,0.33690303564071655
4,1,GSM331694,0,0.5605559945106506
4,1,GSM331695,0,0.41233915090560913
4,1,GSM331697,0,0.1297810673713684
4,1,GSM331698,0,0.07229362428188324
4,1,GSM331699,0,0.23595154285430908
4,1,GSM331700,0,0.16104218363761902
4,1,GSM331701,0,0.14033392071723938
4,1,GSM331703,0,0.39386773109436035
4,1,GSM331705,0,0.2113073617219925
4,1,GSM331707,0,0.23361541330814362
4,1,GSM331719,0,0.12988927960395813
4,1,GSM331722,0,0.6022995114326477
4,1,GSM331724,0,0.11962024122476578
4,1,GSM331725,0,0.19059135019779205
4,1,GSM331727,0,0.516402006149292
4,1,GSM331729,0,0.2573298513889313
4,1,GSM331731,0,0.7070525288581848
4,1,GSM331732,0,0.34063178300857544
4,1,GSM331378,1,0.6553041934967041
4,1,GSM331379,1,0.27461329102516174
4,1,GSM331381,1,0.7431387305259705
4,1,GSM331384,1,0.7355996966362
4,1,GSM331385,1,0.40423545241355896
4,1,GSM331386,1,0.3640868067741394
4,1,GSM331387,1,0.35891231894493103
4,1,GSM331388,1,0.8309898972511292
4,1,GSM331393,1,0.569791853427887
4,1,GSM331395,1,0.5465236902236938
4,1,GSM331397,1,0.3127453923225403
4,1,GSM331399,1,0.5600867867469788
4,1,GSM331401,1,0.5603176355361938
4,1,GSM331403,1,0.5901853442192078
4,1,GSM331404,1,0.6627041697502136
4,1,GSM331409,1,0.656110942363739
4,1,GSM331410,1,0.1985289752483368
4,1,GSM331411,1,0.6249979138374329
4,1,GSM331417,1,0.7808789014816284
4,1,GSM331418,1,0.8902014493942261
4,1,GSM331422,1,0.6912789940834045
4,1,GSM331424,1,0.370879590511322
4,1,GSM331427,1,0.6221069693565369
4,1,GSM331428,1,0.21206535398960114
4,1,GSM331430,1,0.4021875858306885
4,1,GSM331438,1,0.5975287556648254
4,1,GSM331439,1,0.6205344796180725
4,1,GSM331440,1,0.35016998648643494
4,1,GSM331442,1,0.44715943932533264
4,1,GSM331444,1,0.41709741950035095
4,1,GSM331445,1,0.5966780781745911
4,1,GSM331446,1,0.3277565836906433
4,1,GSM331447,1,0.5952677130699158
4,2,GSM331661,0,0.5777209997177124
4,2,GSM331662,0,0.6790265440940857
4,2,GSM331663,0,0.2807939350605011
4,2,GSM331664,0,0.3497874438762665
4,2,GSM331665,0,0.5207852125167847
4,2,GSM331666,0,0.22931604087352753
4,2,GSM331668,0,0.5945632457733154
4,2,GSM331670,0,0.37995994091033936
4,2,GSM331672,0,0.6723738312721252
4,2,GSM331676,0,0.6144658923149109
4,2,GSM331682,0,0.4642457067966461
4,2,GSM331685,0,0.27075812220573425
4,2,GSM331687,0,0.21514849364757538
4,2,GSM331690,0,0.6002843976020813
4,2,GSM331693,0,0.41530749201774597
4,2,GSM331696,0,0.41788315773010254
4,2,GSM331702,0,0.41090458631515503
4,2,GSM331704,0,0.47700196504592896
4,2,GSM331706,0,0.5620872378349304
4,2,GSM331708,0,0.45151033997535706
4,2,GSM331709,0,0.438296377658844
4,2,GSM331710,0,0.47801473736763
4,2,GSM331711,0,0.7006514668464661
4,2,GSM331712,0,0.5591857433319092
4,2,GSM331713,0,0.28569695353507996
4,2,GSM331714,0,0.8850787281990051
4,2,GSM331715,0,0.21733978390693665
4,2,GSM331716,0,0.745932936668396
4,2,GSM331717,0,0.6535643339157104
4,2,GSM331718,0,0.7204709649085999
4,2,GSM331720,0,0.3487384021282196
4,2,GSM331721,0,0.5065973997116089
4,2,GSM331723,0,0.5554909706115723
4,2,GSM331726,0,0.31232452392578125
4,2,GSM331728,0,0.31614950299263
4,2,GSM331730,0,0.42662179470062256
4,2,GSM331377,1,0.7723787426948547
4,2,GSM331380,1,0.8569536805152893
4,2,GSM331382,1,0.5031593441963196
4,2,GSM331383,1,0.8246902823448181
4,2,GSM331389,1,0.7906180024147034
4,2,GSM331390,1,0.46744295954704285
4,2,GSM331391,1,0.6381175518035889
4,2,GSM331396,1,0.7320318222045898
4,2,GSM331400,1,0.6018081903457642
4,2,GSM331402,1,0.5391046404838562
4,2,GSM331405,1,0.15191133320331573
4,2,GSM331406,1,0.8311858177185059
4,2,GSM331407,1,0.6428102254867554
4,2,GSM331408,1,0.5535306930541992
4,2,GSM331412,1,0.7994640469551086
4,2,GSM331413,1,0.3223332166671753
4,2,GSM331414,1,0.7805279493331909
4,2,GSM331416,1,0.6028707027435303
4,2,GSM331419,1,0.44107621908187866
4,2,GSM331420,1,0.6438883543014526
4,2,GSM331421,1,0.7847920656204224
4,2,GSM331425,1,0.6264545321464539
4,2,GSM331426,1,0.4921131432056427
4,2,GSM331429,1,0.8111467361450195
4,2,GSM331431,1,0.7144349217414856
4,2,GSM331432,1,0.3619893193244934
4,2,GSM331434,1,0.7783158421516418
4,2,GSM331436,1,0.37280622124671936
4,2,GSM331441,1,0.8386236429214478
4,2,GSM331443,1,0.2966170012950897
4,2,GSM331448,1,0.6522522568702698
4,2,GSM331450,1,0.3231694996356964
4,2,GSM331452,1,0.8409711718559265
5,1,GSM331638,0,0.5504100918769836
5,1,GSM331662,0,0.1680883914232254
5,1,GSM331663,0,0.1937749683856964
5,1,GSM331665,0,0.5374176502227783
5,1,GSM331666,0,0.22312581539154053
5,1,GSM331668,0,0.5654259920120239
5,1,GSM331671,0,0.19906066358089447
5,1,GSM331672,0,0.4446711242198944
5,1,GSM331673,0,0.4004276990890503
5,1,GSM331674,0,0.3599989712238312
5,1,GSM331675,0,0.23234303295612335
5,1,GSM331676,0,0.31705915927886963
5,1,GSM331679,0,0.3403071463108063
5,1,GSM331684,0,0.4346020221710205
5,1,GSM331687,0,0.10615808516740799
5,1,GSM331688,0,0.3155055642127991
5,1,GSM331691,0,0.43908193707466125
5,1,GSM331692,0,0.4086175858974457
5,1,GSM331693,0,0.3383677303791046
5,1,GSM331696,0,0.40960636734962463
5,1,GSM331697,0,0.12042964994907379
5,1,GSM331699,0,0.13574640452861786
5,1,GSM331701,0,0.3486201763153076
5,1,GSM331705,0,0.3884010314941406
5,1,GSM331707,0,0.1603204309940338
5,1,GSM331710,0,0.3026770353317261
5,1,GSM331711,0,0.4032515287399292
5,1,GSM331714,0,0.6235995888710022
5,1,GSM331715,0,0.1316855251789093
5,1,GSM331716,0,0.8491385579109192
5,1,GSM331717,0,0.6703118681907654
5,1,GSM331719,0,0.13411137461662292
5,1,GSM331724,0,0.34070199728012085
5,1,GSM331728,0,0.1643083244562149
5,1,GSM331729,0,0.28941285610198975
5,1,GSM331731,0,0.5807946920394897
5,1,GSM331732,0,0.5361893773078918
5,1,GSM331377,1,0.7051866054534912
5,1,GSM331378,1,0.8536087870597839
5,1,GSM331380,1,0.8767696022987366
5,1,GSM331381,1,0.5051417350769043
5,1,GSM331382,1,0.7117286920547485
5,1,GSM331383,1,0.8163642287254333
5,1,GSM331384,1,0.8603198528289795
5,1,GSM331386,1,0.4468209147453308
5,1,GSM331387,1,0.3212618827819824
5,1,GSM331389,1,0.43494686484336853
5,1,GSM331400,1,0.5446392893791199
5,1,GSM331401,1,0.6503720283508301
5,1,GSM331403,1,0.9000186920166016
5,1,GSM331404,1,0.6936730146408081
5,1,GSM331408,1,0.9161400198936462
5,1,GSM331409,1,0.744854211807251
5,1,GSM331412,1,0.8924500346183777
5,1,GSM331414,1,0.5158533453941345
5,1,GSM331417,1,0.6221544742584229
5,1,GSM331419,1,0.4293425381183624
5,1,GSM331420,1,0.6749199628829956
5,1,GSM331424,1,0.5406782031059265
5,1,GSM331425,1,0.4633050262928009
5,1,GSM331430,1,0.1869376003742218
5,1,GSM331431,1,0.357160359621048
5,1,GSM331436,1,0.2063615620136261
5,1,GSM331439,1,0.6624008417129517
5,1,GSM331442,1,0.36450546979904175
5,1,GSM331443,1,0.5147648453712463
5,1,GSM331444,1,0.5220320224761963
5,1,GSM331446,1,0.25300705432891846
5,1,GSM331447,1,0.793510913848877
5,1,GSM331452,1,0.8786457777023315
5,2,GSM331660,0,0.1261102557182312
5,2,GSM331661,0,0.4335879683494568
5,2,GSM331664,0,0.2175339311361313
5,2,GSM331669,0,0.5859453678131104
5,2,GSM331670,0,0.4029369056224823
5,2,GSM331677,0,0.03899790346622467
5,2,GSM331678,0,0.13190846145153046
5,2,GSM331680,0,0.5597360730171204
5,2,GSM331681,0,0.6022602915763855
5,2,GSM331682,0,0.4208317697048187
5,2,GSM331683,0,0.7648770809173584
5,2,GSM331685,0,0.060391686856746674
5,2,GSM331686,0,0.23150403797626495
5,2,GSM331689,0,0.43834811449050903
5,2,GSM331690,0,0.5967603921890259
5,2,GSM331694,0,0.3946566879749298
5,2,GSM331695,0,0.10761553049087524
5,2,GSM331698,0,0.05104827135801315
5,2,GSM331700,0,0.2482668161392212
5,2,GSM331702,0,0.3362523019313812
5,2,GSM331703,0,0.1257643699645996
5,2,GSM331704,0,0.5301260948181152
5,2,GSM331706,0,0.8343870639801025
5,2,GSM331708,0,0.3977496325969696
5,2,GSM331709,0,0.1478642374277115
5,2,GSM331712,0,0.31587737798690796
5,2,GSM331713,0,0.3064313232898712
5,2,GSM331718,0,0.5210096836090088
5,2,GSM331720,0,0.26842668652534485
5,2,GSM331721,0,0.5691126585006714
5,2,GSM331722,0,0.47475340962409973
5,2,GSM331723,0,0.56208336353302
5,2,GSM331725,0,0.19608573615550995
5,2,GSM331726,0,0.05261567607522011
5,2,GSM331727,0,0.2707267701625824
5,2,GSM331730,0,0.3219054639339447
5,2,GSM331379,1,0.20773708820343018
5,2,GSM331385,1,0.20572496950626373
5,2,GSM331388,1,0.6455974578857422
5,2,GSM331390,1,0.19996969401836395
5,2,GSM331391,1,0.4713900685310364
5,2,GSM331393,1,0.5229830741882324
5,2,GSM331395,1,0.6088359951972961
5,2,GSM331396,1,0.7072185277938843
5,2,GSM331397,1,0.3902490437030792
5,2,GSM331399,1,0.6348877549171448
5,2,GSM331402,1,0.261370986700058
5,2,GSM331405,1,0.22803999483585358
5,2,GSM331406,1,0.761713981628418
5,2,GSM331407,1,0.6613372564315796
5,2,GSM331410,1,0.2838810384273529
5,2,GSM331411,1,0.40280410647392273
5,2,GSM331413,1,0.1567915678024292
5,2,GSM331416,1,0.6043679118156433
5,2,GSM331418,1,0.7792647480964661
5,2,GSM331421,1,0.776744544506073
5,2,GSM331422,1,0.3493557274341583
5,2,GSM331426,1,0.4051699638366699
5,2,GSM331427,1,0.31185951828956604
5,2,GSM331428,1,0.16952645778656006
5,2,GSM331429,1,0.5386570692062378
5,2,GSM331432,1,0.4554426074028015
5,2,GSM331434,1,0.8475632667541504
5,2,GSM331438,1,0.6599140167236328
5,2,GSM331440,1,0.4084712862968445
5,2,GSM331441,1,0.505635142326355
5,2,GSM331445,1,0.3893587589263916
5,2,GSM331448,1,0.1380673497915268
5,2,GSM331450,1,0.14284975826740265
6,1,GSM331666,0,0.38675737380981445
6,1,GSM331670,0,0.4869815707206726
6,1,GSM331672,0,0.5928688645362854
6,1,GSM331673,0,0.4454614818096161
6,1,GSM331674,0,0.5194463729858398
6,1,GSM331677,0,0.28012850880622864
6,1,GSM331679,0,0.3506626486778259
6,1,GSM331683,0,0.8224858045578003
6,1,GSM331685,0,0.30298805236816406
6,1,GSM331688,0,0.4494638442993164
6,1,GSM331689,0,0.41773733496665955
6,1,GSM331690,0,0.791527509689331
6,1,GSM331692,0,0.2232012003660202
6,1,GSM331693,0,0.36033564805984497
6,1,GSM331694,0,0.41424205899238586
6,1,GSM331698,0,0.21512046456336975
6,1,GSM331700,0,0.42019137740135193
6,1,GSM331701,0,0.29119613766670227
6,1,GSM331704,0,0.4998173713684082
6,1,GSM331705,0,0.3551531434059143
6,1,GSM331706,0,0.6077908873558044
6,1,GSM331707,0,0.32280609011650085
6,1,GSM331709,0,0.40911608934402466
6,1,GSM331711,0,0.705760657787323
6,1,GSM331713,0,0.3291904330253601
6,1,GSM331714,0,0.619820773601532
6,1,GSM331716,0,0.7249722480773926
6,1,GSM331718,0,0.6203160285949707
6,1,GSM331721,0,0.5778356790542603
6,1,GSM331722,0,0.5198615193367004
6,1,GSM331723,0,0.47288334369659424
6,1,GSM331724,0,0.30594196915626526
6,1,GSM331727,0,0.4788438081741333
6,1,GSM331729,0,0.25718697905540466
6,1,GSM331730,0,0.4696238040924072
6,1,GSM331731,0,0.5649211406707764
6,1,GSM331732,0,0.4718925654888153
6,1,GSM331377,1,0.6978605389595032
6,1,GSM331379,1,0.6123895645141602
6,1,GSM331380,1,0.8015751242637634
6,1,GSM331381,1,0.7412661910057068
6,1,GSM331387,1,0.699139416217804
6,1,GSM331388,1,0.7637749910354614
6,1,GSM331389,1,0.5984676480293274
6,1,GSM331391,1,0.6448435187339783
6,1,GSM331393,1,0.7163684368133545
6,1,GSM331395,1,0.6504793167114258
6,1,GSM331396,1,0.7167792916297913
6,1,GSM331399,1,0.7144048810005188
6,1,GSM331401,1,0.7358291745185852
6,1,GSM331402,1,0.6715739369392395
6,1,GSM331403,1,0.7489138841629028
6,1,GSM331406,1,0.682045578956604
6,1,GSM331407,1,0.7039384245872498
6,1,GSM331409,1,0.7523996829986572
6,1,GSM331410,1,0.6023749113082886
6,1,GSM331411,1,0.7126976251602173
6,1,GSM331412,1,0.7960982322692871
6,1,GSM331414,1,0.6950921416282654
6,1,GSM331418,1,0.8335845470428467
6,1,GSM331421,1,0.7132027745246887
6,1,GSM331426,1,0.6659547090530396
6,1,GSM331427,1,0.6830931901931763
6,1,GSM331431,1,0.6959505677223206
6,1,GSM331441,1,0.754356861114502
6,1,GSM331444,1,0.7456489205360413
6,1,GSM331445,1,0.7037434577941895
6,1,GSM331446,1,0.5102989673614502
6,1,GSM331447,1,0.6529665589332581
6,1,GSM331448,1,0.6715801954269409
6,2,GSM331638,0,0.38153380155563354
6,2,GSM331660,0,0.2410731166601181
6,2,GSM331661,0,0.4058563709259033
6,2,GSM331662,0,0.31425774097442627
6,2,GSM331663,0,0.2503702938556671
6,2,GSM331664,0,0.28770241141319275
6,2,GSM331665,0,0.6001109480857849
6,2,GSM331668,0,0.4003535509109497
6,2,GSM331669,0,0.5293326377868652
6,2,GSM331671,0,0.3430553078651428
6,2,GSM331675,0,0.2685690224170685
6,2,GSM331676,0,0.45948535203933716
6,2,GSM331678,0,0.3237488865852356
6,2,GSM331680,0,0.6767056584358215
6,2,GSM331681,0,0.5735465884208679
6,2,GSM331682,0,0.3001219630241394
6,2,GSM331684,0,0.28242021799087524
6,2,GSM331686,0,0.4333347678184509
6,2,GSM331687,0,0.22430944442749023
6,2,GSM331691,0,0.6456975340843201
6,2,GSM331695,0,0.31878602504730225
6,2,GSM331696,0,0.3469085097312927
6,2,GSM331697,0,0.2937231659889221
6,2,GSM331699,0,0.24204400181770325
6,2,GSM331702,0,0.396729975938797
6,2,GSM331703,0,0.2812533378601074
6,2,GSM331708,0,0.3233725130558014
6,2,GSM331710,0,0.3711683452129364
6,2,GSM331712,0,0.4790025055408478
6,2,GSM331715,0,0.1767423301935196
6,2,GSM331717,0,0.4943068027496338
6,2,GSM331719,0,0.3238617777824402
6,2,GSM331720,0,0.39675289392471313
6,2,GSM331725,0,0.3214607834815979
6,2,GSM331726,0,0.15200306475162506
6,2,GSM331728,0,0.24103710055351257
6,2,GSM331378,1,0.7275346517562866
6,2,GSM331382,1,0.6029759049415588
6,2,GSM331383,1,0.5927475094795227
6,2,GSM331384,1,0.6814550757408142
6,2,GSM331385,1,0.24700912833213806
6,2,GSM331386,1,0.40313297510147095
6,2,GSM331390,1,0.4633340537548065
6,2,GSM331397,1,0.44027838110923767
6,2,GSM331400,1,0.580284833908081
6,2,GSM331404,1,0.6048243641853333
6,2,GSM331405,1,0.3219337463378906
6,2,GSM331408,1,0.5983689427375793
6,2,GSM331413,1,0.516917884349823
6,2,GSM331416,1,0.7098994255065918
6,2,GSM331417,1,0.7265355587005615
6,2,GSM331419,1,0.6640836596488953
6,2,GSM331420,1,0.7029282450675964
6,2,GSM331422,1,0.6539958715438843
6,2,GSM331424,1,0.43362683057785034
6,2,GSM331425,1,0.6175379157066345
6,2,GSM331428,1,0.2653335630893707
6,2,GSM331429,1,0.6582865118980408
6,2,GSM331430,1,0.3857813775539398
6,2,GSM331432,1,0.30509620904922485
6,2,GSM331434,1,0.665033757686615
6,2,GSM331436,1,0.3082910180091858
6,2,GSM331438,1,0.48963481187820435
6,2,GSM331439,1,0.5620681047439575
6,2,GSM331440,1,0.4958750605583191
6,2,GSM331442,1,0.4063712954521179
6,2,GSM331443,1,0.46670854091644287
6,2,GSM331450,1,0.5143146514892578
6,2,GSM331452,1,0.6622452735900879
7,1,GSM331666,0,0.1007406935095787
7,1,GSM331668,0,0.7374933362007141
7,1,GSM331672,0,0.6789714097976685
7,1,GSM331675,0,0.06613539904356003
7,1,GSM331679,0,0.5025109648704529
7,1,GSM331680,0,0.2099277377128601
7,1,GSM331681,0,0.37359654903411865
7,1,GSM331685,0,0.14340265095233917
7,1,GSM331687,0,0.2668459117412567
7,1,GSM331688,0,0.7698032855987549
7,1,GSM331689,0,0.409730464220047
7,1,GSM331691,0,0.4330385625362396
7,1,GSM331692,0,0.13496041297912598
7,1,GSM331693,0,0.36504530906677246
7,1,GSM331694,0,0.17434395849704742
7,1,GSM331695,0,0.2556148171424866
7,1,GSM331697,0,0.326034277677536
7,1,GSM331699,0,0.2217620313167572
7,1,GSM331700,0,0.21327054500579834
7,1,GSM331701,0,0.10523459315299988
7,1,GSM331702,0,0.3125492036342621
7,1,GSM331706,0,0.8993961215019226
7,1,GSM331708,0,0.44480037689208984
7,1,GSM331709,0,0.3834300637245178
7,1,GSM331710,0,0.1389140784740448
7,1,GSM331711,0,0.7439414858818054
7,1,GSM331712,0,0.3197767734527588
7,1,GSM331713,0,0.08322513848543167
7,1,GSM331714,0,0.8120654225349426
7,1,GSM331715,0,0.2006128430366516
7,1,GSM331716,0,0.9197195172309875
7,1,GSM331717,0,0.4660225808620453
7,1,GSM331722,0,0.43935713171958923
7,1,GSM331725,0,0.3663586676120758
7,1,GSM331726,0,0.14080536365509033
7,1,GSM331730,0,0.3209397792816162
7,1,GSM331731,0,0.8890916109085083
7,1,GSM331377,1,0.7437034845352173
7,1,GSM331378,1,0.7415295243263245
7,1,GSM331379,1,0.07597531378269196
7,1,GSM331380,1,0.8717766404151917
7,1,GSM331381,1,0.5619156956672668
7,1,GSM331382,1,0.2315967082977295
7,1,GSM331384,1,0.5698267221450806
7,1,GSM331385,1,0.5962364673614502
7,1,GSM331388,1,0.8043726682662964
7,1,GSM331389,1,0.7110342979431152
7,1,GSM331391,1,0.35552868247032166
7,1,GSM331401,1,0.21003785729408264
7,1,GSM331407,1,0.3625393807888031
7,1,GSM331408,1,0.7064788341522217
7,1,GSM331410,1,0.14502611756324768
7,1,GSM331413,1,0.04888422042131424
7,1,GSM331417,1,0.45861250162124634
7,1,GSM331418,1,0.8879901766777039
7,1,GSM331420,1,0.5044585466384888
7,1,GSM331421,1,0.5908835530281067
7,1,GSM331422,1,0.7615441679954529
7,1,GSM331425,1,0.4304395914077759
7,1,GSM331427,1,0.479866087436676
7,1,GSM331432,1,0.4329432547092438
7,1,GSM331436,1,0.18035924434661865
7,1,GSM331439,1,0.6890773177146912
7,1,GSM331440,1,0.280404269695282
7,1,GSM331441,1,0.6928669810295105
7,1,GSM331442,1,0.38566142320632935
7,1,GSM331443,1,0.16741840541362762
7,1,GSM331445,1,0.22790436446666718
7,1,GSM331447,1,0.6922811269760132
7,1,GSM331450,1,0.3048485517501831
7,2,GSM331638,0,0.1938490867614746
7,2,GSM331660,0,0.21128006279468536
7,2,GSM331661,0,0.2833748161792755
7,2,GSM331662,0,0.27993154525756836
7,2,GSM331663,0,0.1730383038520813
7,2,GSM331664,0,0.43883901834487915
7,2,GSM331665,0,0.19805507361888885
7,2,GSM331669,0,0.5891962051391602
7,2,GSM331670,0,0.27975112199783325
7,2,GSM331671,0,0.43417102098464966
7,2,GSM331673,0,0.1519983410835266
7,2,GSM331674,0,0.5773465037345886
7,2,GSM331676,0,0.7341510653495789
7,2,GSM331677,0,0.2685268223285675
7,2,GSM331678,0,0.1399639993906021
7,2,GSM331682,0,0.28768202662467957
7,2,GSM331683,0,0.8826671242713928
7,2,GSM331684,0,0.12369154393672943
7,2,GSM331686,0,0.3816034197807312
7,2,GSM331690,0,0.5838602185249329
7,2,GSM331696,0,0.4023357629776001
7,2,GSM331698,0,0.06875816732645035
7,2,GSM331703,0,0.20831024646759033
7,2,GSM331704,0,0.43765273690223694
7,2,GSM331705,0,0.10256244987249374
7,2,GSM331707,0,0.291361927986145
7,2,GSM331718,0,0.49376726150512695
7,2,GSM331719,0,0.105862095952034
7,2,GSM331720,0,0.1795336902141571
7,2,GSM331721,0,0.6755548119544983
7,2,GSM331723,0,0.3526095449924469
7,2,GSM331724,0,0.16713373363018036
7,2,GSM331727,0,0.5344449281692505
7,2,GSM331728,0,0.2415313571691513
7,2,GSM331729,0,0.15554071962833405
7,2,GSM331732,0,0.4941079318523407
7,2,GSM331383,1,0.5327795743942261
7,2,GSM331386,1,0.39626312255859375
7,2,GSM331387,1,0.4006212651729584
7,2,GSM331390,1,0.25629037618637085
7,2,GSM331393,1,0.3563709259033203
7,2,GSM331395,1,0.4474271833896637
7,2,GSM331396,1,0.4727054536342621
7,2,GSM331397,1,0.5147600769996643
7,2,GSM331399,1,0.23554442822933197
7,2,GSM331400,1,0.545859158039093
7,2,GSM331402,1,0.387829452753067
7,2,GSM331403,1,0.4372612237930298
7,2,GSM331404,1,0.6312953233718872
7,2,GSM331405,1,0.061517298221588135
7,2,GSM331406,1,0.7421440482139587
7,2,GSM331409,1,0.3383249342441559
7,2,GSM331411,1,0.6385205984115601
7,2,GSM331412,1,0.7310331463813782
7,2,GSM331414,1,0.5949470400810242
7,2,GSM331416,1,0.5240017771720886
7,2,GSM331419,1,0.13108089566230774
7,2,GSM331424,1,0.47162094712257385
7,2,GSM331426,1,0.24308709800243378
7,2,GSM331428,1,0.1480334848165512
7,2,GSM331429,1,0.8045207858085632
7,2,GSM331430,1,0.3784603178501129
7,2,GSM331431,1,0.8021737337112427
7,2,GSM331434,1,0.5279828310012817
7,2,GSM331438,1,0.5689759254455566
7,2,GSM331444,1,0.3322179913520813
7,2,GSM331446,1,0.1258530467748642
7,2,GSM331448,1,0.598707914352417
7,2,GSM331452,1,0.7915231585502625
8,1,GSM331638,0,0.2749065160751343
8,1,GSM331660,0,0.239966481924057
8,1,GSM331661,0,0.45622941851615906
8,1,GSM331663,0,0.20617970824241638
8,1,GSM331664,0,0.4280443787574768
8,1,GSM331665,0,0.6710103154182434
8,1,GSM331668,0,0.4896770119667053
8,1,GSM331671,0,0.4911990165710449
8,1,GSM331673,0,0.38980671763420105
8,1,GSM331675,0,0.15909495949745178
8,1,GSM331676,0,0.5272716283798218
8,1,GSM331678,0,0.20988619327545166
8,1,GSM331679,0,0.5446820259094238
8,1,GSM331683,0,0.7045259475708008
8,1,GSM331684,0,0.2028292864561081
8,1,GSM331685,0,0.16383162140846252
8,1,GSM331686,0,0.49231797456741333
8,1,GSM331689,0,0.44776037335395813
8,1,GSM331690,0,0.580528199672699
8,1,GSM331693,0,0.34105199575424194
8,1,GSM331694,0,0.3187936544418335
8,1,GSM331700,0,0.39550668001174927
8,1,GSM331701,0,0.18843898177146912
8,1,GSM331704,0,0.4778067171573639
8,1,GSM331707,0,0.32299482822418213
8,1,GSM331708,0,0.5498998165130615
8,1,GSM331709,0,0.2684119939804077
8,1,GSM331710,0,0.2275037169456482
8,1,GSM331712,0,0.36592531204223633
8,1,GSM331717,0,0.5933684706687927
8,1,GSM331719,0,0.12016929686069489
8,1,GSM331721,0,0.6705563068389893
8,1,GSM331724,0,0.1969984769821167
8,1,GSM331725,0,0.5877683162689209
8,1,GSM331726,0,0.10367080569267273
8,1,GSM331727,0,0.34083566069602966
8,1,GSM331731,0,0.5363579392433167
8,1,GSM331377,1,0.6662317514419556
8,1,GSM331381,1,0.39236387610435486
8,1,GSM331383,1,0.6365995407104492
8,1,GSM331385,1,0.4180387556552887
8,1,GSM331388,1,0.6378133893013
8,1,GSM331393,1,0.5232757925987244
8,1,GSM331395,1,0.30283400416374207
8,1,GSM331403,1,0.7774801254272461
8,1,GSM331404,1,0.5313077569007874
8,1,GSM331408,1,0.49504876136779785
8,1,GSM331410,1,0.31124112010002136
8,1,GSM331411,1,0.5292894840240479
8,1,GSM331413,1,0.12048930674791336
8,1,GSM331414,1,0.5114874839782715
8,1,GSM331416,1,0.5094901919364929
8,1,GSM331417,1,0.6259295344352722
8,1,GSM331418,1,0.7375281453132629
8,1,GSM331420,1,0.6614949107170105
8,1,GSM331422,1,0.5683627724647522
8,1,GSM331426,1,0.5559807419776917
8,1,GSM331427,1,0.5706930756568909
8,1,GSM331432,1,0.2450568526983261
8,1,GSM331436,1,0.23785658180713654
8,1,GSM331438,1,0.5413265228271484
8,1,GSM331440,1,0.502713143825531
8,1,GSM331441,1,0.6082688570022583
8,1,GSM331442,1,0.4469560980796814
8,1,GSM331443,1,0.46634209156036377
8,1,GSM331445,1,0.3206707537174225
8,1,GSM331447,1,0.6161961555480957
8,1,GSM331448,1,0.4762764871120453
8,1,GSM331450,1,0.4399487376213074
8,1,GSM331452,1,0.7605477571487427
8,2,GSM331662,0,0.34311673045158386
8,2,GSM331666,0,0.22763687372207642
8,2,GSM331669,0,0.7827744483947754
8,2,GSM331670,0,0.43861860036849976
8,2,GSM331672,0,0.5196027755737305
8,2,GSM331674,0,0.7252379059791565
8,2,GSM331677,0,0.23057027161121368
8,2,GSM331680,0,0.47327861189842224
8,2,GSM331681,0,0.6490785479545593
8,2,GSM331682,0,0.45765647292137146
8,2,GSM331687,0,0.28637510538101196
8,2,GSM331688,0,0.4962206482887268
8,2,GSM331691,0,0.5030447244644165
8,2,GSM331692,0,0.41032248735427856
8,2,GSM331695,0,0.21060261130332947
8,2,GSM331696,0,0.28824350237846375
8,2,GSM331697,0,0.22236213088035583
8,2,GSM331698,0,0.19264940917491913
8,2,GSM331699,0,0.4100896418094635
8,2,GSM331702,0,0.5003149509429932
8,2,GSM331703,0,0.2580174505710602
8,2,GSM331705,0,0.43487903475761414
8,2,GSM331706,0,0.7008761167526245
8,2,GSM331711,0,0.49822744727134705
8,2,GSM331713,0,0.404327392578125
8,2,GSM331714,0,0.6813684105873108
8,2,GSM331715,0,0.16805577278137207
8,2,GSM331716,0,0.825749397277832
8,2,GSM331718,0,0.6782609820365906
8,2,GSM331720,0,0.2664150893688202
8,2,GSM331722,0,0.531782329082489
8,2,GSM331723,0,0.6049530506134033
8,2,GSM331728,0,0.19885435700416565
8,2,GSM331729,0,0.22403505444526672
8,2,GSM331730,0,0.43798065185546875
8,2,GSM331732,0,0.5818334817886353
8,2,GSM331378,1,0.6825940608978271
8,2,GSM331379,1,0.40895628929138184
8,2,GSM331380,1,0.7257707715034485
8,2,GSM331382,1,0.5859472155570984
8,2,GSM331384,1,0.6248071789741516
8,2,GSM331386,1,0.3530302941799164
8,2,GSM331387,1,0.5590890049934387
8,2,GSM331389,1,0.4187006950378418
8,2,GSM331390,1,0.4224013686180115
8,2,GSM331391,1,0.6399374604225159
8,2,GSM331396,1,0.5418182611465454
8,2,GSM331397,1,0.2776285409927368
8,2,GSM331399,1,0.6583914160728455
8,2,GSM331400,1,0.5315945744514465
8,2,GSM331401,1,0.5675992965698242
8,2,GSM331402,1,0.5959655046463013
8,2,GSM331405,1,0.2918447256088257
8,2,GSM331406,1,0.7038742303848267
8,2,GSM331407,1,0.5960858464241028
8,2,GSM331409,1,0.6100212931632996
8,2,GSM331412,1,0.814784586429596
8,2,GSM331419,1,0.5726824998855591
8,2,GSM331421,1,0.6235995888710022
8,2,GSM331424,1,0.3966226875782013
8,2,GSM331425,1,0.4823867380619049
8,2,GSM331428,1,0.2832084894180298
8,2,GSM331429,1,0.6401140093803406
8,2,GSM331430,1,0.30137118697166443
8,2,GSM331431,1,0.5818597078323364
8,2,GSM331434,1,0.7069243788719177
8,2,GSM331439,1,0.6871539354324341
8,2,GSM331444,1,0.764090359210968
8,2,GSM331446,1,0.2819124460220337
9,1,GSM331661,0,0.21344977617263794
9,1,GSM331663,0,0.0928424596786499
9,1,GSM331666,0,0.28126031160354614
9,1,GSM331668,0,0.8013206124305725
9,1,GSM331669,0,0.6373597979545593
9,1,GSM331670,0,0.5834930539131165
9,1,GSM331671,0,0.7116559147834778
9,1,GSM331672,0,0.5273518562316895
9,1,GSM331673,0,0.1969093531370163
9,1,GSM331675,0,0.04040040820837021
9,1,GSM331678,0,0.27282634377479553
9,1,GSM331680,0,0.5711680054664612
9,1,GSM331682,0,0.34409934282302856
9,1,GSM331683,0,0.9743630290031433
9,1,GSM331684,0,0.11879146844148636
9,1,GSM331686,0,0.4103010296821594
9,1,GSM331687,0,0.2586038112640381
9,1,GSM331688,0,0.745123565196991
9,1,GSM331692,0,0.07432634383440018
9,1,GSM331693,0,0.078336700797081
9,1,GSM331694,0,0.6565234661102295
9,1,GSM331698,0,0.04056055098772049
9,1,GSM331703,0,0.3735581338405609
9,1,GSM331704,0,0.3788602352142334
9,1,GSM331706,0,0.6887418031692505
9,1,GSM331708,0,0.8660921454429626
9,1,GSM331709,0,0.18595153093338013
9,1,GSM331714,0,0.9680212736129761
9,1,GSM331715,0,0.1518913358449936
9,1,GSM331718,0,0.9043423533439636
9,1,GSM331719,0,0.028313372284173965
9,1,GSM331720,0,0.608801007270813
9,1,GSM331723,0,0.48476526141166687
9,1,GSM331727,0,0.675013542175293
9,1,GSM331728,0,0.36810195446014404
9,1,GSM331729,0,0.20355992019176483
9,1,GSM331730,0,0.31298089027404785
9,1,GSM331378,1,0.7460852265357971
9,1,GSM331380,1,0.7122106552124023
9,1,GSM331382,1,0.31605401635169983
9,1,GSM331387,1,0.7447999119758606
9,1,GSM331389,1,0.8427916765213013
9,1,GSM331390,1,0.18990594148635864
9,1,GSM331391,1,0.7334835529327393
9,1,GSM331393,1,0.4109249711036682
9,1,GSM331395,1,0.5626235604286194
9,1,GSM331397,1,0.5494894981384277
9,1,GSM331399,1,0.5762345194816589
9,1,GSM331400,1,0.6927614808082581
9,1,GSM331402,1,0.4200996160507202
9,1,GSM331404,1,0.8356943130493164
9,1,GSM331405,1,0.18297210335731506
9,1,GSM331407,1,0.2864329516887665
9,1,GSM331408,1,0.44703036546707153
9,1,GSM331411,1,0.6624329090118408
9,1,GSM331412,1,0.7934050559997559
9,1,GSM331418,1,0.8322000503540039
9,1,GSM331419,1,0.1207788735628128
9,1,GSM331420,1,0.6182079315185547
9,1,GSM331421,1,0.9105339646339417
9,1,GSM331422,1,0.5897808074951172
9,1,GSM331431,1,0.7638896703720093
9,1,GSM331434,1,0.7281935811042786
9,1,GSM331436,1,0.1345146745443344
9,1,GSM331438,1,0.6675663590431213
9,1,GSM331439,1,0.9629521369934082
9,1,GSM331442,1,0.7242305278778076
9,1,GSM331446,1,0.17871345579624176
9,1,GSM331447,1,0.5471530556678772
9,1,GSM331448,1,0.7028554677963257
9,2,GSM331638,0,0.5409516096115112
9,2,GSM331660,0,0.3957786560058594
9,2,GSM331662,0,0.8820420503616333
9,2,GSM331664,0,0.8771774172782898
9,2,GSM331665,0,0.6137099266052246
9,2,GSM331674,0,0.6436032056808472
9,2,GSM331676,0,0.7376852035522461
9,2,GSM331677,0,0.1570882648229599
9,2,GSM331679,0,0.8234185576438904
9,2,GSM331681,0,0.208089679479599
9,2,GSM331685,0,0.5463205575942993
9,2,GSM331689,0,0.6765588521957397
9,2,GSM331690,0,0.399305522441864
9,2,GSM331691,0,0.5706206560134888
9,2,GSM331695,0,0.4978104531764984
9,2,GSM331696,0,0.6366758346557617
9,2,GSM331697,0,0.08581611514091492
9,2,GSM331699,0,0.438383549451828
9,2,GSM331700,0,0.35500776767730713
9,2,GSM331701,0,0.17701835930347443
9,2,GSM331702,0,0.4134479761123657
9,2,GSM331705,0,0.10285677760839462
9,2,GSM331707,0,0.4162331819534302
9,2,GSM331710,0,0.19109921157360077
9,2,GSM331711,0,0.8241865038871765
9,2,GSM331712,0,0.3433429002761841
9,2,GSM331713,0,0.26203569769859314
9,2,GSM331716,0,0.7978794574737549
9,2,GSM331717,0,0.5629466772079468
9,2,GSM331721,0,0.7914137840270996
9,2,GSM331722,0,0.8786758184432983
9,2,GSM331724,0,0.12396086007356644
9,2,GSM331725,0,0.8585066795349121
9,2,GSM331726,0,0.20165812969207764
9,2,GSM331731,0,0.8848868608474731
9,2,GSM331732,0,0.5355709791183472
9,2,GSM331377,1,0.7747676372528076
9,2,GSM331379,1,0.16697350144386292
9,2,GSM331381,1,0.7565209269523621
9,2,GSM331383,1,0.744857907295227
9,2,GSM331384,1,0.8268419504165649
9,2,GSM331385,1,0.6296250224113464
9,2,GSM331386,1,0.6028921008110046
9,2,GSM331388,1,0.5732096433639526
9,2,GSM331396,1,0.7475932836532593
9,2,GSM331401,1,0.26574692130088806
9,2,GSM331403,1,0.7262446880340576
9,2,GSM331406,1,0.9282677173614502
9,2,GSM331409,1,0.5023553371429443
9,2,GSM331410,1,0.10652627795934677
9,2,GSM331413,1,0.01792129874229431
9,2,GSM331414,1,0.7359693646430969
9,2,GSM331416,1,0.5936551094055176
9,2,GSM331417,1,0.3188129663467407
9,2,GSM331424,1,0.44158217310905457
9,2,GSM331425,1,0.43200626969337463
9,2,GSM331426,1,0.2723541259765625
9,2,GSM331427,1,0.614280641078949
9,2,GSM331428,1,0.24273861944675446
9,2,GSM331429,1,0.8968468904495239
9,2,GSM331430,1,0.37530842423439026
9,2,GSM331432,1,0.6187328696250916
9,2,GSM331440,1,0.63006591796875
9,2,GSM331441,1,0.8744998574256897
9,2,GSM331443,1,0.5743415355682373
9,2,GSM331444,1,0.3047426640987396
9,2,GSM331445,1,0.094322070479393
9,2,GSM331450,1,0.30027148127555847
9,2,GSM331452,1,0.9017683267593384
10,1,GSM331638,0,0.6482226848602295
10,1,GSM331660,0,0.4299640953540802
10,1,GSM331661,0,0.5121525526046753
10,1,GSM331662,0,0.5310660600662231
10,1,GSM331663,0,0.1370895355939865
10,1,GSM331664,0,0.19163352251052856
10,1,GSM331670,0,0.44691553711891174
10,1,GSM331672,0,0.44754889607429504
10,1,GSM331673,0,0.553823709487915
10,1,GSM331674,0,0.15731625258922577
10,1,GSM331677,0,0.0570523627102375
10,1,GSM331683,0,0.7721615433692932
10,1,GSM331684,0,0.4918242394924164
10,1,GSM331685,0,0.2574085593223572
10,1,GSM331688,0,0.5308098196983337
10,1,GSM331690,0,0.7008454203605652
10,1,GSM331691,0,0.7679779529571533
10,1,GSM331692,0,0.3610335886478424
10,1,GSM331693,0,0.2766249477863312
10,1,GSM331695,0,0.35157808661460876
10,1,GSM331697,0,0.3741454780101776
10,1,GSM331699,0,0.18183884024620056
10,1,GSM331702,0,0.27775412797927856
10,1,GSM331704,0,0.5836143493652344
10,1,GSM331706,0,0.7928516864776611
10,1,GSM331707,0,0.07809337228536606
10,1,GSM331708,0,0.5291240811347961
10,1,GSM331709,0,0.240438312292099
10,1,GSM331715,0,0.1476559340953827
10,1,GSM331718,0,0.3052127957344055
10,1,GSM331719,0,0.34063223004341125
10,1,GSM331721,0,0.4417736530303955
10,1,GSM331724,0,0.42136937379837036
10,1,GSM331725,0,0.13851822912693024
10,1,GSM331726,0,0.378225177526474
10,1,GSM331727,0,0.2206020951271057
10,1,GSM331729,0,0.26956310868263245
10,1,GSM331378,1,0.5359326004981995
10,1,GSM331379,1,0.4142777919769287
10,1,GSM331381,1,0.4339592754840851
10,1,GSM331382,1,0.7356747984886169
10,1,GSM331384,1,0.8513653874397278
10,1,GSM331386,1,0.3414876163005829
10,1,GSM331387,1,0.30098649859428406
10,1,GSM331388,1,0.5545064806938171
10,1,GSM331390,1,0.2600369155406952
10,1,GSM331400,1,0.7694159746170044
10,1,GSM331401,1,0.7060114741325378
10,1,GSM331404,1,0.7590730786323547
10,1,GSM331405,1,0.17535722255706787
10,1,GSM331408,1,0.6322057843208313
10,1,GSM331409,1,0.7715852856636047
10,1,GSM331410,1,0.4419402778148651
10,1,GSM331412,1,0.6589674949645996
10,1,GSM331417,1,0.7351585030555725
10,1,GSM331418,1,0.7157639861106873
10,1,GSM331420,1,0.6801783442497253
10,1,GSM331425,1,0.864518940448761
10,1,GSM331427,1,0.24967855215072632
10,1,GSM331428,1,0.18534423410892487
10,1,GSM331429,1,0.2642183005809784
10,1,GSM331431,1,0.2568860650062561
10,1,GSM331436,1,0.5313040614128113
10,1,GSM331439,1,0.5680726170539856
10,1,GSM331440,1,0.5236668586730957
10,1,GSM331442,1,0.5287189483642578
10,1,GSM331443,1,0.7484650611877441
10,1,GSM331446,1,0.3502771556377411
10,1,GSM331447,1,0.5946500301361084
10,1,GSM331450,1,0.09788255393505096
10,2,GSM331665,0,0.2346852421760559
10,2,GSM331666,0,0.24163587391376495
10,2,GSM331668,0,0.22562175989151
10,2,GSM331669,0,0.3476003408432007
10,2,GSM331671,0,0.18942318856716156
10,2,GSM331675,0,0.45520782470703125
10,2,GSM331676,0,0.3190329074859619
10,2,GSM331678,0,0.11613942682743073
10,2,GSM331679,0,0.163394033908844
10,2,GSM331680,0,0.6820382475852966
10,2,GSM331681,0,0.6246519088745117
10,2,GSM331682,0,0.521323561668396
10,2,GSM331686,0,0.4503825902938843
10,2,GSM331687,0,0.0562056340277195
10,2,GSM331689,0,0.4130629599094391
10,2,GSM331694,0,0.4488290548324585
10,2,GSM331696,0,0.2599734365940094
10,2,GSM331698,0,0.05987226217985153
10,2,GSM331700,0,0.09336848556995392
10,2,GSM331701,0,0.18044275045394897
10,2,GSM331703,0,0.2713015079498291
10,2,GSM331705,0,0.4967121481895447
10,2,GSM331710,0,0.5907362103462219
10,2,GSM331711,0,0.6318919062614441
10,2,GSM331712,0,0.4604525864124298
10,2,GSM331713,0,0.35318559408187866
10,2,GSM331714,0,0.5244733691215515
10,2,GSM331716,0,0.690963089466095
10,2,GSM331717,0,0.5706390738487244
10,2,GSM331720,0,0.5480608344078064
10,2,GSM331722,0,0.5720815062522888
10,2,GSM331723,0,0.2595413327217102
10,2,GSM331728,0,0.16976463794708252
10,2,GSM331730,0,0.6444841623306274
10,2,GSM331731,0,0.30750975012779236
10,2,GSM331732,0,0.33591389656066895
10,2,GSM331377,1,0.2346750944852829
10,2,GSM331380,1,0.6146528124809265
10,2,GSM331383,1,0.42930689454078674
10,2,GSM331385,1,0.2432982325553894
10,2,GSM331389,1,0.3237884044647217
10,2,GSM331391,1,0.5026916265487671
10,2,GSM331393,1,0.49638131260871887
10,2,GSM331395,1,0.6751778721809387
10,2,GSM331396,1,0.6694254875183105
10,2,GSM331397,1,0.22825384140014648
10,2,GSM331399,1,0.38492143154144287
10,2,GSM331402,1,0.3180025815963745
10,2,GSM331403,1,0.6729997992515564
10,2,GSM331406,1,0.5121820569038391
10,2,GSM331407,1,0.7458619475364685
10,2,GSM331411,1,0.33432355523109436
10,2,GSM331413,1,0.4890097379684448
10,2,GSM331414,1,0.4646431505680084
10,2,GSM331416,1,0.8259738683700562
10,2,GSM331419,1,0.5302140116691589
10,2,GSM331421,1,0.7833008170127869
10,2,GSM331422,1,0.3204807937145233
10,2,GSM331424,1,0.31603410840034485
10,2,GSM331426,1,0.27719736099243164
10,2,GSM331430,1,0.1744016408920288
10,2,GSM331432,1,0.4268341064453125
10,2,GSM331434,1,0.6712459921836853
10,2,GSM331438,1,0.46344199776649475
10,2,GSM331441,1,0.4757104814052582
10,2,GSM331444,1,0.25580501556396484
10,2,GSM331445,1,0.5237473845481873
10,2,GSM331448,1,0.11139979958534241
10,2,GSM331452,1,0.7249315977096558
11,1,GSM331638,0,0.19613435864448547
11,1,GSM331660,0,0.038749001920223236
11,1,GSM331663,0,0.20638532936573029
11,1,GSM331665,0,0.4581044018268585
11,1,GSM331666,0,0.14726649224758148
11,1,GSM331669,0,0.8280288577079773
11,1,GSM331671,0,0.5406966805458069
11,1,GSM331673,0,0.309774249792099
11,1,GSM331676,0,0.328205406665802
11,1,GSM331678,0,0.027235809713602066
11,1,GSM331679,0,0.3484937846660614
11,1,GSM331681,0,0.7854124903678894
11,1,GSM331682,0,0.6489225029945374
11,1,GSM331683,0,0.7043040990829468
11,1,GSM331688,0,0.4283466041088104
11,1,GSM331689,0,0.18181836605072021
11,1,GSM331691,0,0.4440382122993469
11,1,GSM331692,0,0.3446093797683716
11,1,GSM331693,0,0.4383888840675354
11,1,GSM331695,0,0.14393863081932068
11,1,GSM331698,0,0.15634237229824066
11,1,GSM331699,0,0.16511034965515137
11,1,GSM331700,0,0.34699746966362
11,1,GSM331701,0,0.281916081905365
11,1,GSM331704,0,0.5682403445243835
11,1,GSM331706,0,0.8045436143875122
11,1,GSM331707,0,0.2609393298625946
11,1,GSM331709,0,0.18400046229362488
11,1,GSM331710,0,0.1915949583053589
11,1,GSM331711,0,0.2849893867969513
11,1,GSM331712,0,0.6165194511413574
11,1,GSM331715,0,0.11637455970048904
11,1,GSM331718,0,0.6645599007606506
11,1,GSM331721,0,0.8135563135147095
11,1,GSM331722,0,0.40227723121643066
11,1,GSM331724,0,0.28720521926879883
11,1,GSM331725,0,0.4099093973636627
11,1,GSM331377,1,0.3923901617527008
11,1,GSM331378,1,0.5418035984039307
11,1,GSM331379,1,0.5250661969184875
11,1,GSM331380,1,0.6925923824310303
11,1,GSM331382,1,0.21261216700077057
11,1,GSM331385,1,0.3443557620048523
11,1,GSM331388,1,0.6230490803718567
11,1,GSM331390,1,0.3185938894748688
11,1,GSM331391,1,0.5933992266654968
11,1,GSM331397,1,0.06389445066452026
11,1,GSM331399,1,0.7591897249221802
11,1,GSM331407,1,0.6506223678588867
11,1,GSM331408,1,0.23258323967456818
11,1,GSM331410,1,0.24031320214271545
11,1,GSM331411,1,0.4843495190143585
11,1,GSM331412,1,0.652894139289856
11,1,GSM331416,1,0.3936636447906494
11,1,GSM331417,1,0.6363505125045776
11,1,GSM331418,1,0.747144341468811
11,1,GSM331419,1,0.510299563407898
11,1,GSM331420,1,0.5029250979423523
11,1,GSM331421,1,0.5687030553817749
11,1,GSM331422,1,0.6983632445335388
11,1,GSM331425,1,0.36791160702705383
11,1,GSM331426,1,0.557197093963623
11,1,GSM331428,1,0.13045154511928558
11,1,GSM331429,1,0.5586976408958435
11,1,GSM331432,1,0.21975289285182953
11,1,GSM331436,1,0.188529834151268
11,1,GSM331439,1,0.5907127261161804
11,1,GSM331443,1,0.19056500494480133
11,1,GSM331446,1,0.0865088403224945
11,1,GSM331450,1,0.365174263715744
11,2,GSM331661,0,0.702313244342804
11,2,GSM331662,0,0.23220139741897583
11,2,GSM331664,0,0.3678775131702423
11,2,GSM331668,0,0.3661922514438629
11,2,GSM331670,0,0.48311612010002136
11,2,GSM331672,0,0.6377041339874268
11,2,GSM331674,0,0.6410556435585022
11,2,GSM331675,0,0.27989545464515686
11,2,GSM331677,0,0.0967232882976532
11,2,GSM331680,0,0.4053611159324646
11,2,GSM331684,0,0.4229086637496948
11,2,GSM331685,0,0.142531156539917
11,2,GSM331686,0,0.6263177394866943
11,2,GSM331687,0,0.1134328618645668
11,2,GSM331690,0,0.7139999270439148
11,2,GSM331694,0,0.317607581615448
11,2,GSM331696,0,0.3513798713684082
11,2,GSM331697,0,0.11034483462572098
11,2,GSM331702,0,0.6542170643806458
11,2,GSM331703,0,0.21030373871326447
11,2,GSM331705,0,0.4889101982116699
11,2,GSM331708,0,0.32774293422698975
11,2,GSM331713,0,0.5128137469291687
11,2,GSM331714,0,0.733375072479248
11,2,GSM331716,0,0.9491047263145447
11,2,GSM331717,0,0.8504369258880615
11,2,GSM331719,0,0.21990369260311127
11,2,GSM331720,0,0.28526929020881653
11,2,GSM331723,0,0.6689181327819824
11,2,GSM331726,0,0.051072314381599426
11,2,GSM331727,0,0.19848550856113434
11,2,GSM331728,0,0.06417754292488098
11,2,GSM331729,0,0.08854451775550842
11,2,GSM331730,0,0.47103703022003174
11,2,GSM331731,0,0.30060383677482605
11,2,GSM331732,0,0.4462222158908844
11,2,GSM331381,1,0.38272401690483093
11,2,GSM331383,1,0.5605248212814331
11,2,GSM331384,1,0.6471143364906311
11,2,GSM331386,1,0.526870608329773
11,2,GSM331387,1,0.49816828966140747
11,2,GSM331389,1,0.39041244983673096
11,2,GSM331393,1,0.5124855041503906
11,2,GSM331395,1,0.31628260016441345
11,2,GSM331396,1,0.4932864010334015
11,2,GSM331400,1,0.3380126953125
11,2,GSM331401,1,0.8058338761329651
11,2,GSM331402,1,0.6244839429855347
11,2,GSM331403,1,0.8897964954376221
11,2,GSM331404,1,0.6663421392440796
11,2,GSM331405,1,0.3389956057071686
11,2,GSM331406,1,0.4955524206161499
11,2,GSM331409,1,0.6756718158721924
11,2,GSM331413,1,0.17248065769672394
11,2,GSM331414,1,0.5047028064727783
11,2,GSM331424,1,0.3121180832386017
11,2,GSM331427,1,0.5554269552230835
11,2,GSM331430,1,0.10360398888587952
11,2,GSM331431,1,0.48752254247665405
11,2,GSM331434,1,0.702896773815155
11,2,GSM331438,1,0.6928231120109558
11,2,GSM331440,1,0.5158719420433044
11,2,GSM331441,1,0.5708296895027161
11,2,GSM331442,1,0.31076693534851074
11,2,GSM331444,1,0.8955109715461731
11,2,GSM331445,1,0.6411372423171997
11,2,GSM331447,1,0.7214528918266296
11,2,GSM331448,1,0.642852783203125
11,2,GSM331452,1,0.8518648743629456
12,1,GSM331660,0,0.15010426938533783
12,1,GSM331662,0,0.27865341305732727
12,1,GSM331664,0,0.12229859083890915
12,1,GSM331670,0,0.2497875690460205
12,1,GSM331671,0,0.49274688959121704
12,1,GSM331672,0,0.5996091961860657
12,1,GSM331674,0,0.5240577459335327
12,1,GSM331676,0,0.4216884672641754
12,1,GSM331677,0,0.13874810934066772
12,1,GSM331679,0,0.19768725335597992
12,1,GSM331681,0,0.7271057367324829
12,1,GSM331682,0,0.5907670259475708
12,1,GSM331683,0,0.638847291469574
12,1,GSM331686,0,0.7200852036476135
12,1,GSM331689,0,0.3265354037284851
12,1,GSM331691,0,0.5129010677337646
12,1,GSM331694,0,0.3356357216835022
12,1,GSM331695,0,0.20160600543022156
12,1,GSM331698,0,0.15425683557987213
12,1,GSM331700,0,0.14116628468036652
12,1,GSM331701,0,0.23981648683547974
12,1,GSM331705,0,0.4717901945114136
12,1,GSM331706,0,0.8912258148193359
12,1,GSM331709,0,0.18997839093208313
12,1,GSM331711,0,0.5854303240776062
12,1,GSM331712,0,0.5614927411079407
12,1,GSM331713,0,0.270084410905838
12,1,GSM331717,0,0.7529082298278809
12,1,GSM331720,0,0.20817458629608154
12,1,GSM331721,0,0.8225430250167847
12,1,GSM331722,0,0.41160887479782104
12,1,GSM331723,0,0.7022115588188171
12,1,GSM331724,0,0.17001335322856903
12,1,GSM331726,0,0.06519091874361038
12,1,GSM331728,0,0.084562748670578
12,1,GSM331729,0,0.06841713935136795
12,1,GSM331732,0,0.47212299704551697
12,1,GSM331377,1,0.49253129959106445
12,1,GSM331379,1,0.24923209846019745
12,1,GSM331381,1,0.49471062421798706
12,1,GSM331382,1,0.4441164433956146
12,1,GSM331383,1,0.7132929563522339
12,1,GSM331384,1,0.6955558657646179
12,1,GSM331385,1,0.5087451338768005
12,1,GSM331391,1,0.6770349740982056
12,1,GSM331395,1,0.12710778415203094
12,1,GSM331402,1,0.6261168122291565
12,1,GSM331403,1,0.8185819983482361
12,1,GSM331405,1,0.06255674362182617
12,1,GSM331408,1,0.3995726704597473
12,1,GSM331409,1,0.6054339408874512
12,1,GSM331410,1,0.23220321536064148
12,1,GSM331411,1,0.4572368562221527
12,1,GSM331413,1,0.1154208555817604
12,1,GSM331414,1,0.6959667801856995
12,1,GSM331416,1,0.371764212846756
12,1,GSM331418,1,0.9571002721786499
12,1,GSM331419,1,0.4585908353328705
12,1,GSM331426,1,0.5231993794441223
12,1,GSM331427,1,0.5524874329566956
12,1,GSM331428,1,0.04217580333352089
12,1,GSM331429,1,0.6353720426559448
12,1,GSM331434,1,0.6418054699897766
12,1,GSM331436,1,0.3096748888492584
12,1,GSM331439,1,0.7418951988220215
12,1,GSM331440,1,0.5037355422973633
12,1,GSM331441,1,0.5681609511375427
12,1,GSM331444,1,0.5704100131988525
12,1,GSM331445,1,0.27923235297203064
12,1,GSM331448,1,0.6169190406799316
12,2,GSM331638,0,0.46261751651763916
12,2,GSM331661,0,0.6564780473709106
12,2,GSM331663,0,0.15969350934028625
12,2,GSM331665,0,0.4936046600341797
12,2,GSM331666,0,0.23873069882392883
12,2,GSM331668,0,0.3329291343688965
12,2,GSM331669,0,0.7625119686126709
12,2,GSM331673,0,0.4402996003627777
12,2,GSM331675,0,0.1586156189441681
12,2,GSM331678,0,0.056763943284749985
12,2,GSM331680,0,0.30669230222702026
12,2,GSM331684,0,0.28102418780326843
12,2,GSM331685,0,0.08708297461271286
12,2,GSM331687,0,0.10744914412498474
12,2,GSM331688,0,0.617261528968811
12,2,GSM331690,0,0.5428447723388672
12,2,GSM331692,0,0.34191420674324036
12,2,GSM331693,0,0.3238741159439087
12,2,GSM331696,0,0.26221907138824463
12,2,GSM331697,0,0.08746662735939026
12,2,GSM331699,0,0.2274482250213623
12,2,GSM331702,0,0.4962325096130371
12,2,GSM331703,0,0.4356836974620819
12,2,GSM331704,0,0.592766523361206
12,2,GSM331707,0,0.2522711753845215
12,2,GSM331708,0,0.3010233938694
12,2,GSM331710,0,0.3115997910499573
12,2,GSM331714,0,0.5981287360191345
12,2,GSM331715,0,0.18025977909564972
12,2,GSM331716,0,0.9343094229698181
12,2,GSM331718,0,0.4675562381744385
12,2,GSM331719,0,0.11632844805717468
12,2,GSM331725,0,0.402808278799057
12,2,GSM331727,0,0.2847670912742615
12,2,GSM331730,0,0.6781107783317566
12,2,GSM331731,0,0.5414556264877319
12,2,GSM331378,1,0.4887775182723999
12,2,GSM331380,1,0.7831183671951294
12,2,GSM331386,1,0.3183099329471588
12,2,GSM331387,1,0.4665842354297638
12,2,GSM331388,1,0.6539977788925171
12,2,GSM331389,1,0.4230946898460388
12,2,GSM331390,1,0.3071146011352539
12,2,GSM331393,1,0.6447053551673889
12,2,GSM331396,1,0.4119192063808441
12,2,GSM331397,1,0.050457943230867386
12,2,GSM331399,1,0.4201563596725464
12,2,GSM331400,1,0.33131763339042664
12,2,GSM331401,1,0.7091535329818726
12,2,GSM331404,1,0.6990227699279785
12,2,GSM331406,1,0.4206351339817047
12,2,GSM331407,1,0.64007169008255
12,2,GSM331412,1,0.7282453179359436
12,2,GSM331417,1,0.6646615266799927
12,2,GSM331420,1,0.8181247711181641
12,2,GSM331421,1,0.6570228934288025
12,2,GSM331422,1,0.6836262345314026
12,2,GSM331424,1,0.17809456586837769
12,2,GSM331425,1,0.5868507027626038
12,2,GSM331430,1,0.14563745260238647
12,2,GSM331431,1,0.3577970564365387
12,2,GSM331432,1,0.23439565300941467
12,2,GSM331438,1,0.7919602394104004
12,2,GSM331442,1,0.484219491481781
12,2,GSM331443,1,0.3372158706188202
12,2,GSM331446,1,0.08278970420360565
12,2,GSM331447,1,0.6661072373390198
12,2,GSM331450,1,0.4209194481372833
12,2,GSM331452,1,0.6967851519584656
13,1,GSM331662,0,0.30235064029693604
13,1,GSM331665,0,0.43906256556510925
13,1,GSM331666,0,0.29769641160964966
13,1,GSM331668,0,0.372249960899353
13,1,GSM331670,0,0.4901866912841797
13,1,GSM331671,0,0.33511456847190857
13,1,GSM331672,0,0.5216540694236755
13,1,GSM331673,0,0.514219343662262
13,1,GSM331676,0,0.4526269733905792
13,1,GSM331678,0,0.2680633068084717
13,1,GSM331680,0,0.6512792706489563
13,1,GSM331681,0,0.5548686385154724
13,1,GSM331686,0,0.3700488209724426
13,1,GSM331688,0,0.509387195110321
13,1,GSM331689,0,0.430042564868927
13,1,GSM331694,0,0.5576240420341492
13,1,GSM331695,0,0.16631902754306793
13,1,GSM331697,0,0.3692408502101898
13,1,GSM331699,0,0.164061039686203
13,1,GSM331703,0,0.1864931434392929
13,1,GSM331704,0,0.44332993030548096
13,1,GSM331705,0,0.3421405553817749
13,1,GSM331706,0,0.5531051754951477
13,1,GSM331709,0,0.32493487000465393
13,1,GSM331710,0,0.4947662949562073
13,1,GSM331712,0,0.36823582649230957
13,1,GSM331716,0,0.5504284501075745
13,1,GSM331717,0,0.5277743935585022
13,1,GSM331718,0,0.4930679202079773
13,1,GSM331719,0,0.30358946323394775
13,1,GSM331722,0,0.5300989151000977
13,1,GSM331723,0,0.3729313015937805
13,1,GSM331724,0,0.46991175413131714
13,1,GSM331725,0,0.39102333784103394
13,1,GSM331727,0,0.5188822746276855
13,1,GSM331730,0,0.2564243972301483
13,1,GSM331732,0,0.5544905662536621
13,1,GSM331381,1,0.42690733075141907
13,1,GSM331382,1,0.5811659693717957
13,1,GSM331384,1,0.6394926309585571
13,1,GSM331387,1,0.4465152621269226
13,1,GSM331389,1,0.39579594135284424
13,1,GSM331391,1,0.6290866136550903
13,1,GSM331395,1,0.5811931490898132
13,1,GSM331396,1,0.6074721217155457
13,1,GSM331397,1,0.352262943983078
13,1,GSM331400,1,0.6805698275566101
13,1,GSM331402,1,0.3407461643218994
13,1,GSM331404,1,0.6606665253639221
13,1,GSM331405,1,0.24122291803359985
13,1,GSM331407,1,0.6733790040016174
13,1,GSM331408,1,0.5773686766624451
13,1,GSM331409,1,0.690237820148468
13,1,GSM331413,1,0.5126800537109375
13,1,GSM331414,1,0.6650588512420654
13,1,GSM331416,1,0.6903668642044067
13,1,GSM331419,1,0.5013121366500854
13,1,GSM331420,1,0.51726233959198
13,1,GSM331425,1,0.43294844031333923
13,1,GSM331426,1,0.44740575551986694
13,1,GSM331427,1,0.37917181849479675
13,1,GSM331429,1,0.5208429098129272
13,1,GSM331431,1,0.3446899950504303
13,1,GSM331432,1,0.2759421169757843
13,1,GSM331440,1,0.45331791043281555
13,1,GSM331441,1,0.3810584843158722
13,1,GSM331443,1,0.524040699005127
13,1,GSM331446,1,0.5305017232894897
13,1,GSM331448,1,0.2729211151599884
13,1,GSM331452,1,0.693990170955658
13,2,GSM331638,0,0.5528550744056702
13,2,GSM331660,0,0.3667541742324829
13,2,GSM331661,0,0.34957653284072876
13,2,GSM331663,0,0.30577924847602844
13,2,GSM331664,0,0.2724563181400299
13,2,GSM331669,0,0.3878300189971924
13,2,GSM331674,0,0.3770798146724701
13,2,GSM331675,0,0.3666088879108429
13,2,GSM331677,0,0.17183583974838257
13,2,GSM331679,0,0.4151284992694855
13,2,GSM331682,0,0.32860398292541504
13,2,GSM331683,0,0.8463172316551208
13,2,GSM331684,0,0.36688467860221863
13,2,GSM331685,0,0.47515156865119934
13,2,GSM331687,0,0.16720347106456757
13,2,GSM331690,0,0.5778384804725647
13,2,GSM331691,0,0.6138518452644348
13,2,GSM331692,0,0.39329323172569275
13,2,GSM331693,0,0.4707372784614563
13,2,GSM331696,0,0.23462894558906555
13,2,GSM331698,0,0.1757131963968277
13,2,GSM331700,0,0.32069605588912964
13,2,GSM331701,0,0.3073447644710541
13,2,GSM331702,0,0.27660855650901794
13,2,GSM331707,0,0.24262236058712006
13,2,GSM331708,0,0.636711061000824
13,2,GSM331711,0,0.49347880482673645
13,2,GSM331713,0,0.4683786928653717
13,2,GSM331714,0,0.5982881188392639
13,2,GSM331715,0,0.251429945230484
13,2,GSM331720,0,0.6077570915222168
13,2,GSM331721,0,0.3813537657260895
13,2,GSM331726,0,0.26079899072647095
13,2,GSM331728,0,0.40651950240135193
13,2,GSM331729,0,0.3693804442882538
13,2,GSM331731,0,0.5300741195678711
13,2,GSM331377,1,0.563154399394989
13,2,GSM331378,1,0.7034313678741455
13,2,GSM331379,1,0.5351185202598572
13,2,GSM331380,1,0.6941786408424377
13,2,GSM331383,1,0.6485310792922974
13,2,GSM331385,1,0.2587943971157074
13,2,GSM331386,1,0.49562138319015503
13,2,GSM331388,1,0.7225145697593689
13,2,GSM331390,1,0.47443056106567383
13,2,GSM331393,1,0.684834361076355
13,2,GSM331399,1,0.5902400016784668
13,2,GSM331401,1,0.618215799331665
13,2,GSM331403,1,0.7164271473884583
13,2,GSM331406,1,0.7731872797012329
13,2,GSM331410,1,0.47688332200050354
13,2,GSM331411,1,0.5402743816375732
13,2,GSM331412,1,0.7493610978126526
13,2,GSM331417,1,0.5616069436073303
13,2,GSM331418,1,0.6446537971496582
13,2,GSM331421,1,0.7475131154060364
13,2,GSM331422,1,0.5978912711143494
13,2,GSM331424,1,0.5259602069854736
13,2,GSM331428,1,0.4391971826553345
13,2,GSM331430,1,0.26082688570022583
13,2,GSM331434,1,0.781801700592041
13,2,GSM331436,1,0.4445774257183075
13,2,GSM331438,1,0.6887702941894531
13,2,GSM331439,1,0.574087917804718
13,2,GSM331442,1,0.5951949954032898
13,2,GSM331444,1,0.6163621544837952
13,2,GSM331445,1,0.5422828197479248
13,2,GSM331447,1,0.7120320200920105
13,2,GSM331450,1,0.39277949929237366
14,1,GSM331660,0,0.19539006054401398
14,1,GSM331661,0,0.5658688545227051
14,1,GSM331666,0,0.32041773200035095
14,1,GSM331668,0,0.4465917944908142
14,1,GSM331669,0,0.7402163147926331
14,1,GSM331670,0,0.4566432237625122
14,1,GSM331671,0,0.5635254979133606
14,1,GSM331673,0,0.43454509973526
14,1,GSM331674,0,0.7098593711853027
14,1,GSM331676,0,0.5735013484954834
14,1,GSM331677,0,0.17859752476215363
14,1,GSM331679,0,0.3422829210758209
14,1,GSM331680,0,0.5412709712982178
14,1,GSM331681,0,0.5753381848335266
14,1,GSM331687,0,0.15764600038528442
14,1,GSM331688,0,0.5610600113868713
14,1,GSM331689,0,0.46588996052742004
14,1,GSM331690,0,0.5753898620605469
14,1,GSM331691,0,0.7151957750320435
14,1,GSM331692,0,0.5756605267524719
14,1,GSM331694,0,0.5783641934394836
14,1,GSM331696,0,0.3098890781402588
14,1,GSM331697,0,0.07976755499839783
14,1,GSM331698,0,0.1461002230644226
14,1,GSM331699,0,0.3039017617702484
14,1,GSM331700,0,0.16044992208480835
14,1,GSM331704,0,0.46539559960365295
14,1,GSM331710,0,0.3770896792411804
14,1,GSM331711,0,0.586010754108429
14,1,GSM331713,0,0.341034859418869
14,1,GSM331714,0,0.6880108714103699
14,1,GSM331716,0,0.8710582256317139
14,1,GSM331717,0,0.5849418044090271
14,1,GSM331718,0,0.5551115274429321
14,1,GSM331721,0,0.718731164932251
14,1,GSM331726,0,0.089408278465271
14,1,GSM331728,0,0.23150767385959625
14,1,GSM331377,1,0.5654050707817078
14,1,GSM331378,1,0.5312449336051941
14,1,GSM331379,1,0.34245267510414124
14,1,GSM331380,1,0.6108288764953613
14,1,GSM331381,1,0.40479403734207153
14,1,GSM331382,1,0.6291993260383606
14,1,GSM331386,1,0.4657087028026581
14,1,GSM331388,1,0.43679627776145935
14,1,GSM331390,1,0.1138806864619255
14,1,GSM331397,1,0.165562704205513
14,1,GSM331401,1,0.6830551028251648
14,1,GSM331402,1,0.5338674783706665
14,1,GSM331403,1,0.6405543684959412
14,1,GSM331405,1,0.10798678547143936
14,1,GSM331413,1,0.21381694078445435
14,1,GSM331416,1,0.5175832509994507
14,1,GSM331419,1,0.5379116535186768
14,1,GSM331420,1,0.6515302062034607
14,1,GSM331422,1,0.4754851460456848
14,1,GSM331424,1,0.21611036360263824
14,1,GSM331426,1,0.31881171464920044
14,1,GSM331427,1,0.5003880858421326
14,1,GSM331428,1,0.10018563270568848
14,1,GSM331429,1,0.6514739394187927
14,1,GSM331430,1,0.2414245456457138
14,1,GSM331431,1,0.4080585539340973
14,1,GSM331438,1,0.4750113785266876
14,1,GSM331439,1,0.5287627577781677
14,1,GSM331443,1,0.23219934105873108
14,1,GSM331445,1,0.4379241168498993
14,1,GSM331446,1,0.1176053062081337
14,1,GSM331450,1,0.3929280936717987
14,1,GSM331452,1,0.7893969416618347
14,2,GSM331638,0,0.6405589580535889
14,2,GSM331662,0,0.40618523955345154
14,2,GSM331663,0,0.5178883075714111
14,2,GSM331664,0,0.24316968023777008
14,2,GSM331665,0,0.6354940533638
14,2,GSM331672,0,0.6649953722953796
14,2,GSM331675,0,0.30859875679016113
14,2,GSM331678,0,0.24394996464252472
14,2,GSM331682,0,0.5589690804481506
14,2,GSM331683,0,0.8627219796180725
14,2,GSM331684,0,0.4641145169734955
14,2,GSM331685,0,0.17471842467784882
14,2,GSM331686,0,0.5797110795974731
14,2,GSM331693,0,0.3950303792953491
14,2,GSM331695,0,0.3313439190387726
14,2,GSM331701,0,0.27678394317626953
14,2,GSM331702,0,0.3973226547241211
14,2,GSM331703,0,0.43485966324806213
14,2,GSM331705,0,0.6486884355545044
14,2,GSM331706,0,0.7081037759780884
14,2,GSM331707,0,0.3392827808856964
14,2,GSM331708,0,0.39747023582458496
14,2,GSM331709,0,0.3986416459083557
14,2,GSM331712,0,0.5835248827934265
14,2,GSM331715,0,0.24462370574474335
14,2,GSM331719,0,0.18592384457588196
14,2,GSM331720,0,0.5118685960769653
14,2,GSM331722,0,0.48627689480781555
14,2,GSM331723,0,0.8530260324478149
14,2,GSM331724,0,0.22537633776664734
14,2,GSM331725,0,0.40252697467803955
14,2,GSM331727,0,0.3803790807723999
14,2,GSM331729,0,0.2758314907550812
14,2,GSM331730,0,0.3693842887878418
14,2,GSM331731,0,0.6937254071235657
14,2,GSM331732,0,0.7535406947135925
14,2,GSM331383,1,0.5961745977401733
14,2,GSM331384,1,0.8358621597290039
14,2,GSM331385,1,0.5141210556030273
14,2,GSM331387,1,0.3930312395095825
14,2,GSM331389,1,0.6065002083778381
14,2,GSM331391,1,0.6743618845939636
14,2,GSM331393,1,0.43265822529792786
14,2,GSM331395,1,0.44962385296821594
14,2,GSM331396,1,0.5928617119789124
14,2,GSM331399,1,0.5519163012504578
14,2,GSM331400,1,0.3172900080680847
14,2,GSM331404,1,0.6748244762420654
14,2,GSM331406,1,0.8217931389808655
14,2,GSM331407,1,0.768866777420044
14,2,GSM331408,1,0.5772150754928589
14,2,GSM331409,1,0.5356861352920532
14,2,GSM331410,1,0.40019166469573975
14,2,GSM331411,1,0.3991974890232086
14,2,GSM331412,1,0.8227965235710144
14,2,GSM331414,1,0.505054771900177
14,2,GSM331417,1,0.7407921552658081
14,2,GSM331418,1,0.8903127908706665
14,2,GSM331421,1,0.6010966300964355
14,2,GSM331425,1,0.5804237127304077
14,2,GSM331432,1,0.4228912591934204
14,2,GSM331434,1,0.7251828908920288
14,2,GSM331436,1,0.42495405673980713
14,2,GSM331440,1,0.3285629451274872
14,2,GSM331441,1,0.6640075445175171
14,2,GSM331442,1,0.5221881866455078
14,2,GSM331444,1,0.47041088342666626
14,2,GSM331447,1,0.6410313248634338
14,2,GSM331448,1,0.3307061195373535
15,1,GSM331662,0,0.5440552234649658
15,1,GSM331663,0,0.2598440647125244
15,1,GSM331664,0,0.5726481080055237
15,1,GSM331668,0,0.7773544192314148
15,1,GSM331669,0,0.6987136006355286
15,1,GSM331670,0,0.5951346755027771
15,1,GSM331671,0,0.609576404094696
15,1,GSM331672,0,0.6648744940757751
15,1,GSM331673,0,0.379235178232193
15,1,GSM331674,0,0.4314110279083252
15,1,GSM331678,0,0.3988146483898163
15,1,GSM331680,0,0.7712967395782471
15,1,GSM331681,0,0.25077125430107117
15,1,GSM331686,0,0.5232505798339844
15,1,GSM331689,0,0.4912894070148468
15,1,GSM331694,0,0.6997711062431335
15,1,GSM331695,0,0.42917755246162415
15,1,GSM331696,0,0.38426437973976135
15,1,GSM331698,0,0.13815155625343323
15,1,GSM331699,0,0.38783442974090576
15,1,GSM331700,0,0.3011316955089569
15,1,GSM331701,0,0.4942248463630676
15,1,GSM331702,0,0.662651777267456
15,1,GSM331704,0,0.5384385585784912
15,1,GSM331705,0,0.45790013670921326
15,1,GSM331708,0,0.8014124035835266
15,1,GSM331709,0,0.2615385949611664
15,1,GSM331712,0,0.3763486444950104
15,1,GSM331716,0,0.8293752670288086
15,1,GSM331717,0,0.739206075668335
15,1,GSM331719,0,0.17361724376678467
15,1,GSM331720,0,0.5042755007743835
15,1,GSM331722,0,0.7507736682891846
15,1,GSM331723,0,0.5930087566375732
15,1,GSM331724,0,0.3886609673500061
15,1,GSM331731,0,0.7762924432754517
15,1,GSM331732,0,0.3769451975822449
15,1,GSM331377,1,0.7077071070671082
15,1,GSM331379,1,0.5571213960647583
15,1,GSM331380,1,0.6453485488891602
15,1,GSM331383,1,0.7175461053848267
15,1,GSM331384,1,0.7737305164337158
15,1,GSM331386,1,0.517710268497467
15,1,GSM331390,1,0.43098971247673035
15,1,GSM331395,1,0.6260124444961548
15,1,GSM331399,1,0.7355096936225891
15,1,GSM331401,1,0.6240320801734924
15,1,GSM331402,1,0.39289283752441406
15,1,GSM331404,1,0.7057182788848877
15,1,GSM331405,1,0.28936320543289185
15,1,GSM331407,1,0.5812801122665405
15,1,GSM331408,1,0.7286526560783386
15,1,GSM331410,1,0.545632004737854
15,1,GSM331411,1,0.6792659163475037
15,1,GSM331412,1,0.8177921175956726
15,1,GSM331416,1,0.513708233833313
15,1,GSM331417,1,0.42923980951309204
15,1,GSM331419,1,0.3455154597759247
15,1,GSM331421,1,0.8900095224380493
15,1,GSM331422,1,0.706657350063324
15,1,GSM331427,1,0.7318000197410583
15,1,GSM331428,1,0.3849017322063446
15,1,GSM331429,1,0.7373636960983276
15,1,GSM331430,1,0.26105865836143494
15,1,GSM331431,1,0.5100707411766052
15,1,GSM331436,1,0.31882381439208984
15,1,GSM331439,1,0.7919318675994873
15,1,GSM331445,1,0.4313938617706299
15,1,GSM331447,1,0.734431803226471
15,1,GSM331448,1,0.5744695067405701
15,2,GSM331638,0,0.5272929668426514
15,2,GSM331660,0,0.2960077226161957
15,2,GSM331661,0,0.46333327889442444
15,2,GSM331665,0,0.4451183080673218
15,2,GSM331666,0,0.3961581289768219
15,2,GSM331675,0,0.2043047547340393
15,2,GSM331676,0,0.5596696138381958
15,2,GSM331677,0,0.07919146865606308
15,2,GSM331679,0,0.5187997817993164
15,2,GSM331682,0,0.3003944754600525
15,2,GSM331683,0,0.8742508292198181
15,2,GSM331684,0,0.3468327522277832
15,2,GSM331685,0,0.422329306602478
15,2,GSM331687,0,0.11829325556755066
15,2,GSM331688,0,0.5215814709663391
15,2,GSM331690,0,0.6184741258621216
15,2,GSM331691,0,0.7842418551445007
15,2,GSM331692,0,0.24487850069999695
15,2,GSM331693,0,0.4575234353542328
15,2,GSM331697,0,0.1950893998146057
15,2,GSM331703,0,0.42709773778915405
15,2,GSM331706,0,0.40361225605010986
15,2,GSM331707,0,0.3470139801502228
15,2,GSM331710,0,0.3360673487186432
15,2,GSM331711,0,0.6399602890014648
15,2,GSM331713,0,0.34797465801239014
15,2,GSM331714,0,0.7844832539558411
15,2,GSM331715,0,0.18303997814655304
15,2,GSM331718,0,0.6701524257659912
15,2,GSM331721,0,0.349097341299057
15,2,GSM331725,0,0.34453973174095154
15,2,GSM331726,0,0.200301393866539
15,2,GSM331727,0,0.5251859426498413
15,2,GSM331728,0,0.27284032106399536
15,2,GSM331729,0,0.22393158078193665
15,2,GSM331730,0,0.4724832773208618
15,2,GSM331378,1,0.824273407459259
15,2,GSM331381,1,0.5975839495658875
15,2,GSM331382,1,0.6877976059913635
15,2,GSM331385,1,0.3854575753211975
15,2,GSM331387,1,0.601091206073761
15,2,GSM331388,1,0.6315133571624756
15,2,GSM331389,1,0.5422016978263855
15,2,GSM331391,1,0.7015358805656433
15,2,GSM331393,1,0.5498741865158081
15,2,GSM331396,1,0.8387170433998108
15,2,GSM331397,1,0.46661555767059326
15,2,GSM331400,1,0.5185248851776123
15,2,GSM331403,1,0.6178755164146423
15,2,GSM331406,1,0.6922312378883362
15,2,GSM331409,1,0.7818135023117065
15,2,GSM331413,1,0.30185940861701965
15,2,GSM331414,1,0.6619083881378174
15,2,GSM331418,1,0.7803946137428284
15,2,GSM331420,1,0.5382870435714722
15,2,GSM331424,1,0.4354225993156433
15,2,GSM331425,1,0.7119098901748657
15,2,GSM331426,1,0.5167155265808105
15,2,GSM331432,1,0.2699316740036011
15,2,GSM331434,1,0.8061595559120178
15,2,GSM331438,1,0.542232096195221
15,2,GSM331440,1,0.45324820280075073
15,2,GSM331441,1,0.6965839266777039
15,2,GSM331442,1,0.6359341740608215
15,2,GSM331443,1,0.6902442574501038
15,2,GSM331444,1,0.5901318788528442
15,2,GSM331446,1,0.32841363549232483
15,2,GSM331450,1,0.2817075550556183
15,2,GSM331452,1,0.8657587170600891
16,1,GSM331661,0,0.6668809652328491
16,1,GSM331666,0,0.4634092450141907
16,1,GSM331668,0,0.34951791167259216
16,1,GSM331670,0,0.47675612568855286
16,1,GSM331671,0,0.405325323343277
16,1,GSM331675,0,0.44118013978004456
16,1,GSM331676,0,0.6861937046051025
16,1,GSM331678,0,0.12177843600511551
16,1,GSM331680,0,0.4847845733165741
16,1,GSM331681,0,0.8173500299453735
16,1,GSM331682,0,0.6563655734062195
16,1,GSM331685,0,0.23260055482387543
16,1,GSM331687,0,0.10718975216150284
16,1,GSM331688,0,0.5137642025947571
16,1,GSM331691,0,0.5991051197052002
16,1,GSM331694,0,0.36260122060775757
16,1,GSM331696,0,0.3841179311275482
16,1,GSM331697,0,0.2117399275302887
16,1,GSM331699,0,0.12737736105918884
16,1,GSM331700,0,0.28873321413993835
16,1,GSM331702,0,0.5209136605262756
16,1,GSM331703,0,0.3816700577735901
16,1,GSM331704,0,0.6292994022369385
16,1,GSM331705,0,0.533988893032074
16,1,GSM331707,0,0.22421523928642273
16,1,GSM331709,0,0.28953754901885986
16,1,GSM331710,0,0.6250885128974915
16,1,GSM331714,0,0.7708432674407959
16,1,GSM331715,0,0.21284893155097961
16,1,GSM331716,0,0.8861145377159119
16,1,GSM331721,0,0.46849891543388367
16,1,GSM331723,0,0.4234731197357178
16,1,GSM331726,0,0.12489154934883118
16,1,GSM331727,0,0.4410771429538727
16,1,GSM331728,0,0.11886821687221527
16,1,GSM331730,0,0.5471054315567017
16,1,GSM331732,0,0.3812864422798157
16,1,GSM331377,1,0.37857264280319214
16,1,GSM331378,1,0.5093337297439575
16,1,GSM331380,1,0.7793203592300415
16,1,GSM331381,1,0.3042691648006439
16,1,GSM331385,1,0.43540528416633606
16,1,GSM331387,1,0.3739018142223358
16,1,GSM331388,1,0.7941136956214905
16,1,GSM331389,1,0.5217406153678894
16,1,GSM331391,1,0.40188369154930115
16,1,GSM331395,1,0.3686318099498749
16,1,GSM331401,1,0.6237506866455078
16,1,GSM331402,1,0.6369614005088806
16,1,GSM331404,1,0.7879819869995117
16,1,GSM331406,1,0.7115774750709534
16,1,GSM331408,1,0.5285499095916748
16,1,GSM331409,1,0.8143611550331116
16,1,GSM331414,1,0.6460519433021545
16,1,GSM331416,1,0.5932579040527344
16,1,GSM331417,1,0.7558215856552124
16,1,GSM331418,1,0.7362269163131714
16,1,GSM331420,1,0.6182846426963806
16,1,GSM331421,1,0.8081109523773193
16,1,GSM331422,1,0.7771676778793335
16,1,GSM331424,1,0.5993614792823792
16,1,GSM331426,1,0.2936834394931793
16,1,GSM331427,1,0.6085895299911499
16,1,GSM331428,1,0.18036121129989624
16,1,GSM331431,1,0.405786395072937
16,1,GSM331434,1,0.6836261749267578
16,1,GSM331440,1,0.5009390115737915
16,1,GSM331445,1,0.45948880910873413
16,1,GSM331446,1,0.14453884959220886
16,1,GSM331447,1,0.794987678527832
16,2,GSM331638,0,0.30957943201065063
16,2,GSM331660,0,0.2181667536497116
16,2,GSM331662,0,0.35960155725479126
16,2,GSM331663,0,0.11792021244764328
16,2,GSM331664,0,0.2804903984069824
16,2,GSM331665,0,0.3596172332763672
16,2,GSM331669,0,0.3294436037540436
16,2,GSM331672,0,0.3625887334346771
16,2,GSM331673,0,0.6861571073532104
16,2,GSM331674,0,0.32780274748802185
16,2,GSM331677,0,0.07216782867908478
16,2,GSM331679,0,0.1757546216249466
16,2,GSM331683,0,0.792010486125946
16,2,GSM331684,0,0.39638760685920715
16,2,GSM331686,0,0.3568274676799774
16,2,GSM331689,0,0.5856707692146301
16,2,GSM331690,0,0.735087513923645
16,2,GSM331692,0,0.6436671018600464
16,2,GSM331693,0,0.28345194458961487
16,2,GSM331695,0,0.25559374690055847
16,2,GSM331698,0,0.059411127120256424
16,2,GSM331701,0,0.16018062829971313
16,2,GSM331706,0,0.5326690077781677
16,2,GSM331708,0,0.25445306301116943
16,2,GSM331711,0,0.7514090538024902
16,2,GSM331712,0,0.41316840052604675
16,2,GSM331713,0,0.48475387692451477
16,2,GSM331717,0,0.38081851601600647
16,2,GSM331718,0,0.30847403407096863
16,2,GSM331719,0,0.2157362699508667
16,2,GSM331720,0,0.7889912724494934
16,2,GSM331722,0,0.5189089179039001
16,2,GSM331724,0,0.30596446990966797
16,2,GSM331725,0,0.23465131223201752
16,2,GSM331729,0,0.1531372368335724
16,2,GSM331731,0,0.42505866289138794
16,2,GSM331379,1,0.289301335811615
16,2,GSM331382,1,0.7075595259666443
16,2,GSM331383,1,0.5939207077026367
16,2,GSM331384,1,0.8055683374404907
16,2,GSM331386,1,0.28653332591056824
16,2,GSM331390,1,0.2275620996952057
16,2,GSM331393,1,0.560636579990387
16,2,GSM331396,1,0.8936336636543274
16,2,GSM331397,1,0.1829002946615219
16,2,GSM331399,1,0.5443741679191589
16,2,GSM331400,1,0.5041844248771667
16,2,GSM331403,1,0.7437712550163269
16,2,GSM331405,1,0.35174036026000977
16,2,GSM331407,1,0.6429306268692017
16,2,GSM331410,1,0.17133650183677673
16,2,GSM331411,1,0.5206686854362488
16,2,GSM331412,1,0.8814507722854614
16,2,GSM331413,1,0.2815999984741211
16,2,GSM331419,1,0.5408455729484558
16,2,GSM331425,1,0.7710127830505371
16,2,GSM331429,1,0.5482446551322937
16,2,GSM331430,1,0.21757875382900238
16,2,GSM331432,1,0.38105151057243347
16,2,GSM331436,1,0.3945804536342621
16,2,GSM331438,1,0.599075436592102
16,2,GSM331439,1,0.5425847172737122
16,2,GSM331441,1,0.6887165307998657
16,2,GSM331442,1,0.38098984956741333
16,2,GSM331443,1,0.6747272610664368
16,2,GSM331444,1,0.5612378716468811
16,2,GSM331448,1,0.33914491534233093
16,2,GSM331450,1,0.26522624492645264
16,2,GSM331452,1,0.9431882500648499
17,1,GSM331638,0,0.28804394602775574
17,1,GSM331660,0,0.3010520339012146
17,1,GSM331663,0,0.19946788251399994
17,1,GSM331664,0,0.36584392189979553
17,1,GSM331666,0,0.28270822763442993
17,1,GSM331668,0,0.34026241302490234
17,1,GSM331670,0,0.31412068009376526
17,1,GSM331671,0,0.30864107608795166
17,1,GSM331673,0,0.3293175995349884
17,1,GSM331677,0,0.2214757353067398
17,1,GSM331678,0,0.26157626509666443
17,1,GSM331680,0,0.4555590748786926
17,1,GSM331681,0,0.36057770252227783
17,1,GSM331682,0,0.28808245062828064
17,1,GSM331683,0,0.6223231554031372
17,1,GSM331684,0,0.2222970873117447
17,1,GSM331686,0,0.33321571350097656
17,1,GSM331688,0,0.377241849899292
17,1,GSM331689,0,0.2699395418167114
17,1,GSM331691,0,0.4272647798061371
17,1,GSM331695,0,0.2660018503665924
17,1,GSM331698,0,0.10038379579782486
17,1,GSM331702,0,0.26603004336357117
17,1,GSM331703,0,0.26937344670295715
17,1,GSM331704,0,0.29502978920936584
17,1,GSM331707,0,0.20259487628936768
17,1,GSM331710,0,0.22828400135040283
17,1,GSM331713,0,0.275531530380249
17,1,GSM331714,0,0.5850789546966553
17,1,GSM331716,0,0.4590802490711212
17,1,GSM331717,0,0.3953658938407898
17,1,GSM331721,0,0.3172256052494049
17,1,GSM331722,0,0.3655494451522827
17,1,GSM331723,0,0.3067246079444885
17,1,GSM331727,0,0.3329751193523407
17,1,GSM331730,0,0.3156508505344391
17,1,GSM331731,0,0.3585919737815857
17,1,GSM331377,1,0.533725917339325
17,1,GSM331380,1,0.5988606810569763
17,1,GSM331381,1,0.4654516875743866
17,1,GSM331383,1,0.4368506073951721
17,1,GSM331385,1,0.24056027829647064
17,1,GSM331386,1,0.30804458260536194
17,1,GSM331389,1,0.42567241191864014
17,1,GSM331390,1,0.40122437477111816
17,1,GSM331391,1,0.5235641598701477
17,1,GSM331399,1,0.46069031953811646
17,1,GSM331400,1,0.41016924381256104
17,1,GSM331401,1,0.42443421483039856
17,1,GSM331403,1,0.5629274249076843
17,1,GSM331404,1,0.4772127568721771
17,1,GSM331406,1,0.5634498000144958
17,1,GSM331408,1,0.38139820098876953
17,1,GSM331409,1,0.48943719267845154
17,1,GSM331410,1,0.25352761149406433
17,1,GSM331411,1,0.45643386244773865
17,1,GSM331413,1,0.22463351488113403
17,1,GSM331420,1,0.509095311164856
17,1,GSM331421,1,0.6703625917434692
17,1,GSM331425,1,0.48924142122268677
17,1,GSM331426,1,0.44668468832969666
17,1,GSM331427,1,0.45836853981018066
17,1,GSM331430,1,0.3157726526260376
17,1,GSM331432,1,0.232559934258461
17,1,GSM331438,1,0.40487733483314514
17,1,GSM331442,1,0.34097763895988464
17,1,GSM331443,1,0.5031129717826843
17,1,GSM331447,1,0.6285630464553833
17,1,GSM331450,1,0.3203856348991394
17,1,GSM331452,1,0.6154093146324158
17,2,GSM331661,0,0.5492803454399109
17,2,GSM331662,0,0.42133376002311707
17,2,GSM331665,0,0.5305997729301453
17,2,GSM331669,0,0.6005130410194397
17,2,GSM331672,0,0.5590375661849976
17,2,GSM331674,0,0.5659189224243164
17,2,GSM331675,0,0.3592298626899719
17,2,GSM331676,0,0.5496817231178284
17,2,GSM331679,0,0.5073521733283997
17,2,GSM331685,0,0.39703771471977234
17,2,GSM331687,0,0.3187342584133148
17,2,GSM331690,0,0.4959943890571594
17,2,GSM331692,0,0.3634735643863678
17,2,GSM331693,0,0.48179903626441956
17,2,GSM331694,0,0.4146161675453186
17,2,GSM331696,0,0.5054851174354553
17,2,GSM331697,0,0.39576801657676697
17,2,GSM331699,0,0.2966926693916321
17,2,GSM331700,0,0.4617811143398285
17,2,GSM331701,0,0.3174402713775635
17,2,GSM331705,0,0.41861051321029663
17,2,GSM331706,0,0.48389649391174316
17,2,GSM331708,0,0.46240338683128357
17,2,GSM331709,0,0.48813286423683167
17,2,GSM331711,0,0.5614950656890869
17,2,GSM331712,0,0.48873987793922424
17,2,GSM331715,0,0.25990164279937744
17,2,GSM331718,0,0.6583802103996277
17,2,GSM331719,0,0.3139147460460663
17,2,GSM331720,0,0.48983314633369446
17,2,GSM331724,0,0.3686077892780304
17,2,GSM331725,0,0.5802420377731323
17,2,GSM331726,0,0.3641405999660492
17,2,GSM331728,0,0.3968769609928131
17,2,GSM331729,0,0.3488451838493347
17,2,GSM331732,0,0.5411089062690735
17,2,GSM331378,1,0.7342824339866638
17,2,GSM331379,1,0.6018691062927246
17,2,GSM331382,1,0.5426273941993713
17,2,GSM331384,1,0.6519269943237305
17,2,GSM331387,1,0.6530581116676331
17,2,GSM331388,1,0.7748976349830627
17,2,GSM331393,1,0.7378226518630981
17,2,GSM331395,1,0.48674091696739197
17,2,GSM331396,1,0.614741861820221
17,2,GSM331397,1,0.48480334877967834
17,2,GSM331402,1,0.5124814510345459
17,2,GSM331405,1,0.46537935733795166
17,2,GSM331407,1,0.5236512422561646
17,2,GSM331412,1,0.7387015223503113
17,2,GSM331414,1,0.7044983506202698
17,2,GSM331416,1,0.5823826789855957
17,2,GSM331417,1,0.5632517337799072
17,2,GSM331418,1,0.7775402069091797
17,2,GSM331419,1,0.5799570083618164
17,2,GSM331422,1,0.726170003414154
17,2,GSM331424,1,0.5294244885444641
17,2,GSM331428,1,0.507546067237854
17,2,GSM331429,1,0.6066828370094299
17,2,GSM331431,1,0.6616153717041016
17,2,GSM331434,1,0.6713376045227051
17,2,GSM331436,1,0.3012131452560425
17,2,GSM331439,1,0.6932806372642517
17,2,GSM331440,1,0.637645959854126
17,2,GSM331441,1,0.7285770177841187
17,2,GSM331444,1,0.6825070381164551
17,2,GSM331445,1,0.36793407797813416
17,2,GSM331446,1,0.45139172673225403
17,2,GSM331448,1,0.5827391743659973
18,1,GSM331638,0,0.4755379855632782
18,1,GSM331660,0,0.15765680372714996
18,1,GSM331661,0,0.5374109745025635
18,1,GSM331663,0,0.20454241335391998
18,1,GSM331666,0,0.3142826557159424
18,1,GSM331668,0,0.5413262844085693
18,1,GSM331670,0,0.29418236017227173
18,1,GSM331672,0,0.48107606172561646
18,1,GSM331678,0,0.14263390004634857
18,1,GSM331680,0,0.46614840626716614
18,1,GSM331684,0,0.1802804321050644
18,1,GSM331689,0,0.4371171295642853
18,1,GSM331691,0,0.5630301833152771
18,1,GSM331692,0,0.30948904156684875
18,1,GSM331696,0,0.4461090564727783
18,1,GSM331697,0,0.11847783625125885
18,1,GSM331699,0,0.27952712774276733
18,1,GSM331702,0,0.4278160333633423
18,1,GSM331703,0,0.6338447332382202
18,1,GSM331704,0,0.6065912842750549
18,1,GSM331705,0,0.33412066102027893
18,1,GSM331706,0,0.8789541125297546
18,1,GSM331708,0,0.38354045152664185
18,1,GSM331710,0,0.23767149448394775
18,1,GSM331713,0,0.2874281704425812
18,1,GSM331716,0,0.931695818901062
18,1,GSM331718,0,0.584751307964325
18,1,GSM331719,0,0.1422637701034546
18,1,GSM331720,0,0.2262164056301117
18,1,GSM331721,0,0.8434744477272034
18,1,GSM331722,0,0.5081556439399719
18,1,GSM331723,0,0.6079772114753723
18,1,GSM331725,0,0.33529695868492126
18,1,GSM331726,0,0.10368182510137558
18,1,GSM331727,0,0.37514960765838623
18,1,GSM331730,0,0.5641151666641235
18,1,GSM331732,0,0.3649752140045166
18,1,GSM331377,1,0.6628294587135315
18,1,GSM331378,1,0.5897952318191528
18,1,GSM331379,1,0.20963512361049652
18,1,GSM331382,1,0.4077624976634979
18,1,GSM331383,1,0.477634996175766
18,1,GSM331385,1,0.5751856565475464
18,1,GSM331386,1,0.40039995312690735
18,1,GSM331388,1,0.5893440842628479
18,1,GSM331395,1,0.3909720480442047
18,1,GSM331396,1,0.6487627625465393
18,1,GSM331400,1,0.4827107787132263
18,1,GSM331402,1,0.6337984800338745
18,1,GSM331403,1,0.8472509384155273
18,1,GSM331406,1,0.48172223567962646
18,1,GSM331410,1,0.18287058174610138
18,1,GSM331416,1,0.4888782501220703
18,1,GSM331418,1,0.9372573494911194
18,1,GSM331421,1,0.6257885694503784
18,1,GSM331422,1,0.6138462424278259
18,1,GSM331424,1,0.3169294595718384
18,1,GSM331426,1,0.4960450530052185
18,1,GSM331428,1,0.1141299307346344
18,1,GSM331429,1,0.625146746635437
18,1,GSM331430,1,0.2542652487754822
18,1,GSM331432,1,0.2233555167913437
18,1,GSM331434,1,0.5793169140815735
18,1,GSM331436,1,0.2721715569496155
18,1,GSM331438,1,0.5758973360061646
18,1,GSM331441,1,0.7883496284484863
18,1,GSM331444,1,0.5033544898033142
18,1,GSM331446,1,0.18942373991012573
18,1,GSM331447,1,0.6021449565887451
18,1,GSM331452,1,0.8671749234199524
18,2,GSM331662,0,0.5193076729774475
18,2,GSM331664,0,0.38548222184181213
18,2,GSM331665,0,0.5779091715812683
18,2,GSM331669,0,0.8351147174835205
18,2,GSM331671,0,0.6213759183883667
18,2,GSM331673,0,0.3614836633205414
18,2,GSM331674,0,0.6084311604499817
18,2,GSM331675,0,0.20657309889793396
18,2,GSM331676,0,0.6860605478286743
18,2,GSM331677,0,0.15380319952964783
18,2,GSM331679,0,0.42191413044929504
18,2,GSM331681,0,0.6477898359298706
18,2,GSM331682,0,0.5618005394935608
18,2,GSM331683,0,0.8044012188911438
18,2,GSM331685,0,0.19376406073570251
18,2,GSM331686,0,0.6840510368347168
18,2,GSM331687,0,0.15013831853866577
18,2,GSM331688,0,0.7123217582702637
18,2,GSM331690,0,0.6208970546722412
18,2,GSM331693,0,0.3774352967739105
18,2,GSM331694,0,0.42791858315467834
18,2,GSM331695,0,0.4157525599002838
18,2,GSM331698,0,0.13425882160663605
18,2,GSM331700,0,0.2783448398113251
18,2,GSM331701,0,0.18179047107696533
18,2,GSM331707,0,0.24286511540412903
18,2,GSM331709,0,0.3840128779411316
18,2,GSM331711,0,0.6768912672996521
18,2,GSM331712,0,0.5549896359443665
18,2,GSM331714,0,0.7980331182479858
18,2,GSM331715,0,0.20332778990268707
18,2,GSM331717,0,0.7297138571739197
18,2,GSM331724,0,0.20317751169204712
18,2,GSM331728,0,0.15265043079853058
18,2,GSM331729,0,0.10641999542713165
18,2,GSM331731,0,0.5872641205787659
18,2,GSM331380,1,0.7859994769096375
18,2,GSM331381,1,0.6799058318138123
18,2,GSM331384,1,0.7358296513557434
18,2,GSM331387,1,0.5932789444923401
18,2,GSM331389,1,0.5937464833259583
18,2,GSM331390,1,0.4191397726535797
18,2,GSM331391,1,0.6240587830543518
18,2,GSM331393,1,0.5648593306541443
18,2,GSM331397,1,0.3038395047187805
18,2,GSM331399,1,0.5173500180244446
18,2,GSM331401,1,0.554277241230011
18,2,GSM331404,1,0.7258404493331909
18,2,GSM331405,1,0.1658564656972885
18,2,GSM331407,1,0.4298395812511444
18,2,GSM331408,1,0.5429608821868896
18,2,GSM331409,1,0.5874154567718506
18,2,GSM331411,1,0.574855625629425
18,2,GSM331412,1,0.7735203504562378
18,2,GSM331413,1,0.13981305062770844
18,2,GSM331414,1,0.6135155558586121
18,2,GSM331417,1,0.6021366119384766
18,2,GSM331419,1,0.4291771948337555
18,2,GSM331420,1,0.7028495669364929
18,2,GSM331425,1,0.4932103157043457
18,2,GSM331427,1,0.638898491859436
18,2,GSM331431,1,0.5954529643058777
18,2,GSM331439,1,0.6991249322891235
18,2,GSM331440,1,0.7325977683067322
18,2,GSM331442,1,0.3845115900039673
18,2,GSM331443,1,0.3905484676361084
18,2,GSM331445,1,0.14154939353466034
18,2,GSM331448,1,0.7016167044639587
18,2,GSM331450,1,0.4722866415977478
19,1,GSM331660,0,0.16161184012889862
19,1,GSM331662,0,0.34515684843063354
19,1,GSM331666,0,0.09879016131162643
19,1,GSM331671,0,0.4214130640029907
19,1,GSM331675,0,0.1936512142419815
19,1,GSM331676,0,0.5355163812637329
19,1,GSM331677,0,0.1510956585407257
19,1,GSM331678,0,0.052703361958265305
19,1,GSM331679,0,0.2616249918937683
19,1,GSM331682,0,0.3879362642765045
19,1,GSM331683,0,0.6937864422798157
19,1,GSM331684,0,0.1412057727575302
19,1,GSM331685,0,0.09169512242078781
19,1,GSM331686,0,0.6242889761924744
19,1,GSM331689,0,0.46822646260261536
19,1,GSM331690,0,0.4094381034374237
19,1,GSM331691,0,0.5092529058456421
19,1,GSM331693,0,0.2986568212509155
19,1,GSM331695,0,0.20531444251537323
19,1,GSM331696,0,0.19372153282165527
19,1,GSM331697,0,0.15827125310897827
19,1,GSM331701,0,0.1037728413939476
19,1,GSM331704,0,0.5481341481208801
19,1,GSM331705,0,0.29618167877197266
19,1,GSM331707,0,0.16683733463287354
19,1,GSM331710,0,0.30762842297554016
19,1,GSM331714,0,0.48414847254753113
19,1,GSM331718,0,0.3578578531742096
19,1,GSM331719,0,0.1586502194404602
19,1,GSM331720,0,0.12821973860263824
19,1,GSM331724,0,0.161605104804039
19,1,GSM331725,0,0.2574784457683563
19,1,GSM331726,0,0.08542943745851517
19,1,GSM331729,0,0.04874541983008385
19,1,GSM331730,0,0.37629637122154236
19,1,GSM331731,0,0.4882463216781616
19,1,GSM331732,0,0.5523375868797302
19,1,GSM331377,1,0.42998206615448
19,1,GSM331378,1,0.5902313590049744
19,1,GSM331379,1,0.23081395030021667
19,1,GSM331380,1,0.7169265151023865
19,1,GSM331381,1,0.4437161386013031
19,1,GSM331383,1,0.64317387342453
19,1,GSM331386,1,0.34541210532188416
19,1,GSM331387,1,0.3675937056541443
19,1,GSM331388,1,0.5685129165649414
19,1,GSM331389,1,0.4473995864391327
19,1,GSM331390,1,0.16496969759464264
19,1,GSM331393,1,0.4658774137496948
19,1,GSM331395,1,0.3551076352596283
19,1,GSM331396,1,0.3699660003185272
19,1,GSM331397,1,0.1082744374871254
19,1,GSM331399,1,0.29889512062072754
19,1,GSM331400,1,0.4397839605808258
19,1,GSM331401,1,0.5401760935783386
19,1,GSM331403,1,0.5494455099105835
19,1,GSM331406,1,0.5449297428131104
19,1,GSM331408,1,0.2459976077079773
19,1,GSM331411,1,0.430794894695282
19,1,GSM331413,1,0.20494666695594788
19,1,GSM331414,1,0.45089367032051086
19,1,GSM331417,1,0.4157280921936035
19,1,GSM331420,1,0.4603586196899414
19,1,GSM331421,1,0.4775475561618805
19,1,GSM331429,1,0.4096281826496124
19,1,GSM331431,1,0.37940147519111633
19,1,GSM331439,1,0.5163702368736267
19,1,GSM331442,1,0.46369269490242004
19,1,GSM331443,1,0.22053927183151245
19,1,GSM331444,1,0.3331356346607208
19,2,GSM331638,0,0.5111091732978821
19,2,GSM331661,0,0.5320172905921936
19,2,GSM331663,0,0.2945649027824402
19,2,GSM331664,0,0.17805874347686768
19,2,GSM331665,0,0.48266202211380005
19,2,GSM331668,0,0.6085066795349121
19,2,GSM331669,0,0.7472138404846191
19,2,GSM331670,0,0.6056501269340515
19,2,GSM331672,0,0.6860408186912537
19,2,GSM331673,0,0.3271549344062805
19,2,GSM331674,0,0.6483945250511169
19,2,GSM331680,0,0.6250302791595459
19,2,GSM331681,0,0.6874985098838806
19,2,GSM331687,0,0.1572212427854538
19,2,GSM331688,0,0.7192619442939758
19,2,GSM331692,0,0.2569299042224884
19,2,GSM331694,0,0.5567684173583984
19,2,GSM331698,0,0.29415363073349
19,2,GSM331699,0,0.48108136653900146
19,2,GSM331700,0,0.31900227069854736
19,2,GSM331702,0,0.5391034483909607
19,2,GSM331703,0,0.4473762512207031
19,2,GSM331706,0,0.9157328009605408
19,2,GSM331708,0,0.5193675756454468
19,2,GSM331709,0,0.5004947185516357
19,2,GSM331711,0,0.6343626379966736
19,2,GSM331712,0,0.6197214722633362
19,2,GSM331713,0,0.24632887542247772
19,2,GSM331715,0,0.26731860637664795
19,2,GSM331716,0,0.9147342443466187
19,2,GSM331717,0,0.6799063682556152
19,2,GSM331721,0,0.73587965965271
19,2,GSM331722,0,0.605312168598175
19,2,GSM331723,0,0.7865707278251648
19,2,GSM331727,0,0.44527286291122437
19,2,GSM331728,0,0.20330692827701569
19,2,GSM331382,1,0.46356141567230225
19,2,GSM331384,1,0.7942981123924255
19,2,GSM331385,1,0.43918806314468384
19,2,GSM331391,1,0.6520825028419495
19,2,GSM331402,1,0.4928014874458313
19,2,GSM331404,1,0.7047917246818542
19,2,GSM331405,1,0.10397332906723022
19,2,GSM331407,1,0.7319116592407227
19,2,GSM331409,1,0.5878838896751404
19,2,GSM331410,1,0.3993057906627655
19,2,GSM331412,1,0.6560420393943787
19,2,GSM331416,1,0.6911325454711914
19,2,GSM331418,1,0.9122331738471985
19,2,GSM331419,1,0.428011953830719
19,2,GSM331422,1,0.6292923092842102
19,2,GSM331424,1,0.18367856740951538
19,2,GSM331425,1,0.4658837616443634
19,2,GSM331426,1,0.5099127292633057
19,2,GSM331427,1,0.5483955144882202
19,2,GSM331428,1,0.22689339518547058
19,2,GSM331430,1,0.34978505969047546
19,2,GSM331432,1,0.41512441635131836
19,2,GSM331434,1,0.7529544234275818
19,2,GSM331436,1,0.5865376591682434
19,2,GSM331438,1,0.7090387940406799
19,2,GSM331440,1,0.484230637550354
19,2,GSM331441,1,0.82715904712677
19,2,GSM331445,1,0.40791305899620056
19,2,GSM331446,1,0.3512980341911316
19,2,GSM331447,1,0.6475256681442261
19,2,GSM331448,1,0.6764002442359924
19,2,GSM331450,1,0.3054378628730774
19,2,GSM331452,1,0.7829055190086365
20,1,GSM331638,0,0.2652145326137543
20,1,GSM331661,0,0.8042836785316467
20,1,GSM331662,0,0.2372615784406662
20,1,GSM331669,0,0.8859715461730957
20,1,GSM331671,0,0.6585796475410461
20,1,GSM331673,0,0.49183690547943115
20,1,GSM331675,0,0.37923964858055115
20,1,GSM331679,0,0.7010017037391663
20,1,GSM331680,0,0.6902512311935425
20,1,GSM331681,0,0.9007257223129272
20,1,GSM331682,0,0.7404457926750183
20,1,GSM331683,0,0.9364777207374573
20,1,GSM331684,0,0.4092772305011749
20,1,GSM331688,0,0.6196818351745605
20,1,GSM331689,0,0.5641307830810547
20,1,GSM331691,0,0.5923036336898804
20,1,GSM331692,0,0.621851921081543
20,1,GSM331695,0,0.10887627303600311
20,1,GSM331696,0,0.2462674081325531
20,1,GSM331698,0,0.2151002138853073
20,1,GSM331700,0,0.594308078289032
20,1,GSM331701,0,0.2270098626613617
20,1,GSM331703,0,0.08428680896759033
20,1,GSM331705,0,0.5432610511779785
20,1,GSM331706,0,0.9281672835350037
20,1,GSM331708,0,0.5294577479362488
20,1,GSM331709,0,0.22493495047092438
20,1,GSM331710,0,0.4387531280517578
20,1,GSM331715,0,0.2680278718471527
20,1,GSM331717,0,0.9010964632034302
20,1,GSM331718,0,0.8147062659263611
20,1,GSM331720,0,0.29928380250930786
20,1,GSM331722,0,0.6281603574752808
20,1,GSM331723,0,0.6240959763526917
20,1,GSM331725,0,0.6517152786254883
20,1,GSM331731,0,0.6219202280044556
20,1,GSM331732,0,0.7996833324432373
20,1,GSM331378,1,0.8472875356674194
20,1,GSM331380,1,0.8008825778961182
20,1,GSM331383,1,0.8176947832107544
20,1,GSM331385,1,0.3417742848396301
20,1,GSM331386,1,0.4159124791622162
20,1,GSM331387,1,0.5979805588722229
20,1,GSM331389,1,0.37732696533203125
20,1,GSM331390,1,0.5064136385917664
20,1,GSM331395,1,0.43688783049583435
20,1,GSM331396,1,0.39443427324295044
20,1,GSM331399,1,0.7892239689826965
20,1,GSM331401,1,0.8259984254837036
20,1,GSM331402,1,0.45624518394470215
20,1,GSM331403,1,0.8562101125717163
20,1,GSM331406,1,0.8588582873344421
20,1,GSM331407,1,0.8527417182922363
20,1,GSM331408,1,0.7346577048301697
20,1,GSM331413,1,0.27271467447280884
20,1,GSM331414,1,0.7282780408859253
20,1,GSM331417,1,0.8321939706802368
20,1,GSM331418,1,0.7829002141952515
20,1,GSM331420,1,0.7704833149909973
20,1,GSM331422,1,0.6774353981018066
20,1,GSM331427,1,0.7513056993484497
20,1,GSM331429,1,0.7562193274497986
20,1,GSM331432,1,0.3896828591823578
20,1,GSM331438,1,0.7633634805679321
20,1,GSM331442,1,0.5779925584793091
20,1,GSM331443,1,0.4531206488609314
20,1,GSM331444,1,0.8663710951805115
20,1,GSM331445,1,0.7484613656997681
20,1,GSM331446,1,0.288537859916687
20,1,GSM331450,1,0.6141929030418396
20,2,GSM331660,0,0.10574270039796829
20,2,GSM331663,0,0.21617406606674194
20,2,GSM331664,0,0.12675967812538147
20,2,GSM331665,0,0.8579480051994324
20,2,GSM331666,0,0.10866088420152664
20,2,GSM331668,0,0.32555362582206726
20,2,GSM331670,0,0.78059983253479
20,2,GSM331672,0,0.887134850025177
20,2,GSM331674,0,0.7983393669128418
20,2,GSM331676,0,0.8002488017082214
20,2,GSM331677,0,0.12928235530853271
20,2,GSM331678,0,0.0711338222026825
20,2,GSM331685,0,0.11211785674095154
20,2,GSM331686,0,0.8575169444084167
20,2,GSM331687,0,0.11732760071754456
20,2,GSM331690,0,0.5622982382774353
20,2,GSM331693,0,0.6643609404563904
20,2,GSM331694,0,0.49399057030677795
20,2,GSM331697,0,0.08620605617761612
20,2,GSM331699,0,0.2406010627746582
20,2,GSM331702,0,0.8522968888282776
20,2,GSM331704,0,0.7452696561813354
20,2,GSM331707,0,0.28954651951789856
20,2,GSM331711,0,0.2197953760623932
20,2,GSM331712,0,0.7883724570274353
20,2,GSM331713,0,0.2883611023426056
20,2,GSM331714,0,0.7011562585830688
20,2,GSM331716,0,0.9807472825050354
20,2,GSM331719,0,0.28641703724861145
20,2,GSM331721,0,0.7456220984458923
20,2,GSM331724,0,0.25831252336502075
20,2,GSM331726,0,0.032767198979854584
20,2,GSM331727,0,0.3473109006881714
20,2,GSM331728,0,0.11221414804458618
20,2,GSM331729,0,0.05216531455516815
20,2,GSM331730,0,0.32028910517692566
20,2,GSM331377,1,0.6650167107582092
20,2,GSM331379,1,0.7021138072013855
20,2,GSM331381,1,0.43663686513900757
20,2,GSM331382,1,0.29916104674339294
20,2,GSM331384,1,0.825236976146698
20,2,GSM331388,1,0.81800776720047
20,2,GSM331391,1,0.7163028717041016
20,2,GSM331393,1,0.6442059278488159
20,2,GSM331397,1,0.15370723605155945
20,2,GSM331400,1,0.38967272639274597
20,2,GSM331404,1,0.6793298721313477
20,2,GSM331405,1,0.16326257586479187
20,2,GSM331409,1,0.6217509508132935
20,2,GSM331410,1,0.5550658106803894
20,2,GSM331411,1,0.6491708755493164
20,2,GSM331412,1,0.673475444316864
20,2,GSM331416,1,0.7409377098083496
20,2,GSM331419,1,0.7988529205322266
20,2,GSM331421,1,0.5679904818534851
20,2,GSM331424,1,0.22300168871879578
20,2,GSM331425,1,0.44362613558769226
20,2,GSM331426,1,0.7821748852729797
20,2,GSM331428,1,0.13010463118553162
20,2,GSM331430,1,0.23064610362052917
20,2,GSM331431,1,0.6233147978782654
20,2,GSM331434,1,0.7781519293785095
20,2,GSM331436,1,0.4852149784564972
20,2,GSM331439,1,0.6282097697257996
20,2,GSM331440,1,0.32693934440612793
20,2,GSM331441,1,0.4812687337398529
20,2,GSM331447,1,0.629148542881012
20,2,GSM331448,1,0.6219491958618164
20,2,GSM331452,1,0.8822866082191467
21,1,GSM331661,0,0.7567797303199768
21,1,GSM331662,0,0.6317004561424255
21,1,GSM331663,0,0.37801894545555115
21,1,GSM331664,0,0.4073634743690491
21,1,GSM331665,0,0.6410749554634094
21,1,GSM331671,0,0.705899178981781
21,1,GSM331673,0,0.34980589151382446
21,1,GSM331675,0,0.29124727845191956
21,1,GSM331676,0,0.8825611472129822
21,1,GSM331677,0,0.5068836212158203
21,1,GSM331681,0,0.6990921497344971
21,1,GSM331683,0,0.9048619866371155
21,1,GSM331684,0,0.4463956952095032
21,1,GSM331685,0,0.16826923191547394
21,1,GSM331686,0,0.9060611128807068
21,1,GSM331687,0,0.47685879468917847
21,1,GSM331692,0,0.4873479902744293
21,1,GSM331694,0,0.4649684727191925
21,1,GSM331697,0,0.40565842390060425
21,1,GSM331698,0,0.16391834616661072
21,1,GSM331699,0,0.5113343596458435
21,1,GSM331700,0,0.3394382894039154
21,1,GSM331701,0,0.14459815621376038
21,1,GSM331704,0,0.7880046963691711
21,1,GSM331705,0,0.617459774017334
21,1,GSM331707,0,0.46369263529777527
21,1,GSM331715,0,0.320483922958374
21,1,GSM331717,0,0.7843366861343384
21,1,GSM331718,0,0.720945417881012
21,1,GSM331719,0,0.2028709053993225
21,1,GSM331721,0,0.8443630933761597
21,1,GSM331723,0,0.8420813083648682
21,1,GSM331725,0,0.49062225222587585
21,1,GSM331727,0,0.5408772230148315
21,1,GSM331728,0,0.25081899762153625
21,1,GSM331729,0,0.15673895180225372
21,1,GSM331730,0,0.38860011100769043
21,1,GSM331377,1,0.7813133597373962
21,1,GSM331378,1,0.860757052898407
21,1,GSM331380,1,0.887775719165802
21,1,GSM331382,1,0.18326793611049652
21,1,GSM331386,1,0.6069955229759216
21,1,GSM331389,1,0.47367003560066223
21,1,GSM331391,1,0.7806929349899292
21,1,GSM331396,1,0.5377532839775085
21,1,GSM331400,1,0.5761922597885132
21,1,GSM331408,1,0.6375143527984619
21,1,GSM331413,1,0.05967627093195915
21,1,GSM331414,1,0.7180625796318054
21,1,GSM331418,1,0.9247651696205139
21,1,GSM331420,1,0.4918229579925537
21,1,GSM331422,1,0.7449097633361816
21,1,GSM331424,1,0.3377056419849396
21,1,GSM331425,1,0.49068722128868103
21,1,GSM331426,1,0.5513367652893066
21,1,GSM331427,1,0.8738685250282288
21,1,GSM331428,1,0.16762776672840118
21,1,GSM331429,1,0.7454782724380493
21,1,GSM331430,1,0.3964061141014099
21,1,GSM331431,1,0.83490389585495
21,1,GSM331434,1,0.648288905620575
21,1,GSM331436,1,0.3584105372428894
21,1,GSM331438,1,0.6213595271110535
21,1,GSM331439,1,0.8165664076805115
21,1,GSM331440,1,0.4105087220668793
21,1,GSM331441,1,0.8365349173545837
21,1,GSM331443,1,0.2101273089647293
21,1,GSM331445,1,0.343890517950058
21,1,GSM331448,1,0.8035005927085876
21,1,GSM331450,1,0.6078153252601624
21,2,GSM331638,0,0.3179691433906555
21,2,GSM331660,0,0.12984362244606018
21,2,GSM331666,0,0.15000446140766144
21,2,GSM331668,0,0.6866661310195923
21,2,GSM331669,0,0.799399733543396
21,2,GSM331670,0,0.31880754232406616
21,2,GSM331672,0,0.7571684122085571
21,2,GSM331674,0,0.47312989830970764
21,2,GSM331678,0,0.0729677677154541
21,2,GSM331679,0,0.47223910689353943
21,2,GSM331680,0,0.23270025849342346
21,2,GSM331682,0,0.564728856086731
21,2,GSM331688,0,0.6201782822608948
21,2,GSM331689,0,0.3397318720817566
21,2,GSM331690,0,0.44376638531684875
21,2,GSM331691,0,0.6219038963317871
21,2,GSM331693,0,0.4823101758956909
21,2,GSM331695,0,0.2832812964916229
21,2,GSM331696,0,0.37145599722862244
21,2,GSM331702,0,0.6108493208885193
21,2,GSM331703,0,0.48247623443603516
21,2,GSM331706,0,0.8142064809799194
21,2,GSM331708,0,0.4601292014122009
21,2,GSM331709,0,0.30427247285842896
21,2,GSM331710,0,0.1818920373916626
21,2,GSM331711,0,0.7760621309280396
21,2,GSM331712,0,0.4974062740802765
21,2,GSM331713,0,0.20719869434833527
21,2,GSM331714,0,0.864887535572052
21,2,GSM331716,0,0.9683557152748108
21,2,GSM331720,0,0.17223481833934784
21,2,GSM331722,0,0.2723284661769867
21,2,GSM331724,0,0.126544788479805
21,2,GSM331726,0,0.11406134814023972
21,2,GSM331731,0,0.7284711003303528
21,2,GSM331732,0,0.506786584854126
21,2,GSM331379,1,0.22195304930210114
21,2,GSM331381,1,0.6164812445640564
21,2,GSM331383,1,0.5199639201164246
21,2,GSM331384,1,0.586685299873352
21,2,GSM331385,1,0.5572350025177002
21,2,GSM331387,1,0.2383035272359848
21,2,GSM331388,1,0.7054403424263
21,2,GSM331390,1,0.23989039659500122
21,2,GSM331393,1,0.4607740342617035
21,2,GSM331395,1,0.3746808171272278
21,2,GSM331397,1,0.347711980342865
21,2,GSM331399,1,0.5814211964607239
21,2,GSM331401,1,0.26623573899269104
21,2,GSM331402,1,0.29169896245002747
21,2,GSM331403,1,0.718294620513916
21,2,GSM331404,1,0.6547853350639343
21,2,GSM331405,1,0.1615934520959854
21,2,GSM331406,1,0.7319557666778564
21,2,GSM331407,1,0.347398966550827
21,2,GSM331409,1,0.291975736618042
21,2,GSM331410,1,0.17059989273548126
21,2,GSM331411,1,0.7326651215553284
21,2,GSM331412,1,0.8398402333259583
21,2,GSM331416,1,0.2667059600353241
21,2,GSM331417,1,0.5770549178123474
21,2,GSM331419,1,0.23243381083011627
21,2,GSM331421,1,0.5052001476287842
21,2,GSM331432,1,0.2802346348762512
21,2,GSM331442,1,0.5930625200271606
21,2,GSM331444,1,0.507656455039978
21,2,GSM331446,1,0.050258003175258636
21,2,GSM331447,1,0.6036894917488098
21,2,GSM331452,1,0.8541850447654724
22,1,GSM331660,0,0.3998516798019409
22,1,GSM331661,0,0.5043063759803772
22,1,GSM331662,0,0.4724566638469696
22,1,GSM331665,0,0.5101003050804138
22,1,GSM331666,0,0.3731441795825958
22,1,GSM331671,0,0.6605405211448669
22,1,GSM331675,0,0.29210785031318665
22,1,GSM331677,0,0.4218314588069916
22,1,GSM331678,0,0.28036513924598694
22,1,GSM331679,0,0.5643967986106873
22,1,GSM331681,0,0.41268786787986755
22,1,GSM331682,0,0.362705796957016
22,1,GSM331683,0,0.7075420022010803
22,1,GSM331684,0,0.3745514154434204
22,1,GSM331689,0,0.3192313313484192
22,1,GSM331692,0,0.4796798825263977
22,1,GSM331694,0,0.4690035581588745
22,1,GSM331695,0,0.4137178659439087
22,1,GSM331697,0,0.28804290294647217
22,1,GSM331698,0,0.15571939945220947
22,1,GSM331700,0,0.27120542526245117
22,1,GSM331701,0,0.11971671879291534
22,1,GSM331702,0,0.4111029803752899
22,1,GSM331704,0,0.41318070888519287
22,1,GSM331706,0,0.6496375203132629
22,1,GSM331708,0,0.4586515724658966
22,1,GSM331709,0,0.3646866977214813
22,1,GSM331710,0,0.34901076555252075
22,1,GSM331715,0,0.2876703143119812
22,1,GSM331720,0,0.39300239086151123
22,1,GSM331721,0,0.6080078482627869
22,1,GSM331722,0,0.4549890160560608
22,1,GSM331723,0,0.5812420845031738
22,1,GSM331727,0,0.40718773007392883
22,1,GSM331728,0,0.26692989468574524
22,1,GSM331729,0,0.21842512488365173
22,1,GSM331730,0,0.23369522392749786
22,1,GSM331377,1,0.4961616098880768
22,1,GSM331378,1,0.3646452724933624
22,1,GSM331380,1,0.4884345829486847
22,1,GSM331382,1,0.34578439593315125
22,1,GSM331385,1,0.3723042607307434
22,1,GSM331386,1,0.38270169496536255
22,1,GSM331387,1,0.5442745089530945
22,1,GSM331388,1,0.4179188013076782
22,1,GSM331391,1,0.5358006954193115
22,1,GSM331395,1,0.4106460213661194
22,1,GSM331396,1,0.3599490523338318
22,1,GSM331397,1,0.2438642978668213
22,1,GSM331400,1,0.3037486672401428
22,1,GSM331402,1,0.34973859786987305
22,1,GSM331405,1,0.27785950899124146
22,1,GSM331407,1,0.4475609064102173
22,1,GSM331408,1,0.24293477833271027
22,1,GSM331411,1,0.4065898060798645
22,1,GSM331413,1,0.15929102897644043
22,1,GSM331416,1,0.42321133613586426
22,1,GSM331417,1,0.36646997928619385
22,1,GSM331424,1,0.3613666892051697
22,1,GSM331428,1,0.19187584519386292
22,1,GSM331429,1,0.5119407773017883
22,1,GSM331430,1,0.23193801939487457
22,1,GSM331432,1,0.32567575573921204
22,1,GSM331440,1,0.37771832942962646
22,1,GSM331441,1,0.6848738193511963
22,1,GSM331442,1,0.6217463612556458
22,1,GSM331443,1,0.3309977948665619
22,1,GSM331444,1,0.4881773889064789
22,1,GSM331447,1,0.5604125261306763
22,1,GSM331450,1,0.5613816380500793
22,2,GSM331638,0,0.37683168053627014
22,2,GSM331663,0,0.38783711194992065
22,2,GSM331664,0,0.4022955894470215
22,2,GSM331668,0,0.3808671832084656
22,2,GSM331669,0,0.633117139339447
22,2,GSM331670,0,0.40446239709854126
22,2,GSM331672,0,0.8335615396499634
22,2,GSM331673,0,0.4076313376426697
22,2,GSM331674,0,0.7054429650306702
22,2,GSM331676,0,0.6801725029945374
22,2,GSM331680,0,0.404142826795578
22,2,GSM331685,0,0.3091806173324585
22,2,GSM331686,0,0.6067109704017639
22,2,GSM331687,0,0.34854114055633545
22,2,GSM331688,0,0.5865411162376404
22,2,GSM331690,0,0.22596000134944916
22,2,GSM331691,0,0.3727629482746124
22,2,GSM331693,0,0.4587990343570709
22,2,GSM331696,0,0.27248936891555786
22,2,GSM331699,0,0.5281923413276672
22,2,GSM331703,0,0.539180338382721
22,2,GSM331705,0,0.39142775535583496
22,2,GSM331707,0,0.6607868671417236
22,2,GSM331711,0,0.580112636089325
22,2,GSM331712,0,0.41589197516441345
22,2,GSM331713,0,0.3795132637023926
22,2,GSM331714,0,0.6715342402458191
22,2,GSM331716,0,0.8410667777061462
22,2,GSM331717,0,0.5680040121078491
22,2,GSM331718,0,0.5942942500114441
22,2,GSM331719,0,0.16430243849754333
22,2,GSM331724,0,0.26491811871528625
22,2,GSM331725,0,0.5166867971420288
22,2,GSM331726,0,0.22384712100028992
22,2,GSM331731,0,0.560368537902832
22,2,GSM331732,0,0.5060609579086304
22,2,GSM331379,1,0.33811599016189575
22,2,GSM331381,1,0.3131733238697052
22,2,GSM331383,1,0.45445185899734497
22,2,GSM331384,1,0.4532514810562134
22,2,GSM331389,1,0.33511435985565186
22,2,GSM331390,1,0.3160383999347687
22,2,GSM331393,1,0.3540177643299103
22,2,GSM331399,1,0.4340037405490875
22,2,GSM331401,1,0.3287680149078369
22,2,GSM331403,1,0.36427661776542664
22,2,GSM331404,1,0.5234940648078918
22,2,GSM331406,1,0.41007187962532043
22,2,GSM331409,1,0.18414416909217834
22,2,GSM331410,1,0.21177081763744354
22,2,GSM331412,1,0.35016971826553345
22,2,GSM331414,1,0.5848918557167053
22,2,GSM331418,1,0.7477118372917175
22,2,GSM331419,1,0.2932352125644684
22,2,GSM331420,1,0.2867758870124817
22,2,GSM331421,1,0.5771684050559998
22,2,GSM331422,1,0.5655693411827087
22,2,GSM331425,1,0.32090049982070923
22,2,GSM331426,1,0.3483923077583313
22,2,GSM331427,1,0.6482080221176147
22,2,GSM331431,1,0.36914700269699097
22,2,GSM331434,1,0.4209521412849426
22,2,GSM331436,1,0.35841506719589233
22,2,GSM331438,1,0.49262356758117676
22,2,GSM331439,1,0.6815195083618164
22,2,GSM331445,1,0.26159030199050903
22,2,GSM331446,1,0.16781021654605865
22,2,GSM331448,1,0.6351974606513977
22,2,GSM331452,1,0.6298493146896362
23,1,GSM331638,0,0.49837273359298706
23,1,GSM331660,0,0.3459259867668152
23,1,GSM331661,0,0.46470609307289124
23,1,GSM331664,0,0.34996500611305237
23,1,GSM331665,0,0.3745605945587158
23,1,GSM331669,0,0.4374377131462097
23,1,GSM331672,0,0.5898244380950928
23,1,GSM331674,0,0.5228997468948364
23,1,GSM331676,0,0.5025891661643982
23,1,GSM331677,0,0.36794644594192505
23,1,GSM331681,0,0.4465329945087433
23,1,GSM331683,0,0.6322483420372009
23,1,GSM331686,0,0.4597339332103729
23,1,GSM331687,0,0.25904735922813416
23,1,GSM331689,0,0.3153642416000366
23,1,GSM331691,0,0.45910176634788513
23,1,GSM331692,0,0.3569851219654083
23,1,GSM331693,0,0.4919601380825043
23,1,GSM331696,0,0.22768813371658325
23,1,GSM331697,0,0.3864276111125946
23,1,GSM331698,0,0.09751797467470169
23,1,GSM331702,0,0.3133098781108856
23,1,GSM331703,0,0.2951093018054962
23,1,GSM331706,0,0.4077908992767334
23,1,GSM331707,0,0.24638421833515167
23,1,GSM331708,0,0.46536943316459656
23,1,GSM331714,0,0.5878381729125977
23,1,GSM331715,0,0.1715107411146164
23,1,GSM331717,0,0.5608870387077332
23,1,GSM331719,0,0.29058703780174255
23,1,GSM331720,0,0.3153052031993866
23,1,GSM331721,0,0.5255323052406311
23,1,GSM331722,0,0.5168238878250122
23,1,GSM331723,0,0.41011181473731995
23,1,GSM331725,0,0.30619022250175476
23,1,GSM331730,0,0.5447269678115845
23,1,GSM331731,0,0.3457294702529907
23,1,GSM331378,1,0.4136727452278137
23,1,GSM331381,1,0.34588757157325745
23,1,GSM331382,1,0.3656674921512604
23,1,GSM331384,1,0.5093766450881958
23,1,GSM331387,1,0.6054953336715698
23,1,GSM331388,1,0.44320470094680786
23,1,GSM331389,1,0.36770448088645935
23,1,GSM331390,1,0.2579667568206787
23,1,GSM331391,1,0.49497905373573303
23,1,GSM331393,1,0.3937565088272095
23,1,GSM331395,1,0.43737438321113586
23,1,GSM331396,1,0.3950676918029785
23,1,GSM331399,1,0.3301956057548523
23,1,GSM331400,1,0.525152862071991
23,1,GSM331401,1,0.4393887519836426
23,1,GSM331402,1,0.36363381147384644
23,1,GSM331403,1,0.4703162610530853
23,1,GSM331405,1,0.2620704174041748
23,1,GSM331408,1,0.2638310492038727
23,1,GSM331412,1,0.5327650904655457
23,1,GSM331413,1,0.26554474234580994
23,1,GSM331416,1,0.4814559519290924
23,1,GSM331421,1,0.7400895953178406
23,1,GSM331424,1,0.39825835824012756
23,1,GSM331425,1,0.4250933527946472
23,1,GSM331426,1,0.4131283760070801
23,1,GSM331434,1,0.48592889308929443
23,1,GSM331436,1,0.40510138869285583
23,1,GSM331440,1,0.49458158016204834
23,1,GSM331444,1,0.3935491144657135
23,1,GSM331445,1,0.2366633266210556
23,1,GSM331446,1,0.21717146039009094
23,1,GSM331448,1,0.4275827705860138
23,2,GSM331662,0,0.5970617532730103
23,2,GSM331663,0,0.35463160276412964
23,2,GSM331666,0,0.4835543632507324
23,2,GSM331668,0,0.4007674753665924
23,2,GSM331670,0,0.3949222266674042
23,2,GSM331671,0,0.473788857460022
23,2,GSM331673,0,0.5940514206886292
23,2,GSM331675,0,0.4891549348831177
23,2,GSM331678,0,0.3927586078643799
23,2,GSM331679,0,0.4245852828025818
23,2,GSM331680,0,0.745173990726471
23,2,GSM331682,0,0.3765171468257904
23,2,GSM331684,0,0.4649263024330139
23,2,GSM331685,0,0.44580039381980896
23,2,GSM331688,0,0.4669398367404938
23,2,GSM331690,0,0.555568516254425
23,2,GSM331694,0,0.6476895213127136
23,2,GSM331695,0,0.37308987975120544
23,2,GSM331699,0,0.41590335965156555
23,2,GSM331700,0,0.277782678604126
23,2,GSM331701,0,0.33469218015670776
23,2,GSM331704,0,0.6121717095375061
23,2,GSM331705,0,0.4740833044052124
23,2,GSM331709,0,0.4455094039440155
23,2,GSM331710,0,0.6391101479530334
23,2,GSM331711,0,0.7362235188484192
23,2,GSM331712,0,0.35814622044563293
23,2,GSM331713,0,0.5530681610107422
23,2,GSM331716,0,0.5719974040985107
23,2,GSM331718,0,0.5762516856193542
23,2,GSM331724,0,0.4414571523666382
23,2,GSM331726,0,0.35962146520614624
23,2,GSM331727,0,0.3851477801799774
23,2,GSM331728,0,0.2823837399482727
23,2,GSM331729,0,0.3989071846008301
23,2,GSM331732,0,0.449221134185791
23,2,GSM331377,1,0.49889570474624634
23,2,GSM331379,1,0.4988842010498047
23,2,GSM331380,1,0.634128212928772
23,2,GSM331383,1,0.5261642336845398
23,2,GSM331385,1,0.32550790905952454
23,2,GSM331386,1,0.3740355372428894
23,2,GSM331397,1,0.3739565908908844
23,2,GSM331404,1,0.6996937394142151
23,2,GSM331406,1,0.6641812920570374
23,2,GSM331407,1,0.7178636789321899
23,2,GSM331409,1,0.6583061218261719
23,2,GSM331410,1,0.5411118268966675
23,2,GSM331411,1,0.46572819352149963
23,2,GSM331414,1,0.6334239840507507
23,2,GSM331417,1,0.6255186796188354
23,2,GSM331418,1,0.7824126482009888
23,2,GSM331419,1,0.6075406074523926
23,2,GSM331420,1,0.6108790636062622
23,2,GSM331422,1,0.5853666067123413
23,2,GSM331427,1,0.40963008999824524
23,2,GSM331428,1,0.3139916956424713
23,2,GSM331429,1,0.34680384397506714
23,2,GSM331430,1,0.37417933344841003
23,2,GSM331431,1,0.4435136318206787
23,2,GSM331432,1,0.38163048028945923
23,2,GSM331438,1,0.5755135416984558
23,2,GSM331439,1,0.5895751118659973
23,2,GSM331441,1,0.7183541059494019
23,2,GSM331442,1,0.5855958461761475
23,2,GSM331443,1,0.6297389268875122
23,2,GSM331447,1,0.6410624980926514
23,2,GSM331450,1,0.40898844599723816
23,2,GSM331452,1,0.8298119902610779
24,1,GSM331661,0,0.4968622028827667
24,1,GSM331663,0,0.18710534274578094
24,1,GSM331664,0,0.26990947127342224
24,1,GSM331666,0,0.1637701392173767
24,1,GSM331670,0,0.37946340441703796
24,1,GSM331671,0,0.3839370012283325
24,1,GSM331672,0,0.611807644367218
24,1,GSM331675,0,0.21709810197353363
24,1,GSM331680,0,0.40844208002090454
24,1,GSM331685,0,0.13666725158691406
24,1,GSM331686,0,0.6682039499282837
24,1,GSM331687,0,0.14907287061214447
24,1,GSM331688,0,0.41753047704696655
24,1,GSM331690,0,0.5751153826713562
24,1,GSM331691,0,0.6083553433418274
24,1,GSM331692,0,0.2551979422569275
24,1,GSM331693,0,0.4901959002017975
24,1,GSM331695,0,0.25482603907585144
24,1,GSM331696,0,0.5069921612739563
24,1,GSM331698,0,0.15637509524822235
24,1,GSM331699,0,0.15128010511398315
24,1,GSM331700,0,0.22463741898536682
24,1,GSM331702,0,0.4957534372806549
24,1,GSM331703,0,0.43309757113456726
24,1,GSM331704,0,0.7118926048278809
24,1,GSM331705,0,0.39661654829978943
24,1,GSM331707,0,0.20722724497318268
24,1,GSM331708,0,0.36891868710517883
24,1,GSM331711,0,0.5394026041030884
24,1,GSM331713,0,0.2849300801753998
24,1,GSM331714,0,0.6448584198951721
24,1,GSM331716,0,0.9165374040603638
24,1,GSM331717,0,0.7015683054924011
24,1,GSM331722,0,0.36932680010795593
24,1,GSM331724,0,0.35164955258369446
24,1,GSM331726,0,0.16370205581188202
24,1,GSM331728,0,0.13757912814617157
24,1,GSM331379,1,0.36246880888938904
24,1,GSM331380,1,0.6341150403022766
24,1,GSM331381,1,0.4995315968990326
24,1,GSM331382,1,0.39392635226249695
24,1,GSM331389,1,0.4594027101993561
24,1,GSM331395,1,0.33580970764160156
24,1,GSM331396,1,0.466810017824173
24,1,GSM331397,1,0.23477177321910858
24,1,GSM331401,1,0.6221683621406555
24,1,GSM331402,1,0.5693346858024597
24,1,GSM331404,1,0.7040209174156189
24,1,GSM331406,1,0.5345582365989685
24,1,GSM331408,1,0.5499710440635681
24,1,GSM331409,1,0.5791229009628296
24,1,GSM331410,1,0.4010276794433594
24,1,GSM331412,1,0.795509934425354
24,1,GSM331413,1,0.1645868718624115
24,1,GSM331414,1,0.7165898084640503
24,1,GSM331416,1,0.6197914481163025
24,1,GSM331417,1,0.646640956401825
24,1,GSM331419,1,0.4712072014808655
24,1,GSM331422,1,0.6371851563453674
24,1,GSM331424,1,0.2394927442073822
24,1,GSM331427,1,0.49589216709136963
24,1,GSM331434,1,0.5863890051841736
24,1,GSM331438,1,0.602507472038269
24,1,GSM331439,1,0.48765793442726135
24,1,GSM331440,1,0.5278404951095581
24,1,GSM331442,1,0.29220718145370483
24,1,GSM331443,1,0.4545150399208069
24,1,GSM331444,1,0.49734410643577576
24,1,GSM331445,1,0.5256273150444031
24,1,GSM331450,1,0.3262143135070801
24,2,GSM331638,0,0.5522943139076233
24,2,GSM331660,0,0.2905479371547699
24,2,GSM331662,0,0.4169473648071289
24,2,GSM331665,0,0.4702962636947632
24,2,GSM331668,0,0.6115002632141113
24,2,GSM331669,0,0.7807170152664185
24,2,GSM331673,0,0.3299487233161926
24,2,GSM331674,0,0.46307066082954407
24,2,GSM331676,0,0.6720747351646423
24,2,GSM331677,0,0.3641999363899231
24,2,GSM331678,0,0.24881261587142944
24,2,GSM331679,0,0.36902835965156555
24,2,GSM331681,0,0.7788989543914795
24,2,GSM331682,0,0.6484617590904236
24,2,GSM331683,0,0.7904353737831116
24,2,GSM331684,0,0.4477255940437317
24,2,GSM331689,0,0.4386884272098541
24,2,GSM331694,0,0.33647266030311584
24,2,GSM331697,0,0.47153258323669434
24,2,GSM331701,0,0.38611045479774475
24,2,GSM331706,0,0.9125868678092957
24,2,GSM331709,0,0.4847291111946106
24,2,GSM331710,0,0.48563992977142334
24,2,GSM331712,0,0.7364673614501953
24,2,GSM331715,0,0.3361203968524933
24,2,GSM331718,0,0.6199517846107483
24,2,GSM331719,0,0.44354385137557983
24,2,GSM331720,0,0.2889159619808197
24,2,GSM331721,0,0.7444343566894531
24,2,GSM331723,0,0.5408713221549988
24,2,GSM331725,0,0.4560451805591583
24,2,GSM331727,0,0.39368075132369995
24,2,GSM331729,0,0.24529686570167542
24,2,GSM331730,0,0.7144741415977478
24,2,GSM331731,0,0.5349631905555725
24,2,GSM331732,0,0.5615779757499695
24,2,GSM331377,1,0.7606511116027832
24,2,GSM331378,1,0.7236800193786621
24,2,GSM331383,1,0.710058867931366
24,2,GSM331384,1,0.7564857006072998
24,2,GSM331385,1,0.6104024648666382
24,2,GSM331386,1,0.6038640141487122
24,2,GSM331387,1,0.4714641869068146
24,2,GSM331388,1,0.7817807197570801
24,2,GSM331390,1,0.6335793137550354
24,2,GSM331391,1,0.6537582874298096
24,2,GSM331393,1,0.6598498821258545
24,2,GSM331399,1,0.6070011854171753
24,2,GSM331400,1,0.6643757820129395
24,2,GSM331403,1,0.82805997133255
24,2,GSM331405,1,0.23970508575439453
24,2,GSM331407,1,0.7149916887283325
24,2,GSM331411,1,0.6521233320236206
24,2,GSM331418,1,0.9073584079742432
24,2,GSM331420,1,0.6880484223365784
24,2,GSM331421,1,0.7676436305046082
24,2,GSM331425,1,0.46606650948524475
24,2,GSM331426,1,0.631291389465332
24,2,GSM331428,1,0.33860379457473755
24,2,GSM331429,1,0.6557896733283997
24,2,GSM331430,1,0.3793713450431824
24,2,GSM331431,1,0.7352567911148071
24,2,GSM331432,1,0.45974594354629517
24,2,GSM331436,1,0.5078245997428894
24,2,GSM331441,1,0.6590479612350464
24,2,GSM331446,1,0.39353665709495544
24,2,GSM331447,1,0.7584775686264038
24,2,GSM331448,1,0.6397619843482971
24,2,GSM331452,1,0.8398019671440125
25,1,GSM331638,0,0.589857280254364
25,1,GSM331661,0,0.6464163064956665
25,1,GSM331663,0,0.5775972008705139
25,1,GSM331664,0,0.4752349555492401
25,1,GSM331665,0,0.4791254997253418
25,1,GSM331668,0,0.6098181009292603
25,1,GSM331671,0,0.729117751121521
25,1,GSM331674,0,0.7801656126976013
25,1,GSM331678,0,0.40481433272361755
25,1,GSM331680,0,0.4414747655391693
25,1,GSM331682,0,0.719571053981781
25,1,GSM331683,0,0.7334488034248352
25,1,GSM331684,0,0.5331315398216248
25,1,GSM331685,0,0.35507071018218994
25,1,GSM331687,0,0.6438484191894531
25,1,GSM331690,0,0.6239687204360962
25,1,GSM331692,0,0.5395753383636475
25,1,GSM331697,0,0.5314090847969055
25,1,GSM331698,0,0.37845247983932495
25,1,GSM331700,0,0.49083325266838074
25,1,GSM331702,0,0.6502709984779358
25,1,GSM331703,0,0.8378912806510925
25,1,GSM331704,0,0.7928563952445984
25,1,GSM331705,0,0.5622249245643616
25,1,GSM331708,0,0.43876996636390686
25,1,GSM331709,0,0.7170228958129883
25,1,GSM331713,0,0.567871630191803
25,1,GSM331714,0,0.8943577408790588
25,1,GSM331718,0,0.6336776614189148
25,1,GSM331720,0,0.3157561719417572
25,1,GSM331723,0,0.7165638208389282
25,1,GSM331724,0,0.4384937286376953
25,1,GSM331726,0,0.5117456912994385
25,1,GSM331727,0,0.500309944152832
25,1,GSM331728,0,0.44676780700683594
25,1,GSM331730,0,0.822073221206665
25,1,GSM331732,0,0.5673009753227234
25,1,GSM331377,1,0.5838600397109985
25,1,GSM331380,1,0.7287960052490234
25,1,GSM331383,1,0.594878613948822
25,1,GSM331384,1,0.5761109590530396
25,1,GSM331387,1,0.7281304597854614
25,1,GSM331388,1,0.7534399628639221
25,1,GSM331389,1,0.6825830340385437
25,1,GSM331391,1,0.6980916857719421
25,1,GSM331393,1,0.5360338687896729
25,1,GSM331396,1,0.6638027429580688
25,1,GSM331399,1,0.4848403036594391
25,1,GSM331400,1,0.7382053136825562
25,1,GSM331402,1,0.744151771068573
25,1,GSM331403,1,0.7721758484840393
25,1,GSM331408,1,0.3592224717140198
25,1,GSM331409,1,0.47613224387168884
25,1,GSM331410,1,0.47057586908340454
25,1,GSM331411,1,0.7288860082626343
25,1,GSM331413,1,0.26695501804351807
25,1,GSM331414,1,0.7164890766143799
25,1,GSM331416,1,0.651016891002655
25,1,GSM331418,1,0.9585050344467163
25,1,GSM331420,1,0.6661416888237
25,1,GSM331422,1,0.8764927387237549
25,1,GSM331424,1,0.33225247263908386
25,1,GSM331425,1,0.6434950232505798
25,1,GSM331431,1,0.7420649528503418
25,1,GSM331432,1,0.4606556296348572
25,1,GSM331438,1,0.6203565001487732
25,1,GSM331442,1,0.5707435607910156
25,1,GSM331445,1,0.40237751603126526
25,1,GSM331446,1,0.33897659182548523
25,1,GSM331447,1,0.8561461567878723
25,2,GSM331660,0,0.48768913745880127
25,2,GSM331662,0,0.5142428874969482
25,2,GSM331666,0,0.4151984453201294
25,2,GSM331669,0,0.8171485066413879
25,2,GSM331670,0,0.5220276117324829
25,2,GSM331672,0,0.830562174320221
25,2,GSM331673,0,0.522041916847229
25,2,GSM331675,0,0.34686195850372314
25,2,GSM331676,0,0.8455435633659363
25,2,GSM331677,0,0.6453956365585327
25,2,GSM331679,0,0.4442523717880249
25,2,GSM331681,0,0.7607960104942322
25,2,GSM331686,0,0.8225221037864685
25,2,GSM331688,0,0.641620397567749
25,2,GSM331689,0,0.3185892105102539
25,2,GSM331691,0,0.648589551448822
25,2,GSM331693,0,0.663818895816803
25,2,GSM331694,0,0.41674795746803284
25,2,GSM331695,0,0.6759569048881531
25,2,GSM331696,0,0.7818554639816284
25,2,GSM331699,0,0.4956446886062622
25,2,GSM331701,0,0.4528537392616272
25,2,GSM331706,0,0.782188355922699
25,2,GSM331707,0,0.571129560470581
25,2,GSM331710,0,0.5541145205497742
25,2,GSM331711,0,0.8310320377349854
25,2,GSM331712,0,0.7997024059295654
25,2,GSM331715,0,0.5078906416893005
25,2,GSM331716,0,0.9216966032981873
25,2,GSM331717,0,0.728118896484375
25,2,GSM331719,0,0.4681081175804138
25,2,GSM331721,0,0.8385602831840515
25,2,GSM331722,0,0.605388343334198
25,2,GSM331725,0,0.6333740949630737
25,2,GSM331729,0,0.3832867443561554
25,2,GSM331731,0,0.5396856665611267
25,2,GSM331378,1,0.4747527539730072
25,2,GSM331379,1,0.3559860587120056
25,2,GSM331381,1,0.6847351789474487
25,2,GSM331382,1,0.4327293038368225
25,2,GSM331385,1,0.7554088234901428
25,2,GSM331386,1,0.6196795701980591
25,2,GSM331390,1,0.4423580765724182
25,2,GSM331395,1,0.44043973088264465
25,2,GSM331397,1,0.3156813085079193
25,2,GSM331401,1,0.6873844265937805
25,2,GSM331404,1,0.7694796919822693
25,2,GSM331405,1,0.27555981278419495
25,2,GSM331406,1,0.5937740206718445
25,2,GSM331407,1,0.5716522336006165
25,2,GSM331412,1,0.8753974437713623
25,2,GSM331417,1,0.6007977724075317
25,2,GSM331419,1,0.5056293606758118
25,2,GSM331421,1,0.6301962733268738
25,2,GSM331426,1,0.5636787414550781
25,2,GSM331427,1,0.735069215297699
25,2,GSM331428,1,0.33988308906555176
25,2,GSM331429,1,0.6982710361480713
25,2,GSM331430,1,0.4752373695373535
25,2,GSM331434,1,0.5077852606773376
25,2,GSM331436,1,0.3471303880214691
25,2,GSM331439,1,0.6641409993171692
25,2,GSM331440,1,0.7821264266967773
25,2,GSM331441,1,0.8206455707550049
25,2,GSM331443,1,0.5062742233276367
25,2,GSM331444,1,0.6887972354888916
25,2,GSM331448,1,0.8410322666168213
25,2,GSM331450,1,0.6863964796066284
25,2,GSM331452,1,0.7855818271636963
26,1,GSM331638,0,0.5214608907699585
26,1,GSM331661,0,0.5394889116287231
26,1,GSM331663,0,0.3389590084552765
26,1,GSM331666,0,0.311990886926651
26,1,GSM331668,0,0.3434183597564697
26,1,GSM331672,0,0.654772162437439
26,1,GSM331673,0,0.46285510063171387
26,1,GSM331676,0,0.4271666407585144
26,1,GSM331677,0,0.2939683496952057
26,1,GSM331680,0,0.6995809674263
26,1,GSM331683,0,0.8572158813476562
26,1,GSM331684,0,0.6630398035049438
26,1,GSM331685,0,0.4171883165836334
26,1,GSM331686,0,0.685437023639679
26,1,GSM331687,0,0.2055569440126419
26,1,GSM331690,0,0.47444140911102295
26,1,GSM331691,0,0.6096028089523315
26,1,GSM331692,0,0.4056154489517212
26,1,GSM331694,0,0.4665205180644989
26,1,GSM331696,0,0.41600415110588074
26,1,GSM331697,0,0.4422801733016968
26,1,GSM331698,0,0.17815126478672028
26,1,GSM331704,0,0.6879132986068726
26,1,GSM331706,0,0.4997609257698059
26,1,GSM331707,0,0.33777934312820435
26,1,GSM331709,0,0.421799898147583
26,1,GSM331711,0,0.661533534526825
26,1,GSM331712,0,0.6694896221160889
26,1,GSM331713,0,0.6222563982009888
26,1,GSM331714,0,0.830643355846405
26,1,GSM331715,0,0.21339403092861176
26,1,GSM331717,0,0.7286059260368347
26,1,GSM331718,0,0.5704249143600464
26,1,GSM331721,0,0.24506023526191711
26,1,GSM331724,0,0.5662380456924438
26,1,GSM331726,0,0.29240041971206665
26,1,GSM331728,0,0.2712835669517517
26,1,GSM331377,1,0.7162982225418091
26,1,GSM331379,1,0.5029133558273315
26,1,GSM331381,1,0.5817224383354187
26,1,GSM331382,1,0.653428852558136
26,1,GSM331383,1,0.6533541083335876
26,1,GSM331384,1,0.8068126440048218
26,1,GSM331385,1,0.2929114103317261
26,1,GSM331388,1,0.6843416690826416
26,1,GSM331389,1,0.5755121111869812
26,1,GSM331396,1,0.8181476593017578
26,1,GSM331404,1,0.8006625771522522
26,1,GSM331405,1,0.41771259903907776
26,1,GSM331407,1,0.6849383115768433
26,1,GSM331408,1,0.4326501190662384
26,1,GSM331414,1,0.7060211300849915
26,1,GSM331416,1,0.6765167117118835
26,1,GSM331417,1,0.6985297203063965
26,1,GSM331418,1,0.8171656727790833
26,1,GSM331419,1,0.7112742066383362
26,1,GSM331422,1,0.7606785893440247
26,1,GSM331424,1,0.5603489279747009
26,1,GSM331428,1,0.33147361874580383
26,1,GSM331429,1,0.3975916802883148
26,1,GSM331430,1,0.37860366702079773
26,1,GSM331436,1,0.47062766551971436
26,1,GSM331438,1,0.5647217631340027
26,1,GSM331439,1,0.5946264266967773
26,1,GSM331440,1,0.7122085690498352
26,1,GSM331441,1,0.7439314723014832
26,1,GSM331442,1,0.5437731742858887
26,1,GSM331444,1,0.6598284244537354
26,1,GSM331446,1,0.3589291572570801
26,1,GSM331448,1,0.5546944737434387
26,2,GSM331660,0,0.38085517287254333
26,2,GSM331662,0,0.49759146571159363
26,2,GSM331664,0,0.28689688444137573
26,2,GSM331665,0,0.6393300294876099
26,2,GSM331669,0,0.48348474502563477
26,2,GSM331670,0,0.4987057149410248
26,2,GSM331671,0,0.4120205342769623
26,2,GSM331674,0,0.3974936902523041
26,2,GSM331675,0,0.5271616578102112
26,2,GSM331678,0,0.3866409957408905
26,2,GSM331679,0,0.32733628153800964
26,2,GSM331681,0,0.7528403401374817
26,2,GSM331682,0,0.5633553862571716
26,2,GSM331688,0,0.32743310928344727
26,2,GSM331689,0,0.3244989812374115
26,2,GSM331693,0,0.5940778851509094
26,2,GSM331695,0,0.30809855461120605
26,2,GSM331699,0,0.2069634050130844
26,2,GSM331700,0,0.2839805781841278
26,2,GSM331701,0,0.3478463590145111
26,2,GSM331702,0,0.5915442705154419
26,2,GSM331703,0,0.42921605706214905
26,2,GSM331705,0,0.5438351631164551
26,2,GSM331708,0,0.39673033356666565
26,2,GSM331710,0,0.6519005298614502
26,2,GSM331716,0,0.7068266868591309
26,2,GSM331719,0,0.5753270387649536
26,2,GSM331720,0,0.506855309009552
26,2,GSM331722,0,0.5163589119911194
26,2,GSM331723,0,0.474972665309906
26,2,GSM331725,0,0.45844021439552307
26,2,GSM331727,0,0.3983911871910095
26,2,GSM331729,0,0.2976125180721283
26,2,GSM331730,0,0.5605118870735168
26,2,GSM331731,0,0.3415454924106598
26,2,GSM331732,0,0.4718916118144989
26,2,GSM331378,1,0.5540900826454163
26,2,GSM331380,1,0.6577808260917664
26,2,GSM331386,1,0.47849026322364807
26,2,GSM331387,1,0.6679015159606934
26,2,GSM331390,1,0.48918357491493225
26,2,GSM331391,1,0.787128746509552
26,2,GSM331393,1,0.59748774766922
26,2,GSM331395,1,0.4627574682235718
26,2,GSM331397,1,0.449459046125412
26,2,GSM331399,1,0.6775364279747009
26,2,GSM331400,1,0.5701252222061157
26,2,GSM331401,1,0.6920832395553589
26,2,GSM331402,1,0.47475630044937134
26,2,GSM331403,1,0.7553198337554932
26,2,GSM331406,1,0.7256883382797241
26,2,GSM331409,1,0.7467203140258789
26,2,GSM331410,1,0.5106502771377563
26,2,GSM331411,1,0.5210448503494263
26,2,GSM331412,1,0.879448413848877
26,2,GSM331413,1,0.48892924189567566
26,2,GSM331420,1,0.6090418100357056
26,2,GSM331421,1,0.8845519423484802
26,2,GSM331425,1,0.5398380160331726
26,2,GSM331426,1,0.6086855530738831
26,2,GSM331427,1,0.6749496459960938
26,2,GSM331431,1,0.5360646843910217
26,2,GSM331432,1,0.29382649064064026
26,2,GSM331434,1,0.802797257900238
26,2,GSM331443,1,0.7808371782302856
26,2,GSM331445,1,0.6118364334106445
26,2,GSM331447,1,0.6612706184387207
26,2,GSM331450,1,0.4976930022239685
26,2,GSM331452,1,0.7970215678215027
27,1,GSM331662,0,0.6497355699539185
27,1,GSM331663,0,0.24183934926986694
27,1,GSM331666,0,0.3921418786048889
27,1,GSM331669,0,0.610356867313385
27,1,GSM331671,0,0.5169267058372498
27,1,GSM331674,0,0.5767369866371155
27,1,GSM331676,0,0.5510154962539673
27,1,GSM331677,0,0.16674935817718506
27,1,GSM331678,0,0.3975461721420288
27,1,GSM331680,0,0.6296051144599915
27,1,GSM331681,0,0.5481570959091187
27,1,GSM331683,0,0.7809098362922668
27,1,GSM331684,0,0.28746429085731506
27,1,GSM331685,0,0.5265601873397827
27,1,GSM331686,0,0.3402937352657318
27,1,GSM331688,0,0.40871870517730713
27,1,GSM331690,0,0.558345377445221
27,1,GSM331691,0,0.542498767375946
27,1,GSM331693,0,0.3339257836341858
27,1,GSM331694,0,0.497737318277359
27,1,GSM331695,0,0.4476197361946106
27,1,GSM331696,0,0.4089251458644867
27,1,GSM331697,0,0.1585877239704132
27,1,GSM331698,0,0.10221505165100098
27,1,GSM331701,0,0.2798710763454437
27,1,GSM331703,0,0.39123496413230896
27,1,GSM331712,0,0.31548047065734863
27,1,GSM331714,0,0.7383537292480469
27,1,GSM331717,0,0.5385468602180481
27,1,GSM331718,0,0.5592824220657349
27,1,GSM331720,0,0.5129606127738953
27,1,GSM331721,0,0.5239803791046143
27,1,GSM331725,0,0.43530455231666565
27,1,GSM331726,0,0.1586221605539322
27,1,GSM331727,0,0.479554682970047
27,1,GSM331729,0,0.22257836163043976
27,1,GSM331732,0,0.37487027049064636
27,1,GSM331378,1,0.49865245819091797
27,1,GSM331380,1,0.6785309314727783
27,1,GSM331381,1,0.5555803179740906
27,1,GSM331382,1,0.5618253350257874
27,1,GSM331384,1,0.6587103009223938
27,1,GSM331385,1,0.49734705686569214
27,1,GSM331386,1,0.45911264419555664
27,1,GSM331387,1,0.6018692255020142
27,1,GSM331388,1,0.6736235022544861
27,1,GSM331391,1,0.6146020889282227
27,1,GSM331393,1,0.5384418964385986
27,1,GSM331396,1,0.743010938167572
27,1,GSM331407,1,0.5461896061897278
27,1,GSM331408,1,0.5502303242683411
27,1,GSM331410,1,0.2941925823688507
27,1,GSM331412,1,0.7887848019599915
27,1,GSM331413,1,0.16140718758106232
27,1,GSM331417,1,0.6684876084327698
27,1,GSM331419,1,0.46920204162597656
27,1,GSM331420,1,0.6752368211746216
27,1,GSM331421,1,0.6664972901344299
27,1,GSM331424,1,0.5772129893302917
27,1,GSM331428,1,0.2560173571109772
27,1,GSM331429,1,0.640466570854187
27,1,GSM331430,1,0.3816027343273163
27,1,GSM331431,1,0.5370422601699829
27,1,GSM331434,1,0.7264401316642761
27,1,GSM331440,1,0.6539308428764343
27,1,GSM331441,1,0.6771582365036011
27,1,GSM331445,1,0.5524821877479553
27,1,GSM331448,1,0.4852137267589569
27,1,GSM331450,1,0.5318441987037659
27,1,GSM331452,1,0.8691536784172058
27,2,GSM331638,0,0.45534658432006836
27,2,GSM331660,0,0.2647177278995514
27,2,GSM331661,0,0.40673959255218506
27,2,GSM331664,0,0.3474992513656616
27,2,GSM331665,0,0.5739938616752625
27,2,GSM331668,0,0.4330393671989441
27,2,GSM331670,0,0.2520923912525177
27,2,GSM331672,0,0.3675185441970825
27,2,GSM331673,0,0.45607513189315796
27,2,GSM331675,0,0.29920265078544617
27,2,GSM331679,0,0.3456626534461975
27,2,GSM331682,0,0.2795132100582123
27,2,GSM331687,0,0.1256154179573059
27,2,GSM331689,0,0.4939040541648865
27,2,GSM331692,0,0.40397489070892334
27,2,GSM331699,0,0.2593578100204468
27,2,GSM331700,0,0.24509277939796448
27,2,GSM331702,0,0.2738299071788788
27,2,GSM331704,0,0.3370668292045593
27,2,GSM331705,0,0.29077091813087463
27,2,GSM331706,0,0.4269217252731323
27,2,GSM331707,0,0.21940867602825165
27,2,GSM331708,0,0.36404457688331604
27,2,GSM331709,0,0.3002971112728119
27,2,GSM331710,0,0.36509087681770325
27,2,GSM331711,0,0.6709410548210144
27,2,GSM331713,0,0.4761429727077484
27,2,GSM331715,0,0.17536897957324982
27,2,GSM331716,0,0.5848504304885864
27,2,GSM331719,0,0.2366357296705246
27,2,GSM331722,0,0.4582706093788147
27,2,GSM331723,0,0.3464542031288147
27,2,GSM331724,0,0.2564225196838379
27,2,GSM331728,0,0.25424161553382874
27,2,GSM331730,0,0.38115978240966797
27,2,GSM331731,0,0.5356274843215942
27,2,GSM331377,1,0.6488988995552063
27,2,GSM331379,1,0.3326129913330078
27,2,GSM331383,1,0.5596494078636169
27,2,GSM331389,1,0.5994179248809814
27,2,GSM331390,1,0.36110159754753113
27,2,GSM331395,1,0.3688850402832031
27,2,GSM331397,1,0.3109373450279236
27,2,GSM331399,1,0.4584135115146637
27,2,GSM331400,1,0.4866931438446045
27,2,GSM331401,1,0.5381849408149719
27,2,GSM331402,1,0.6826470494270325
27,2,GSM331403,1,0.7332741618156433
27,2,GSM331404,1,0.7056460380554199
27,2,GSM331405,1,0.3440556526184082
27,2,GSM331406,1,0.6227301955223083
27,2,GSM331409,1,0.630618155002594
27,2,GSM331411,1,0.5062310695648193
27,2,GSM331414,1,0.6526719927787781
27,2,GSM331416,1,0.6165894269943237
27,2,GSM331418,1,0.8007963299751282
27,2,GSM331422,1,0.6622426509857178
27,2,GSM331425,1,0.6701362729072571
27,2,GSM331426,1,0.4901624619960785
27,2,GSM331427,1,0.5094472765922546
27,2,GSM331432,1,0.24570438265800476
27,2,GSM331436,1,0.3419381380081177
27,2,GSM331438,1,0.6367549300193787
27,2,GSM331439,1,0.5594117641448975
27,2,GSM331442,1,0.3985987603664398
27,2,GSM331443,1,0.6298703551292419
27,2,GSM331444,1,0.5861303806304932
27,2,GSM331446,1,0.3679850101470947
27,2,GSM331447,1,0.5966078639030457
28,1,GSM331661,0,0.829483151435852
28,1,GSM331662,0,0.6637226939201355
28,1,GSM331663,0,0.4841180145740509
28,1,GSM331664,0,0.22185856103897095
28,1,GSM331672,0,0.7932096719741821
28,1,GSM331673,0,0.5497311353683472
28,1,GSM331675,0,0.29228875041007996
28,1,GSM331678,0,0.13152042031288147
28,1,GSM331679,0,0.3614066243171692
28,1,GSM331680,0,0.4017678201198578
28,1,GSM331686,0,0.8988377451896667
28,1,GSM331689,0,0.6347053050994873
28,1,GSM331691,0,0.5246756672859192
28,1,GSM331692,0,0.3051220774650574
28,1,GSM331693,0,0.39207980036735535
28,1,GSM331695,0,0.16943055391311646
28,1,GSM331696,0,0.646769642829895
28,1,GSM331697,0,0.40168923139572144
28,1,GSM331698,0,0.1536177396774292
28,1,GSM331699,0,0.4988940358161926
28,1,GSM331701,0,0.15238414704799652
28,1,GSM331702,0,0.7044459581375122
28,1,GSM331703,0,0.5245456695556641
28,1,GSM331704,0,0.8412407636642456
28,1,GSM331705,0,0.7220777273178101
28,1,GSM331709,0,0.5283889174461365
28,1,GSM331711,0,0.8310564160346985
28,1,GSM331712,0,0.8475015759468079
28,1,GSM331713,0,0.6626712679862976
28,1,GSM331715,0,0.36211904883384705
28,1,GSM331716,0,0.9937567710876465
28,1,GSM331717,0,0.8721321821212769
28,1,GSM331719,0,0.3729414641857147
28,1,GSM331721,0,0.9518615007400513
28,1,GSM331723,0,0.7160119414329529
28,1,GSM331725,0,0.6126994490623474
28,1,GSM331726,0,0.2902674078941345
28,1,GSM331378,1,0.74779212474823
28,1,GSM331383,1,0.7415436506271362
28,1,GSM331385,1,0.7873432636260986
28,1,GSM331387,1,0.5123683214187622
28,1,GSM331390,1,0.386569619178772
28,1,GSM331391,1,0.683104932308197
28,1,GSM331395,1,0.5834046602249146
28,1,GSM331396,1,0.47673365473747253
28,1,GSM331397,1,0.11835574358701706
28,1,GSM331399,1,0.6322827935218811
28,1,GSM331400,1,0.7028940916061401
28,1,GSM331401,1,0.6274985074996948
28,1,GSM331406,1,0.7015887498855591
28,1,GSM331408,1,0.44009628891944885
28,1,GSM331409,1,0.5615341663360596
28,1,GSM331412,1,0.8876463770866394
28,1,GSM331414,1,0.7556561827659607
28,1,GSM331417,1,0.5570873618125916
28,1,GSM331419,1,0.3909659683704376
28,1,GSM331420,1,0.7981868982315063
28,1,GSM331421,1,0.6559697389602661
28,1,GSM331422,1,0.7741299271583557
28,1,GSM331424,1,0.0971572995185852
28,1,GSM331426,1,0.621592104434967
28,1,GSM331427,1,0.7872098088264465
28,1,GSM331428,1,0.1338796466588974
28,1,GSM331430,1,0.42752987146377563
28,1,GSM331431,1,0.7072761654853821
28,1,GSM331432,1,0.580144464969635
28,1,GSM331434,1,0.6700031161308289
28,1,GSM331442,1,0.4305971562862396
28,1,GSM331443,1,0.2523132562637329
28,1,GSM331452,1,0.8950295448303223
28,2,GSM331638,0,0.29418492317199707
28,2,GSM331660,0,0.24221284687519073
28,2,GSM331665,0,0.6018334031105042
28,2,GSM331666,0,0.156940296292305
28,2,GSM331668,0,0.6370684504508972
28,2,GSM331669,0,0.936819314956665
28,2,GSM331670,0,0.3006017208099365
28,2,GSM331671,0,0.7561519145965576
28,2,GSM331674,0,0.715628445148468
28,2,GSM331676,0,0.6579288840293884
28,2,GSM331677,0,0.18379488587379456
28,2,GSM331681,0,0.7282832264900208
28,2,GSM331682,0,0.6047363877296448
28,2,GSM331683,0,0.8329939246177673
28,2,GSM331684,0,0.12678289413452148
28,2,GSM331685,0,0.07963325083255768
28,2,GSM331687,0,0.15916010737419128
28,2,GSM331688,0,0.8173993825912476
28,2,GSM331690,0,0.6003263592720032
28,2,GSM331694,0,0.16218318045139313
28,2,GSM331700,0,0.17797212302684784
28,2,GSM331706,0,0.9702082872390747
28,2,GSM331707,0,0.22392426431179047
28,2,GSM331708,0,0.34560805559158325
28,2,GSM331710,0,0.25145217776298523
28,2,GSM331714,0,0.856704592704773
28,2,GSM331718,0,0.593322217464447
28,2,GSM331720,0,0.1654445081949234
28,2,GSM331722,0,0.48425599932670593
28,2,GSM331724,0,0.1596721112728119
28,2,GSM331727,0,0.30945926904678345
28,2,GSM331728,0,0.07641565799713135
28,2,GSM331729,0,0.10418408364057541
28,2,GSM331730,0,0.5380886793136597
28,2,GSM331731,0,0.7915962934494019
28,2,GSM331732,0,0.5054610967636108
28,2,GSM331377,1,0.6496769189834595
28,2,GSM331379,1,0.12277340888977051
28,2,GSM331380,1,0.9389375448226929
28,2,GSM331381,1,0.36479681730270386
28,2,GSM331382,1,0.23158180713653564
28,2,GSM331384,1,0.5869083404541016
28,2,GSM331386,1,0.35958248376846313
28,2,GSM331388,1,0.7927245497703552
28,2,GSM331389,1,0.6866596937179565
28,2,GSM331393,1,0.7047757506370544
28,2,GSM331402,1,0.6614196300506592
28,2,GSM331403,1,0.9421892762184143
28,2,GSM331404,1,0.6631494164466858
28,2,GSM331405,1,0.04273107275366783
28,2,GSM331407,1,0.3561529517173767
28,2,GSM331410,1,0.11456038057804108
28,2,GSM331411,1,0.6930103898048401
28,2,GSM331413,1,0.04632043465971947
28,2,GSM331416,1,0.4824630916118622
28,2,GSM331418,1,0.9683407545089722
28,2,GSM331425,1,0.3153623938560486
28,2,GSM331429,1,0.8694205284118652
28,2,GSM331436,1,0.1351354867219925
28,2,GSM331438,1,0.604100227355957
28,2,GSM331439,1,0.8101676106452942
28,2,GSM331440,1,0.613678514957428
28,2,GSM331441,1,0.841720461845398
28,2,GSM331444,1,0.36832454800605774
28,2,GSM331445,1,0.09698218107223511
28,2,GSM331446,1,0.07876740396022797
28,2,GSM331447,1,0.8317437171936035
28,2,GSM331448,1,0.8577010631561279
28,2,GSM331450,1,0.4853114187717438
29,1,GSM331638,0,0.29785025119781494
29,1,GSM331661,0,0.41161349415779114
29,1,GSM331662,0,0.5761857628822327
29,1,GSM331664,0,0.34183990955352783
29,1,GSM331665,0,0.6085080504417419
29,1,GSM331668,0,0.5658774971961975
29,1,GSM331672,0,0.326809287071228
29,1,GSM331674,0,0.5788498520851135
29,1,GSM331676,0,0.7436065673828125
29,1,GSM331678,0,0.39684417843818665
29,1,GSM331680,0,0.4606681168079376
29,1,GSM331682,0,0.17211392521858215
29,1,GSM331683,0,0.8486965298652649
29,1,GSM331684,0,0.19420023262500763
29,1,GSM331688,0,0.49310606718063354
29,1,GSM331689,0,0.5864269137382507
29,1,GSM331690,0,0.7872360348701477
29,1,GSM331695,0,0.21670283377170563
29,1,GSM331696,0,0.39156100153923035
29,1,GSM331697,0,0.25876301527023315
29,1,GSM331698,0,0.14943701028823853
29,1,GSM331700,0,0.3176502585411072
29,1,GSM331701,0,0.20530158281326294
29,1,GSM331702,0,0.18020208179950714
29,1,GSM331703,0,0.31235215067863464
29,1,GSM331704,0,0.27750760316848755
29,1,GSM331706,0,0.3894783556461334
29,1,GSM331707,0,0.18605557084083557
29,1,GSM331709,0,0.3975406885147095
29,1,GSM331710,0,0.25725260376930237
29,1,GSM331712,0,0.280133455991745
29,1,GSM331713,0,0.23266352713108063
29,1,GSM331714,0,0.7386389970779419
29,1,GSM331719,0,0.12758131325244904
29,1,GSM331725,0,0.3861338496208191
29,1,GSM331731,0,0.7361347079277039
29,1,GSM331732,0,0.3776538670063019
29,1,GSM331379,1,0.29369980096817017
29,1,GSM331380,1,0.7622470259666443
29,1,GSM331383,1,0.5589165091514587
29,1,GSM331384,1,0.6325567960739136
29,1,GSM331391,1,0.5361911058425903
29,1,GSM331393,1,0.6921785473823547
29,1,GSM331395,1,0.5136189460754395
29,1,GSM331396,1,0.8534330129623413
29,1,GSM331397,1,0.3680309057235718
29,1,GSM331399,1,0.5402868986129761
29,1,GSM331400,1,0.6592195630073547
29,1,GSM331401,1,0.4114624261856079
29,1,GSM331402,1,0.6530341506004333
29,1,GSM331403,1,0.739484965801239
29,1,GSM331404,1,0.620545506477356
29,1,GSM331405,1,0.3741368353366852
29,1,GSM331406,1,0.7824373841285706
29,1,GSM331408,1,0.5521146655082703
29,1,GSM331409,1,0.6691234111785889
29,1,GSM331411,1,0.6161408424377441
29,1,GSM331414,1,0.7147669196128845
29,1,GSM331416,1,0.6708185076713562
29,1,GSM331417,1,0.6911023259162903
29,1,GSM331418,1,0.8789236545562744
29,1,GSM331419,1,0.460865318775177
29,1,GSM331420,1,0.6977121829986572
29,1,GSM331428,1,0.38074612617492676
29,1,GSM331434,1,0.6551607251167297
29,1,GSM331436,1,0.19684313237667084
29,1,GSM331438,1,0.7397032976150513
29,1,GSM331445,1,0.3824634850025177
29,1,GSM331446,1,0.48847347497940063
29,1,GSM331452,1,0.903757631778717
29,2,GSM331660,0,0.3802405893802643
29,2,GSM331663,0,0.22326815128326416
29,2,GSM331666,0,0.19745907187461853
29,2,GSM331669,0,0.4663364887237549
29,2,GSM331670,0,0.3364173471927643
29,2,GSM331671,0,0.3877648413181305
29,2,GSM331673,0,0.3230058550834656
29,2,GSM331675,0,0.11210249364376068
29,2,GSM331677,0,0.14668278396129608
29,2,GSM331679,0,0.3855496942996979
29,2,GSM331681,0,0.4036101698875427
29,2,GSM331685,0,0.43251320719718933
29,2,GSM331686,0,0.2541998624801636
29,2,GSM331687,0,0.15872745215892792
29,2,GSM331691,0,0.6407197713851929
29,2,GSM331692,0,0.250984251499176
29,2,GSM331693,0,0.2379968911409378
29,2,GSM331694,0,0.49160945415496826
29,2,GSM331699,0,0.29240626096725464
29,2,GSM331705,0,0.20189625024795532
29,2,GSM331708,0,0.5893637537956238
29,2,GSM331711,0,0.6104543805122375
29,2,GSM331715,0,0.22330431640148163
29,2,GSM331716,0,0.5395108461380005
29,2,GSM331717,0,0.37411466240882874
29,2,GSM331718,0,0.6191663146018982
29,2,GSM331720,0,0.4662652611732483
29,2,GSM331721,0,0.40677347779273987
29,2,GSM331722,0,0.5055960416793823
29,2,GSM331723,0,0.32924628257751465
29,2,GSM331724,0,0.15021556615829468
29,2,GSM331726,0,0.21646402776241302
29,2,GSM331727,0,0.5148553848266602
29,2,GSM331728,0,0.38371264934539795
29,2,GSM331729,0,0.29643815755844116
29,2,GSM331730,0,0.2271217405796051
29,2,GSM331377,1,0.7247249484062195
29,2,GSM331378,1,0.6346314549446106
29,2,GSM331381,1,0.5990545749664307
29,2,GSM331382,1,0.5012620091438293
29,2,GSM331385,1,0.41639596223831177
29,2,GSM331386,1,0.37782832980155945
29,2,GSM331387,1,0.5635116696357727
29,2,GSM331388,1,0.7462489008903503
29,2,GSM331389,1,0.7038759589195251
29,2,GSM331390,1,0.4746353328227997
29,2,GSM331407,1,0.49956175684928894
29,2,GSM331410,1,0.28250595927238464
29,2,GSM331412,1,0.8383949995040894
29,2,GSM331413,1,0.15141206979751587
29,2,GSM331421,1,0.6369235515594482
29,2,GSM331422,1,0.6450769901275635
29,2,GSM331424,1,0.5512996315956116
29,2,GSM331425,1,0.6991586685180664
29,2,GSM331426,1,0.5089697241783142
29,2,GSM331427,1,0.5175542831420898
29,2,GSM331429,1,0.7255206108093262
29,2,GSM331430,1,0.3764451742172241
29,2,GSM331431,1,0.6299031972885132
29,2,GSM331432,1,0.3220980763435364
29,2,GSM331439,1,0.6223220825195312
29,2,GSM331440,1,0.5501545667648315
29,2,GSM331441,1,0.7621126770973206
29,2,GSM331442,1,0.3472430109977722
29,2,GSM331443,1,0.5188130140304565
29,2,GSM331444,1,0.5094250440597534
29,2,GSM331447,1,0.6158910989761353
29,2,GSM331448,1,0.35877326130867004
29,2,GSM331450,1,0.3594648241996765
30,1,GSM331661,0,0.4831468462944031
30,1,GSM331663,0,0.34403419494628906
30,1,GSM331666,0,0.4865747392177582
30,1,GSM331668,0,0.6451208591461182
30,1,GSM331670,0,0.5105077624320984
30,1,GSM331672,0,0.39461544156074524
30,1,GSM331673,0,0.4822298288345337
30,1,GSM331675,0,0.36949968338012695
30,1,GSM331678,0,0.2552933990955353
30,1,GSM331680,0,0.5640114545822144
30,1,GSM331682,0,0.36839941143989563
30,1,GSM331684,0,0.43106094002723694
30,1,GSM331685,0,0.3842930793762207
30,1,GSM331686,0,0.3821435272693634
30,1,GSM331687,0,0.28569579124450684
30,1,GSM331692,0,0.4266131818294525
30,1,GSM331695,0,0.34812596440315247
30,1,GSM331701,0,0.37924402952194214
30,1,GSM331702,0,0.478722482919693
30,1,GSM331706,0,0.6930201053619385
30,1,GSM331707,0,0.3423576354980469
30,1,GSM331708,0,0.48860278725624084
30,1,GSM331709,0,0.35717520117759705
30,1,GSM331710,0,0.49488258361816406
30,1,GSM331712,0,0.5074300169944763
30,1,GSM331713,0,0.46016550064086914
30,1,GSM331714,0,0.5126282572746277
30,1,GSM331715,0,0.41991400718688965
30,1,GSM331716,0,0.6259317994117737
30,1,GSM331717,0,0.5568031668663025
30,1,GSM331719,0,0.40511244535446167
30,1,GSM331720,0,0.5620394945144653
30,1,GSM331724,0,0.4560602605342865
30,1,GSM331725,0,0.4265032708644867
30,1,GSM331728,0,0.4116416275501251
30,1,GSM331731,0,0.6407903432846069
30,1,GSM331732,0,0.5634568333625793
30,1,GSM331379,1,0.48200124502182007
30,1,GSM331380,1,0.6465427875518799
30,1,GSM331382,1,0.6406602263450623
30,1,GSM331383,1,0.65507972240448
30,1,GSM331384,1,0.7025506496429443
30,1,GSM331386,1,0.6023133397102356
30,1,GSM331388,1,0.7683446407318115
30,1,GSM331389,1,0.5671814680099487
30,1,GSM331391,1,0.5892289876937866
30,1,GSM331395,1,0.634319543838501
30,1,GSM331399,1,0.5673970580101013
30,1,GSM331401,1,0.678163468837738
30,1,GSM331403,1,0.6961260437965393
30,1,GSM331404,1,0.6747178435325623
30,1,GSM331406,1,0.6179621815681458
30,1,GSM331408,1,0.7228338122367859
30,1,GSM331410,1,0.5209853649139404
30,1,GSM331413,1,0.4963579475879669
30,1,GSM331414,1,0.7138023376464844
30,1,GSM331416,1,0.7530926465988159
30,1,GSM331417,1,0.7346299290657043
30,1,GSM331418,1,0.7701771855354309
30,1,GSM331421,1,0.6238900423049927
30,1,GSM331422,1,0.600555956363678
30,1,GSM331425,1,0.7021893262863159
30,1,GSM331430,1,0.3828110992908478
30,1,GSM331432,1,0.49136093258857727
30,1,GSM331434,1,0.611420750617981
30,1,GSM331439,1,0.5175586938858032
30,1,GSM331440,1,0.6780767440795898
30,1,GSM331442,1,0.3386193811893463
30,1,GSM331443,1,0.5755012035369873
30,1,GSM331450,1,0.4798412621021271
30,2,GSM331638,0,0.39437949657440186
30,2,GSM331660,0,0.24969156086444855
30,2,GSM331662,0,0.4604801833629608
30,2,GSM331664,0,0.32669439911842346
30,2,GSM331665,0,0.4234737753868103
30,2,GSM331669,0,0.47583070397377014
30,2,GSM331671,0,0.4751197397708893
30,2,GSM331674,0,0.40044063329696655
30,2,GSM331676,0,0.5392881035804749
30,2,GSM331677,0,0.21572783589363098
30,2,GSM331679,0,0.4395555555820465
30,2,GSM331681,0,0.5922777056694031
30,2,GSM331683,0,0.7067897915840149
30,2,GSM331688,0,0.4884416460990906
30,2,GSM331689,0,0.576528012752533
30,2,GSM331690,0,0.6089977025985718
30,2,GSM331691,0,0.5737174153327942
30,2,GSM331693,0,0.5114931464195251
30,2,GSM331694,0,0.42795291543006897
30,2,GSM331696,0,0.39238977432250977
30,2,GSM331697,0,0.23758277297019958
30,2,GSM331698,0,0.28335249423980713
30,2,GSM331699,0,0.23934940993785858
30,2,GSM331700,0,0.2818489074707031
30,2,GSM331703,0,0.31613466143608093
30,2,GSM331704,0,0.45811009407043457
30,2,GSM331705,0,0.23706881701946259
30,2,GSM331711,0,0.4698883295059204
30,2,GSM331718,0,0.5272035002708435
30,2,GSM331721,0,0.4970581531524658
30,2,GSM331722,0,0.47860443592071533
30,2,GSM331723,0,0.30615103244781494
30,2,GSM331726,0,0.23994185030460358
30,2,GSM331727,0,0.3727678060531616
30,2,GSM331729,0,0.2803160548210144
30,2,GSM331730,0,0.3755912482738495
30,2,GSM331377,1,0.6310666799545288
30,2,GSM331378,1,0.6291100978851318
30,2,GSM331381,1,0.5206927061080933
30,2,GSM331385,1,0.41192471981048584
30,2,GSM331387,1,0.47405412793159485
30,2,GSM331390,1,0.4567946493625641
30,2,GSM331393,1,0.5646259188652039
30,2,GSM331396,1,0.6024707555770874
30,2,GSM331397,1,0.37136319279670715
30,2,GSM331400,1,0.621097981929779
30,2,GSM331402,1,0.6145583987236023
30,2,GSM331405,1,0.31422320008277893
30,2,GSM331407,1,0.656965970993042
30,2,GSM331409,1,0.6459357142448425
30,2,GSM331411,1,0.5140466094017029
30,2,GSM331412,1,0.733325183391571
30,2,GSM331419,1,0.5325708389282227
30,2,GSM331420,1,0.6662993431091309
30,2,GSM331424,1,0.39119023084640503
30,2,GSM331426,1,0.48638036847114563
30,2,GSM331427,1,0.5262943506240845
30,2,GSM331428,1,0.41188865900039673
30,2,GSM331429,1,0.591812252998352
30,2,GSM331431,1,0.608873724937439
30,2,GSM331436,1,0.26925235986709595
30,2,GSM331438,1,0.6805636286735535
30,2,GSM331441,1,0.4642642140388489
30,2,GSM331444,1,0.5073708891868591
30,2,GSM331445,1,0.5630940794944763
30,2,GSM331446,1,0.5255888104438782
30,2,GSM331447,1,0.619331955909729
30,2,GSM331448,1,0.45241275429725647
30,2,GSM331452,1,0.8114709258079529
31,1,GSM331638,0,0.5121373534202576
31,1,GSM331662,0,0.5466819405555725
31,1,GSM331664,0,0.1867605745792389
31,1,GSM331665,0,0.3680073916912079
31,1,GSM331668,0,0.5689799189567566
31,1,GSM331669,0,0.6619911789894104
31,1,GSM331670,0,0.3656499981880188
31,1,GSM331671,0,0.2617974877357483
31,1,GSM331672,0,0.5860046744346619
31,1,GSM331673,0,0.2979438602924347
31,1,GSM331674,0,0.35023802518844604
31,1,GSM331675,0,0.20639784634113312
31,1,GSM331677,0,0.12004266679286957
31,1,GSM331678,0,0.1224372610449791
31,1,GSM331680,0,0.49000298976898193
31,1,GSM331681,0,0.7917112708091736
31,1,GSM331682,0,0.6330205798149109
31,1,GSM331686,0,0.5986997485160828
31,1,GSM331690,0,0.7028723955154419
31,1,GSM331691,0,0.7356812953948975
31,1,GSM331694,0,0.48113730549812317
31,1,GSM331696,0,0.5478779673576355
31,1,GSM331698,0,0.1231793686747551
31,1,GSM331702,0,0.49040839076042175
31,1,GSM331704,0,0.6384390592575073
31,1,GSM331706,0,0.9267658591270447
31,1,GSM331710,0,0.3276110291481018
31,1,GSM331713,0,0.28366371989250183
31,1,GSM331715,0,0.14316341280937195
31,1,GSM331718,0,0.6716434955596924
31,1,GSM331719,0,0.14565050601959229
31,1,GSM331720,0,0.4498256742954254
31,1,GSM331722,0,0.45381250977516174
31,1,GSM331723,0,0.7061253786087036
31,1,GSM331727,0,0.3932940661907196
31,1,GSM331729,0,0.15380869805812836
31,1,GSM331732,0,0.476859986782074
31,1,GSM331378,1,0.7243080735206604
31,1,GSM331380,1,0.8698432445526123
31,1,GSM331382,1,0.5538254380226135
31,1,GSM331384,1,0.8142322301864624
31,1,GSM331386,1,0.42483609914779663
31,1,GSM331388,1,0.7611875534057617
31,1,GSM331393,1,0.7081941366195679
31,1,GSM331395,1,0.45157164335250854
31,1,GSM331401,1,0.7656702399253845
31,1,GSM331403,1,0.9625394344329834
31,1,GSM331404,1,0.7830779552459717
31,1,GSM331405,1,0.0910680741071701
31,1,GSM331407,1,0.69888836145401
31,1,GSM331410,1,0.31980660557746887
31,1,GSM331411,1,0.6156179308891296
31,1,GSM331414,1,0.8241847157478333
31,1,GSM331417,1,0.7553874850273132
31,1,GSM331418,1,0.9370598793029785
31,1,GSM331420,1,0.7182665467262268
31,1,GSM331424,1,0.3936989903450012
31,1,GSM331425,1,0.7125361561775208
31,1,GSM331427,1,0.5001060962677002
31,1,GSM331428,1,0.14770595729351044
31,1,GSM331430,1,0.35251355171203613
31,1,GSM331431,1,0.7012321352958679
31,1,GSM331432,1,0.38541463017463684
31,1,GSM331438,1,0.7537040114402771
31,1,GSM331440,1,0.6085458397865295
31,1,GSM331441,1,0.7655025124549866
31,1,GSM331442,1,0.47424185276031494
31,1,GSM331445,1,0.44054025411605835
31,1,GSM331446,1,0.186222106218338
31,1,GSM331450,1,0.2098246067762375
31,2,GSM331660,0,0.14956343173980713
31,2,GSM331661,0,0.5977323651313782
31,2,GSM331663,0,0.15909351408481598
31,2,GSM331666,0,0.11313404887914658
31,2,GSM331676,0,0.4833584129810333
31,2,GSM331679,0,0.11451949179172516
31,2,GSM331683,0,0.7925585508346558
31,2,GSM331684,0,0.29258856177330017
31,2,GSM331685,0,0.07354587316513062
31,2,GSM331687,0,0.08001870661973953
31,2,GSM331688,0,0.6732223033905029
31,2,GSM331689,0,0.40764153003692627
31,2,GSM331692,0,0.28704410791397095
31,2,GSM331693,0,0.359443724155426
31,2,GSM331695,0,0.17552803456783295
31,2,GSM331697,0,0.17440614104270935
31,2,GSM331699,0,0.0795232355594635
31,2,GSM331700,0,0.13233844935894012
31,2,GSM331701,0,0.14844973385334015
31,2,GSM331703,0,0.44687706232070923
31,2,GSM331705,0,0.3901172876358032
31,2,GSM331707,0,0.0860297903418541
31,2,GSM331708,0,0.3278076648712158
31,2,GSM331709,0,0.28376835584640503
31,2,GSM331711,0,0.7308455109596252
31,2,GSM331712,0,0.5715279579162598
31,2,GSM331714,0,0.8102794885635376
31,2,GSM331716,0,0.9532175660133362
31,2,GSM331717,0,0.6896312832832336
31,2,GSM331721,0,0.6506752371788025
31,2,GSM331724,0,0.1992962509393692
31,2,GSM331725,0,0.1611884981393814
31,2,GSM331726,0,0.07020209729671478
31,2,GSM331728,0,0.14758454263210297
31,2,GSM331730,0,0.4648500680923462
31,2,GSM331731,0,0.6275357604026794
31,2,GSM331377,1,0.6521410346031189
31,2,GSM331379,1,0.24263858795166016
31,2,GSM331381,1,0.6307046413421631
31,2,GSM331383,1,0.741040825843811
31,2,GSM331385,1,0.5148987770080566
31,2,GSM331387,1,0.3979237675666809
31,2,GSM331389,1,0.551474392414093
31,2,GSM331390,1,0.3953722417354584
31,2,GSM331391,1,0.5261220335960388
31,2,GSM331396,1,0.6061819195747375
31,2,GSM331397,1,0.22790567576885223
31,2,GSM331399,1,0.47622737288475037
31,2,GSM331400,1,0.7531901597976685
31,2,GSM331402,1,0.5068426728248596
31,2,GSM331406,1,0.6401340961456299
31,2,GSM331408,1,0.67453533411026
31,2,GSM331409,1,0.6500795483589172
31,2,GSM331412,1,0.8331523537635803
31,2,GSM331413,1,0.10582120716571808
31,2,GSM331416,1,0.6673585176467896
31,2,GSM331419,1,0.4314383566379547
31,2,GSM331421,1,0.7163580656051636
31,2,GSM331422,1,0.6734899282455444
31,2,GSM331426,1,0.48253658413887024
31,2,GSM331429,1,0.6378077268600464
31,2,GSM331434,1,0.6896069049835205
31,2,GSM331436,1,0.3814729154109955
31,2,GSM331439,1,0.7601009607315063
31,2,GSM331443,1,0.38134127855300903
31,2,GSM331444,1,0.4467988908290863
31,2,GSM331447,1,0.7765775322914124
31,2,GSM331448,1,0.3206017315387726
31,2,GSM331452,1,0.8648988008499146
32,1,GSM331638,0,0.4384702742099762
32,1,GSM331660,0,0.3096596896648407
32,1,GSM331661,0,0.45705726742744446
32,1,GSM331662,0,0.4929301142692566
32,1,GSM331663,0,0.2975618243217468
32,1,GSM331665,0,0.5871849656105042
32,1,GSM331666,0,0.31410133838653564
32,1,GSM331668,0,0.5394737720489502
32,1,GSM331671,0,0.4561965763568878
32,1,GSM331673,0,0.42326825857162476
32,1,GSM331676,0,0.601834774017334
32,1,GSM331677,0,0.24809949100017548
32,1,GSM331680,0,0.5987424254417419
32,1,GSM331681,0,0.4994807243347168
32,1,GSM331685,0,0.35092148184776306
32,1,GSM331688,0,0.5867488980293274
32,1,GSM331690,0,0.6666156649589539
32,1,GSM331692,0,0.44682613015174866
32,1,GSM331693,0,0.41050824522972107
32,1,GSM331694,0,0.5086337327957153
32,1,GSM331696,0,0.4601594805717468
32,1,GSM331697,0,0.32511159777641296
32,1,GSM331698,0,0.19644112884998322
32,1,GSM331702,0,0.44203487038612366
32,1,GSM331706,0,0.7498914003372192
32,1,GSM331707,0,0.2888603210449219
32,1,GSM331710,0,0.4841068983078003
32,1,GSM331711,0,0.4968229830265045
32,1,GSM331716,0,0.7232065200805664
32,1,GSM331718,0,0.6116269826889038
32,1,GSM331719,0,0.2763833701610565
32,1,GSM331720,0,0.42030346393585205
32,1,GSM331723,0,0.5754984617233276
32,1,GSM331725,0,0.5195791125297546
32,1,GSM331728,0,0.3399280905723572
32,1,GSM331729,0,0.3022991418838501
32,1,GSM331732,0,0.5196525454521179
32,1,GSM331380,1,0.6842697858810425
32,1,GSM331381,1,0.6676228046417236
32,1,GSM331382,1,0.5481749773025513
32,1,GSM331383,1,0.6879480481147766
32,1,GSM331384,1,0.7156969904899597
32,1,GSM331385,1,0.3858410716056824
32,1,GSM331388,1,0.7057996392250061
32,1,GSM331389,1,0.5550782084465027
32,1,GSM331396,1,0.7109549045562744
32,1,GSM331400,1,0.4991658627986908
32,1,GSM331401,1,0.4916993975639343
32,1,GSM331402,1,0.42423149943351746
32,1,GSM331403,1,0.7164546251296997
32,1,GSM331405,1,0.36961841583251953
32,1,GSM331407,1,0.48047539591789246
32,1,GSM331410,1,0.31384241580963135
32,1,GSM331416,1,0.516901969909668
32,1,GSM331418,1,0.715589702129364
32,1,GSM331422,1,0.6062882542610168
32,1,GSM331424,1,0.49518170952796936
32,1,GSM331425,1,0.6195422410964966
32,1,GSM331426,1,0.5169169306755066
32,1,GSM331427,1,0.4438883364200592
32,1,GSM331428,1,0.376514196395874
32,1,GSM331429,1,0.7435306310653687
32,1,GSM331430,1,0.4449339210987091
32,1,GSM331431,1,0.5849956274032593
32,1,GSM331440,1,0.5055521726608276
32,1,GSM331441,1,0.7363918423652649
32,1,GSM331442,1,0.5153795480728149
32,1,GSM331443,1,0.5693883299827576
32,1,GSM331445,1,0.35247892141342163
32,1,GSM331446,1,0.44895267486572266
32,2,GSM331664,0,0.5456572771072388
32,2,GSM331669,0,0.5499964356422424
32,2,GSM331670,0,0.4554370641708374
32,2,GSM331672,0,0.4689967930316925
32,2,GSM331674,0,0.47396498918533325
32,2,GSM331675,0,0.25963547825813293
32,2,GSM331678,0,0.35933175683021545
32,2,GSM331679,0,0.5355620384216309
32,2,GSM331682,0,0.41915416717529297
32,2,GSM331683,0,0.8089339137077332
32,2,GSM331684,0,0.3272756040096283
32,2,GSM331686,0,0.38540834188461304
32,2,GSM331687,0,0.23265616595745087
32,2,GSM331689,0,0.5584267973899841
32,2,GSM331691,0,0.46264058351516724
32,2,GSM331695,0,0.31718939542770386
32,2,GSM331699,0,0.3094213902950287
32,2,GSM331700,0,0.47242963314056396
32,2,GSM331701,0,0.2584820091724396
32,2,GSM331703,0,0.2877506613731384
32,2,GSM331704,0,0.48993727564811707
32,2,GSM331705,0,0.3581331670284271
32,2,GSM331708,0,0.45062482357025146
32,2,GSM331709,0,0.36450040340423584
32,2,GSM331712,0,0.35881519317626953
32,2,GSM331713,0,0.3180922865867615
32,2,GSM331714,0,0.7273524403572083
32,2,GSM331715,0,0.1756787747144699
32,2,GSM331717,0,0.4851009249687195
32,2,GSM331721,0,0.4497968256473541
32,2,GSM331722,0,0.6090334057807922
32,2,GSM331724,0,0.32804927229881287
32,2,GSM331726,0,0.26434674859046936
32,2,GSM331727,0,0.5254309177398682
32,2,GSM331730,0,0.3115813136100769
32,2,GSM331731,0,0.6052307486534119
32,2,GSM331377,1,0.6573274731636047
32,2,GSM331378,1,0.6696697473526001
32,2,GSM331379,1,0.30310672521591187
32,2,GSM331386,1,0.5287471413612366
32,2,GSM331387,1,0.5446162819862366
32,2,GSM331390,1,0.3703174293041229
32,2,GSM331391,1,0.5423239469528198
32,2,GSM331393,1,0.5866884589195251
32,2,GSM331395,1,0.4568870961666107
32,2,GSM331397,1,0.5682615637779236
32,2,GSM331399,1,0.5816354155540466
32,2,GSM331404,1,0.5598049163818359
32,2,GSM331406,1,0.7426154017448425
32,2,GSM331408,1,0.5172097086906433
32,2,GSM331409,1,0.5310922265052795
32,2,GSM331411,1,0.596886396408081
32,2,GSM331412,1,0.6926001310348511
32,2,GSM331413,1,0.22453969717025757
32,2,GSM331414,1,0.5948154926300049
32,2,GSM331417,1,0.40230441093444824
32,2,GSM331419,1,0.30825644731521606
32,2,GSM331420,1,0.4695446193218231
32,2,GSM331421,1,0.7021448016166687
32,2,GSM331432,1,0.3309682309627533
32,2,GSM331434,1,0.6930819749832153
32,2,GSM331436,1,0.3469439148902893
32,2,GSM331438,1,0.5354629755020142
32,2,GSM331439,1,0.6568643450737
32,2,GSM331444,1,0.4908098578453064
32,2,GSM331447,1,0.645858645439148
32,2,GSM331448,1,0.4527778625488281
32,2,GSM331450,1,0.3340660035610199
32,2,GSM331452,1,0.7470926642417908
33,1,GSM331660,0,0.4938393533229828
33,1,GSM331664,0,0.4917106032371521
33,1,GSM331665,0,0.6993833184242249
33,1,GSM331666,0,0.35879161953926086
33,1,GSM331668,0,0.8042219281196594
33,1,GSM331669,0,0.8463887572288513
33,1,GSM331670,0,0.41178098320961
33,1,GSM331674,0,0.7839528918266296
33,1,GSM331677,0,0.43307092785835266
33,1,GSM331678,0,0.4632875323295593
33,1,GSM331681,0,0.44240033626556396
33,1,GSM331682,0,0.364582359790802
33,1,GSM331687,0,0.5054575204849243
33,1,GSM331688,0,0.8090186715126038
33,1,GSM331689,0,0.7258101105690002
33,1,GSM331691,0,0.5351483225822449
33,1,GSM331693,0,0.32110798358917236
33,1,GSM331696,0,0.6127094626426697
33,1,GSM331699,0,0.3720751404762268
33,1,GSM331700,0,0.4548325538635254
33,1,GSM331707,0,0.3488871455192566
33,1,GSM331710,0,0.33159488439559937
33,1,GSM331715,0,0.4365465044975281
33,1,GSM331716,0,0.7473903894424438
33,1,GSM331717,0,0.4377157986164093
33,1,GSM331718,0,0.6700099110603333
33,1,GSM331719,0,0.1395837664604187
33,1,GSM331720,0,0.6056581139564514
33,1,GSM331721,0,0.7526257634162903
33,1,GSM331722,0,0.5670202970504761
33,1,GSM331723,0,0.5366344451904297
33,1,GSM331725,0,0.6830928921699524
33,1,GSM331727,0,0.5295910239219666
33,1,GSM331728,0,0.4816642105579376
33,1,GSM331729,0,0.37530601024627686
33,1,GSM331731,0,0.8181250095367432
33,1,GSM331732,0,0.6277226805686951
33,1,GSM331380,1,0.8572388887405396
33,1,GSM331385,1,0.52378249168396
33,1,GSM331388,1,0.8149637579917908
33,1,GSM331389,1,0.7291549444198608
33,1,GSM331390,1,0.5693800449371338
33,1,GSM331391,1,0.6421329379081726
33,1,GSM331395,1,0.5964781641960144
33,1,GSM331397,1,0.3687705099582672
33,1,GSM331399,1,0.5679326057434082
33,1,GSM331401,1,0.4308202564716339
33,1,GSM331403,1,0.8059236407279968
33,1,GSM331404,1,0.7382782101631165
33,1,GSM331405,1,0.24445413053035736
33,1,GSM331406,1,0.69586580991745
33,1,GSM331408,1,0.47475141286849976
33,1,GSM331412,1,0.7547184228897095
33,1,GSM331413,1,0.18448296189308167
33,1,GSM331417,1,0.5238394141197205
33,1,GSM331419,1,0.29250404238700867
33,1,GSM331422,1,0.8017600178718567
33,1,GSM331425,1,0.5866051316261292
33,1,GSM331427,1,0.7527281045913696
33,1,GSM331428,1,0.3161672353744507
33,1,GSM331430,1,0.669735312461853
33,1,GSM331431,1,0.8351523280143738
33,1,GSM331434,1,0.6182758212089539
33,1,GSM331438,1,0.8257238268852234
33,1,GSM331439,1,0.7832778692245483
33,1,GSM331440,1,0.763484001159668
33,1,GSM331441,1,0.863229513168335
33,1,GSM331442,1,0.4545206129550934
33,1,GSM331446,1,0.41302454471588135
33,1,GSM331448,1,0.7939637303352356
33,2,GSM331638,0,0.39985936880111694
33,2,GSM331661,0,0.31457972526550293
33,2,GSM331662,0,0.6025034189224243
33,2,GSM331663,0,0.3020144999027252
33,2,GSM331671,0,0.5636399984359741
33,2,GSM331672,0,0.5710055232048035
33,2,GSM331673,0,0.3361245393753052
33,2,GSM331675,0,0.09750430285930634
33,2,GSM331676,0,0.8165788054466248
33,2,GSM331679,0,0.474976509809494
33,2,GSM331680,0,0.21613888442516327
33,2,GSM331683,0,0.7855672240257263
33,2,GSM331684,0,0.15148073434829712
33,2,GSM331685,0,0.38014039397239685
33,2,GSM331686,0,0.32246771454811096
33,2,GSM331690,0,0.522912323474884
33,2,GSM331692,0,0.17248500883579254
33,2,GSM331694,0,0.32540252804756165
33,2,GSM331695,0,0.3637986481189728
33,2,GSM331697,0,0.17171362042427063
33,2,GSM331698,0,0.13015282154083252
33,2,GSM331701,0,0.1866379678249359
33,2,GSM331702,0,0.22076106071472168
33,2,GSM331703,0,0.3842771053314209
33,2,GSM331704,0,0.2809446454048157
33,2,GSM331705,0,0.14434599876403809
33,2,GSM331706,0,0.5153288245201111
33,2,GSM331708,0,0.37118327617645264
33,2,GSM331709,0,0.25504791736602783
33,2,GSM331711,0,0.839874804019928
33,2,GSM331712,0,0.27840903401374817
33,2,GSM331713,0,0.22142668068408966
33,2,GSM331714,0,0.7801579833030701
33,2,GSM331724,0,0.16846616566181183
33,2,GSM331726,0,0.15346941351890564
33,2,GSM331730,0,0.20485593378543854
33,2,GSM331377,1,0.6145364046096802
33,2,GSM331378,1,0.5500249266624451
33,2,GSM331379,1,0.13479754328727722
33,2,GSM331381,1,0.45730504393577576
33,2,GSM331382,1,0.490573912858963
33,2,GSM331383,1,0.7316126823425293
33,2,GSM331384,1,0.4680188000202179
33,2,GSM331386,1,0.5315278172492981
33,2,GSM331387,1,0.7217788696289062
33,2,GSM331393,1,0.6542140245437622
33,2,GSM331396,1,0.5161160230636597
33,2,GSM331400,1,0.5515621900558472
33,2,GSM331402,1,0.6303638815879822
33,2,GSM331407,1,0.2966703176498413
33,2,GSM331409,1,0.5076218843460083
33,2,GSM331410,1,0.16731607913970947
33,2,GSM331411,1,0.5410017967224121
33,2,GSM331414,1,0.7384072542190552
33,2,GSM331416,1,0.3275976777076721
33,2,GSM331418,1,0.8456214666366577
33,2,GSM331420,1,0.6638286113739014
33,2,GSM331421,1,0.5428491234779358
33,2,GSM331424,1,0.408232182264328
33,2,GSM331426,1,0.3449748158454895
33,2,GSM331429,1,0.7359868288040161
33,2,GSM331432,1,0.3230867087841034
33,2,GSM331436,1,0.12521852552890778
33,2,GSM331443,1,0.4308270215988159
33,2,GSM331444,1,0.33991512656211853
33,2,GSM331445,1,0.07496456801891327
33,2,GSM331447,1,0.7589637637138367
33,2,GSM331450,1,0.43588605523109436
33,2,GSM331452,1,0.8142440319061279
34,1,GSM331660,0,0.3226892054080963
34,1,GSM331662,0,0.442664235830307
34,1,GSM331666,0,0.4064157009124756
34,1,GSM331668,0,0.5922408103942871
34,1,GSM331669,0,0.7833008170127869
34,1,GSM331670,0,0.6164579391479492
34,1,GSM331671,0,0.7486779689788818
34,1,GSM331672,0,0.7225069999694824
34,1,GSM331674,0,0.6008299589157104
34,1,GSM331676,0,0.7300392389297485
34,1,GSM331681,0,0.7057585716247559
34,1,GSM331682,0,0.7248446941375732
34,1,GSM331683,0,0.8697171807289124
34,1,GSM331684,0,0.5536115765571594
34,1,GSM331685,0,0.34036126732826233
34,1,GSM331686,0,0.7926172614097595
34,1,GSM331690,0,0.5213438868522644
34,1,GSM331691,0,0.5032063126564026
34,1,GSM331696,0,0.3390415608882904
34,1,GSM331698,0,0.22700278460979462
34,1,GSM331699,0,0.4446421265602112
34,1,GSM331700,0,0.5468882918357849
34,1,GSM331702,0,0.715235710144043
34,1,GSM331703,0,0.33271685242652893
34,1,GSM331710,0,0.5475733280181885
34,1,GSM331711,0,0.5003234148025513
34,1,GSM331712,0,0.7217907309532166
34,1,GSM331713,0,0.6026899218559265
34,1,GSM331714,0,0.775253415107727
34,1,GSM331716,0,0.9353581666946411
34,1,GSM331718,0,0.7730553150177002
34,1,GSM331723,0,0.7268378138542175
34,1,GSM331724,0,0.49207863211631775
34,1,GSM331726,0,0.23680733144283295
34,1,GSM331727,0,0.5011664032936096
34,1,GSM331728,0,0.2683233320713043
34,1,GSM331730,0,0.5915310382843018
34,1,GSM331378,1,0.7816846966743469
34,1,GSM331379,1,0.6151841878890991
34,1,GSM331384,1,0.8161157965660095
34,1,GSM331385,1,0.4815869927406311
34,1,GSM331386,1,0.4877528250217438
34,1,GSM331389,1,0.3990858793258667
34,1,GSM331390,1,0.47062772512435913
34,1,GSM331391,1,0.7589322924613953
34,1,GSM331396,1,0.670606791973114
34,1,GSM331399,1,0.8387455344200134
34,1,GSM331402,1,0.4709004759788513
34,1,GSM331405,1,0.3079459071159363
34,1,GSM331408,1,0.6860826015472412
34,1,GSM331409,1,0.5610948204994202
34,1,GSM331410,1,0.4998745620250702
34,1,GSM331413,1,0.28302299976348877
34,1,GSM331416,1,0.5560245513916016
34,1,GSM331417,1,0.5949123501777649
34,1,GSM331418,1,0.7552036046981812
34,1,GSM331421,1,0.719641923904419
34,1,GSM331426,1,0.6581099033355713
34,1,GSM331428,1,0.3101162910461426
34,1,GSM331429,1,0.7034451365470886
34,1,GSM331430,1,0.32353416085243225
34,1,GSM331431,1,0.5878931283950806
34,1,GSM331434,1,0.7450251579284668
34,1,GSM331436,1,0.2690109312534332
34,1,GSM331438,1,0.6091888546943665
34,1,GSM331439,1,0.6218631863594055
34,1,GSM331442,1,0.6070377230644226
34,1,GSM331443,1,0.4470679759979248
34,1,GSM331444,1,0.6906797289848328
34,1,GSM331445,1,0.5653144121170044
34,2,GSM331638,0,0.4412700831890106
34,2,GSM331661,0,0.57724529504776
34,2,GSM331663,0,0.2558757960796356
34,2,GSM331664,0,0.3619900345802307
34,2,GSM331665,0,0.5411858558654785
34,2,GSM331673,0,0.49533259868621826
34,2,GSM331675,0,0.364404559135437
34,2,GSM331677,0,0.21756568551063538
34,2,GSM331678,0,0.3095470368862152
34,2,GSM331679,0,0.525729775428772
34,2,GSM331680,0,0.6316442489624023
34,2,GSM331687,0,0.2124260663986206
34,2,GSM331688,0,0.4201816916465759
34,2,GSM331689,0,0.42444461584091187
34,2,GSM331692,0,0.36474695801734924
34,2,GSM331693,0,0.6871964335441589
34,2,GSM331694,0,0.4794885516166687
34,2,GSM331695,0,0.319936066865921
34,2,GSM331697,0,0.29487597942352295
34,2,GSM331701,0,0.2686111330986023
34,2,GSM331704,0,0.6088657975196838
34,2,GSM331705,0,0.5836871266365051
34,2,GSM331706,0,0.6593725085258484
34,2,GSM331707,0,0.40639597177505493
34,2,GSM331708,0,0.6837816834449768
34,2,GSM331709,0,0.36473071575164795
34,2,GSM331715,0,0.22156324982643127
34,2,GSM331717,0,0.7302680015563965
34,2,GSM331719,0,0.38495689630508423
34,2,GSM331720,0,0.5062643885612488
34,2,GSM331721,0,0.5744923949241638
34,2,GSM331722,0,0.5317397117614746
34,2,GSM331725,0,0.4546124339103699
34,2,GSM331729,0,0.24017876386642456
34,2,GSM331731,0,0.43011483550071716
34,2,GSM331732,0,0.48124220967292786
34,2,GSM331377,1,0.5906820893287659
34,2,GSM331380,1,0.6113810539245605
34,2,GSM331381,1,0.4611479640007019
34,2,GSM331382,1,0.43711552023887634
34,2,GSM331383,1,0.6028971076011658
34,2,GSM331387,1,0.6176736354827881
34,2,GSM331388,1,0.5596505403518677
34,2,GSM331393,1,0.5989354848861694
34,2,GSM331395,1,0.5720003843307495
34,2,GSM331397,1,0.33333873748779297
34,2,GSM331400,1,0.43599650263786316
34,2,GSM331401,1,0.5900189876556396
34,2,GSM331403,1,0.7437631487846375
34,2,GSM331404,1,0.5074400901794434
34,2,GSM331406,1,0.6633343696594238
34,2,GSM331407,1,0.6547570824623108
34,2,GSM331411,1,0.6154102087020874
34,2,GSM331412,1,0.7598133087158203
34,2,GSM331414,1,0.47730404138565063
34,2,GSM331419,1,0.5207806825637817
34,2,GSM331420,1,0.5562043786048889
34,2,GSM331422,1,0.6821759343147278
34,2,GSM331424,1,0.36223021149635315
34,2,GSM331425,1,0.6322329044342041
34,2,GSM331427,1,0.5880440473556519
34,2,GSM331432,1,0.26182401180267334
34,2,GSM331440,1,0.48188433051109314
34,2,GSM331441,1,0.5291820168495178
34,2,GSM331446,1,0.35429245233535767
34,2,GSM331447,1,0.6367013454437256
34,2,GSM331448,1,0.5950838923454285
34,2,GSM331450,1,0.43566247820854187
34,2,GSM331452,1,0.6995490789413452
35,1,GSM331661,0,0.5111880898475647
35,1,GSM331662,0,0.4945839047431946
35,1,GSM331663,0,0.2201714962720871
35,1,GSM331665,0,0.528558075428009
35,1,GSM331669,0,0.6479126214981079
35,1,GSM331670,0,0.3960253596305847
35,1,GSM331671,0,0.5772989988327026
35,1,GSM331674,0,0.4519023895263672
35,1,GSM331676,0,0.5201378464698792
35,1,GSM331677,0,0.2459050565958023
35,1,GSM331679,0,0.4018722474575043
35,1,GSM331685,0,0.2658494710922241
35,1,GSM331686,0,0.5215762853622437
35,1,GSM331687,0,0.19681218266487122
35,1,GSM331690,0,0.49765580892562866
35,1,GSM331691,0,0.5130840539932251
35,1,GSM331693,0,0.5137104988098145
35,1,GSM331696,0,0.2223946750164032
35,1,GSM331698,0,0.14762230217456818
35,1,GSM331699,0,0.2907280921936035
35,1,GSM331701,0,0.23806363344192505
35,1,GSM331703,0,0.25132375955581665
35,1,GSM331704,0,0.5366703271865845
35,1,GSM331711,0,0.6010091304779053
35,1,GSM331713,0,0.3854072690010071
35,1,GSM331714,0,0.6332740187644958
35,1,GSM331715,0,0.22811822593212128
35,1,GSM331716,0,0.7911471724510193
35,1,GSM331718,0,0.593176543712616
35,1,GSM331719,0,0.180110901594162
35,1,GSM331720,0,0.43552789092063904
35,1,GSM331721,0,0.5999876856803894
35,1,GSM331723,0,0.4959036111831665
35,1,GSM331724,0,0.3972381353378296
35,1,GSM331728,0,0.21609163284301758
35,1,GSM331730,0,0.4543386995792389
35,1,GSM331731,0,0.5882907509803772
35,1,GSM331377,1,0.579504132270813
35,1,GSM331379,1,0.4530278742313385
35,1,GSM331381,1,0.42881014943122864
35,1,GSM331384,1,0.7252141237258911
35,1,GSM331385,1,0.3434197008609772
35,1,GSM331389,1,0.3260851204395294
35,1,GSM331390,1,0.2683759927749634
35,1,GSM331395,1,0.4940800666809082
35,1,GSM331396,1,0.6051127910614014
35,1,GSM331397,1,0.2729710340499878
35,1,GSM331399,1,0.5605041980743408
35,1,GSM331400,1,0.4740912914276123
35,1,GSM331402,1,0.43286779522895813
35,1,GSM331404,1,0.5958167910575867
35,1,GSM331405,1,0.2815416753292084
35,1,GSM331411,1,0.5424232482910156
35,1,GSM331412,1,0.6578574776649475
35,1,GSM331417,1,0.5560007691383362
35,1,GSM331418,1,0.7259798049926758
35,1,GSM331420,1,0.4675021469593048
35,1,GSM331421,1,0.6591336131095886
35,1,GSM331422,1,0.6541377902030945
35,1,GSM331425,1,0.5301096439361572
35,1,GSM331427,1,0.5880562663078308
35,1,GSM331430,1,0.22534722089767456
35,1,GSM331431,1,0.3978425860404968
35,1,GSM331436,1,0.34561994671821594
35,1,GSM331439,1,0.6445686221122742
35,1,GSM331441,1,0.6176473498344421
35,1,GSM331442,1,0.508270800113678
35,1,GSM331447,1,0.654413640499115
35,1,GSM331448,1,0.4380825161933899
35,1,GSM331450,1,0.5880438089370728
35,2,GSM331638,0,0.4264456033706665
35,2,GSM331660,0,0.2605510354042053
35,2,GSM331664,0,0.2823140323162079
35,2,GSM331666,0,0.3407130837440491
35,2,GSM331668,0,0.529656708240509
35,2,GSM331672,0,0.4563046097755432
35,2,GSM331673,0,0.4808361530303955
35,2,GSM331675,0,0.2575177550315857
35,2,GSM331678,0,0.2694392204284668
35,2,GSM331680,0,0.6234286427497864
35,2,GSM331681,0,0.5135183334350586
35,2,GSM331682,0,0.38715091347694397
35,2,GSM331683,0,0.879662811756134
35,2,GSM331684,0,0.32976678013801575
35,2,GSM331688,0,0.6040104031562805
35,2,GSM331689,0,0.6448925733566284
35,2,GSM331692,0,0.32970112562179565
35,2,GSM331694,0,0.6275744438171387
35,2,GSM331695,0,0.20322085916996002
35,2,GSM331697,0,0.2218039184808731
35,2,GSM331700,0,0.28493693470954895
35,2,GSM331702,0,0.3204720914363861
35,2,GSM331705,0,0.3629724979400635
35,2,GSM331706,0,0.5975565910339355
35,2,GSM331707,0,0.24351854622364044
35,2,GSM331708,0,0.6531564593315125
35,2,GSM331709,0,0.23594830930233002
35,2,GSM331710,0,0.45031335949897766
35,2,GSM331712,0,0.3544731140136719
35,2,GSM331717,0,0.5323755145072937
35,2,GSM331722,0,0.6568717360496521
35,2,GSM331725,0,0.40292614698410034
35,2,GSM331726,0,0.1569858342409134
35,2,GSM331727,0,0.4310997426509857
35,2,GSM331729,0,0.24796853959560394
35,2,GSM331732,0,0.45246511697769165
35,2,GSM331378,1,0.5856803059577942
35,2,GSM331380,1,0.6847689151763916
35,2,GSM331382,1,0.4968715012073517
35,2,GSM331383,1,0.6157392859458923
35,2,GSM331386,1,0.4432739317417145
35,2,GSM331387,1,0.6226457953453064
35,2,GSM331388,1,0.663361132144928
35,2,GSM331391,1,0.6412461400032043
35,2,GSM331393,1,0.5520252585411072
35,2,GSM331401,1,0.4627262055873871
35,2,GSM331403,1,0.763972818851471
35,2,GSM331406,1,0.7999445199966431
35,2,GSM331407,1,0.5804196000099182
35,2,GSM331408,1,0.6086082458496094
35,2,GSM331409,1,0.6023996472358704
35,2,GSM331410,1,0.40304407477378845
35,2,GSM331413,1,0.21925754845142365
35,2,GSM331414,1,0.5836759209632874
35,2,GSM331416,1,0.5902305245399475
35,2,GSM331419,1,0.44129678606987
35,2,GSM331424,1,0.539995551109314
35,2,GSM331426,1,0.37917855381965637
35,2,GSM331428,1,0.2068689465522766
35,2,GSM331429,1,0.5731987357139587
35,2,GSM331432,1,0.2994854152202606
35,2,GSM331434,1,0.723587155342102
35,2,GSM331438,1,0.6740638613700867
35,2,GSM331440,1,0.530418336391449
35,2,GSM331443,1,0.5444340109825134
35,2,GSM331444,1,0.5368705987930298
35,2,GSM331445,1,0.5193091034889221
35,2,GSM331446,1,0.31393685936927795
35,2,GSM331452,1,0.8312512636184692
36,1,GSM331661,0,0.3204227089881897
36,1,GSM331663,0,0.11639608442783356
36,1,GSM331665,0,0.5398162007331848
36,1,GSM331669,0,0.6778372526168823
36,1,GSM331670,0,0.1755073219537735
36,1,GSM331677,0,0.1401018351316452
36,1,GSM331681,0,0.4285755157470703
36,1,GSM331682,0,0.22742511332035065
36,1,GSM331685,0,0.32524675130844116
36,1,GSM331686,0,0.3813052773475647
36,1,GSM331688,0,0.39394572377204895
36,1,GSM331689,0,0.34990882873535156
36,1,GSM331690,0,0.36602723598480225
36,1,GSM331694,0,0.3659675717353821
36,1,GSM331697,0,0.17801737785339355
36,1,GSM331700,0,0.34389829635620117
36,1,GSM331703,0,0.2329031229019165
36,1,GSM331704,0,0.43194451928138733
36,1,GSM331706,0,0.581055223941803
36,1,GSM331707,0,0.18072609603405
36,1,GSM331708,0,0.3329564034938812
36,1,GSM331710,0,0.15988822281360626
36,1,GSM331711,0,0.6568170189857483
36,1,GSM331712,0,0.21189714968204498
36,1,GSM331713,0,0.2945431172847748
36,1,GSM331715,0,0.08107534795999527
36,1,GSM331716,0,0.738252580165863
36,1,GSM331718,0,0.5342447757720947
36,1,GSM331719,0,0.09835591167211533
36,1,GSM331720,0,0.35553157329559326
36,1,GSM331722,0,0.47719013690948486
36,1,GSM331723,0,0.28262200951576233
36,1,GSM331725,0,0.4058842658996582
36,1,GSM331726,0,0.1424122154712677
36,1,GSM331727,0,0.5240638852119446
36,1,GSM331729,0,0.1563711166381836
36,1,GSM331731,0,0.4796527326107025
36,1,GSM331377,1,0.619145393371582
36,1,GSM331379,1,0.23609323799610138
36,1,GSM331380,1,0.8221120834350586
36,1,GSM331381,1,0.6210408210754395
36,1,GSM331382,1,0.5019000172615051
36,1,GSM331383,1,0.6182752847671509
36,1,GSM331388,1,0.6744847297668457
36,1,GSM331389,1,0.46127915382385254
36,1,GSM331390,1,0.32811063528060913
36,1,GSM331391,1,0.6347601413726807
36,1,GSM331395,1,0.2941453158855438
36,1,GSM331402,1,0.4071570634841919
36,1,GSM331405,1,0.30025428533554077
36,1,GSM331407,1,0.4314112067222595
36,1,GSM331408,1,0.49795612692832947
36,1,GSM331409,1,0.5107164978981018
36,1,GSM331410,1,0.1720178872346878
36,1,GSM331412,1,0.651656448841095
36,1,GSM331417,1,0.4951913058757782
36,1,GSM331419,1,0.3924765884876251
36,1,GSM331421,1,0.7887265086174011
36,1,GSM331424,1,0.7136499881744385
36,1,GSM331425,1,0.39271530508995056
36,1,GSM331429,1,0.514685869216919
36,1,GSM331432,1,0.1722520887851715
36,1,GSM331434,1,0.6382206082344055
36,1,GSM331436,1,0.2552133798599243
36,1,GSM331438,1,0.5845067501068115
36,1,GSM331441,1,0.7698478698730469
36,1,GSM331443,1,0.6230774521827698
36,1,GSM331446,1,0.31044551730155945
36,1,GSM331448,1,0.5176640152931213
36,1,GSM331450,1,0.42757293581962585
36,2,GSM331638,0,0.6191794872283936
36,2,GSM331660,0,0.5016409158706665
36,2,GSM331662,0,0.666747510433197
36,2,GSM331664,0,0.5686635375022888
36,2,GSM331666,0,0.33277273178100586
36,2,GSM331668,0,0.532136082649231
36,2,GSM331671,0,0.5420792698860168
36,2,GSM331672,0,0.6064857244491577
36,2,GSM331673,0,0.6232182383537292
36,2,GSM331674,0,0.7281732559204102
36,2,GSM331675,0,0.32571375370025635
36,2,GSM331676,0,0.756267249584198
36,2,GSM331678,0,0.4822065532207489
36,2,GSM331679,0,0.5648016333580017
36,2,GSM331680,0,0.7640079855918884
36,2,GSM331683,0,0.8506566882133484
36,2,GSM331684,0,0.30871471762657166
36,2,GSM331687,0,0.2216656655073166
36,2,GSM331691,0,0.36639389395713806
36,2,GSM331692,0,0.4198600947856903
36,2,GSM331693,0,0.28563639521598816
36,2,GSM331695,0,0.3169260621070862
36,2,GSM331696,0,0.4320588707923889
36,2,GSM331698,0,0.0405590683221817
36,2,GSM331699,0,0.3142828643321991
36,2,GSM331701,0,0.19696104526519775
36,2,GSM331702,0,0.3411513864994049
36,2,GSM331705,0,0.5036618113517761
36,2,GSM331709,0,0.49665650725364685
36,2,GSM331714,0,0.850530207157135
36,2,GSM331717,0,0.5864506959915161
36,2,GSM331721,0,0.6186155676841736
36,2,GSM331724,0,0.3628297746181488
36,2,GSM331728,0,0.35236629843711853
36,2,GSM331730,0,0.42377015948295593
36,2,GSM331732,0,0.5567032694816589
36,2,GSM331378,1,0.756935179233551
36,2,GSM331384,1,0.7956397533416748
36,2,GSM331385,1,0.3793509006500244
36,2,GSM331386,1,0.4742664098739624
36,2,GSM331387,1,0.7614272832870483
36,2,GSM331393,1,0.7170290946960449
36,2,GSM331396,1,0.8165326118469238
36,2,GSM331397,1,0.5678957104682922
36,2,GSM331399,1,0.6879766583442688
36,2,GSM331400,1,0.6417474150657654
36,2,GSM331401,1,0.5287094116210938
36,2,GSM331403,1,0.901016354560852
36,2,GSM331404,1,0.7959883213043213
36,2,GSM331406,1,0.8577462434768677
36,2,GSM331411,1,0.7635814547538757
36,2,GSM331413,1,0.3042028248310089
36,2,GSM331414,1,0.714794933795929
36,2,GSM331416,1,0.5921189785003662
36,2,GSM331418,1,0.8984576463699341
36,2,GSM331420,1,0.7795953154563904
36,2,GSM331422,1,0.5373521447181702
36,2,GSM331426,1,0.6905305981636047
36,2,GSM331427,1,0.6775782704353333
36,2,GSM331428,1,0.43761423230171204
36,2,GSM331430,1,0.5964453220367432
36,2,GSM331431,1,0.6383391618728638
36,2,GSM331439,1,0.8719673752784729
36,2,GSM331440,1,0.7705793380737305
36,2,GSM331442,1,0.5764917135238647
36,2,GSM331444,1,0.7640458941459656
36,2,GSM331445,1,0.2077646255493164
36,2,GSM331447,1,0.8677653074264526
36,2,GSM331452,1,0.8665255904197693
37,1,GSM331660,0,0.6456155180931091
37,1,GSM331663,0,0.3950371742248535
37,1,GSM331668,0,0.6732763051986694
37,1,GSM331671,0,0.5346736311912537
37,1,GSM331675,0,0.3075612783432007
37,1,GSM331677,0,0.3326660096645355
37,1,GSM331679,0,0.2729445695877075
37,1,GSM331680,0,0.6891698241233826
37,1,GSM331681,0,0.6598173379898071
37,1,GSM331683,0,0.8395392894744873
37,1,GSM331686,0,0.4205911457538605
37,1,GSM331687,0,0.28129449486732483
37,1,GSM331688,0,0.6834158301353455
37,1,GSM331691,0,0.3867836594581604
37,1,GSM331692,0,0.37298721075057983
37,1,GSM331693,0,0.41602519154548645
37,1,GSM331695,0,0.586301326751709
37,1,GSM331697,0,0.32540446519851685
37,1,GSM331699,0,0.3888348937034607
37,1,GSM331703,0,0.5154634714126587
37,1,GSM331705,0,0.5575602650642395
37,1,GSM331706,0,0.4689486622810364
37,1,GSM331707,0,0.40477487444877625
37,1,GSM331708,0,0.5291217565536499
37,1,GSM331709,0,0.6323837637901306
37,1,GSM331710,0,0.5405902862548828
37,1,GSM331711,0,0.8117976784706116
37,1,GSM331714,0,0.9271013736724854
37,1,GSM331715,0,0.26355159282684326
37,1,GSM331716,0,0.5916228294372559
37,1,GSM331718,0,0.6165563464164734
37,1,GSM331722,0,0.7040513157844543
37,1,GSM331723,0,0.6046295166015625
37,1,GSM331725,0,0.5055002570152283
37,1,GSM331726,0,0.5087345838546753
37,1,GSM331728,0,0.46049192547798157
37,1,GSM331729,0,0.3765108287334442
37,1,GSM331380,1,0.8344551920890808
37,1,GSM331382,1,0.6539292335510254
37,1,GSM331383,1,0.7212323546409607
37,1,GSM331384,1,0.8346870541572571
37,1,GSM331386,1,0.7096924781799316
37,1,GSM331387,1,0.6680614352226257
37,1,GSM331389,1,0.7884533405303955
37,1,GSM331393,1,0.7414497137069702
37,1,GSM331399,1,0.6416244506835938
37,1,GSM331400,1,0.7919845581054688
37,1,GSM331401,1,0.6595473289489746
37,1,GSM331405,1,0.4024560749530792
37,1,GSM331406,1,0.783450722694397
37,1,GSM331409,1,0.6417590379714966
37,1,GSM331411,1,0.7427243590354919
37,1,GSM331412,1,0.8976673483848572
37,1,GSM331417,1,0.5203151702880859
37,1,GSM331418,1,0.9456530213356018
37,1,GSM331420,1,0.781864583492279
37,1,GSM331421,1,0.9120463132858276
37,1,GSM331422,1,0.7816489934921265
37,1,GSM331424,1,0.5421127080917358
37,1,GSM331426,1,0.4400990903377533
37,1,GSM331428,1,0.5280717611312866
37,1,GSM331430,1,0.5190916657447815
37,1,GSM331431,1,0.58217453956604
37,1,GSM331432,1,0.46015700697898865
37,1,GSM331436,1,0.2724238634109497
37,1,GSM331438,1,0.7466726303100586
37,1,GSM331439,1,0.7750348448753357
37,1,GSM331441,1,0.88773113489151
37,1,GSM331446,1,0.4833362400531769
37,1,GSM331450,1,0.3451932370662689
37,2,GSM331638,0,0.5288950800895691
37,2,GSM331661,0,0.449429452419281
37,2,GSM331662,0,0.5995074510574341
37,2,GSM331664,0,0.5017217397689819
37,2,GSM331665,0,0.32930222153663635
37,2,GSM331666,0,0.43061697483062744
37,2,GSM331669,0,0.5381330251693726
37,2,GSM331670,0,0.21913713216781616
37,2,GSM331672,0,0.31131166219711304
37,2,GSM331673,0,0.487297385931015
37,2,GSM331674,0,0.5339488983154297
37,2,GSM331676,0,0.4696763753890991
37,2,GSM331678,0,0.4354199171066284
37,2,GSM331682,0,0.2725837230682373
37,2,GSM331684,0,0.27085191011428833
37,2,GSM331685,0,0.42507103085517883
37,2,GSM331689,0,0.5496661067008972
37,2,GSM331690,0,0.5922838449478149
37,2,GSM331694,0,0.4281078577041626
37,2,GSM331696,0,0.4957071542739868
37,2,GSM331698,0,0.06415484100580215
37,2,GSM331700,0,0.27501121163368225
37,2,GSM331701,0,0.2677096128463745
37,2,GSM331702,0,0.20164725184440613
37,2,GSM331704,0,0.409878671169281
37,2,GSM331712,0,0.2792832553386688
37,2,GSM331713,0,0.4389607310295105
37,2,GSM331717,0,0.39511024951934814
37,2,GSM331719,0,0.19120517373085022
37,2,GSM331720,0,0.387025386095047
37,2,GSM331721,0,0.40227359533309937
37,2,GSM331724,0,0.23849469423294067
37,2,GSM331727,0,0.5192260146141052
37,2,GSM331730,0,0.5759356021881104
37,2,GSM331731,0,0.5471322536468506
37,2,GSM331732,0,0.3040189743041992
37,2,GSM331377,1,0.6749016642570496
37,2,GSM331378,1,0.5337170958518982
37,2,GSM331379,1,0.2996107041835785
37,2,GSM331381,1,0.6500138640403748
37,2,GSM331385,1,0.4544138014316559
37,2,GSM331388,1,0.8372061252593994
37,2,GSM331390,1,0.35987523198127747
37,2,GSM331391,1,0.7531958818435669
37,2,GSM331395,1,0.39829307794570923
37,2,GSM331396,1,0.8784542083740234
37,2,GSM331397,1,0.4224901497364044
37,2,GSM331402,1,0.6928984522819519
37,2,GSM331403,1,0.8207092881202698
37,2,GSM331404,1,0.830305814743042
37,2,GSM331407,1,0.5403759479522705
37,2,GSM331408,1,0.44877389073371887
37,2,GSM331410,1,0.1952255666255951
37,2,GSM331413,1,0.2610410749912262
37,2,GSM331414,1,0.6303398609161377
37,2,GSM331416,1,0.6173496842384338
37,2,GSM331419,1,0.4913131594657898
37,2,GSM331425,1,0.7020569443702698
37,2,GSM331427,1,0.569000244140625
37,2,GSM331429,1,0.6006983518600464
37,2,GSM331434,1,0.7495071887969971
37,2,GSM331440,1,0.8091052174568176
37,2,GSM331442,1,0.41428229212760925
37,2,GSM331443,1,0.7379248142242432
37,2,GSM331444,1,0.5741307139396667
37,2,GSM331445,1,0.3510749638080597
37,2,GSM331447,1,0.7782874703407288
37,2,GSM331448,1,0.4633290767669678
37,2,GSM331452,1,0.895190954208374
38,1,GSM331638,0,0.5405260920524597
38,1,GSM331660,0,0.37108346819877625
38,1,GSM331661,0,0.7533211708068848
38,1,GSM331664,0,0.3311850428581238
38,1,GSM331665,0,0.6169832944869995
38,1,GSM331670,0,0.6128518581390381
38,1,GSM331673,0,0.5245670676231384
38,1,GSM331675,0,0.41065970063209534
38,1,GSM331676,0,0.6187459230422974
38,1,GSM331678,0,0.19996990263462067
38,1,GSM331680,0,0.5149290561676025
38,1,GSM331684,0,0.4079207479953766
38,1,GSM331686,0,0.8727511763572693
38,1,GSM331689,0,0.5068728923797607
38,1,GSM331690,0,0.41375359892845154
38,1,GSM331692,0,0.6274629235267639
38,1,GSM331695,0,0.3399883210659027
38,1,GSM331697,0,0.2882096767425537
38,1,GSM331698,0,0.21622732281684875
38,1,GSM331699,0,0.6220005750656128
38,1,GSM331702,0,0.63639897108078
38,1,GSM331703,0,0.5399210453033447
38,1,GSM331706,0,0.8699663877487183
38,1,GSM331707,0,0.5523951053619385
38,1,GSM331708,0,0.5978645086288452
38,1,GSM331711,0,0.5760959982872009
38,1,GSM331714,0,0.6988120675086975
38,1,GSM331716,0,0.982078492641449
38,1,GSM331718,0,0.6398254632949829
38,1,GSM331720,0,0.3474685549736023
38,1,GSM331721,0,0.9240879416465759
38,1,GSM331722,0,0.5592116117477417
38,1,GSM331725,0,0.545947790145874
38,1,GSM331727,0,0.37198445200920105
38,1,GSM331728,0,0.14111904799938202
38,1,GSM331731,0,0.4157370626926422
38,1,GSM331732,0,0.6866352558135986
38,1,GSM331379,1,0.4586920440196991
38,1,GSM331381,1,0.3489788770675659
38,1,GSM331382,1,0.40499234199523926
38,1,GSM331383,1,0.4724898338317871
38,1,GSM331385,1,0.5630808472633362
38,1,GSM331386,1,0.5001565217971802
38,1,GSM331387,1,0.5958158373832703
38,1,GSM331388,1,0.678654134273529
38,1,GSM331395,1,0.3779393136501312
38,1,GSM331399,1,0.6003024578094482
38,1,GSM331401,1,0.5750389695167542
38,1,GSM331402,1,0.5187851190567017
38,1,GSM331405,1,0.24996298551559448
38,1,GSM331406,1,0.484310120344162
38,1,GSM331407,1,0.5272638201713562
38,1,GSM331410,1,0.33521002531051636
38,1,GSM331411,1,0.5098257660865784
38,1,GSM331412,1,0.5391837954521179
38,1,GSM331416,1,0.4732385277748108
38,1,GSM331420,1,0.6135314106941223
38,1,GSM331424,1,0.3397569954395294
38,1,GSM331425,1,0.38209956884384155
38,1,GSM331428,1,0.10935854911804199
38,1,GSM331431,1,0.4295828342437744
38,1,GSM331432,1,0.277914822101593
38,1,GSM331436,1,0.3669879734516144
38,1,GSM331438,1,0.6088945269584656
38,1,GSM331439,1,0.7011199593544006
38,1,GSM331441,1,0.6312968134880066
38,1,GSM331443,1,0.2657949924468994
38,1,GSM331446,1,0.15795426070690155
38,1,GSM331448,1,0.656891405582428
38,1,GSM331452,1,0.7177977561950684
38,2,GSM331662,0,0.4981369972229004
38,2,GSM331663,0,0.49922966957092285
38,2,GSM331666,0,0.3767755627632141
38,2,GSM331668,0,0.49088937044143677
38,2,GSM331669,0,0.8786365985870361
38,2,GSM331671,0,0.8128800392150879
38,2,GSM331672,0,0.8033254146575928
38,2,GSM331674,0,0.8189111351966858
38,2,GSM331677,0,0.27233752608299255
38,2,GSM331679,0,0.5889272093772888
38,2,GSM331681,0,0.8848865628242493
38,2,GSM331682,0,0.8609060049057007
38,2,GSM331683,0,0.6949597597122192
38,2,GSM331685,0,0.15350905060768127
38,2,GSM331687,0,0.2879166901111603
38,2,GSM331688,0,0.7063738703727722
38,2,GSM331691,0,0.3874228894710541
38,2,GSM331693,0,0.6114015579223633
38,2,GSM331694,0,0.5396215319633484
38,2,GSM331696,0,0.39726218581199646
38,2,GSM331700,0,0.45139241218566895
38,2,GSM331701,0,0.3105960786342621
38,2,GSM331704,0,0.7743352055549622
38,2,GSM331705,0,0.7553865313529968
38,2,GSM331709,0,0.6044702529907227
38,2,GSM331710,0,0.5296875238418579
38,2,GSM331712,0,0.7928813695907593
38,2,GSM331713,0,0.6143227815628052
38,2,GSM331715,0,0.34544357657432556
38,2,GSM331717,0,0.8899143934249878
38,2,GSM331719,0,0.5859630107879639
38,2,GSM331723,0,0.8722695708274841
38,2,GSM331724,0,0.4780842661857605
38,2,GSM331726,0,0.2289932668209076
38,2,GSM331729,0,0.17573052644729614
38,2,GSM331730,0,0.7440052628517151
38,2,GSM331377,1,0.45968547463417053
38,2,GSM331378,1,0.5751819014549255
38,2,GSM331380,1,0.7789247035980225
38,2,GSM331384,1,0.778791606426239
38,2,GSM331389,1,0.30766093730926514
38,2,GSM331390,1,0.4353293180465698
38,2,GSM331391,1,0.778411328792572
38,2,GSM331393,1,0.5917719602584839
38,2,GSM331396,1,0.3804827928543091
38,2,GSM331397,1,0.15183034539222717
38,2,GSM331400,1,0.43231400847435
38,2,GSM331403,1,0.8882972002029419
38,2,GSM331404,1,0.6325318813323975
38,2,GSM331408,1,0.43414393067359924
38,2,GSM331409,1,0.48243993520736694
38,2,GSM331413,1,0.17008107900619507
38,2,GSM331414,1,0.5506264567375183
38,2,GSM331417,1,0.634713351726532
38,2,GSM331418,1,0.8583239912986755
38,2,GSM331419,1,0.711419939994812
38,2,GSM331421,1,0.6813141107559204
38,2,GSM331422,1,0.4175930917263031
38,2,GSM331426,1,0.6424673795700073
38,2,GSM331427,1,0.6370630264282227
38,2,GSM331429,1,0.4802945852279663
38,2,GSM331430,1,0.2648109793663025
38,2,GSM331434,1,0.6334773302078247
38,2,GSM331440,1,0.6844326853752136
38,2,GSM331442,1,0.7567710876464844
38,2,GSM331444,1,0.6931106448173523
38,2,GSM331445,1,0.4936596155166626
38,2,GSM331447,1,0.7376313209533691
38,2,GSM331450,1,0.6499890685081482
39,1,GSM331660,0,0.266690194606781
39,1,GSM331661,0,0.5271062254905701
39,1,GSM331663,0,0.2982490658760071
39,1,GSM331664,0,0.25183841586112976
39,1,GSM331666,0,0.20218366384506226
39,1,GSM331673,0,0.3616180121898651
39,1,GSM331675,0,0.329420804977417
39,1,GSM331677,0,0.20274940133094788
39,1,GSM331678,0,0.29783082008361816
39,1,GSM331679,0,0.39959460496902466
39,1,GSM331680,0,0.6169241666793823
39,1,GSM331682,0,0.5671259760856628
39,1,GSM331683,0,0.7554778456687927
39,1,GSM331686,0,0.5771293640136719
39,1,GSM331687,0,0.18163399398326874
39,1,GSM331688,0,0.6303608417510986
39,1,GSM331690,0,0.4615149199962616
39,1,GSM331696,0,0.5642009377479553
39,1,GSM331697,0,0.36878642439842224
39,1,GSM331699,0,0.33736535906791687
39,1,GSM331700,0,0.2710858881473541
39,1,GSM331701,0,0.2669755220413208
39,1,GSM331704,0,0.5957539677619934
39,1,GSM331707,0,0.2586544454097748
39,1,GSM331709,0,0.36665403842926025
39,1,GSM331711,0,0.5533311367034912
39,1,GSM331715,0,0.21671782433986664
39,1,GSM331716,0,0.8342509269714355
39,1,GSM331717,0,0.6279462575912476
39,1,GSM331719,0,0.3204821050167084
39,1,GSM331720,0,0.30513232946395874
39,1,GSM331723,0,0.5895462036132812
39,1,GSM331728,0,0.22374862432479858
39,1,GSM331729,0,0.24947090446949005
39,1,GSM331730,0,0.5413715243339539
39,1,GSM331731,0,0.5930800437927246
39,1,GSM331732,0,0.472811758518219
39,1,GSM331377,1,0.7808530926704407
39,1,GSM331383,1,0.6139551401138306
39,1,GSM331384,1,0.7046822309494019
39,1,GSM331385,1,0.40614280104637146
39,1,GSM331386,1,0.48718956112861633
39,1,GSM331391,1,0.7485025525093079
39,1,GSM331395,1,0.5977916121482849
39,1,GSM331400,1,0.5624991655349731
39,1,GSM331402,1,0.5522303581237793
39,1,GSM331403,1,0.8464193344116211
39,1,GSM331405,1,0.23908790946006775
39,1,GSM331406,1,0.5800011157989502
39,1,GSM331407,1,0.4204963743686676
39,1,GSM331411,1,0.546539306640625
39,1,GSM331412,1,0.7995980381965637
39,1,GSM331414,1,0.6501505970954895
39,1,GSM331418,1,0.8900485634803772
39,1,GSM331419,1,0.3689477741718292
39,1,GSM331421,1,0.751725971698761
39,1,GSM331425,1,0.4755357801914215
39,1,GSM331428,1,0.2443724125623703
39,1,GSM331429,1,0.5159443020820618
39,1,GSM331431,1,0.518752932548523
39,1,GSM331432,1,0.2514905333518982
39,1,GSM331434,1,0.7062816619873047
39,1,GSM331438,1,0.722909152507782
39,1,GSM331440,1,0.6871706247329712
39,1,GSM331441,1,0.722333550453186
39,1,GSM331442,1,0.3968101739883423
39,1,GSM331443,1,0.5357682108879089
39,1,GSM331444,1,0.5499945282936096
39,1,GSM331446,1,0.3937578797340393
39,1,GSM331447,1,0.6527544856071472
39,2,GSM331638,0,0.5638675689697266
39,2,GSM331662,0,0.4555453956127167
39,2,GSM331665,0,0.5153132081031799
39,2,GSM331668,0,0.48956722021102905
39,2,GSM331669,0,0.5597721934318542
39,2,GSM331670,0,0.2908477187156677
39,2,GSM331671,0,0.3852349519729614
39,2,GSM331672,0,0.23851443827152252
39,2,GSM331674,0,0.4147971570491791
39,2,GSM331676,0,0.2489364892244339
39,2,GSM331681,0,0.5213848352432251
39,2,GSM331684,0,0.24964122474193573
39,2,GSM331685,0,0.2370707243680954
39,2,GSM331689,0,0.584529459476471
39,2,GSM331691,0,0.7227641344070435
39,2,GSM331692,0,0.33907631039619446
39,2,GSM331693,0,0.2635744512081146
39,2,GSM331694,0,0.6477714776992798
39,2,GSM331695,0,0.44079092144966125
39,2,GSM331698,0,0.07559852302074432
39,2,GSM331702,0,0.2621959447860718
39,2,GSM331703,0,0.4348756968975067
39,2,GSM331705,0,0.34146764874458313
39,2,GSM331706,0,0.7590517997741699
39,2,GSM331708,0,0.4759841859340668
39,2,GSM331710,0,0.5671200752258301
39,2,GSM331712,0,0.325795441865921
39,2,GSM331713,0,0.40650391578674316
39,2,GSM331714,0,0.5942268967628479
39,2,GSM331718,0,0.5116719603538513
39,2,GSM331721,0,0.5350205302238464
39,2,GSM331722,0,0.5922402739524841
39,2,GSM331724,0,0.22177210450172424
39,2,GSM331725,0,0.42923200130462646
39,2,GSM331726,0,0.18711230158805847
39,2,GSM331727,0,0.3654542565345764
39,2,GSM331378,1,0.6403794288635254
39,2,GSM331379,1,0.2901324927806854
39,2,GSM331380,1,0.6495829820632935
39,2,GSM331381,1,0.6684750318527222
39,2,GSM331382,1,0.5763579607009888
39,2,GSM331387,1,0.5172666907310486
39,2,GSM331388,1,0.7150551676750183
39,2,GSM331389,1,0.5988940000534058
39,2,GSM331390,1,0.28808802366256714
39,2,GSM331393,1,0.563284158706665
39,2,GSM331396,1,0.6942082643508911
39,2,GSM331397,1,0.25208523869514465
39,2,GSM331399,1,0.44942668080329895
39,2,GSM331401,1,0.5151591897010803
39,2,GSM331404,1,0.7593035697937012
39,2,GSM331408,1,0.675835132598877
39,2,GSM331409,1,0.6433567404747009
39,2,GSM331410,1,0.27109453082084656
39,2,GSM331413,1,0.17374871671199799
39,2,GSM331416,1,0.6732027530670166
39,2,GSM331417,1,0.7329578399658203
39,2,GSM331420,1,0.6587027907371521
39,2,GSM331422,1,0.56415194272995
39,2,GSM331424,1,0.45441514253616333
39,2,GSM331426,1,0.42741554975509644
39,2,GSM331427,1,0.34760311245918274
39,2,GSM331430,1,0.24064595997333527
39,2,GSM331436,1,0.4529472291469574
39,2,GSM331439,1,0.5785673260688782
39,2,GSM331445,1,0.539567232131958
39,2,GSM331448,1,0.3812410533428192
39,2,GSM331450,1,0.3118830621242523
39,2,GSM331452,1,0.8019399046897888
40,1,GSM331660,0,0.5634699463844299
40,1,GSM331661,0,0.6559368371963501
40,1,GSM331662,0,0.6784574389457703
40,1,GSM331663,0,0.44892629981040955
40,1,GSM331664,0,0.5615147352218628
40,1,GSM331666,0,0.5418680310249329
40,1,GSM331669,0,0.7563382983207703
40,1,GSM331670,0,0.5590744614601135
40,1,GSM331676,0,0.6455419063568115
40,1,GSM331681,0,0.5407183766365051
40,1,GSM331683,0,0.8378744721412659
40,1,GSM331687,0,0.5108316540718079
40,1,GSM331688,0,0.72409987449646
40,1,GSM331692,0,0.41737475991249084
40,1,GSM331693,0,0.4954722225666046
40,1,GSM331694,0,0.5615828037261963
40,1,GSM331696,0,0.6690524220466614
40,1,GSM331699,0,0.5806476473808289
40,1,GSM331700,0,0.4531847834587097
40,1,GSM331701,0,0.3108496069908142
40,1,GSM331704,0,0.5323007106781006
40,1,GSM331706,0,0.6150622963905334
40,1,GSM331707,0,0.6194909811019897
40,1,GSM331709,0,0.4821358323097229
40,1,GSM331714,0,0.8748470544815063
40,1,GSM331715,0,0.42621755599975586
40,1,GSM331716,0,0.7776516675949097
40,1,GSM331717,0,0.6510133743286133
40,1,GSM331718,0,0.7802812457084656
40,1,GSM331719,0,0.37113484740257263
40,1,GSM331721,0,0.6077863574028015
40,1,GSM331724,0,0.42792654037475586
40,1,GSM331725,0,0.5566695332527161
40,1,GSM331726,0,0.480263352394104
40,1,GSM331727,0,0.6791876554489136
40,1,GSM331730,0,0.6543226838111877
40,1,GSM331732,0,0.5758895874023438
40,1,GSM331377,1,0.7888319492340088
40,1,GSM331378,1,0.7561890482902527
40,1,GSM331380,1,0.7776086926460266
40,1,GSM331381,1,0.7582648396492004
40,1,GSM331383,1,0.7049285769462585
40,1,GSM331384,1,0.7280406951904297
40,1,GSM331387,1,0.6273579597473145
40,1,GSM331390,1,0.5062368512153625
40,1,GSM331391,1,0.586219310760498
40,1,GSM331393,1,0.6325721144676208
40,1,GSM331396,1,0.7568098902702332
40,1,GSM331397,1,0.6054262518882751
40,1,GSM331400,1,0.60593181848526
40,1,GSM331411,1,0.6959838271141052
40,1,GSM331412,1,0.7380590438842773
40,1,GSM331414,1,0.772405207157135
40,1,GSM331418,1,0.7605488300323486
40,1,GSM331422,1,0.7731303572654724
40,1,GSM331427,1,0.6626728177070618
40,1,GSM331428,1,0.3383290767669678
40,1,GSM331429,1,0.7222195267677307
40,1,GSM331430,1,0.5886229872703552
40,1,GSM331432,1,0.5180842280387878
40,1,GSM331434,1,0.7176381349563599
40,1,GSM331436,1,0.4823203384876251
40,1,GSM331441,1,0.8223053216934204
40,1,GSM331442,1,0.7811571955680847
40,1,GSM331443,1,0.5667328238487244
40,1,GSM331444,1,0.5425666570663452
40,1,GSM331445,1,0.3186624348163605
40,1,GSM331446,1,0.41928380727767944
40,1,GSM331448,1,0.7171032428741455
40,1,GSM331452,1,0.7585304975509644
40,2,GSM331638,0,0.5301299095153809
40,2,GSM331665,0,0.6117066144943237
40,2,GSM331668,0,0.6818626523017883
40,2,GSM331671,0,0.5979814529418945
40,2,GSM331672,0,0.5773298740386963
40,2,GSM331673,0,0.4687785804271698
40,2,GSM331674,0,0.5810802578926086
40,2,GSM331675,0,0.25097402930259705
40,2,GSM331677,0,0.31009066104888916
40,2,GSM331678,0,0.44025757908821106
40,2,GSM331679,0,0.5176472663879395
40,2,GSM331680,0,0.4467568099498749
40,2,GSM331682,0,0.5560253858566284
40,2,GSM331684,0,0.32033392786979675
40,2,GSM331685,0,0.5414147973060608
40,2,GSM331686,0,0.6800354719161987
40,2,GSM331689,0,0.48580843210220337
40,2,GSM331690,0,0.5445674657821655
40,2,GSM331691,0,0.6051045060157776
40,2,GSM331695,0,0.5916341543197632
40,2,GSM331697,0,0.3441339135169983
40,2,GSM331698,0,0.201011523604393
40,2,GSM331702,0,0.4582758843898773
40,2,GSM331703,0,0.579993486404419
40,2,GSM331705,0,0.3786572813987732
40,2,GSM331708,0,0.7973029613494873
40,2,GSM331710,0,0.4070664942264557
40,2,GSM331711,0,0.6888453364372253
40,2,GSM331712,0,0.4850129187107086
40,2,GSM331713,0,0.35574325919151306
40,2,GSM331720,0,0.595721423625946
40,2,GSM331722,0,0.6567155718803406
40,2,GSM331723,0,0.657360315322876
40,2,GSM331728,0,0.4821663498878479
40,2,GSM331729,0,0.3548312485218048
40,2,GSM331731,0,0.7106173634529114
40,2,GSM331379,1,0.4086816608905792
40,2,GSM331382,1,0.36592352390289307
40,2,GSM331385,1,0.6084856986999512
40,2,GSM331386,1,0.4512726366519928
40,2,GSM331388,1,0.6987329721450806
40,2,GSM331389,1,0.7346019744873047
40,2,GSM331395,1,0.3925243616104126
40,2,GSM331399,1,0.6010918021202087
40,2,GSM331401,1,0.3254440724849701
40,2,GSM331402,1,0.5329028367996216
40,2,GSM331403,1,0.633174479007721
40,2,GSM331404,1,0.6398518085479736
40,2,GSM331405,1,0.46248742938041687
40,2,GSM331406,1,0.7495474815368652
40,2,GSM331407,1,0.3254232108592987
40,2,GSM331408,1,0.5184260010719299
40,2,GSM331409,1,0.5321468114852905
40,2,GSM331410,1,0.26608386635780334
40,2,GSM331413,1,0.1802750527858734
40,2,GSM331416,1,0.4247710704803467
40,2,GSM331417,1,0.47523608803749084
40,2,GSM331419,1,0.3388095200061798
40,2,GSM331420,1,0.5625779628753662
40,2,GSM331421,1,0.660596489906311
40,2,GSM331424,1,0.494212806224823
40,2,GSM331425,1,0.5334872603416443
40,2,GSM331426,1,0.4746556282043457
40,2,GSM331431,1,0.6192171573638916
40,2,GSM331438,1,0.48639097809791565
40,2,GSM331439,1,0.8141461610794067
40,2,GSM331440,1,0.540845513343811
40,2,GSM331447,1,0.672588050365448
40,2,GSM331450,1,0.524268388748169
41,1,GSM331638,0,0.5177592039108276
41,1,GSM331662,0,0.43094712495803833
41,1,GSM331664,0,0.22471053898334503
41,1,GSM331665,0,0.5483922958374023
41,1,GSM331668,0,0.3455868065357208
41,1,GSM331669,0,0.4838511049747467
41,1,GSM331673,0,0.5790949463844299
41,1,GSM331674,0,0.3198264539241791
41,1,GSM331675,0,0.3255102038383484
41,1,GSM331677,0,0.0903683677315712
41,1,GSM331678,0,0.2491353303194046
41,1,GSM331679,0,0.1455327272415161
41,1,GSM331682,0,0.5463929772377014
41,1,GSM331683,0,0.693773627281189
41,1,GSM331691,0,0.7949183583259583
41,1,GSM331693,0,0.489740252494812
41,1,GSM331695,0,0.3345368504524231
41,1,GSM331699,0,0.22086907923221588
41,1,GSM331701,0,0.15430499613285065
41,1,GSM331703,0,0.42736780643463135
41,1,GSM331704,0,0.603316605091095
41,1,GSM331705,0,0.4341328740119934
41,1,GSM331706,0,0.8728528022766113
41,1,GSM331708,0,0.41554850339889526
41,1,GSM331709,0,0.18325422704219818
41,1,GSM331710,0,0.5678718686103821
41,1,GSM331711,0,0.7727863788604736
41,1,GSM331713,0,0.3992803990840912
41,1,GSM331719,0,0.27866044640541077
41,1,GSM331721,0,0.6256344318389893
41,1,GSM331722,0,0.6313357949256897
41,1,GSM331723,0,0.6701152920722961
41,1,GSM331724,0,0.237751305103302
41,1,GSM331725,0,0.25787630677223206
41,1,GSM331726,0,0.1529679149389267
41,1,GSM331727,0,0.3104323446750641
41,1,GSM331732,0,0.3883255124092102
41,1,GSM331378,1,0.7168193459510803
41,1,GSM331379,1,0.5693930983543396
41,1,GSM331380,1,0.879143238067627
41,1,GSM331381,1,0.7018516659736633
41,1,GSM331384,1,0.8646372556686401
41,1,GSM331387,1,0.44851574301719666
41,1,GSM331388,1,0.7123687863349915
41,1,GSM331391,1,0.5044028162956238
41,1,GSM331393,1,0.6759384274482727
41,1,GSM331396,1,0.6982461810112
41,1,GSM331397,1,0.13197921216487885
41,1,GSM331400,1,0.5298321843147278
41,1,GSM331401,1,0.782173752784729
41,1,GSM331402,1,0.6987935304641724
41,1,GSM331403,1,0.8266593813896179
41,1,GSM331405,1,0.2707608938217163
41,1,GSM331406,1,0.675579845905304
41,1,GSM331407,1,0.7234739065170288
41,1,GSM331408,1,0.7136789560317993
41,1,GSM331409,1,0.7761808037757874
41,1,GSM331411,1,0.5073294639587402
41,1,GSM331418,1,0.8813979029655457
41,1,GSM331420,1,0.8783867955207825
41,1,GSM331422,1,0.6407157182693481
41,1,GSM331424,1,0.34668558835983276
41,1,GSM331427,1,0.4171311855316162
41,1,GSM331430,1,0.22264093160629272
41,1,GSM331432,1,0.4535864591598511
41,1,GSM331434,1,0.786349892616272
41,1,GSM331436,1,0.36746156215667725
41,1,GSM331441,1,0.8033445477485657
41,1,GSM331442,1,0.44080662727355957
41,1,GSM331444,1,0.5654176473617554
41,2,GSM331660,0,0.35375672578811646
41,2,GSM331661,0,0.8364629149436951
41,2,GSM331663,0,0.33514708280563354
41,2,GSM331666,0,0.43384116888046265
41,2,GSM331670,0,0.5499077439308167
41,2,GSM331671,0,0.5379622578620911
41,2,GSM331672,0,0.8366531133651733
41,2,GSM331676,0,0.6821911334991455
41,2,GSM331680,0,0.5969673991203308
41,2,GSM331681,0,0.7651962637901306
41,2,GSM331684,0,0.4420035183429718
41,2,GSM331685,0,0.15360204875469208
41,2,GSM331686,0,0.8401449918746948
41,2,GSM331687,0,0.23528708517551422
41,2,GSM331688,0,0.6883793473243713
41,2,GSM331689,0,0.546417236328125
41,2,GSM331690,0,0.575271487236023
41,2,GSM331692,0,0.41821223497390747
41,2,GSM331694,0,0.48945724964141846
41,2,GSM331696,0,0.4926658570766449
41,2,GSM331697,0,0.35567647218704224
41,2,GSM331698,0,0.26446542143821716
41,2,GSM331700,0,0.4689035713672638
41,2,GSM331702,0,0.6698481440544128
41,2,GSM331707,0,0.22079099714756012
41,2,GSM331712,0,0.8146319389343262
41,2,GSM331714,0,0.6194526553153992
41,2,GSM331715,0,0.2691892087459564
41,2,GSM331716,0,0.9279150366783142
41,2,GSM331717,0,0.8448495864868164
41,2,GSM331718,0,0.7508038282394409
41,2,GSM331720,0,0.42926397919654846
41,2,GSM331728,0,0.2279089391231537
41,2,GSM331729,0,0.23905318975448608
41,2,GSM331730,0,0.7090503573417664
41,2,GSM331731,0,0.4840330183506012
41,2,GSM331377,1,0.6053586006164551
41,2,GSM331382,1,0.4013001322746277
41,2,GSM331383,1,0.7577570676803589
41,2,GSM331385,1,0.4351283013820648
41,2,GSM331386,1,0.33846142888069153
41,2,GSM331389,1,0.39780759811401367
41,2,GSM331390,1,0.43785080313682556
41,2,GSM331395,1,0.4528442919254303
41,2,GSM331399,1,0.6536945104598999
41,2,GSM331404,1,0.6348164677619934
41,2,GSM331410,1,0.49535390734672546
41,2,GSM331412,1,0.5380513072013855
41,2,GSM331413,1,0.27265992760658264
41,2,GSM331414,1,0.6977651715278625
41,2,GSM331416,1,0.5591278672218323
41,2,GSM331417,1,0.5893657207489014
41,2,GSM331419,1,0.6831120848655701
41,2,GSM331421,1,0.791700541973114
41,2,GSM331425,1,0.47278833389282227
41,2,GSM331426,1,0.6849960088729858
41,2,GSM331428,1,0.19734056293964386
41,2,GSM331429,1,0.6120067238807678
41,2,GSM331431,1,0.5058451890945435
41,2,GSM331438,1,0.6811566948890686
41,2,GSM331439,1,0.7710378766059875
41,2,GSM331440,1,0.5375500321388245
41,2,GSM331443,1,0.4336298704147339
41,2,GSM331445,1,0.3498203456401825
41,2,GSM331446,1,0.25483807921409607
41,2,GSM331447,1,0.7161986231803894
41,2,GSM331448,1,0.5156939029693604
41,2,GSM331450,1,0.44410374760627747
41,2,GSM331452,1,0.8446354866027832
42,1,GSM331638,0,0.5034162402153015
42,1,GSM331662,0,0.4796571135520935
42,1,GSM331668,0,0.3905637562274933
42,1,GSM331669,0,0.5997279286384583
42,1,GSM331670,0,0.2764921188354492
42,1,GSM331671,0,0.5133446455001831
42,1,GSM331672,0,0.4630618393421173
42,1,GSM331673,0,0.5943124294281006
42,1,GSM331674,0,0.6603214740753174
42,1,GSM331677,0,0.20744511485099792
42,1,GSM331678,0,0.38059502840042114
42,1,GSM331679,0,0.467613160610199
42,1,GSM331681,0,0.4900159239768982
42,1,GSM331684,0,0.37060973048210144
42,1,GSM331686,0,0.31212812662124634
42,1,GSM331687,0,0.1817890703678131
42,1,GSM331689,0,0.5477120280265808
42,1,GSM331691,0,0.48098090291023254
42,1,GSM331693,0,0.25169628858566284
42,1,GSM331694,0,0.445641428232193
42,1,GSM331695,0,0.278140664100647
42,1,GSM331696,0,0.347042441368103
42,1,GSM331699,0,0.3192040026187897
42,1,GSM331700,0,0.31882572174072266
42,1,GSM331702,0,0.24381576478481293
42,1,GSM331704,0,0.46736279129981995
42,1,GSM331705,0,0.3450014591217041
42,1,GSM331708,0,0.4277171790599823
42,1,GSM331709,0,0.4048098623752594
42,1,GSM331710,0,0.4288262128829956
42,1,GSM331711,0,0.7048586010932922
42,1,GSM331713,0,0.5009040832519531
42,1,GSM331715,0,0.24097062647342682
42,1,GSM331719,0,0.24394004046916962
42,1,GSM331721,0,0.5552912950515747
42,1,GSM331722,0,0.5158011317253113
42,1,GSM331726,0,0.21305197477340698
42,1,GSM331377,1,0.6721263527870178
42,1,GSM331379,1,0.3975648880004883
42,1,GSM331383,1,0.6302808523178101
42,1,GSM331384,1,0.7310610413551331
42,1,GSM331385,1,0.3767451047897339
42,1,GSM331388,1,0.5844855308532715
42,1,GSM331389,1,0.6149705648422241
42,1,GSM331390,1,0.40648460388183594
42,1,GSM331396,1,0.7021768093109131
42,1,GSM331397,1,0.3624851405620575
42,1,GSM331399,1,0.41071534156799316
42,1,GSM331401,1,0.5593721270561218
42,1,GSM331405,1,0.29048416018486023
42,1,GSM331407,1,0.5951812267303467
42,1,GSM331408,1,0.45233896374702454
42,1,GSM331409,1,0.7219272255897522
42,1,GSM331411,1,0.4722692668437958
42,1,GSM331413,1,0.3213943541049957
42,1,GSM331414,1,0.6548514366149902
42,1,GSM331416,1,0.6160500645637512
42,1,GSM331418,1,0.7869873046875
42,1,GSM331419,1,0.5553251504898071
42,1,GSM331422,1,0.5495116710662842
42,1,GSM331424,1,0.5066136717796326
42,1,GSM331425,1,0.5123406052589417
42,1,GSM331428,1,0.3079908490180969
42,1,GSM331430,1,0.4735463261604309
42,1,GSM331431,1,0.5278067588806152
42,1,GSM331436,1,0.27902117371559143
42,1,GSM331439,1,0.617254912853241
42,1,GSM331440,1,0.5666983723640442
42,1,GSM331444,1,0.5454986095428467
42,1,GSM331450,1,0.4867742955684662
42,2,GSM331660,0,0.3407144546508789
42,2,GSM331661,0,0.498810738325119
42,2,GSM331663,0,0.380501389503479
42,2,GSM331664,0,0.42843031883239746
42,2,GSM331665,0,0.6051511764526367
42,2,GSM331666,0,0.3546139597892761
42,2,GSM331675,0,0.36980199813842773
42,2,GSM331676,0,0.4218164384365082
42,2,GSM331680,0,0.4782148599624634
42,2,GSM331682,0,0.3243045508861542
42,2,GSM331683,0,0.7233175039291382
42,2,GSM331685,0,0.33970123529434204
42,2,GSM331688,0,0.611747145652771
42,2,GSM331690,0,0.3849666118621826
42,2,GSM331692,0,0.32306361198425293
42,2,GSM331697,0,0.2746594250202179
42,2,GSM331698,0,0.18632391095161438
42,2,GSM331701,0,0.35371050238609314
42,2,GSM331703,0,0.2381887137889862
42,2,GSM331706,0,0.5061596632003784
42,2,GSM331707,0,0.2830851972103119
42,2,GSM331712,0,0.35649624466896057
42,2,GSM331714,0,0.6363468766212463
42,2,GSM331716,0,0.6264693140983582
42,2,GSM331717,0,0.552961528301239
42,2,GSM331718,0,0.5635333061218262
42,2,GSM331720,0,0.41608893871307373
42,2,GSM331723,0,0.38822466135025024
42,2,GSM331724,0,0.3987720310688019
42,2,GSM331725,0,0.48104968667030334
42,2,GSM331727,0,0.4334701597690582
42,2,GSM331728,0,0.3002083897590637
42,2,GSM331729,0,0.3632790744304657
42,2,GSM331730,0,0.36934694647789
42,2,GSM331731,0,0.5363291501998901
42,2,GSM331732,0,0.5045782923698425
42,2,GSM331378,1,0.5318838357925415
42,2,GSM331380,1,0.6581587791442871
42,2,GSM331381,1,0.3926376402378082
42,2,GSM331382,1,0.6489618420600891
42,2,GSM331386,1,0.428264856338501
42,2,GSM331387,1,0.610419511795044
42,2,GSM331391,1,0.5352798104286194
42,2,GSM331393,1,0.5035752654075623
42,2,GSM331395,1,0.41563713550567627
42,2,GSM331400,1,0.4737616777420044
42,2,GSM331402,1,0.49922776222229004
42,2,GSM331403,1,0.6558144688606262
42,2,GSM331404,1,0.5825409889221191
42,2,GSM331406,1,0.5878007411956787
42,2,GSM331410,1,0.440475732088089
42,2,GSM331412,1,0.6631497740745544
42,2,GSM331417,1,0.3666764199733734
42,2,GSM331420,1,0.6520067453384399
42,2,GSM331421,1,0.7331163883209229
42,2,GSM331426,1,0.5193416476249695
42,2,GSM331427,1,0.5226720571517944
42,2,GSM331429,1,0.4687255024909973
42,2,GSM331432,1,0.3517932891845703
42,2,GSM331434,1,0.6188727021217346
42,2,GSM331438,1,0.5391665697097778
42,2,GSM331441,1,0.6325152516365051
42,2,GSM331442,1,0.33494243025779724
42,2,GSM331443,1,0.5070592164993286
42,2,GSM331445,1,0.1629137545824051
42,2,GSM331446,1,0.44729071855545044
42,2,GSM331447,1,0.6712250113487244
42,2,GSM331448,1,0.4461580216884613
42,2,GSM331452,1,0.7292230725288391
43,1,GSM331660,0,0.09557559341192245
43,1,GSM331662,0,0.22649259865283966
43,1,GSM331663,0,0.25930389761924744
43,1,GSM331666,0,0.2517888844013214
43,1,GSM331668,0,0.32176026701927185
43,1,GSM331669,0,0.9209086894989014
43,1,GSM331670,0,0.5980565547943115
43,1,GSM331673,0,0.5407045483589172
43,1,GSM331674,0,0.8328494429588318
43,1,GSM331675,0,0.48945969343185425
43,1,GSM331676,0,0.7898044586181641
43,1,GSM331677,0,0.25485455989837646
43,1,GSM331679,0,0.6205083131790161
43,1,GSM331681,0,0.9396153688430786
43,1,GSM331682,0,0.8224697709083557
43,1,GSM331683,0,0.8695322275161743
43,1,GSM331685,0,0.1322091668844223
43,1,GSM331689,0,0.43556666374206543
43,1,GSM331690,0,0.8134998679161072
43,1,GSM331691,0,0.7822467088699341
43,1,GSM331692,0,0.6297246813774109
43,1,GSM331695,0,0.20297186076641083
43,1,GSM331697,0,0.15963788330554962
43,1,GSM331704,0,0.8821969628334045
43,1,GSM331705,0,0.5658272504806519
43,1,GSM331707,0,0.4902268052101135
43,1,GSM331711,0,0.4839312732219696
43,1,GSM331713,0,0.5724905729293823
43,1,GSM331715,0,0.23832553625106812
43,1,GSM331716,0,0.9918479919433594
43,1,GSM331717,0,0.9287065267562866
43,1,GSM331721,0,0.9191573858261108
43,1,GSM331726,0,0.04182026535272598
43,1,GSM331728,0,0.06946578621864319
43,1,GSM331729,0,0.06920409947633743
43,1,GSM331730,0,0.7233767509460449
43,1,GSM331731,0,0.5492896437644958
43,1,GSM331377,1,0.6726531982421875
43,1,GSM331382,1,0.3513678014278412
43,1,GSM331385,1,0.6942756772041321
43,1,GSM331386,1,0.40947166085243225
43,1,GSM331388,1,0.7637065649032593
43,1,GSM331391,1,0.3890976011753082
43,1,GSM331395,1,0.23278802633285522
43,1,GSM331396,1,0.4195391833782196
43,1,GSM331400,1,0.40979859232902527
43,1,GSM331401,1,0.7529519200325012
43,1,GSM331403,1,0.8900842666625977
43,1,GSM331404,1,0.7365268468856812
43,1,GSM331405,1,0.270700603723526
43,1,GSM331407,1,0.7874340415000916
43,1,GSM331409,1,0.5688830018043518
43,1,GSM331410,1,0.26058945059776306
43,1,GSM331412,1,0.7825296521186829
43,1,GSM331413,1,0.10931870341300964
43,1,GSM331414,1,0.6848674416542053
43,1,GSM331421,1,0.6836856007575989
43,1,GSM331422,1,0.8161274790763855
43,1,GSM331425,1,0.5458554029464722
43,1,GSM331428,1,0.06858088076114655
43,1,GSM331432,1,0.3868885040283203
43,1,GSM331436,1,0.4170345366001129
43,1,GSM331438,1,0.6451911926269531
43,1,GSM331440,1,0.49777767062187195
43,1,GSM331441,1,0.4252830445766449
43,1,GSM331442,1,0.4695008397102356
43,1,GSM331443,1,0.30393165349960327
43,1,GSM331445,1,0.5269109606742859
43,1,GSM331447,1,0.7750106453895569
43,1,GSM331448,1,0.6495193839073181
43,2,GSM331638,0,0.4244960844516754
43,2,GSM331661,0,0.8448665142059326
43,2,GSM331664,0,0.2748003900051117
43,2,GSM331665,0,0.6728824377059937
43,2,GSM331671,0,0.628497302532196
43,2,GSM331672,0,0.7937134504318237
43,2,GSM331678,0,0.05774671211838722
43,2,GSM331680,0,0.5366799831390381
43,2,GSM331684,0,0.5825551748275757
43,2,GSM331686,0,0.8862766027450562
43,2,GSM331687,0,0.22036199271678925
43,2,GSM331688,0,0.6943346261978149
43,2,GSM331693,0,0.6823311448097229
43,2,GSM331694,0,0.4084915518760681
43,2,GSM331696,0,0.34970954060554504
43,2,GSM331698,0,0.2681010961532593
43,2,GSM331699,0,0.2991723120212555
43,2,GSM331700,0,0.37423792481422424
43,2,GSM331701,0,0.2523621916770935
43,2,GSM331702,0,0.8001241087913513
43,2,GSM331703,0,0.22981032729148865
43,2,GSM331706,0,0.9704565405845642
43,2,GSM331708,0,0.44062426686286926
43,2,GSM331709,0,0.34409499168395996
43,2,GSM331710,0,0.7280523777008057
43,2,GSM331712,0,0.831328809261322
43,2,GSM331714,0,0.6758406758308411
43,2,GSM331718,0,0.7435975074768066
43,2,GSM331719,0,0.4617225229740143
43,2,GSM331720,0,0.26710769534111023
43,2,GSM331722,0,0.570389449596405
43,2,GSM331723,0,0.8089635372161865
43,2,GSM331724,0,0.41414549946784973
43,2,GSM331725,0,0.6615217924118042
43,2,GSM331727,0,0.4077425003051758
43,2,GSM331732,0,0.6518131494522095
43,2,GSM331378,1,0.5165057182312012
43,2,GSM331379,1,0.39642927050590515
43,2,GSM331380,1,0.7134848833084106
43,2,GSM331381,1,0.2783098518848419
43,2,GSM331383,1,0.7000631093978882
43,2,GSM331384,1,0.8058352470397949
43,2,GSM331387,1,0.4480210244655609
43,2,GSM331389,1,0.3436816334724426
43,2,GSM331390,1,0.38375991582870483
43,2,GSM331393,1,0.5147335529327393
43,2,GSM331397,1,0.23097023367881775
43,2,GSM331399,1,0.5270518064498901
43,2,GSM331402,1,0.6175591349601746
43,2,GSM331406,1,0.5602233409881592
43,2,GSM331408,1,0.5859115719795227
43,2,GSM331411,1,0.5897496938705444
43,2,GSM331416,1,0.7593439817428589
43,2,GSM331417,1,0.903328001499176
43,2,GSM331418,1,0.8951603770256042
43,2,GSM331419,1,0.7530959844589233
43,2,GSM331420,1,0.5488429069519043
43,2,GSM331424,1,0.3817819654941559
43,2,GSM331426,1,0.6169059872627258
43,2,GSM331427,1,0.5990092158317566
43,2,GSM331429,1,0.7385236620903015
43,2,GSM331430,1,0.23267404735088348
43,2,GSM331431,1,0.46716630458831787
43,2,GSM331434,1,0.6222152709960938
43,2,GSM331439,1,0.7554296851158142
43,2,GSM331444,1,0.8359062075614929
43,2,GSM331446,1,0.12356362491846085
43,2,GSM331450,1,0.5772413611412048
43,2,GSM331452,1,0.8734924793243408
44,1,GSM331664,0,0.4501841068267822
44,1,GSM331665,0,0.2979227304458618
44,1,GSM331666,0,0.3911021053791046
44,1,GSM331668,0,0.6978626847267151
44,1,GSM331670,0,0.4442872107028961
44,1,GSM331671,0,0.2726691961288452
44,1,GSM331672,0,0.28129303455352783
44,1,GSM331673,0,0.3695952296257019
44,1,GSM331674,0,0.31792715191841125
44,1,GSM331676,0,0.3954271972179413
44,1,GSM331678,0,0.16932961344718933
44,1,GSM331680,0,0.7571495175361633
44,1,GSM331682,0,0.2462136596441269
44,1,GSM331686,0,0.0820811316370964
44,1,GSM331687,0,0.19075143337249756
44,1,GSM331689,0,0.6780304908752441
44,1,GSM331691,0,0.6455308794975281
44,1,GSM331693,0,0.2392835021018982
44,1,GSM331696,0,0.5255309343338013
44,1,GSM331698,0,0.022887930274009705
44,1,GSM331700,0,0.12454402446746826
44,1,GSM331702,0,0.10353316366672516
44,1,GSM331703,0,0.26674363017082214
44,1,GSM331705,0,0.23417647182941437
44,1,GSM331708,0,0.4227502644062042
44,1,GSM331709,0,0.42889663577079773
44,1,GSM331712,0,0.09648903459310532
44,1,GSM331713,0,0.2944810092449188
44,1,GSM331715,0,0.0967375710606575
44,1,GSM331721,0,0.4982157349586487
44,1,GSM331724,0,0.21043680608272552
44,1,GSM331725,0,0.19186097383499146
44,1,GSM331727,0,0.49608728289604187
44,1,GSM331728,0,0.29938969016075134
44,1,GSM331729,0,0.2167915403842926
44,1,GSM331730,0,0.22006869316101074
44,1,GSM331732,0,0.5499774217605591
44,1,GSM331382,1,0.8258630037307739
44,1,GSM331383,1,0.8693298697471619
44,1,GSM331385,1,0.4489579200744629
44,1,GSM331386,1,0.6323839426040649
44,1,GSM331387,1,0.3106352686882019
44,1,GSM331390,1,0.26622605323791504
44,1,GSM331395,1,0.8108428716659546
44,1,GSM331397,1,0.5178245902061462
44,1,GSM331399,1,0.5140182971954346
44,1,GSM331400,1,0.8192437887191772
44,1,GSM331401,1,0.4098854064941406
44,1,GSM331402,1,0.5181816816329956
44,1,GSM331404,1,0.8029857277870178
44,1,GSM331405,1,0.05820078030228615
44,1,GSM331406,1,0.8887943029403687
44,1,GSM331408,1,0.7645372152328491
44,1,GSM331410,1,0.14173412322998047
44,1,GSM331412,1,0.9126765131950378
44,1,GSM331416,1,0.7339756488800049
44,1,GSM331421,1,0.8644487261772156
44,1,GSM331424,1,0.5557621121406555
44,1,GSM331425,1,0.5908541679382324
44,1,GSM331426,1,0.1030707061290741
44,1,GSM331431,1,0.6771688461303711
44,1,GSM331434,1,0.8638787269592285
44,1,GSM331438,1,0.8162049055099487
44,1,GSM331440,1,0.584872841835022
44,1,GSM331443,1,0.49996089935302734
44,1,GSM331444,1,0.4076720178127289
44,1,GSM331446,1,0.24616782367229462
44,1,GSM331448,1,0.16038209199905396
44,1,GSM331450,1,0.12545421719551086
44,1,GSM331452,1,0.9755350351333618
44,2,GSM331638,0,0.6326706409454346
44,2,GSM331660,0,0.2930784225463867
44,2,GSM331661,0,0.5116201043128967
44,2,GSM331662,0,0.8459876775741577
44,2,GSM331663,0,0.40894874930381775
44,2,GSM331669,0,0.7304069995880127
44,2,GSM331675,0,0.184360072016716
44,2,GSM331677,0,0.30460166931152344
44,2,GSM331679,0,0.41778284311294556
44,2,GSM331681,0,0.48486021161079407
44,2,GSM331683,0,0.9426945447921753
44,2,GSM331684,0,0.3513631522655487
44,2,GSM331685,0,0.33488667011260986
44,2,GSM331688,0,0.8630207180976868
44,2,GSM331690,0,0.5240523219108582
44,2,GSM331692,0,0.37403005361557007
44,2,GSM331694,0,0.45876771211624146
44,2,GSM331695,0,0.3195561170578003
44,2,GSM331697,0,0.3098597228527069
44,2,GSM331699,0,0.3071260452270508
44,2,GSM331701,0,0.17283691465854645
44,2,GSM331704,0,0.5856918096542358
44,2,GSM331706,0,0.8526384830474854
44,2,GSM331707,0,0.16933850944042206
44,2,GSM331710,0,0.31720924377441406
44,2,GSM331711,0,0.8753233551979065
44,2,GSM331714,0,0.9482294917106628
44,2,GSM331716,0,0.7714511156082153
44,2,GSM331717,0,0.6345305442810059
44,2,GSM331718,0,0.6211374998092651
44,2,GSM331719,0,0.16413065791130066
44,2,GSM331720,0,0.392929345369339
44,2,GSM331722,0,0.7298576235771179
44,2,GSM331723,0,0.48049190640449524
44,2,GSM331726,0,0.2853187620639801
44,2,GSM331731,0,0.9042360782623291
44,2,GSM331377,1,0.8932774662971497
44,2,GSM331378,1,0.861911952495575
44,2,GSM331379,1,0.1277601271867752
44,2,GSM331380,1,0.9122722744941711
44,2,GSM331381,1,0.7070427536964417
44,2,GSM331384,1,0.810171902179718
44,2,GSM331388,1,0.9219886660575867
44,2,GSM331389,1,0.8395070433616638
44,2,GSM331391,1,0.5597195625305176
44,2,GSM331393,1,0.7939446568489075
44,2,GSM331396,1,0.6611647009849548
44,2,GSM331403,1,0.8494784832000732
44,2,GSM331407,1,0.745520293712616
44,2,GSM331409,1,0.7040932178497314
44,2,GSM331411,1,0.9174697995185852
44,2,GSM331413,1,0.12121828645467758
44,2,GSM331414,1,0.9261742234230042
44,2,GSM331417,1,0.5338249206542969
44,2,GSM331418,1,0.9148134589195251
44,2,GSM331419,1,0.3947712481021881
44,2,GSM331420,1,0.7468874454498291
44,2,GSM331422,1,0.7432724237442017
44,2,GSM331427,1,0.6858646869659424
44,2,GSM331428,1,0.5819781422615051
44,2,GSM331429,1,0.9239740371704102
44,2,GSM331430,1,0.6369298100471497
44,2,GSM331432,1,0.563634991645813
44,2,GSM331436,1,0.26723262667655945
44,2,GSM331439,1,0.7830114364624023
44,2,GSM331441,1,0.8790510296821594
44,2,GSM331442,1,0.48684757947921753
44,2,GSM331445,1,0.3075805604457855
44,2,GSM331447,1,0.9076265692710876
45,1,GSM331638,0,0.39121827483177185
45,1,GSM331663,0,0.2440076470375061
45,1,GSM331665,0,0.3094642460346222
45,1,GSM331668,0,0.6540305018424988
45,1,GSM331669,0,0.6069656014442444
45,1,GSM331672,0,0.7137518525123596
45,1,GSM331674,0,0.3725264072418213
45,1,GSM331676,0,0.6675443649291992
45,1,GSM331677,0,0.3417825400829315
45,1,GSM331681,0,0.6202147006988525
45,1,GSM331683,0,0.7805449962615967
45,1,GSM331684,0,0.3155677616596222
45,1,GSM331690,0,0.7196969985961914
45,1,GSM331695,0,0.4772861897945404
45,1,GSM331697,0,0.2743593454360962
45,1,GSM331699,0,0.26135021448135376
45,1,GSM331700,0,0.28831809759140015
45,1,GSM331701,0,0.2835869789123535
45,1,GSM331706,0,0.9085580110549927
45,1,GSM331707,0,0.27080288529396057
45,1,GSM331709,0,0.34282246232032776
45,1,GSM331710,0,0.475006103515625
45,1,GSM331711,0,0.5869017839431763
45,1,GSM331713,0,0.178073450922966
45,1,GSM331714,0,0.5765594840049744
45,1,GSM331716,0,0.8021517992019653
45,1,GSM331717,0,0.7199406623840332
45,1,GSM331720,0,0.2875094413757324
45,1,GSM331721,0,0.6771616339683533
45,1,GSM331722,0,0.5865617394447327
45,1,GSM331723,0,0.6942375898361206
45,1,GSM331727,0,0.43863382935523987
45,1,GSM331728,0,0.25516656041145325
45,1,GSM331729,0,0.25220486521720886
45,1,GSM331730,0,0.5193216800689697
45,1,GSM331731,0,0.6771728992462158
45,1,GSM331732,0,0.36898863315582275
45,1,GSM331378,1,0.6558276414871216
45,1,GSM331379,1,0.29128673672676086
45,1,GSM331381,1,0.6832056045532227
45,1,GSM331383,1,0.6959907412528992
45,1,GSM331385,1,0.48197194933891296
45,1,GSM331386,1,0.4326145052909851
45,1,GSM331387,1,0.4481724202632904
45,1,GSM331388,1,0.7116438746452332
45,1,GSM331391,1,0.3856356739997864
45,1,GSM331393,1,0.6049383282661438
45,1,GSM331397,1,0.4976786673069
45,1,GSM331400,1,0.5571308732032776
45,1,GSM331402,1,0.5534449815750122
45,1,GSM331407,1,0.4837764501571655
45,1,GSM331409,1,0.5512409806251526
45,1,GSM331412,1,0.7287001013755798
45,1,GSM331414,1,0.6230583786964417
45,1,GSM331418,1,0.854277491569519
45,1,GSM331424,1,0.22230499982833862
45,1,GSM331425,1,0.7387573719024658
45,1,GSM331427,1,0.5337432622909546
45,1,GSM331428,1,0.15289190411567688
45,1,GSM331429,1,0.8018097281455994
45,1,GSM331432,1,0.34272119402885437
45,1,GSM331438,1,0.44018495082855225
45,1,GSM331439,1,0.4819793105125427
45,1,GSM331440,1,0.38619932532310486
45,1,GSM331441,1,0.6959408521652222
45,1,GSM331442,1,0.4515678584575653
45,1,GSM331444,1,0.5385777950286865
45,1,GSM331447,1,0.7373822331428528
45,1,GSM331448,1,0.49952808022499084
45,1,GSM331450,1,0.2901184558868408
45,2,GSM331660,0,0.26491227746009827
45,2,GSM331661,0,0.4485032260417938
45,2,GSM331662,0,0.4110986888408661
45,2,GSM331664,0,0.1777065396308899
45,2,GSM331666,0,0.2566547393798828
45,2,GSM331670,0,0.418019562959671
45,2,GSM331671,0,0.4947580099105835
45,2,GSM331673,0,0.32101550698280334
45,2,GSM331675,0,0.18145374953746796
45,2,GSM331678,0,0.19945520162582397
45,2,GSM331679,0,0.2508311867713928
45,2,GSM331680,0,0.5035362839698792
45,2,GSM331682,0,0.4124898314476013
45,2,GSM331685,0,0.1387801319360733
45,2,GSM331686,0,0.5534290671348572
45,2,GSM331687,0,0.40027496218681335
45,2,GSM331688,0,0.5071977972984314
45,2,GSM331689,0,0.36584967374801636
45,2,GSM331691,0,0.7767303586006165
45,2,GSM331692,0,0.20965193212032318
45,2,GSM331693,0,0.46924906969070435
45,2,GSM331694,0,0.5379704833030701
45,2,GSM331696,0,0.3772237300872803
45,2,GSM331698,0,0.28625383973121643
45,2,GSM331702,0,0.46534842252731323
45,2,GSM331703,0,0.3597760498523712
45,2,GSM331704,0,0.5823939442634583
45,2,GSM331705,0,0.3025258183479309
45,2,GSM331708,0,0.520450234413147
45,2,GSM331712,0,0.5682144165039062
45,2,GSM331715,0,0.22337545454502106
45,2,GSM331718,0,0.5984914302825928
45,2,GSM331719,0,0.24591661989688873
45,2,GSM331724,0,0.2337665557861328
45,2,GSM331725,0,0.32164862751960754
45,2,GSM331726,0,0.17750465869903564
45,2,GSM331377,1,0.6210554242134094
45,2,GSM331380,1,0.6452547907829285
45,2,GSM331382,1,0.3472214639186859
45,2,GSM331384,1,0.672673761844635
45,2,GSM331389,1,0.5478187799453735
45,2,GSM331390,1,0.24082797765731812
45,2,GSM331395,1,0.4748312830924988
45,2,GSM331396,1,0.6747824549674988
45,2,GSM331399,1,0.42361247539520264
45,2,GSM331401,1,0.5712257027626038
45,2,GSM331403,1,0.5511513948440552
45,2,GSM331404,1,0.5367257595062256
45,2,GSM331405,1,0.13083606958389282
45,2,GSM331406,1,0.7201722264289856
45,2,GSM331408,1,0.5382729172706604
45,2,GSM331410,1,0.3786576986312866
45,2,GSM331411,1,0.630595326423645
45,2,GSM331413,1,0.20973637700080872
45,2,GSM331416,1,0.6177757978439331
45,2,GSM331417,1,0.6640306711196899
45,2,GSM331419,1,0.37224242091178894
45,2,GSM331420,1,0.5069870352745056
45,2,GSM331421,1,0.6532754898071289
45,2,GSM331422,1,0.8009116053581238
45,2,GSM331426,1,0.3945856988430023
45,2,GSM331430,1,0.3060731887817383
45,2,GSM331431,1,0.2989008128643036
45,2,GSM331434,1,0.6650245785713196
45,2,GSM331436,1,0.23570644855499268
45,2,GSM331443,1,0.31272920966148376
45,2,GSM331445,1,0.3668009340763092
45,2,GSM331446,1,0.2859380841255188
45,2,GSM331452,1,0.7365639805793762
46,1,GSM331638,0,0.44951221346855164
46,1,GSM331660,0,0.162312850356102
46,1,GSM331661,0,0.3901585042476654
46,1,GSM331665,0,0.6150360703468323
46,1,GSM331669,0,0.48745018243789673
46,1,GSM331672,0,0.38844016194343567
46,1,GSM331673,0,0.4951286315917969
46,1,GSM331675,0,0.32586178183555603
46,1,GSM331677,0,0.07282708585262299
46,1,GSM331680,0,0.36100512742996216
46,1,GSM331681,0,0.46424487233161926
46,1,GSM331683,0,0.7623818516731262
46,1,GSM331686,0,0.333259642124176
46,1,GSM331691,0,0.6550509333610535
46,1,GSM331697,0,0.23667284846305847
46,1,GSM331698,0,0.090948186814785
46,1,GSM331700,0,0.1568140834569931
46,1,GSM331701,0,0.18482428789138794
46,1,GSM331703,0,0.30889299511909485
46,1,GSM331704,0,0.6303693652153015
46,1,GSM331707,0,0.1041887104511261
46,1,GSM331708,0,0.4515579342842102
46,1,GSM331709,0,0.32162991166114807
46,1,GSM331710,0,0.4823372960090637
46,1,GSM331711,0,0.6398471593856812
46,1,GSM331712,0,0.302437961101532
46,1,GSM331713,0,0.49175676703453064
46,1,GSM331714,0,0.516388475894928
46,1,GSM331715,0,0.14452525973320007
46,1,GSM331717,0,0.637472927570343
46,1,GSM331718,0,0.4118718206882477
46,1,GSM331720,0,0.3315887749195099
46,1,GSM331723,0,0.43450304865837097
46,1,GSM331724,0,0.3113827705383301
46,1,GSM331725,0,0.2628280222415924
46,1,GSM331726,0,0.0724685788154602
46,1,GSM331728,0,0.2122487723827362
46,1,GSM331377,1,0.6204567551612854
46,1,GSM331378,1,0.659244954586029
46,1,GSM331379,1,0.26612886786460876
46,1,GSM331383,1,0.6241358518600464
46,1,GSM331384,1,0.7017843723297119
46,1,GSM331385,1,0.3151910901069641
46,1,GSM331387,1,0.3062366545200348
46,1,GSM331388,1,0.5481199622154236
46,1,GSM331389,1,0.5799751281738281
46,1,GSM331390,1,0.285457968711853
46,1,GSM331391,1,0.3045331835746765
46,1,GSM331397,1,0.25098028779029846
46,1,GSM331399,1,0.3427349627017975
46,1,GSM331400,1,0.610530436038971
46,1,GSM331402,1,0.5895329713821411
46,1,GSM331407,1,0.8138154149055481
46,1,GSM331408,1,0.7528221011161804
46,1,GSM331412,1,0.7463666796684265
46,1,GSM331413,1,0.3153744041919708
46,1,GSM331416,1,0.7203463315963745
46,1,GSM331419,1,0.5363077521324158
46,1,GSM331429,1,0.6966880559921265
46,1,GSM331430,1,0.22356024384498596
46,1,GSM331431,1,0.37683120369911194
46,1,GSM331432,1,0.4293884336948395
46,1,GSM331434,1,0.4909553825855255
46,1,GSM331439,1,0.6315863728523254
46,1,GSM331440,1,0.5111661553382874
46,1,GSM331441,1,0.7417409420013428
46,1,GSM331444,1,0.6118676662445068
46,1,GSM331445,1,0.3696388006210327
46,1,GSM331447,1,0.6954138278961182
46,1,GSM331450,1,0.3223453462123871
46,2,GSM331662,0,0.3913523852825165
46,2,GSM331663,0,0.48777294158935547
46,2,GSM331664,0,0.3608957827091217
46,2,GSM331666,0,0.39035433530807495
46,2,GSM331668,0,0.6805698275566101
46,2,GSM331670,0,0.5056012272834778
46,2,GSM331671,0,0.5111463665962219
46,2,GSM331674,0,0.5059016346931458
46,2,GSM331676,0,0.6940533518791199
46,2,GSM331678,0,0.16412906348705292
46,2,GSM331679,0,0.555371105670929
46,2,GSM331682,0,0.6251140236854553
46,2,GSM331684,0,0.5221237540245056
46,2,GSM331685,0,0.13069628179073334
46,2,GSM331687,0,0.17454898357391357
46,2,GSM331688,0,0.6921850442886353
46,2,GSM331689,0,0.553130567073822
46,2,GSM331690,0,0.7829927206039429
46,2,GSM331692,0,0.6856915354728699
46,2,GSM331693,0,0.6009883880615234
46,2,GSM331694,0,0.4410203695297241
46,2,GSM331695,0,0.2628220319747925
46,2,GSM331696,0,0.566608726978302
46,2,GSM331699,0,0.3000190854072571
46,2,GSM331702,0,0.6788787245750427
46,2,GSM331705,0,0.5258196592330933
46,2,GSM331706,0,0.9586098790168762
46,2,GSM331716,0,0.9470270276069641
46,2,GSM331719,0,0.3473963141441345
46,2,GSM331721,0,0.8108484745025635
46,2,GSM331722,0,0.5059110522270203
46,2,GSM331727,0,0.4978960156440735
46,2,GSM331729,0,0.33794161677360535
46,2,GSM331730,0,0.39142343401908875
46,2,GSM331731,0,0.8080991506576538
46,2,GSM331732,0,0.7418454885482788
46,2,GSM331380,1,0.8265400528907776
46,2,GSM331381,1,0.533517599105835
46,2,GSM331382,1,0.7682493329048157
46,2,GSM331386,1,0.5621777772903442
46,2,GSM331393,1,0.782695472240448
46,2,GSM331395,1,0.71910160779953
46,2,GSM331396,1,0.5073666572570801
46,2,GSM331401,1,0.7867069840431213
46,2,GSM331403,1,0.9117311835289001
46,2,GSM331404,1,0.8211458325386047
46,2,GSM331405,1,0.13190500438213348
46,2,GSM331406,1,0.7067044973373413
46,2,GSM331409,1,0.7987360954284668
46,2,GSM331410,1,0.5387355089187622
46,2,GSM331411,1,0.576395571231842
46,2,GSM331414,1,0.7979347109794617
46,2,GSM331417,1,0.6247634887695312
46,2,GSM331418,1,0.8741340637207031
46,2,GSM331420,1,0.7559032440185547
46,2,GSM331421,1,0.6692816615104675
46,2,GSM331422,1,0.7565090656280518
46,2,GSM331424,1,0.3966692090034485
46,2,GSM331425,1,0.5529066324234009
46,2,GSM331426,1,0.6318528056144714
46,2,GSM331427,1,0.527431070804596
46,2,GSM331428,1,0.27489110827445984
46,2,GSM331436,1,0.47002407908439636
46,2,GSM331438,1,0.8157278299331665
46,2,GSM331442,1,0.43078282475471497
46,2,GSM331443,1,0.5162072777748108
46,2,GSM331446,1,0.3539203703403473
46,2,GSM331448,1,0.4681631326675415
46,2,GSM331452,1,0.9238279461860657
47,1,GSM331660,0,0.4070996940135956
47,1,GSM331661,0,0.711908221244812
47,1,GSM331662,0,0.34763386845588684
47,1,GSM331665,0,0.7260201573371887
47,1,GSM331671,0,0.6923165321350098
47,1,GSM331672,0,0.7281702160835266
47,1,GSM331673,0,0.7010029554367065
47,1,GSM331675,0,0.6676287651062012
47,1,GSM331676,0,0.563624382019043
47,1,GSM331677,0,0.4010927677154541
47,1,GSM331678,0,0.3931031823158264
47,1,GSM331680,0,0.7259818315505981
47,1,GSM331681,0,0.7544028759002686
47,1,GSM331683,0,0.7367724180221558
47,1,GSM331684,0,0.6825369596481323
47,1,GSM331685,0,0.4258722960948944
47,1,GSM331686,0,0.7736188769340515
47,1,GSM331691,0,0.40404611825942993
47,1,GSM331695,0,0.2925716042518616
47,1,GSM331696,0,0.3953556418418884
47,1,GSM331700,0,0.48503777384757996
47,1,GSM331701,0,0.6805917620658875
47,1,GSM331703,0,0.32520249485969543
47,1,GSM331704,0,0.7657104134559631
47,1,GSM331705,0,0.7128334641456604
47,1,GSM331709,0,0.5200627446174622
47,1,GSM331710,0,0.7259640097618103
47,1,GSM331713,0,0.7580656409263611
47,1,GSM331714,0,0.5975729823112488
47,1,GSM331715,0,0.43820101022720337
47,1,GSM331716,0,0.8425363898277283
47,1,GSM331719,0,0.6570465564727783
47,1,GSM331724,0,0.7607667446136475
47,1,GSM331727,0,0.39099735021591187
47,1,GSM331729,0,0.3969244658946991
47,1,GSM331731,0,0.5186466574668884
47,1,GSM331732,0,0.6362090110778809
47,1,GSM331377,1,0.5622234344482422
47,1,GSM331379,1,0.7171323895454407
47,1,GSM331380,1,0.5754741430282593
47,1,GSM331381,1,0.44718897342681885
47,1,GSM331383,1,0.5655161738395691
47,1,GSM331387,1,0.7135473489761353
47,1,GSM331391,1,0.7694326639175415
47,1,GSM331393,1,0.5452265739440918
47,1,GSM331395,1,0.6863970756530762
47,1,GSM331396,1,0.6203314661979675
47,1,GSM331397,1,0.4522312879562378
47,1,GSM331399,1,0.6978890299797058
47,1,GSM331401,1,0.8188261985778809
47,1,GSM331403,1,0.675885021686554
47,1,GSM331404,1,0.7673996686935425
47,1,GSM331406,1,0.6774339079856873
47,1,GSM331407,1,0.788172721862793
47,1,GSM331409,1,0.735317051410675
47,1,GSM331411,1,0.6082847714424133
47,1,GSM331412,1,0.6863215565681458
47,1,GSM331416,1,0.8404610753059387
47,1,GSM331417,1,0.6052250862121582
47,1,GSM331418,1,0.6413745284080505
47,1,GSM331420,1,0.6239526867866516
47,1,GSM331421,1,0.8562260866165161
47,1,GSM331424,1,0.5597100257873535
47,1,GSM331425,1,0.4965558648109436
47,1,GSM331429,1,0.4749174118041992
47,1,GSM331440,1,0.627252995967865
47,1,GSM331446,1,0.44683411717414856
47,1,GSM331448,1,0.7275735139846802
47,1,GSM331450,1,0.7120055556297302
47,1,GSM331452,1,0.7803047895431519
47,2,GSM331638,0,0.41345810890197754
47,2,GSM331663,0,0.3566281199455261
47,2,GSM331664,0,0.36417967081069946
47,2,GSM331666,0,0.3076961636543274
47,2,GSM331668,0,0.2782342731952667
47,2,GSM331669,0,0.4953784644603729
47,2,GSM331670,0,0.5678672194480896
47,2,GSM331674,0,0.6027618050575256
47,2,GSM331679,0,0.5824577212333679
47,2,GSM331682,0,0.5798017978668213
47,2,GSM331687,0,0.24994736909866333
47,2,GSM331688,0,0.42187193036079407
47,2,GSM331689,0,0.41052135825157166
47,2,GSM331690,0,0.5003978610038757
47,2,GSM331692,0,0.4181186854839325
47,2,GSM331693,0,0.6441656351089478
47,2,GSM331694,0,0.4357849061489105
47,2,GSM331697,0,0.42240455746650696
47,2,GSM331698,0,0.27243027091026306
47,2,GSM331699,0,0.3699180483818054
47,2,GSM331702,0,0.6235947608947754
47,2,GSM331706,0,0.5654922723770142
47,2,GSM331707,0,0.4482303559780121
47,2,GSM331708,0,0.4950161576271057
47,2,GSM331711,0,0.40081602334976196
47,2,GSM331712,0,0.5815258622169495
47,2,GSM331717,0,0.736510157585144
47,2,GSM331718,0,0.5405197739601135
47,2,GSM331720,0,0.49677321314811707
47,2,GSM331721,0,0.46750542521476746
47,2,GSM331722,0,0.5216675400733948
47,2,GSM331723,0,0.40377920866012573
47,2,GSM331725,0,0.4975602924823761
47,2,GSM331726,0,0.21732503175735474
47,2,GSM331728,0,0.27441346645355225
47,2,GSM331730,0,0.47986751794815063
47,2,GSM331378,1,0.5932212471961975
47,2,GSM331382,1,0.5384117364883423
47,2,GSM331384,1,0.7462031245231628
47,2,GSM331385,1,0.37137168645858765
47,2,GSM331386,1,0.4371604025363922
47,2,GSM331388,1,0.4837145209312439
47,2,GSM331389,1,0.2790972888469696
47,2,GSM331390,1,0.4092680811882019
47,2,GSM331400,1,0.49524715542793274
47,2,GSM331402,1,0.5098809599876404
47,2,GSM331405,1,0.4060058891773224
47,2,GSM331408,1,0.47871893644332886
47,2,GSM331410,1,0.6226924657821655
47,2,GSM331413,1,0.43905895948410034
47,2,GSM331414,1,0.5205837488174438
47,2,GSM331419,1,0.7028875946998596
47,2,GSM331422,1,0.637631893157959
47,2,GSM331426,1,0.6219335198402405
47,2,GSM331427,1,0.5448992848396301
47,2,GSM331428,1,0.36531296372413635
47,2,GSM331430,1,0.2230159342288971
47,2,GSM331431,1,0.36619386076927185
47,2,GSM331432,1,0.39226415753364563
47,2,GSM331434,1,0.690232515335083
47,2,GSM331436,1,0.46102669835090637
47,2,GSM331438,1,0.5799193978309631
47,2,GSM331439,1,0.5469481945037842
47,2,GSM331441,1,0.439584881067276
47,2,GSM331442,1,0.5393221974372864
47,2,GSM331443,1,0.6166781783103943
47,2,GSM331444,1,0.7148308157920837
47,2,GSM331445,1,0.5828219056129456
47,2,GSM331447,1,0.5916303396224976
48,1,GSM331661,0,0.4020083248615265
48,1,GSM331663,0,0.1835959404706955
48,1,GSM331666,0,0.25700095295906067
48,1,GSM331668,0,0.5199612975120544
48,1,GSM331669,0,0.6328719854354858
48,1,GSM331671,0,0.4804147481918335
48,1,GSM331673,0,0.33951783180236816
48,1,GSM331675,0,0.23473139107227325
48,1,GSM331676,0,0.5583456754684448
48,1,GSM331679,0,0.4054291844367981
48,1,GSM331681,0,0.5080955028533936
48,1,GSM331682,0,0.386604905128479
48,1,GSM331685,0,0.22509625554084778
48,1,GSM331686,0,0.43145230412483215
48,1,GSM331687,0,0.18740400671958923
48,1,GSM331693,0,0.24748900532722473
48,1,GSM331696,0,0.36412617564201355
48,1,GSM331698,0,0.06126037612557411
48,1,GSM331702,0,0.2288898527622223
48,1,GSM331703,0,0.30812519788742065
48,1,GSM331707,0,0.14715243875980377
48,1,GSM331709,0,0.3091018795967102
48,1,GSM331710,0,0.30802449584007263
48,1,GSM331711,0,0.7523136138916016
48,1,GSM331713,0,0.27932652831077576
48,1,GSM331714,0,0.7846920490264893
48,1,GSM331719,0,0.19245941936969757
48,1,GSM331720,0,0.30081284046173096
48,1,GSM331721,0,0.5827487707138062
48,1,GSM331722,0,0.47037291526794434
48,1,GSM331723,0,0.33172252774238586
48,1,GSM331724,0,0.268639475107193
48,1,GSM331725,0,0.45195192098617554
48,1,GSM331728,0,0.18338662385940552
48,1,GSM331729,0,0.15817727148532867
48,1,GSM331730,0,0.3185446560382843
48,1,GSM331732,0,0.41567400097846985
48,1,GSM331377,1,0.660576343536377
48,1,GSM331378,1,0.5361912250518799
48,1,GSM331379,1,0.17599141597747803
48,1,GSM331385,1,0.3251301050186157
48,1,GSM331386,1,0.37661048769950867
48,1,GSM331387,1,0.5246742963790894
48,1,GSM331389,1,0.651784360408783
48,1,GSM331390,1,0.42655184864997864
48,1,GSM331393,1,0.6751608848571777
48,1,GSM331401,1,0.29547417163848877
48,1,GSM331402,1,0.592474639415741
48,1,GSM331403,1,0.8568268418312073
48,1,GSM331406,1,0.6355050206184387
48,1,GSM331407,1,0.23491349816322327
48,1,GSM331409,1,0.46601617336273193
48,1,GSM331412,1,0.7100481390953064
48,1,GSM331413,1,0.07597077637910843
48,1,GSM331414,1,0.7131280899047852
48,1,GSM331417,1,0.4416447579860687
48,1,GSM331418,1,0.8604823350906372
48,1,GSM331420,1,0.664841890335083
48,1,GSM331422,1,0.6265750527381897
48,1,GSM331425,1,0.47487327456474304
48,1,GSM331429,1,0.7767779231071472
48,1,GSM331430,1,0.6097857356071472
48,1,GSM331431,1,0.659480094909668
48,1,GSM331434,1,0.663077175617218
48,1,GSM331436,1,0.17950980365276337
48,1,GSM331440,1,0.5203537344932556
48,1,GSM331446,1,0.2808191776275635
48,1,GSM331447,1,0.7618572115898132
48,1,GSM331448,1,0.5415480136871338
48,1,GSM331452,1,0.8759430050849915
48,2,GSM331638,0,0.3234514892101288
48,2,GSM331660,0,0.29817065596580505
48,2,GSM331662,0,0.6131424307823181
48,2,GSM331664,0,0.4381862282752991
48,2,GSM331665,0,0.5017004609107971
48,2,GSM331670,0,0.23663920164108276
48,2,GSM331672,0,0.4679902195930481
48,2,GSM331674,0,0.5181394219398499
48,2,GSM331677,0,0.13767792284488678
48,2,GSM331678,0,0.21562185883522034
48,2,GSM331680,0,0.33116719126701355
48,2,GSM331683,0,0.8183900117874146
48,2,GSM331684,0,0.2303648740053177
48,2,GSM331688,0,0.618857204914093
48,2,GSM331689,0,0.5503603219985962
48,2,GSM331690,0,0.5508576035499573
48,2,GSM331691,0,0.3737471103668213
48,2,GSM331692,0,0.2937290370464325
48,2,GSM331694,0,0.31416743993759155
48,2,GSM331695,0,0.2091774046421051
48,2,GSM331697,0,0.20340028405189514
48,2,GSM331699,0,0.09799199551343918
48,2,GSM331700,0,0.4140275716781616
48,2,GSM331701,0,0.1193290650844574
48,2,GSM331704,0,0.5048105120658875
48,2,GSM331705,0,0.28150320053100586
48,2,GSM331706,0,0.7140694856643677
48,2,GSM331708,0,0.2708788812160492
48,2,GSM331712,0,0.3122986853122711
48,2,GSM331715,0,0.07503871619701385
48,2,GSM331716,0,0.8420858383178711
48,2,GSM331717,0,0.5241684913635254
48,2,GSM331718,0,0.492135614156723
48,2,GSM331726,0,0.19220568239688873
48,2,GSM331727,0,0.3604904115200043
48,2,GSM331731,0,0.6599262356758118
48,2,GSM331380,1,0.905614972114563
48,2,GSM331381,1,0.5181517601013184
48,2,GSM331382,1,0.46038818359375
48,2,GSM331383,1,0.7063266038894653
48,2,GSM331384,1,0.6681022047996521
48,2,GSM331388,1,0.7507278323173523
48,2,GSM331391,1,0.5414862036705017
48,2,GSM331395,1,0.3866040110588074
48,2,GSM331396,1,0.7274417877197266
48,2,GSM331397,1,0.26420748233795166
48,2,GSM331399,1,0.519607663154602
48,2,GSM331400,1,0.397938072681427
48,2,GSM331404,1,0.5336225628852844
48,2,GSM331405,1,0.20411370694637299
48,2,GSM331408,1,0.44504237174987793
48,2,GSM331410,1,0.13726209104061127
48,2,GSM331411,1,0.6508262157440186
48,2,GSM331416,1,0.315287321805954
48,2,GSM331419,1,0.29958486557006836
48,2,GSM331421,1,0.6934866905212402
48,2,GSM331424,1,0.6659643054008484
48,2,GSM331426,1,0.3412010073661804
48,2,GSM331427,1,0.46972036361694336
48,2,GSM331428,1,0.18247173726558685
48,2,GSM331432,1,0.18758657574653625
48,2,GSM331438,1,0.693227231502533
48,2,GSM331439,1,0.634436845779419
48,2,GSM331441,1,0.7893872261047363
48,2,GSM331442,1,0.2800057828426361
48,2,GSM331443,1,0.5137925744056702
48,2,GSM331444,1,0.412929505109787
48,2,GSM331445,1,0.1909363716840744
48,2,GSM331450,1,0.2930354177951813
49,1,GSM331638,0,0.5157821178436279
49,1,GSM331660,0,0.18569986522197723
49,1,GSM331665,0,0.1589137315750122
49,1,GSM331666,0,0.11026519536972046
49,1,GSM331668,0,0.7025173306465149
49,1,GSM331669,0,0.704940140247345
49,1,GSM331671,0,0.37370172142982483
49,1,GSM331672,0,0.3609788417816162
49,1,GSM331674,0,0.383711040019989
49,1,GSM331678,0,0.14441759884357452
49,1,GSM331679,0,0.16119316220283508
49,1,GSM331680,0,0.24548691511154175
49,1,GSM331681,0,0.42312005162239075
49,1,GSM331682,0,0.3752596378326416
49,1,GSM331684,0,0.09776581823825836
49,1,GSM331687,0,0.21181346476078033
49,1,GSM331689,0,0.3914076089859009
49,1,GSM331690,0,0.3171314001083374
49,1,GSM331693,0,0.2506677508354187
49,1,GSM331694,0,0.25507575273513794
49,1,GSM331695,0,0.36958765983581543
49,1,GSM331697,0,0.12287337332963943
49,1,GSM331702,0,0.15310488641262054
49,1,GSM331703,0,0.5985007286071777
49,1,GSM331704,0,0.43672314286231995
49,1,GSM331705,0,0.16656656563282013
49,1,GSM331711,0,0.8598605990409851
49,1,GSM331712,0,0.2839551568031311
49,1,GSM331713,0,0.14098796248435974
49,1,GSM331714,0,0.867946982383728
49,1,GSM331720,0,0.17689529061317444
49,1,GSM331721,0,0.7778328061103821
49,1,GSM331723,0,0.42922893166542053
49,1,GSM331724,0,0.06938917189836502
49,1,GSM331726,0,0.11572468280792236
49,1,GSM331729,0,0.05286320298910141
49,1,GSM331731,0,0.6880127787590027
49,1,GSM331377,1,0.7335175275802612
49,1,GSM331378,1,0.7416675090789795
49,1,GSM331379,1,0.06879711896181107
49,1,GSM331380,1,0.8035419583320618
49,1,GSM331385,1,0.5851598381996155
49,1,GSM331387,1,0.3722333610057831
49,1,GSM331388,1,0.7470059394836426
49,1,GSM331389,1,0.800419270992279
49,1,GSM331391,1,0.550257682800293
49,1,GSM331395,1,0.28021761775016785
49,1,GSM331400,1,0.6641791462898254
49,1,GSM331401,1,0.24901147186756134
49,1,GSM331406,1,0.4991283714771271
49,1,GSM331407,1,0.28644296526908875
49,1,GSM331408,1,0.5836299061775208
49,1,GSM331409,1,0.3168806731700897
49,1,GSM331410,1,0.10945625603199005
49,1,GSM331411,1,0.6587098836898804
49,1,GSM331414,1,0.68673175573349
49,1,GSM331420,1,0.617343544960022
49,1,GSM331421,1,0.7633112072944641
49,1,GSM331424,1,0.10193658620119095
49,1,GSM331426,1,0.25564339756965637
49,1,GSM331428,1,0.13830144703388214
49,1,GSM331431,1,0.7148798108100891
49,1,GSM331434,1,0.6612582206726074
49,1,GSM331436,1,0.09646197408437729
49,1,GSM331442,1,0.17988310754299164
49,1,GSM331443,1,0.2571266293525696
49,1,GSM331444,1,0.19746187329292297
49,1,GSM331445,1,0.0959111824631691
49,1,GSM331448,1,0.6172285676002502
49,1,GSM331450,1,0.08323586732149124
49,2,GSM331661,0,0.4789137840270996
49,2,GSM331662,0,0.6121695637702942
49,2,GSM331663,0,0.16558925807476044
49,2,GSM331664,0,0.38176026940345764
49,2,GSM331670,0,0.3732408285140991
49,2,GSM331673,0,0.25775212049484253
49,2,GSM331675,0,0.09096940606832504
49,2,GSM331676,0,0.6722187399864197
49,2,GSM331677,0,0.14555217325687408
49,2,GSM331683,0,0.8295197486877441
49,2,GSM331685,0,0.1641073375940323
49,2,GSM331686,0,0.589175820350647
49,2,GSM331688,0,0.7215864062309265
49,2,GSM331691,0,0.4849381744861603
49,2,GSM331692,0,0.14198802411556244
49,2,GSM331696,0,0.6451109051704407
49,2,GSM331698,0,0.08511026203632355
49,2,GSM331699,0,0.28793397545814514
49,2,GSM331700,0,0.19677892327308655
49,2,GSM331701,0,0.24307967722415924
49,2,GSM331706,0,0.8338512778282166
49,2,GSM331707,0,0.21549659967422485
49,2,GSM331708,0,0.5719497799873352
49,2,GSM331709,0,0.42117947340011597
49,2,GSM331710,0,0.3155248463153839
49,2,GSM331715,0,0.14174452424049377
49,2,GSM331716,0,0.9402564764022827
49,2,GSM331717,0,0.736120879650116
49,2,GSM331718,0,0.6635102033615112
49,2,GSM331719,0,0.11365657299757004
49,2,GSM331722,0,0.511825442314148
49,2,GSM331725,0,0.43266546726226807
49,2,GSM331727,0,0.49983352422714233
49,2,GSM331728,0,0.21892407536506653
49,2,GSM331730,0,0.688989520072937
49,2,GSM331732,0,0.3476029634475708
49,2,GSM331381,1,0.7654080986976624
49,2,GSM331382,1,0.6759766936302185
49,2,GSM331383,1,0.8576181530952454
49,2,GSM331384,1,0.7407775521278381
49,2,GSM331386,1,0.47918573021888733
49,2,GSM331390,1,0.5443539619445801
49,2,GSM331393,1,0.7938697934150696
49,2,GSM331396,1,0.6811023354530334
49,2,GSM331397,1,0.19690155982971191
49,2,GSM331399,1,0.6086766719818115
49,2,GSM331402,1,0.6580270528793335
49,2,GSM331403,1,0.8699502348899841
49,2,GSM331404,1,0.7929643392562866
49,2,GSM331405,1,0.06418436020612717
49,2,GSM331412,1,0.9361854195594788
49,2,GSM331413,1,0.06763584166765213
49,2,GSM331416,1,0.6313245892524719
49,2,GSM331417,1,0.7353419065475464
49,2,GSM331418,1,0.9704527258872986
49,2,GSM331419,1,0.2942347228527069
49,2,GSM331422,1,0.8367350101470947
49,2,GSM331425,1,0.3561136722564697
49,2,GSM331427,1,0.6730706095695496
49,2,GSM331429,1,0.7398078441619873
49,2,GSM331430,1,0.42133837938308716
49,2,GSM331432,1,0.26345744729042053
49,2,GSM331438,1,0.7994092702865601
49,2,GSM331439,1,0.7619576454162598
49,2,GSM331440,1,0.6988109946250916
49,2,GSM331441,1,0.9009502530097961
49,2,GSM331446,1,0.19543223083019257
49,2,GSM331447,1,0.8267557621002197
49,2,GSM331452,1,0.9298504590988159
50,1,GSM331638,0,0.35736218094825745
50,1,GSM331660,0,0.2632672190666199
50,1,GSM331662,0,0.4468597173690796
50,1,GSM331670,0,0.6074046492576599
50,1,GSM331671,0,0.5378380417823792
50,1,GSM331673,0,0.363731324672699
50,1,GSM331675,0,0.33618539571762085
50,1,GSM331676,0,0.49709808826446533
50,1,GSM331678,0,0.16118715703487396
50,1,GSM331679,0,0.4701072573661804
50,1,GSM331681,0,0.6176981925964355
50,1,GSM331682,0,0.577878475189209
50,1,GSM331684,0,0.3502848446369171
50,1,GSM331687,0,0.17417572438716888
50,1,GSM331689,0,0.377118855714798
50,1,GSM331691,0,0.49813514947891235
50,1,GSM331694,0,0.47746819257736206
50,1,GSM331695,0,0.25475063920021057
50,1,GSM331701,0,0.22023531794548035
50,1,GSM331702,0,0.48527559638023376
50,1,GSM331703,0,0.2944622039794922
50,1,GSM331704,0,0.5307363271713257
50,1,GSM331705,0,0.47188499569892883
50,1,GSM331706,0,0.5973829627037048
50,1,GSM331708,0,0.43140074610710144
50,1,GSM331710,0,0.4470940828323364
50,1,GSM331712,0,0.5250959396362305
50,1,GSM331713,0,0.3167935311794281
50,1,GSM331714,0,0.64671391248703
50,1,GSM331718,0,0.6211607456207275
50,1,GSM331720,0,0.26900815963745117
50,1,GSM331721,0,0.5193500518798828
50,1,GSM331722,0,0.4163689613342285
50,1,GSM331724,0,0.3158129155635834
50,1,GSM331729,0,0.16788290441036224
50,1,GSM331730,0,0.3102886974811554
50,1,GSM331731,0,0.4438896179199219
50,1,GSM331377,1,0.4667622447013855
50,1,GSM331378,1,0.4735124409198761
50,1,GSM331381,1,0.3869485557079315
50,1,GSM331382,1,0.2906493842601776
50,1,GSM331383,1,0.41110336780548096
50,1,GSM331384,1,0.5079772472381592
50,1,GSM331385,1,0.3188802897930145
50,1,GSM331386,1,0.3246617019176483
50,1,GSM331387,1,0.46257904171943665
50,1,GSM331388,1,0.4928660988807678
50,1,GSM331390,1,0.27162548899650574
50,1,GSM331393,1,0.4239806830883026
50,1,GSM331397,1,0.2260502278804779
50,1,GSM331406,1,0.6010337471961975
50,1,GSM331410,1,0.3015097975730896
50,1,GSM331412,1,0.4413301646709442
50,1,GSM331413,1,0.1878485232591629
50,1,GSM331414,1,0.46512100100517273
50,1,GSM331417,1,0.49441495537757874
50,1,GSM331420,1,0.30438509583473206
50,1,GSM331425,1,0.5212125778198242
50,1,GSM331426,1,0.38003554940223694
50,1,GSM331427,1,0.44565343856811523
50,1,GSM331428,1,0.13785883784294128
50,1,GSM331429,1,0.44436439871788025
50,1,GSM331430,1,0.18341323733329773
50,1,GSM331432,1,0.29791775345802307
50,1,GSM331439,1,0.5762131810188293
50,1,GSM331442,1,0.5069150328636169
50,1,GSM331443,1,0.2601165473461151
50,1,GSM331445,1,0.4527483284473419
50,1,GSM331446,1,0.15620636940002441
50,1,GSM331448,1,0.3361038565635681
50,2,GSM331661,0,0.75121009349823
50,2,GSM331663,0,0.4030910134315491
50,2,GSM331664,0,0.4707745909690857
50,2,GSM331665,0,0.71826171875
50,2,GSM331666,0,0.24637000262737274
50,2,GSM331668,0,0.6203718185424805
50,2,GSM331669,0,0.7293278574943542
50,2,GSM331672,0,0.8187348246574402
50,2,GSM331674,0,0.7039042115211487
50,2,GSM331677,0,0.390357106924057
50,2,GSM331680,0,0.5640746355056763
50,2,GSM331683,0,0.8505668640136719
50,2,GSM331685,0,0.3142700791358948
50,2,GSM331686,0,0.8078707456588745
50,2,GSM331688,0,0.6809616684913635
50,2,GSM331690,0,0.45081332325935364
50,2,GSM331692,0,0.6234065294265747
50,2,GSM331693,0,0.5470691323280334
50,2,GSM331696,0,0.4422956705093384
50,2,GSM331697,0,0.48490360379219055
50,2,GSM331698,0,0.21677663922309875
50,2,GSM331699,0,0.5263650417327881
50,2,GSM331700,0,0.4733515977859497
50,2,GSM331707,0,0.5623947381973267
50,2,GSM331709,0,0.528424084186554
50,2,GSM331711,0,0.6343132853507996
50,2,GSM331715,0,0.21727254986763
50,2,GSM331716,0,0.8856880068778992
50,2,GSM331717,0,0.7732168436050415
50,2,GSM331719,0,0.4906880259513855
50,2,GSM331723,0,0.7699645161628723
50,2,GSM331725,0,0.6328537464141846
50,2,GSM331726,0,0.278327614068985
50,2,GSM331727,0,0.5566067695617676
50,2,GSM331728,0,0.32401424646377563
50,2,GSM331732,0,0.6346484422683716
50,2,GSM331379,1,0.6164360642433167
50,2,GSM331380,1,0.789493978023529
50,2,GSM331389,1,0.4448678493499756
50,2,GSM331391,1,0.7703455090522766
50,2,GSM331395,1,0.6654404997825623
50,2,GSM331396,1,0.5288853645324707
50,2,GSM331399,1,0.6810468435287476
50,2,GSM331400,1,0.5778356194496155
50,2,GSM331401,1,0.5732924342155457
50,2,GSM331402,1,0.431802898645401
50,2,GSM331403,1,0.7204262614250183
50,2,GSM331404,1,0.6871135830879211
50,2,GSM331405,1,0.3691933751106262
50,2,GSM331407,1,0.596768856048584
50,2,GSM331408,1,0.45702481269836426
50,2,GSM331409,1,0.48267579078674316
50,2,GSM331411,1,0.6142351627349854
50,2,GSM331416,1,0.6210201978683472
50,2,GSM331418,1,0.676637589931488
50,2,GSM331419,1,0.5627564191818237
50,2,GSM331421,1,0.8047521710395813
50,2,GSM331422,1,0.590362012386322
50,2,GSM331424,1,0.4618879556655884
50,2,GSM331431,1,0.6420677304267883
50,2,GSM331434,1,0.795559823513031
50,2,GSM331436,1,0.5800422430038452
50,2,GSM331438,1,0.595086932182312
50,2,GSM331440,1,0.43032512068748474
50,2,GSM331441,1,0.7226354479789734
50,2,GSM331444,1,0.6276507377624512
50,2,GSM331447,1,0.6730530261993408
50,2,GSM331450,1,0.4590088129043579
50,2,GSM331452,1,0.797464907169342
51,1,GSM331638,0,0.4973791539669037
51,1,GSM331664,0,0.2684168815612793
51,1,GSM331669,0,0.8009280562400818
51,1,GSM331670,0,0.4669361114501953
51,1,GSM331671,0,0.43296292424201965
51,1,GSM331673,0,0.4821631610393524
51,1,GSM331675,0,0.25770899653434753
51,1,GSM331676,0,0.7568074464797974
51,1,GSM331677,0,0.5004873275756836
51,1,GSM331678,0,0.25921767950057983
51,1,GSM331679,0,0.3990110158920288
51,1,GSM331680,0,0.4166230261325836
51,1,GSM331681,0,0.6900431513786316
51,1,GSM331683,0,0.7403813004493713
51,1,GSM331686,0,0.6807237267494202
51,1,GSM331688,0,0.6023414134979248
51,1,GSM331689,0,0.36291632056236267
51,1,GSM331690,0,0.7102158069610596
51,1,GSM331692,0,0.4175991415977478
51,1,GSM331693,0,0.6646895408630371
51,1,GSM331694,0,0.40186750888824463
51,1,GSM331698,0,0.3997194170951843
51,1,GSM331700,0,0.37912556529045105
51,1,GSM331702,0,0.599854588508606
51,1,GSM331703,0,0.48347529768943787
51,1,GSM331704,0,0.7359710931777954
51,1,GSM331705,0,0.5697347521781921
51,1,GSM331707,0,0.3468160629272461
51,1,GSM331708,0,0.5061483979225159
51,1,GSM331710,0,0.504106879234314
51,1,GSM331713,0,0.3929920792579651
51,1,GSM331716,0,0.9172551035881042
51,1,GSM331718,0,0.5601468682289124
51,1,GSM331722,0,0.4110710918903351
51,1,GSM331723,0,0.7107024192810059
51,1,GSM331727,0,0.3881899118423462
51,1,GSM331731,0,0.7296510338783264
51,1,GSM331377,1,0.6791762113571167
51,1,GSM331380,1,0.724285364151001
51,1,GSM331382,1,0.6351289749145508
51,1,GSM331384,1,0.7255701422691345
51,1,GSM331387,1,0.6254821419715881
51,1,GSM331388,1,0.7830144762992859
51,1,GSM331390,1,0.598218560218811
51,1,GSM331391,1,0.5254017114639282
51,1,GSM331393,1,0.7642990350723267
51,1,GSM331395,1,0.4684201180934906
51,1,GSM331399,1,0.506037175655365
51,1,GSM331403,1,0.7678366899490356
51,1,GSM331404,1,0.6845138669013977
51,1,GSM331405,1,0.1894906610250473
51,1,GSM331406,1,0.5837174654006958
51,1,GSM331407,1,0.7453364133834839
51,1,GSM331411,1,0.7000378370285034
51,1,GSM331412,1,0.8429954051971436
51,1,GSM331413,1,0.22683444619178772
51,1,GSM331416,1,0.7174058556556702
51,1,GSM331418,1,0.9412742853164673
51,1,GSM331420,1,0.7670385241508484
51,1,GSM331421,1,0.6466118097305298
51,1,GSM331424,1,0.22010691463947296
51,1,GSM331426,1,0.7446293234825134
51,1,GSM331427,1,0.7064793109893799
51,1,GSM331430,1,0.3724393844604492
51,1,GSM331431,1,0.717815101146698
51,1,GSM331434,1,0.579380989074707
51,1,GSM331436,1,0.3639717996120453
51,1,GSM331441,1,0.7878298759460449
51,1,GSM331446,1,0.2763088345527649
51,1,GSM331448,1,0.7419017553329468
51,2,GSM331660,0,0.24904154241085052
51,2,GSM331661,0,0.48365461826324463
51,2,GSM331662,0,0.25450584292411804
51,2,GSM331663,0,0.36437463760375977
51,2,GSM331665,0,0.5126454830169678
51,2,GSM331666,0,0.15513142943382263
51,2,GSM331668,0,0.6004997491836548
51,2,GSM331672,0,0.6068645119667053
51,2,GSM331674,0,0.5996034741401672
51,2,GSM331682,0,0.4012817144393921
51,2,GSM331684,0,0.24131853878498077
51,2,GSM331685,0,0.11355837434530258
51,2,GSM331687,0,0.2963530421257019
51,2,GSM331691,0,0.5924095511436462
51,2,GSM331695,0,0.3622797429561615
51,2,GSM331696,0,0.46868738532066345
51,2,GSM331697,0,0.3830161392688751
51,2,GSM331699,0,0.35582196712493896
51,2,GSM331701,0,0.3310639262199402
51,2,GSM331706,0,0.7903717160224915
51,2,GSM331709,0,0.4542510211467743
51,2,GSM331711,0,0.6448197364807129
51,2,GSM331712,0,0.4588530361652374
51,2,GSM331714,0,0.6633051633834839
51,2,GSM331715,0,0.3727116584777832
51,2,GSM331717,0,0.6976950168609619
51,2,GSM331719,0,0.24097417294979095
51,2,GSM331720,0,0.24716609716415405
51,2,GSM331721,0,0.7523018717765808
51,2,GSM331724,0,0.30725884437561035
51,2,GSM331725,0,0.3628697395324707
51,2,GSM331726,0,0.18978320062160492
51,2,GSM331728,0,0.18598127365112305
51,2,GSM331729,0,0.23268042504787445
51,2,GSM331730,0,0.5818654298782349
51,2,GSM331732,0,0.5301554799079895
51,2,GSM331378,1,0.814453661441803
51,2,GSM331379,1,0.22702863812446594
51,2,GSM331381,1,0.5369075536727905
51,2,GSM331383,1,0.6970487833023071
51,2,GSM331385,1,0.5606493353843689
51,2,GSM331386,1,0.4560193121433258
51,2,GSM331389,1,0.3750782907009125
51,2,GSM331396,1,0.42346465587615967
51,2,GSM331397,1,0.22156213223934174
51,2,GSM331400,1,0.6050940155982971
51,2,GSM331401,1,0.6268209218978882
51,2,GSM331402,1,0.5899865031242371
51,2,GSM331408,1,0.6357037425041199
51,2,GSM331409,1,0.5938617587089539
51,2,GSM331410,1,0.4623212218284607
51,2,GSM331414,1,0.7359623312950134
51,2,GSM331417,1,0.6580093502998352
51,2,GSM331419,1,0.4957003593444824
51,2,GSM331422,1,0.7781997323036194
51,2,GSM331425,1,0.5477311611175537
51,2,GSM331428,1,0.17753839492797852
51,2,GSM331429,1,0.7946892976760864
51,2,GSM331432,1,0.44389674067497253
51,2,GSM331438,1,0.677386462688446
51,2,GSM331439,1,0.6326268315315247
51,2,GSM331440,1,0.503903329372406
51,2,GSM331442,1,0.42555058002471924
51,2,GSM331443,1,0.2842220067977905
51,2,GSM331444,1,0.6528396606445312
51,2,GSM331445,1,0.3465326726436615
51,2,GSM331447,1,0.7270453572273254
51,2,GSM331450,1,0.4352114200592041
51,2,GSM331452,1,0.7161113023757935
52,1,GSM331638,0,0.5117299556732178
52,1,GSM331660,0,0.24465033411979675
52,1,GSM331665,0,0.7512879371643066
52,1,GSM331670,0,0.5171777009963989
52,1,GSM331671,0,0.6555867791175842
52,1,GSM331672,0,0.5035492777824402
52,1,GSM331673,0,0.5368849039077759
52,1,GSM331674,0,0.5970500707626343
52,1,GSM331675,0,0.2234521508216858
52,1,GSM331676,0,0.5082564949989319
52,1,GSM331678,0,0.230741947889328
52,1,GSM331680,0,0.8150233030319214
52,1,GSM331684,0,0.30751273036003113
52,1,GSM331685,0,0.5483231544494629
52,1,GSM331690,0,0.536592423915863
52,1,GSM331691,0,0.6042031049728394
52,1,GSM331692,0,0.3474929630756378
52,1,GSM331698,0,0.043843887746334076
52,1,GSM331699,0,0.255603551864624
52,1,GSM331700,0,0.5594671964645386
52,1,GSM331701,0,0.1310974657535553
52,1,GSM331706,0,0.6084887981414795
52,1,GSM331707,0,0.25980523228645325
52,1,GSM331709,0,0.24049317836761475
52,1,GSM331711,0,0.6719856858253479
52,1,GSM331712,0,0.3632865846157074
52,1,GSM331713,0,0.39069101214408875
52,1,GSM331716,0,0.8280004262924194
52,1,GSM331717,0,0.48498180508613586
52,1,GSM331718,0,0.8585144281387329
52,1,GSM331719,0,0.1335543990135193
52,1,GSM331721,0,0.5451260209083557
52,1,GSM331722,0,0.7831213474273682
52,1,GSM331727,0,0.745173454284668
52,1,GSM331728,0,0.20572906732559204
52,1,GSM331731,0,0.7189164757728577
52,1,GSM331732,0,0.3995712399482727
52,1,GSM331379,1,0.42573389410972595
52,1,GSM331381,1,0.8745286464691162
52,1,GSM331384,1,0.8794384598731995
52,1,GSM331386,1,0.5001085996627808
52,1,GSM331390,1,0.41774192452430725
52,1,GSM331393,1,0.7723299264907837
52,1,GSM331395,1,0.5440542101860046
52,1,GSM331402,1,0.5091508030891418
52,1,GSM331403,1,0.9126453399658203
52,1,GSM331405,1,0.4985154867172241
52,1,GSM331407,1,0.3939964771270752
52,1,GSM331408,1,0.7259852290153503
52,1,GSM331414,1,0.7442062497138977
52,1,GSM331416,1,0.5520610809326172
52,1,GSM331417,1,0.7618488669395447
52,1,GSM331419,1,0.3475669026374817
52,1,GSM331421,1,0.9269863367080688
52,1,GSM331424,1,0.7675387263298035
52,1,GSM331425,1,0.6518188118934631
52,1,GSM331426,1,0.5726410746574402
52,1,GSM331427,1,0.6714934706687927
52,1,GSM331429,1,0.7849635481834412
52,1,GSM331430,1,0.4261206090450287
52,1,GSM331431,1,0.7299175262451172
52,1,GSM331432,1,0.22450664639472961
52,1,GSM331434,1,0.8983122706413269
52,1,GSM331439,1,0.8393698930740356
52,1,GSM331443,1,0.7664662599563599
52,1,GSM331444,1,0.7124714851379395
52,1,GSM331446,1,0.2942832410335541
52,1,GSM331447,1,0.7104529142379761
52,1,GSM331448,1,0.5282416939735413
52,1,GSM331452,1,0.9477830529212952
52,2,GSM331661,0,0.39535969495773315
52,2,GSM331662,0,0.747819721698761
52,2,GSM331663,0,0.09008009731769562
52,2,GSM331664,0,0.561616063117981
52,2,GSM331666,0,0.3486361801624298
52,2,GSM331668,0,0.6723834276199341
52,2,GSM331669,0,0.7205307483673096
52,2,GSM331677,0,0.054181989282369614
52,2,GSM331679,0,0.5386732220649719
52,2,GSM331681,0,0.48276013135910034
52,2,GSM331682,0,0.44247305393218994
52,2,GSM331683,0,0.9490756988525391
52,2,GSM331686,0,0.3180188238620758
52,2,GSM331687,0,0.13353435695171356
52,2,GSM331688,0,0.7190484404563904
52,2,GSM331689,0,0.680194079875946
52,2,GSM331693,0,0.15453070402145386
52,2,GSM331694,0,0.5998829007148743
52,2,GSM331695,0,0.41507700085639954
52,2,GSM331696,0,0.5185390710830688
52,2,GSM331697,0,0.10972589254379272
52,2,GSM331702,0,0.2740376889705658
52,2,GSM331703,0,0.41444095969200134
52,2,GSM331704,0,0.23437605798244476
52,2,GSM331705,0,0.27599290013313293
52,2,GSM331708,0,0.5055203437805176
52,2,GSM331710,0,0.23435531556606293
52,2,GSM331714,0,0.9257064461708069
52,2,GSM331715,0,0.05896243080496788
52,2,GSM331720,0,0.6217058897018433
52,2,GSM331723,0,0.6685770750045776
52,2,GSM331724,0,0.14628612995147705
52,2,GSM331725,0,0.6392329335212708
52,2,GSM331726,0,0.1396270990371704
52,2,GSM331729,0,0.18338659405708313
52,2,GSM331730,0,0.3526211678981781
52,2,GSM331377,1,0.866607129573822
52,2,GSM331378,1,0.8319797515869141
52,2,GSM331380,1,0.8994652628898621
52,2,GSM331382,1,0.6193792819976807
52,2,GSM331383,1,0.7270656228065491
52,2,GSM331385,1,0.3647523522377014
52,2,GSM331387,1,0.7526613473892212
52,2,GSM331388,1,0.8563289642333984
52,2,GSM331389,1,0.7837095856666565
52,2,GSM331391,1,0.7385115027427673
52,2,GSM331396,1,0.8564371466636658
52,2,GSM331397,1,0.6695545315742493
52,2,GSM331399,1,0.8325265049934387
52,2,GSM331400,1,0.5205654501914978
52,2,GSM331401,1,0.360058456659317
52,2,GSM331404,1,0.8606895804405212
52,2,GSM331406,1,0.9030718207359314
52,2,GSM331409,1,0.6153090000152588
52,2,GSM331410,1,0.12136983126401901
52,2,GSM331411,1,0.8169381022453308
52,2,GSM331412,1,0.9179778099060059
52,2,GSM331413,1,0.08878126740455627
52,2,GSM331418,1,0.9008745551109314
52,2,GSM331420,1,0.7569209337234497
52,2,GSM331422,1,0.6457476615905762
52,2,GSM331428,1,0.3020693361759186
52,2,GSM331436,1,0.2546923756599426
52,2,GSM331438,1,0.6813298463821411
52,2,GSM331440,1,0.7856721878051758
52,2,GSM331441,1,0.8883839249610901
52,2,GSM331442,1,0.6470996737480164
52,2,GSM331445,1,0.2052025943994522
52,2,GSM331450,1,0.315623015165329
53,1,GSM331666,0,0.1641159951686859
53,1,GSM331668,0,0.6242740154266357
53,1,GSM331669,0,0.7830421328544617
53,1,GSM331671,0,0.4110791087150574
53,1,GSM331676,0,0.6830763816833496
53,1,GSM331677,0,0.2166612446308136
53,1,GSM331678,0,0.2720121741294861
53,1,GSM331681,0,0.8516411185264587
53,1,GSM331682,0,0.6739233136177063
53,1,GSM331683,0,0.9635345339775085
53,1,GSM331684,0,0.4048609435558319
53,1,GSM331686,0,0.7949615716934204
53,1,GSM331689,0,0.624367356300354
53,1,GSM331692,0,0.5036770701408386
53,1,GSM331693,0,0.459920197725296
53,1,GSM331694,0,0.37012624740600586
53,1,GSM331695,0,0.22210657596588135
53,1,GSM331696,0,0.4033319652080536
53,1,GSM331698,0,0.11910203844308853
53,1,GSM331699,0,0.32998940348625183
53,1,GSM331700,0,0.21541060507297516
53,1,GSM331703,0,0.23678487539291382
53,1,GSM331705,0,0.5756906270980835
53,1,GSM331706,0,0.9448317289352417
53,1,GSM331707,0,0.19142785668373108
53,1,GSM331708,0,0.5190680027008057
53,1,GSM331709,0,0.4784209430217743
53,1,GSM331711,0,0.5133156180381775
53,1,GSM331712,0,0.738476037979126
53,1,GSM331714,0,0.8769550323486328
53,1,GSM331720,0,0.31468644738197327
53,1,GSM331721,0,0.7475779056549072
53,1,GSM331722,0,0.5815938711166382
53,1,GSM331725,0,0.6124822497367859
53,1,GSM331726,0,0.2809326648712158
53,1,GSM331728,0,0.368172287940979
53,1,GSM331731,0,0.589324951171875
53,1,GSM331377,1,0.42793360352516174
53,1,GSM331378,1,0.7024824619293213
53,1,GSM331381,1,0.5872535705566406
53,1,GSM331382,1,0.7362330555915833
53,1,GSM331383,1,0.8584927916526794
53,1,GSM331384,1,0.9093708992004395
53,1,GSM331390,1,0.22629991173744202
53,1,GSM331391,1,0.7097368240356445
53,1,GSM331396,1,0.6738476157188416
53,1,GSM331397,1,0.33190858364105225
53,1,GSM331402,1,0.38763731718063354
53,1,GSM331406,1,0.83989018201828
53,1,GSM331407,1,0.8601723313331604
53,1,GSM331410,1,0.3356115221977234
53,1,GSM331411,1,0.5471970438957214
53,1,GSM331412,1,0.8228426575660706
53,1,GSM331413,1,0.2707170248031616
53,1,GSM331414,1,0.5827983021736145
53,1,GSM331418,1,0.9347072839736938
53,1,GSM331419,1,0.5820396542549133
53,1,GSM331422,1,0.6651860475540161
53,1,GSM331425,1,0.5623044371604919
53,1,GSM331427,1,0.4150710105895996
53,1,GSM331428,1,0.16540105640888214
53,1,GSM331429,1,0.6459273099899292
53,1,GSM331430,1,0.3355863690376282
53,1,GSM331431,1,0.5122666358947754
53,1,GSM331441,1,0.7533224821090698
53,1,GSM331442,1,0.6181591153144836
53,1,GSM331443,1,0.6978570222854614
53,1,GSM331445,1,0.18661759793758392
53,1,GSM331446,1,0.20309723913669586
53,1,GSM331448,1,0.4418831467628479
53,2,GSM331638,0,0.5896350145339966
53,2,GSM331660,0,0.14635437726974487
53,2,GSM331661,0,0.5108054876327515
53,2,GSM331662,0,0.12356702983379364
53,2,GSM331663,0,0.2094285786151886
53,2,GSM331664,0,0.0741606056690216
53,2,GSM331665,0,0.6720121502876282
53,2,GSM331670,0,0.49786368012428284
53,2,GSM331672,0,0.7176619172096252
53,2,GSM331673,0,0.41175636649131775
53,2,GSM331674,0,0.6261557936668396
53,2,GSM331675,0,0.34096765518188477
53,2,GSM331679,0,0.46090349555015564
53,2,GSM331680,0,0.542573094367981
53,2,GSM331685,0,0.03799767792224884
53,2,GSM331687,0,0.07757479697465897
53,2,GSM331688,0,0.5073987245559692
53,2,GSM331690,0,0.5299361348152161
53,2,GSM331691,0,0.6164951324462891
53,2,GSM331697,0,0.29722175002098083
53,2,GSM331701,0,0.3235311210155487
53,2,GSM331702,0,0.4775049388408661
53,2,GSM331704,0,0.7655027508735657
53,2,GSM331710,0,0.5508924126625061
53,2,GSM331713,0,0.3517972230911255
53,2,GSM331715,0,0.24593965709209442
53,2,GSM331716,0,0.8976534008979797
53,2,GSM331717,0,0.8672853112220764
53,2,GSM331718,0,0.6125966310501099
53,2,GSM331719,0,0.21353934705257416
53,2,GSM331723,0,0.5363804697990417
53,2,GSM331724,0,0.4414898753166199
53,2,GSM331727,0,0.24450692534446716
53,2,GSM331729,0,0.16376307606697083
53,2,GSM331730,0,0.5228171944618225
53,2,GSM331732,0,0.8353713154792786
53,2,GSM331379,1,0.21379025280475616
53,2,GSM331380,1,0.6361197233200073
53,2,GSM331385,1,0.24039672315120697
53,2,GSM331386,1,0.45092374086380005
53,2,GSM331387,1,0.27132004499435425
53,2,GSM331388,1,0.7364578247070312
53,2,GSM331389,1,0.3260077238082886
53,2,GSM331393,1,0.5431999564170837
53,2,GSM331395,1,0.306535005569458
53,2,GSM331399,1,0.48743245005607605
53,2,GSM331400,1,0.595518171787262
53,2,GSM331401,1,0.7230044007301331
53,2,GSM331403,1,0.7535912394523621
53,2,GSM331404,1,0.813307523727417
53,2,GSM331405,1,0.058611661195755005
53,2,GSM331408,1,0.6785995364189148
53,2,GSM331409,1,0.7685437202453613
53,2,GSM331416,1,0.817241907119751
53,2,GSM331417,1,0.5981656908988953
53,2,GSM331420,1,0.6896960735321045
53,2,GSM331421,1,0.8967745900154114
53,2,GSM331424,1,0.2521834075450897
53,2,GSM331426,1,0.423057496547699
53,2,GSM331432,1,0.5646979212760925
53,2,GSM331434,1,0.7412616014480591
53,2,GSM331436,1,0.3900790512561798
53,2,GSM331438,1,0.5500659346580505
53,2,GSM331439,1,0.5352898836135864
53,2,GSM331440,1,0.2598937749862671
53,2,GSM331444,1,0.47163957357406616
53,2,GSM331447,1,0.664910614490509
53,2,GSM331450,1,0.19843818247318268
53,2,GSM331452,1,0.8091854453086853
54,1,GSM331638,0,0.5402724146842957
54,1,GSM331661,0,0.47107213735580444
54,1,GSM331662,0,0.5211424827575684
54,1,GSM331663,0,0.11807474493980408
54,1,GSM331664,0,0.37110450863838196
54,1,GSM331668,0,0.6574872732162476
54,1,GSM331669,0,0.6974362134933472
54,1,GSM331670,0,0.3173237442970276
54,1,GSM331672,0,0.4566909372806549
54,1,GSM331673,0,0.35188204050064087
54,1,GSM331680,0,0.41322311758995056
54,1,GSM331681,0,0.41140931844711304
54,1,GSM331682,0,0.4035502076148987
54,1,GSM331686,0,0.3209141194820404
54,1,GSM331688,0,0.5736790895462036
54,1,GSM331689,0,0.5002868175506592
54,1,GSM331690,0,0.3778739869594574
54,1,GSM331693,0,0.3574577271938324
54,1,GSM331694,0,0.4469846487045288
54,1,GSM331695,0,0.29547300934791565
54,1,GSM331696,0,0.3488650918006897
54,1,GSM331698,0,0.02347223088145256
54,1,GSM331701,0,0.14549914002418518
54,1,GSM331703,0,0.41437679529190063
54,1,GSM331705,0,0.35955414175987244
54,1,GSM331707,0,0.1518135666847229
54,1,GSM331709,0,0.23596587777137756
54,1,GSM331710,0,0.33784905076026917
54,1,GSM331711,0,0.7520488500595093
54,1,GSM331717,0,0.4348888397216797
54,1,GSM331719,0,0.06693542748689651
54,1,GSM331720,0,0.3086380064487457
54,1,GSM331724,0,0.2583904266357422
54,1,GSM331726,0,0.18019390106201172
54,1,GSM331730,0,0.22224491834640503
54,1,GSM331731,0,0.7601627707481384
54,1,GSM331732,0,0.42462193965911865
54,1,GSM331379,1,0.15841734409332275
54,1,GSM331381,1,0.6450610756874084
54,1,GSM331382,1,0.40128955245018005
54,1,GSM331383,1,0.85771644115448
54,1,GSM331384,1,0.7143067121505737
54,1,GSM331387,1,0.586376965045929
54,1,GSM331389,1,0.5576032400131226
54,1,GSM331391,1,0.6616591215133667
54,1,GSM331395,1,0.5441648960113525
54,1,GSM331400,1,0.5038906931877136
54,1,GSM331405,1,0.32655879855155945
54,1,GSM331409,1,0.5573617219924927
54,1,GSM331411,1,0.7018999457359314
54,1,GSM331412,1,0.841079831123352
54,1,GSM331413,1,0.11298780888319016
54,1,GSM331416,1,0.4677768051624298
54,1,GSM331419,1,0.24867087602615356
54,1,GSM331421,1,0.8465749621391296
54,1,GSM331422,1,0.7091860175132751
54,1,GSM331425,1,0.6829147338867188
54,1,GSM331428,1,0.2299855798482895
54,1,GSM331429,1,0.7227965593338013
54,1,GSM331431,1,0.6320746541023254
54,1,GSM331432,1,0.3098098039627075
54,1,GSM331438,1,0.6345303654670715
54,1,GSM331440,1,0.5643069744110107
54,1,GSM331441,1,0.8597978949546814
54,1,GSM331442,1,0.5314165949821472
54,1,GSM331443,1,0.5648863911628723
54,1,GSM331445,1,0.45228326320648193
54,1,GSM331446,1,0.17935346066951752
54,1,GSM331447,1,0.8847296833992004
54,1,GSM331452,1,0.9466431140899658
54,2,GSM331660,0,0.3163837194442749
54,2,GSM331665,0,0.7402395606040955
54,2,GSM331666,0,0.23994188010692596
54,2,GSM331671,0,0.31789064407348633
54,2,GSM331674,0,0.43484216928482056
54,2,GSM331675,0,0.2461567372083664
54,2,GSM331676,0,0.5384350419044495
54,2,GSM331677,0,0.1179470419883728
54,2,GSM331678,0,0.3540768623352051
54,2,GSM331679,0,0.4849213659763336
54,2,GSM331683,0,0.9333253502845764
54,2,GSM331684,0,0.30564504861831665
54,2,GSM331685,0,0.3068557381629944
54,2,GSM331687,0,0.0598376989364624
54,2,GSM331691,0,0.6449094414710999
54,2,GSM331692,0,0.6094353795051575
54,2,GSM331697,0,0.18862687051296234
54,2,GSM331699,0,0.31585264205932617
54,2,GSM331700,0,0.21472452580928802
54,2,GSM331702,0,0.37107959389686584
54,2,GSM331704,0,0.5025018453598022
54,2,GSM331706,0,0.476267546415329
54,2,GSM331708,0,0.6516034007072449
54,2,GSM331712,0,0.24344004690647125
54,2,GSM331713,0,0.4738869369029999
54,2,GSM331714,0,0.816888153553009
54,2,GSM331715,0,0.05638821795582771
54,2,GSM331716,0,0.6307874917984009
54,2,GSM331718,0,0.47088703513145447
54,2,GSM331721,0,0.45169132947921753
54,2,GSM331722,0,0.5267212986946106
54,2,GSM331723,0,0.5175943374633789
54,2,GSM331725,0,0.30606356263160706
54,2,GSM331727,0,0.43680205941200256
54,2,GSM331728,0,0.19968630373477936
54,2,GSM331729,0,0.31710565090179443
54,2,GSM331377,1,0.87510085105896
54,2,GSM331378,1,0.8389122486114502
54,2,GSM331380,1,0.8445332646369934
54,2,GSM331385,1,0.2815861105918884
54,2,GSM331386,1,0.4457513988018036
54,2,GSM331388,1,0.7233786582946777
54,2,GSM331390,1,0.31949174404144287
54,2,GSM331393,1,0.7021229267120361
54,2,GSM331396,1,0.8788436055183411
54,2,GSM331397,1,0.3666295111179352
54,2,GSM331399,1,0.5241734385490417
54,2,GSM331401,1,0.38032734394073486
54,2,GSM331402,1,0.4457559883594513
54,2,GSM331403,1,0.8344759941101074
54,2,GSM331404,1,0.7508995532989502
54,2,GSM331406,1,0.8953056335449219
54,2,GSM331407,1,0.5050938725471497
54,2,GSM331408,1,0.660027265548706
54,2,GSM331410,1,0.15138238668441772
54,2,GSM331414,1,0.6991627216339111
54,2,GSM331417,1,0.7785414457321167
54,2,GSM331418,1,0.9140278697013855
54,2,GSM331420,1,0.7699468731880188
54,2,GSM331424,1,0.5726534724235535
54,2,GSM331426,1,0.47650980949401855
54,2,GSM331427,1,0.5309516191482544
54,2,GSM331430,1,0.2502797544002533
54,2,GSM331434,1,0.8723746538162231
54,2,GSM331436,1,0.6339116096496582
54,2,GSM331439,1,0.7418721914291382
54,2,GSM331444,1,0.6243111491203308
54,2,GSM331448,1,0.43054309487342834
54,2,GSM331450,1,0.26803168654441833
55,1,GSM331660,0,0.22195610404014587
55,1,GSM331661,0,0.5976035594940186
55,1,GSM331662,0,0.346299946308136
55,1,GSM331663,0,0.299521267414093
55,1,GSM331668,0,0.49908995628356934
55,1,GSM331669,0,0.5837411880493164
55,1,GSM331670,0,0.587329089641571
55,1,GSM331674,0,0.3960179090499878
55,1,GSM331677,0,0.19454558193683624
55,1,GSM331678,0,0.24961453676223755
55,1,GSM331680,0,0.39616838097572327
55,1,GSM331681,0,0.6580432653427124
55,1,GSM331682,0,0.5170842409133911
55,1,GSM331686,0,0.624984860420227
55,1,GSM331687,0,0.17455077171325684
55,1,GSM331689,0,0.5288099646568298
55,1,GSM331690,0,0.5663896203041077
55,1,GSM331693,0,0.2978920042514801
55,1,GSM331694,0,0.43896448612213135
55,1,GSM331695,0,0.3481540083885193
55,1,GSM331697,0,0.23202164471149445
55,1,GSM331700,0,0.24713054299354553
55,1,GSM331701,0,0.28982701897621155
55,1,GSM331705,0,0.40495380759239197
55,1,GSM331708,0,0.38802218437194824
55,1,GSM331709,0,0.3650943636894226
55,1,GSM331710,0,0.4590158462524414
55,1,GSM331711,0,0.34916365146636963
55,1,GSM331712,0,0.5776916742324829
55,1,GSM331714,0,0.5841622352600098
55,1,GSM331715,0,0.3272484838962555
55,1,GSM331716,0,0.7724772095680237
55,1,GSM331719,0,0.26372382044792175
55,1,GSM331720,0,0.26507723331451416
55,1,GSM331724,0,0.29741594195365906
55,1,GSM331725,0,0.40167000889778137
55,1,GSM331731,0,0.555570662021637
55,1,GSM331378,1,0.5299626588821411
55,1,GSM331381,1,0.6460374593734741
55,1,GSM331382,1,0.4179592430591583
55,1,GSM331383,1,0.4962105453014374
55,1,GSM331385,1,0.6040694713592529
55,1,GSM331386,1,0.5081910490989685
55,1,GSM331387,1,0.42396822571754456
55,1,GSM331388,1,0.6309281587600708
55,1,GSM331391,1,0.46813851594924927
55,1,GSM331395,1,0.4600146412849426
55,1,GSM331402,1,0.4387288987636566
55,1,GSM331404,1,0.8060591220855713
55,1,GSM331407,1,0.6692528128623962
55,1,GSM331408,1,0.5137972831726074
55,1,GSM331409,1,0.47423091530799866
55,1,GSM331410,1,0.33670690655708313
55,1,GSM331417,1,0.6339396834373474
55,1,GSM331420,1,0.585128664970398
55,1,GSM331421,1,0.5887800455093384
55,1,GSM331422,1,0.4997653663158417
55,1,GSM331425,1,0.4981789290904999
55,1,GSM331427,1,0.45909982919692993
55,1,GSM331428,1,0.1811956763267517
55,1,GSM331429,1,0.5470837354660034
55,1,GSM331430,1,0.23613901436328888
55,1,GSM331431,1,0.41380128264427185
55,1,GSM331434,1,0.5899925827980042
55,1,GSM331439,1,0.6904738545417786
55,1,GSM331441,1,0.7314186096191406
55,1,GSM331443,1,0.43254896998405457
55,1,GSM331444,1,0.529410183429718
55,1,GSM331447,1,0.5239683985710144
55,1,GSM331450,1,0.5041370987892151
55,2,GSM331638,0,0.617763876914978
55,2,GSM331664,0,0.4217148721218109
55,2,GSM331665,0,0.3853963613510132
55,2,GSM331666,0,0.3421798050403595
55,2,GSM331671,0,0.6835460066795349
55,2,GSM331672,0,0.5563569664955139
55,2,GSM331673,0,0.39405128359794617
55,2,GSM331675,0,0.26403385400772095
55,2,GSM331676,0,0.6290143728256226
55,2,GSM331679,0,0.45298880338668823
55,2,GSM331683,0,0.724250078201294
55,2,GSM331684,0,0.3199191093444824
55,2,GSM331685,0,0.2843798100948334
55,2,GSM331688,0,0.6492035984992981
55,2,GSM331691,0,0.5467435121536255
55,2,GSM331692,0,0.43285563588142395
55,2,GSM331696,0,0.5576890707015991
55,2,GSM331698,0,0.2940887212753296
55,2,GSM331699,0,0.32048553228378296
55,2,GSM331702,0,0.5393460988998413
55,2,GSM331703,0,0.5637484788894653
55,2,GSM331704,0,0.6057196855545044
55,2,GSM331706,0,0.805375337600708
55,2,GSM331707,0,0.34683719277381897
55,2,GSM331713,0,0.2988983392715454
55,2,GSM331717,0,0.7093147039413452
55,2,GSM331718,0,0.7491679191589355
55,2,GSM331721,0,0.7652537822723389
55,2,GSM331722,0,0.58775794506073
55,2,GSM331723,0,0.751676082611084
55,2,GSM331726,0,0.1746084839105606
55,2,GSM331727,0,0.5182873606681824
55,2,GSM331728,0,0.37398001551628113
55,2,GSM331729,0,0.2513032555580139
55,2,GSM331730,0,0.536476194858551
55,2,GSM331732,0,0.6053407788276672
55,2,GSM331377,1,0.7105492949485779
55,2,GSM331379,1,0.34859800338745117
55,2,GSM331380,1,0.7892642021179199
55,2,GSM331384,1,0.6906816363334656
55,2,GSM331389,1,0.4156714081764221
55,2,GSM331390,1,0.3840804100036621
55,2,GSM331393,1,0.47368842363357544
55,2,GSM331396,1,0.3744596242904663
55,2,GSM331397,1,0.41348791122436523
55,2,GSM331399,1,0.5220317244529724
55,2,GSM331400,1,0.4560847580432892
55,2,GSM331401,1,0.6776808500289917
55,2,GSM331403,1,0.7494025230407715
55,2,GSM331405,1,0.279045432806015
55,2,GSM331406,1,0.7037556171417236
55,2,GSM331411,1,0.6047220230102539
55,2,GSM331412,1,0.6084930300712585
55,2,GSM331413,1,0.28042125701904297
55,2,GSM331414,1,0.7213414907455444
55,2,GSM331416,1,0.5260042548179626
55,2,GSM331418,1,0.8239529132843018
55,2,GSM331419,1,0.48543381690979004
55,2,GSM331424,1,0.31245046854019165
55,2,GSM331426,1,0.5456857681274414
55,2,GSM331432,1,0.4982069730758667
55,2,GSM331436,1,0.4939388036727905
55,2,GSM331438,1,0.6859400868415833
55,2,GSM331440,1,0.6348637938499451
55,2,GSM331442,1,0.6323219537734985
55,2,GSM331445,1,0.3775631785392761
55,2,GSM331446,1,0.26075461506843567
55,2,GSM331448,1,0.5586826205253601
55,2,GSM331452,1,0.8185318112373352
56,1,GSM331638,0,0.2646658420562744
56,1,GSM331660,0,0.15841716527938843
56,1,GSM331661,0,0.6089152693748474
56,1,GSM331662,0,0.20145386457443237
56,1,GSM331664,0,0.1813758760690689
56,1,GSM331665,0,0.4483547508716583
56,1,GSM331672,0,0.746252179145813
56,1,GSM331675,0,0.43812328577041626
56,1,GSM331676,0,0.6762310266494751
56,1,GSM331677,0,0.32465535402297974
56,1,GSM331679,0,0.24895675480365753
56,1,GSM331681,0,0.7999761700630188
56,1,GSM331686,0,0.7764087915420532
56,1,GSM331687,0,0.24918293952941895
56,1,GSM331690,0,0.580753743648529
56,1,GSM331691,0,0.5131457448005676
56,1,GSM331692,0,0.48880457878112793
56,1,GSM331693,0,0.6804904341697693
56,1,GSM331695,0,0.14539949595928192
56,1,GSM331696,0,0.361296683549881
56,1,GSM331698,0,0.28329432010650635
56,1,GSM331700,0,0.35873982310295105
56,1,GSM331701,0,0.42952826619148254
56,1,GSM331703,0,0.25819697976112366
56,1,GSM331704,0,0.7788191437721252
56,1,GSM331707,0,0.2185095101594925
56,1,GSM331710,0,0.5202713012695312
56,1,GSM331711,0,0.5582925081253052
56,1,GSM331712,0,0.6500966548919678
56,1,GSM331715,0,0.2432352602481842
56,1,GSM331716,0,0.9176831841468811
56,1,GSM331718,0,0.394220232963562
56,1,GSM331725,0,0.39177489280700684
56,1,GSM331727,0,0.17762844264507294
56,1,GSM331728,0,0.15691745281219482
56,1,GSM331731,0,0.2909710705280304
56,1,GSM331732,0,0.422107994556427
56,1,GSM331377,1,0.3365522027015686
56,1,GSM331378,1,0.40133148431777954
56,1,GSM331380,1,0.7079147100448608
56,1,GSM331381,1,0.34606775641441345
56,1,GSM331385,1,0.3258293569087982
56,1,GSM331388,1,0.5341315269470215
56,1,GSM331389,1,0.31732282042503357
56,1,GSM331390,1,0.380712628364563
56,1,GSM331391,1,0.3806593716144562
56,1,GSM331393,1,0.5352916121482849
56,1,GSM331396,1,0.35856425762176514
56,1,GSM331397,1,0.12989065051078796
56,1,GSM331400,1,0.4759889245033264
56,1,GSM331401,1,0.5891797542572021
56,1,GSM331402,1,0.4986225366592407
56,1,GSM331403,1,0.7116549015045166
56,1,GSM331404,1,0.4654146730899811
56,1,GSM331405,1,0.10503523796796799
56,1,GSM331408,1,0.3751365840435028
56,1,GSM331411,1,0.36221253871917725
56,1,GSM331412,1,0.6543195247650146
56,1,GSM331417,1,0.608169674873352
56,1,GSM331418,1,0.7116447687149048
56,1,GSM331420,1,0.5796748995780945
56,1,GSM331421,1,0.4459038972854614
56,1,GSM331425,1,0.48792973160743713
56,1,GSM331427,1,0.4335007965564728
56,1,GSM331436,1,0.43388062715530396
56,1,GSM331438,1,0.5733387470245361
56,1,GSM331440,1,0.4325036108493805
56,1,GSM331443,1,0.31342747807502747
56,1,GSM331450,1,0.39616721868515015
56,1,GSM331452,1,0.6402961611747742
56,2,GSM331663,0,0.489884614944458
56,2,GSM331666,0,0.32337504625320435
56,2,GSM331668,0,0.5820688009262085
56,2,GSM331669,0,0.7458528280258179
56,2,GSM331670,0,0.6796701550483704
56,2,GSM331671,0,0.5105195641517639
56,2,GSM331673,0,0.5744001865386963
56,2,GSM331674,0,0.5802309513092041
56,2,GSM331678,0,0.25407665967941284
56,2,GSM331680,0,0.45877429842948914
56,2,GSM331682,0,0.7755717635154724
56,2,GSM331683,0,0.6926345229148865
56,2,GSM331684,0,0.6731376647949219
56,2,GSM331685,0,0.21772831678390503
56,2,GSM331688,0,0.56689453125
56,2,GSM331689,0,0.448995441198349
56,2,GSM331694,0,0.385001003742218
56,2,GSM331697,0,0.5852543115615845
56,2,GSM331699,0,0.30425581336021423
56,2,GSM331702,0,0.7789748311042786
56,2,GSM331705,0,0.6729552745819092
56,2,GSM331706,0,0.8732766509056091
56,2,GSM331708,0,0.36030495166778564
56,2,GSM331709,0,0.5511298775672913
56,2,GSM331713,0,0.5392741560935974
56,2,GSM331714,0,0.7129382491111755
56,2,GSM331717,0,0.8560178279876709
56,2,GSM331719,0,0.6318113803863525
56,2,GSM331720,0,0.37528446316719055
56,2,GSM331721,0,0.6688112616539001
56,2,GSM331722,0,0.4865213930606842
56,2,GSM331723,0,0.6194974780082703
56,2,GSM331724,0,0.5845615267753601
56,2,GSM331726,0,0.26401010155677795
56,2,GSM331729,0,0.2813349664211273
56,2,GSM331730,0,0.6827100515365601
56,2,GSM331379,1,0.44615447521209717
56,2,GSM331382,1,0.6336396336555481
56,2,GSM331383,1,0.710381805896759
56,2,GSM331384,1,0.6512964963912964
56,2,GSM331386,1,0.5250370502471924
56,2,GSM331387,1,0.5257670283317566
56,2,GSM331395,1,0.47669002413749695
56,2,GSM331399,1,0.616553008556366
56,2,GSM331406,1,0.5319548845291138
56,2,GSM331407,1,0.6678735017776489
56,2,GSM331409,1,0.71183180809021
56,2,GSM331410,1,0.6744058132171631
56,2,GSM331413,1,0.3972724676132202
56,2,GSM331414,1,0.7092517614364624
56,2,GSM331416,1,0.6562434434890747
56,2,GSM331419,1,0.7466010451316833
56,2,GSM331422,1,0.7566764950752258
56,2,GSM331424,1,0.3886749744415283
56,2,GSM331426,1,0.6812970042228699
56,2,GSM331428,1,0.29237306118011475
56,2,GSM331429,1,0.6716548800468445
56,2,GSM331430,1,0.49835628271102905
56,2,GSM331431,1,0.6612109541893005
56,2,GSM331432,1,0.5725852847099304
56,2,GSM331434,1,0.7182347178459167
56,2,GSM331439,1,0.6541064977645874
56,2,GSM331441,1,0.5380410552024841
56,2,GSM331442,1,0.44495391845703125
56,2,GSM331444,1,0.6735718250274658
56,2,GSM331445,1,0.5654750466346741
56,2,GSM331446,1,0.2631024718284607
56,2,GSM331447,1,0.7395464181900024
56,2,GSM331448,1,0.6843205690383911
57,1,GSM331638,0,0.34078866243362427
57,1,GSM331661,0,0.5501242280006409
57,1,GSM331662,0,0.5119686126708984
57,1,GSM331663,0,0.228225976228714
57,1,GSM331666,0,0.3321838080883026
57,1,GSM331668,0,0.49499237537384033
57,1,GSM331669,0,0.7218957543373108
57,1,GSM331671,0,0.6589152216911316
57,1,GSM331673,0,0.5169782638549805
57,1,GSM331676,0,0.6657940149307251
57,1,GSM331679,0,0.6634734869003296
57,1,GSM331681,0,0.6414333581924438
57,1,GSM331685,0,0.4992831349372864
57,1,GSM331686,0,0.5872598886489868
57,1,GSM331689,0,0.5608903765678406
57,1,GSM331690,0,0.6035898327827454
57,1,GSM331691,0,0.5924175977706909
57,1,GSM331692,0,0.4419172704219818
57,1,GSM331695,0,0.3137197494506836
57,1,GSM331698,0,0.1557495892047882
57,1,GSM331699,0,0.16203585267066956
57,1,GSM331700,0,0.6297686696052551
57,1,GSM331703,0,0.34397637844085693
57,1,GSM331704,0,0.42598095536231995
57,1,GSM331708,0,0.4841195046901703
57,1,GSM331709,0,0.26812025904655457
57,1,GSM331713,0,0.5639374256134033
57,1,GSM331714,0,0.843204915523529
57,1,GSM331715,0,0.1863369643688202
57,1,GSM331720,0,0.6335663199424744
57,1,GSM331721,0,0.5174139142036438
57,1,GSM331723,0,0.4188898503780365
57,1,GSM331725,0,0.7144811153411865
57,1,GSM331727,0,0.5988484621047974
57,1,GSM331728,0,0.3117828369140625
57,1,GSM331729,0,0.27801334857940674
57,1,GSM331731,0,0.5921932458877563
57,1,GSM331379,1,0.4487152695655823
57,1,GSM331380,1,0.8666912317276001
57,1,GSM331383,1,0.7576340436935425
57,1,GSM331385,1,0.40953704714775085
57,1,GSM331386,1,0.44228336215019226
57,1,GSM331391,1,0.7631109952926636
57,1,GSM331393,1,0.72502201795578
57,1,GSM331396,1,0.7315870523452759
57,1,GSM331399,1,0.7874154448509216
57,1,GSM331400,1,0.658598005771637
57,1,GSM331404,1,0.8179014325141907
57,1,GSM331405,1,0.5231736898422241
57,1,GSM331406,1,0.8618360757827759
57,1,GSM331410,1,0.4029868543148041
57,1,GSM331411,1,0.6920024752616882
57,1,GSM331416,1,0.6281682252883911
57,1,GSM331417,1,0.7956559658050537
57,1,GSM331418,1,0.781308650970459
57,1,GSM331421,1,0.8541185855865479
57,1,GSM331422,1,0.7478384375572205
57,1,GSM331424,1,0.8111024498939514
57,1,GSM331425,1,0.6365715861320496
57,1,GSM331426,1,0.6931681632995605
57,1,GSM331427,1,0.720576822757721
57,1,GSM331429,1,0.773043692111969
57,1,GSM331431,1,0.748570442199707
57,1,GSM331434,1,0.8071240186691284
57,1,GSM331438,1,0.7478588819503784
57,1,GSM331443,1,0.7787279486656189
57,1,GSM331446,1,0.365182489156723
57,1,GSM331447,1,0.7854392528533936
57,1,GSM331448,1,0.6479957103729248
57,1,GSM331452,1,0.8707680106163025
57,2,GSM331660,0,0.21018783748149872
57,2,GSM331664,0,0.3676770031452179
57,2,GSM331665,0,0.6007263660430908
57,2,GSM331670,0,0.29114991426467896
57,2,GSM331672,0,0.5373988747596741
57,2,GSM331674,0,0.5450268387794495
57,2,GSM331675,0,0.17929092049598694
57,2,GSM331677,0,0.1361929327249527
57,2,GSM331678,0,0.16551898419857025
57,2,GSM331680,0,0.2925150990486145
57,2,GSM331682,0,0.3476192355155945
57,2,GSM331683,0,0.8545511960983276
57,2,GSM331684,0,0.22329217195510864
57,2,GSM331687,0,0.1826351135969162
57,2,GSM331688,0,0.5217264294624329
57,2,GSM331693,0,0.3806711435317993
57,2,GSM331694,0,0.3281867802143097
57,2,GSM331696,0,0.255721777677536
57,2,GSM331697,0,0.15449158847332
57,2,GSM331701,0,0.30811142921447754
57,2,GSM331702,0,0.3863511085510254
57,2,GSM331705,0,0.22158026695251465
57,2,GSM331706,0,0.37078437209129333
57,2,GSM331707,0,0.22999107837677002
57,2,GSM331710,0,0.23084941506385803
57,2,GSM331711,0,0.5147896409034729
57,2,GSM331712,0,0.358623743057251
57,2,GSM331716,0,0.6711550354957581
57,2,GSM331717,0,0.5729719400405884
57,2,GSM331718,0,0.6579056978225708
57,2,GSM331719,0,0.15321822464466095
57,2,GSM331722,0,0.45507940649986267
57,2,GSM331724,0,0.26537859439849854
57,2,GSM331726,0,0.09778222441673279
57,2,GSM331730,0,0.29630428552627563
57,2,GSM331732,0,0.38397154211997986
57,2,GSM331377,1,0.6655909419059753
57,2,GSM331378,1,0.599006175994873
57,2,GSM331381,1,0.49710750579833984
57,2,GSM331382,1,0.46967920660972595
57,2,GSM331384,1,0.586263120174408
57,2,GSM331387,1,0.5591224431991577
57,2,GSM331388,1,0.6947781443595886
57,2,GSM331389,1,0.5157896280288696
57,2,GSM331390,1,0.5538356304168701
57,2,GSM331395,1,0.2888736128807068
57,2,GSM331397,1,0.3026721179485321
57,2,GSM331401,1,0.44083836674690247
57,2,GSM331402,1,0.5101575255393982
57,2,GSM331403,1,0.8170849680900574
57,2,GSM331407,1,0.3769826889038086
57,2,GSM331408,1,0.544783890247345
57,2,GSM331409,1,0.575067400932312
57,2,GSM331412,1,0.800390362739563
57,2,GSM331413,1,0.13964781165122986
57,2,GSM331414,1,0.6771688461303711
57,2,GSM331419,1,0.5056699514389038
57,2,GSM331420,1,0.5860667824745178
57,2,GSM331428,1,0.32416144013404846
57,2,GSM331430,1,0.37101390957832336
57,2,GSM331432,1,0.17819474637508392
57,2,GSM331436,1,0.2141282856464386
57,2,GSM331439,1,0.6969985961914062
57,2,GSM331440,1,0.5736204385757446
57,2,GSM331441,1,0.615684986114502
57,2,GSM331442,1,0.2593846917152405
57,2,GSM331444,1,0.582390546798706
57,2,GSM331445,1,0.3200678527355194
57,2,GSM331450,1,0.502214789390564
58,1,GSM331638,0,0.5155842900276184
58,1,GSM331660,0,0.37377703189849854
58,1,GSM331661,0,0.4711618423461914
58,1,GSM331664,0,0.1915438026189804
58,1,GSM331665,0,0.3263154625892639
58,1,GSM331671,0,0.2998490035533905
58,1,GSM331672,0,0.5577473640441895
58,1,GSM331673,0,0.40363556146621704
58,1,GSM331676,0,0.5490351915359497
58,1,GSM331678,0,0.2817646861076355
58,1,GSM331679,0,0.18319688737392426
58,1,GSM331680,0,0.49680227041244507
58,1,GSM331681,0,0.6194713115692139
58,1,GSM331686,0,0.6144638061523438
58,1,GSM331687,0,0.2731887102127075
58,1,GSM331688,0,0.47896596789360046
58,1,GSM331689,0,0.5477272868156433
58,1,GSM331691,0,0.8520298600196838
58,1,GSM331696,0,0.3873145878314972
58,1,GSM331698,0,0.19621610641479492
58,1,GSM331699,0,0.31525638699531555
58,1,GSM331702,0,0.36445093154907227
58,1,GSM331706,0,0.6442556381225586
58,1,GSM331708,0,0.3444211483001709
58,1,GSM331709,0,0.42357969284057617
58,1,GSM331710,0,0.69846111536026
58,1,GSM331712,0,0.5536947846412659
58,1,GSM331713,0,0.31855347752571106
58,1,GSM331715,0,0.232462540268898
58,1,GSM331717,0,0.4707542955875397
58,1,GSM331718,0,0.41391274333000183
58,1,GSM331720,0,0.42690590023994446
58,1,GSM331723,0,0.4326537251472473
58,1,GSM331728,0,0.34359750151634216
58,1,GSM331729,0,0.32490038871765137
58,1,GSM331731,0,0.37740418314933777
58,1,GSM331732,0,0.4957618713378906
58,1,GSM331378,1,0.45523515343666077
58,1,GSM331379,1,0.26959049701690674
58,1,GSM331380,1,0.5630435943603516
58,1,GSM331381,1,0.4430846571922302
58,1,GSM331383,1,0.4499398469924927
58,1,GSM331384,1,0.6641037464141846
58,1,GSM331385,1,0.46885251998901367
58,1,GSM331386,1,0.38262319564819336
58,1,GSM331391,1,0.48763158917427063
58,1,GSM331393,1,0.3767625093460083
58,1,GSM331396,1,0.6001182794570923
58,1,GSM331401,1,0.5709062218666077
58,1,GSM331404,1,0.6917482614517212
58,1,GSM331405,1,0.17332543432712555
58,1,GSM331407,1,0.6294679641723633
58,1,GSM331408,1,0.5117363333702087
58,1,GSM331409,1,0.5522411465644836
58,1,GSM331410,1,0.4067034423351288
58,1,GSM331411,1,0.3929117023944855
58,1,GSM331412,1,0.6159105896949768
58,1,GSM331414,1,0.6474369168281555
58,1,GSM331416,1,0.7213391065597534
58,1,GSM331418,1,0.7782086730003357
58,1,GSM331419,1,0.4650097191333771
58,1,GSM331421,1,0.5823877453804016
58,1,GSM331428,1,0.2358347475528717
58,1,GSM331431,1,0.3553597033023834
58,1,GSM331434,1,0.5125928521156311
58,1,GSM331439,1,0.5645569562911987
58,1,GSM331442,1,0.4365134835243225
58,1,GSM331446,1,0.3008630573749542
58,1,GSM331448,1,0.3696129322052002
58,1,GSM331452,1,0.6850718259811401
58,2,GSM331662,0,0.5149692893028259
58,2,GSM331663,0,0.489227831363678
58,2,GSM331666,0,0.24612300097942352
58,2,GSM331668,0,0.622654914855957
58,2,GSM331669,0,0.5447446703910828
58,2,GSM331670,0,0.7121345400810242
58,2,GSM331674,0,0.5112490057945251
58,2,GSM331675,0,0.4464688301086426
58,2,GSM331677,0,0.4777255356311798
58,2,GSM331682,0,0.6460180282592773
58,2,GSM331683,0,0.6025868654251099
58,2,GSM331684,0,0.4962843060493469
58,2,GSM331685,0,0.21882730722427368
58,2,GSM331690,0,0.5243200063705444
58,2,GSM331692,0,0.4962366819381714
58,2,GSM331693,0,0.618858277797699
58,2,GSM331694,0,0.45817965269088745
58,2,GSM331695,0,0.4256718158721924
58,2,GSM331697,0,0.76239413022995
58,2,GSM331700,0,0.2327100783586502
58,2,GSM331701,0,0.43381205201148987
58,2,GSM331703,0,0.5971055626869202
58,2,GSM331704,0,0.8126792907714844
58,2,GSM331705,0,0.635707676410675
58,2,GSM331707,0,0.43216821551322937
58,2,GSM331711,0,0.7790005803108215
58,2,GSM331714,0,0.6622757911682129
58,2,GSM331716,0,0.873687744140625
58,2,GSM331719,0,0.5294323563575745
58,2,GSM331721,0,0.5932150483131409
58,2,GSM331722,0,0.5116011500358582
58,2,GSM331724,0,0.6233615875244141
58,2,GSM331725,0,0.39488089084625244
58,2,GSM331726,0,0.4517227113246918
58,2,GSM331727,0,0.43436750769615173
58,2,GSM331730,0,0.674868643283844
58,2,GSM331377,1,0.4642731547355652
58,2,GSM331382,1,0.5536449551582336
58,2,GSM331387,1,0.495993435382843
58,2,GSM331388,1,0.6623198390007019
58,2,GSM331389,1,0.43199658393859863
58,2,GSM331390,1,0.465851366519928
58,2,GSM331395,1,0.7543531060218811
58,2,GSM331397,1,0.457043319940567
58,2,GSM331399,1,0.46546584367752075
58,2,GSM331400,1,0.7525787353515625
58,2,GSM331402,1,0.6185340285301208
58,2,GSM331403,1,0.5943118333816528
58,2,GSM331406,1,0.6237845420837402
58,2,GSM331413,1,0.35730892419815063
58,2,GSM331417,1,0.6702905297279358
58,2,GSM331420,1,0.548707127571106
58,2,GSM331422,1,0.7501095533370972
58,2,GSM331424,1,0.23957501351833344
58,2,GSM331425,1,0.6500644087791443
58,2,GSM331426,1,0.5178260803222656
58,2,GSM331427,1,0.5783008933067322
58,2,GSM331429,1,0.5263124704360962
58,2,GSM331430,1,0.40919727087020874
58,2,GSM331432,1,0.5228190422058105
58,2,GSM331436,1,0.6674484610557556
58,2,GSM331438,1,0.6099591851234436
58,2,GSM331440,1,0.6726713180541992
58,2,GSM331441,1,0.7219448685646057
58,2,GSM331443,1,0.4439324140548706
58,2,GSM331444,1,0.5108822584152222
58,2,GSM331445,1,0.6948345899581909
58,2,GSM331447,1,0.748881459236145
58,2,GSM331450,1,0.4968302845954895
59,1,GSM331638,0,0.3422461748123169
59,1,GSM331660,0,0.20463858544826508
59,1,GSM331664,0,0.157840296626091
59,1,GSM331665,0,0.6486548781394958
59,1,GSM331666,0,0.279020220041275
59,1,GSM331669,0,0.5505367517471313
59,1,GSM331671,0,0.33312419056892395
59,1,GSM331673,0,0.4206452965736389
59,1,GSM331674,0,0.5913811326026917
59,1,GSM331675,0,0.26396453380584717
59,1,GSM331678,0,0.27700725197792053
59,1,GSM331679,0,0.4627774655818939
59,1,GSM331682,0,0.35903307795524597
59,1,GSM331684,0,0.2691291272640228
59,1,GSM331685,0,0.28138628602027893
59,1,GSM331686,0,0.5486711263656616
59,1,GSM331688,0,0.3626617193222046
59,1,GSM331694,0,0.42949870228767395
59,1,GSM331695,0,0.3280838131904602
59,1,GSM331696,0,0.2951681911945343
59,1,GSM331698,0,0.2081221491098404
59,1,GSM331702,0,0.44790756702423096
59,1,GSM331703,0,0.3143630027770996
59,1,GSM331704,0,0.550265908241272
59,1,GSM331708,0,0.39148277044296265
59,1,GSM331709,0,0.15963919460773468
59,1,GSM331711,0,0.451600044965744
59,1,GSM331715,0,0.25790148973464966
59,1,GSM331718,0,0.5577225089073181
59,1,GSM331720,0,0.5472368001937866
59,1,GSM331721,0,0.45063817501068115
59,1,GSM331723,0,0.4448404908180237
59,1,GSM331724,0,0.24961717426776886
59,1,GSM331725,0,0.34374678134918213
59,1,GSM331726,0,0.12878236174583435
59,1,GSM331727,0,0.3481244146823883
59,1,GSM331728,0,0.32320672273635864
59,1,GSM331377,1,0.46033775806427
59,1,GSM331379,1,0.4027174711227417
59,1,GSM331380,1,0.5325164794921875
59,1,GSM331381,1,0.5551679730415344
59,1,GSM331385,1,0.29291263222694397
59,1,GSM331386,1,0.22220055758953094
59,1,GSM331390,1,0.26743850111961365
59,1,GSM331393,1,0.6290707588195801
59,1,GSM331395,1,0.12384552508592606
59,1,GSM331396,1,0.5489763021469116
59,1,GSM331397,1,0.2097390741109848
59,1,GSM331400,1,0.3365127742290497
59,1,GSM331401,1,0.8102282285690308
59,1,GSM331402,1,0.7211737036705017
59,1,GSM331404,1,0.6791465282440186
59,1,GSM331405,1,0.29871976375579834
59,1,GSM331407,1,0.7795063257217407
59,1,GSM331408,1,0.5570346713066101
59,1,GSM331412,1,0.7483765482902527
59,1,GSM331413,1,0.26223793625831604
59,1,GSM331416,1,0.6200935244560242
59,1,GSM331419,1,0.6772812604904175
59,1,GSM331420,1,0.730283796787262
59,1,GSM331428,1,0.14178623259067535
59,1,GSM331431,1,0.4220905005931854
59,1,GSM331432,1,0.23745422065258026
59,1,GSM331434,1,0.6178683638572693
59,1,GSM331440,1,0.6295390725135803
59,1,GSM331442,1,0.3372499942779541
59,1,GSM331445,1,0.5985490083694458
59,1,GSM331447,1,0.506666362285614
59,1,GSM331450,1,0.5573968887329102
59,1,GSM331452,1,0.7809484004974365
59,2,GSM331661,0,0.7983823418617249
59,2,GSM331662,0,0.3301894962787628
59,2,GSM331663,0,0.4600813090801239
59,2,GSM331668,0,0.519753634929657
59,2,GSM331670,0,0.5986852645874023
59,2,GSM331672,0,0.8446193337440491
59,2,GSM331676,0,0.7454596161842346
59,2,GSM331677,0,0.402287095785141
59,2,GSM331680,0,0.5388575792312622
59,2,GSM331681,0,0.8560819029808044
59,2,GSM331683,0,0.7906930446624756
59,2,GSM331687,0,0.3290416896343231
59,2,GSM331689,0,0.6035666465759277
59,2,GSM331690,0,0.5603905916213989
59,2,GSM331691,0,0.5999264121055603
59,2,GSM331692,0,0.5799099206924438
59,2,GSM331693,0,0.7830430269241333
59,2,GSM331697,0,0.30366167426109314
59,2,GSM331699,0,0.3306177854537964
59,2,GSM331700,0,0.3795662820339203
59,2,GSM331701,0,0.6139032244682312
59,2,GSM331705,0,0.5531005859375
59,2,GSM331706,0,0.7578981518745422
59,2,GSM331707,0,0.3750205636024475
59,2,GSM331710,0,0.6220136284828186
59,2,GSM331712,0,0.8527776002883911
59,2,GSM331713,0,0.5486375689506531
59,2,GSM331714,0,0.6925820708274841
59,2,GSM331716,0,0.9199054837226868
59,2,GSM331717,0,0.8700365424156189
59,2,GSM331719,0,0.46819716691970825
59,2,GSM331722,0,0.4671158194541931
59,2,GSM331729,0,0.19172920286655426
59,2,GSM331730,0,0.7998535633087158
59,2,GSM331731,0,0.4074399471282959
59,2,GSM331732,0,0.5466800928115845
59,2,GSM331378,1,0.573555588722229
59,2,GSM331382,1,0.3628990352153778
59,2,GSM331383,1,0.5621901154518127
59,2,GSM331384,1,0.7107400298118591
59,2,GSM331387,1,0.5943868160247803
59,2,GSM331388,1,0.7348283529281616
59,2,GSM331389,1,0.3305194675922394
59,2,GSM331391,1,0.7331362366676331
59,2,GSM331399,1,0.7236218452453613
59,2,GSM331403,1,0.7283821702003479
59,2,GSM331406,1,0.5043155550956726
59,2,GSM331409,1,0.5549647808074951
59,2,GSM331410,1,0.7287989854812622
59,2,GSM331411,1,0.5268648862838745
59,2,GSM331414,1,0.5864558219909668
59,2,GSM331417,1,0.7477514147758484
59,2,GSM331418,1,0.922890305519104
59,2,GSM331421,1,0.7972967028617859
59,2,GSM331422,1,0.7530016303062439
59,2,GSM331424,1,0.22118701040744781
59,2,GSM331425,1,0.547953724861145
59,2,GSM331426,1,0.8122255802154541
59,2,GSM331427,1,0.7423380017280579
59,2,GSM331429,1,0.6431894898414612
59,2,GSM331430,1,0.2679344415664673
59,2,GSM331436,1,0.5778822302818298
59,2,GSM331438,1,0.6962825059890747
59,2,GSM331439,1,0.6829619407653809
59,2,GSM331441,1,0.7110195755958557
59,2,GSM331443,1,0.5099138617515564
59,2,GSM331444,1,0.742729902267456
59,2,GSM331446,1,0.20703725516796112
59,2,GSM331448,1,0.765755295753479
60,1,GSM331638,0,0.6085631251335144
60,1,GSM331660,0,0.26513969898223877
60,1,GSM331662,0,0.36636897921562195
60,1,GSM331665,0,0.6464312672615051
60,1,GSM331668,0,0.677345871925354
60,1,GSM331669,0,0.7166738510131836
60,1,GSM331670,0,0.5126490592956543
60,1,GSM331671,0,0.3324197232723236
60,1,GSM331672,0,0.7929093837738037
60,1,GSM331676,0,0.6306065917015076
60,1,GSM331678,0,0.16500358283519745
60,1,GSM331683,0,0.8193711042404175
60,1,GSM331684,0,0.6163883805274963
60,1,GSM331685,0,0.1132124662399292
60,1,GSM331686,0,0.77238929271698
60,1,GSM331687,0,0.28299620747566223
60,1,GSM331690,0,0.7182252407073975
60,1,GSM331692,0,0.4442245364189148
60,1,GSM331700,0,0.3359653353691101
60,1,GSM331702,0,0.7067279815673828
60,1,GSM331706,0,0.8774011731147766
60,1,GSM331707,0,0.19351355731487274
60,1,GSM331709,0,0.5043355822563171
60,1,GSM331710,0,0.614535927772522
60,1,GSM331711,0,0.674532949924469
60,1,GSM331713,0,0.5290226340293884
60,1,GSM331714,0,0.7315222024917603
60,1,GSM331715,0,0.31527456641197205
60,1,GSM331716,0,0.9266093373298645
60,1,GSM331718,0,0.6758981943130493
60,1,GSM331719,0,0.48151636123657227
60,1,GSM331722,0,0.4678562879562378
60,1,GSM331723,0,0.704795241355896
60,1,GSM331728,0,0.10332165658473969
60,1,GSM331730,0,0.6317398548126221
60,1,GSM331731,0,0.6769407391548157
60,1,GSM331732,0,0.6549578309059143
60,1,GSM331380,1,0.8670399785041809
60,1,GSM331383,1,0.8057401180267334
60,1,GSM331384,1,0.7782156467437744
60,1,GSM331385,1,0.39663243293762207
60,1,GSM331386,1,0.6313115358352661
60,1,GSM331387,1,0.4778999388217926
60,1,GSM331389,1,0.40156126022338867
60,1,GSM331393,1,0.7803561091423035
60,1,GSM331399,1,0.6513683199882507
60,1,GSM331400,1,0.8103440403938293
60,1,GSM331401,1,0.8001301288604736
60,1,GSM331402,1,0.5647706985473633
60,1,GSM331404,1,0.8135310411453247
60,1,GSM331406,1,0.7380982637405396
60,1,GSM331407,1,0.8383823037147522
60,1,GSM331408,1,0.74635249376297
60,1,GSM331409,1,0.8474180102348328
60,1,GSM331410,1,0.6970522999763489
60,1,GSM331411,1,0.7535591721534729
60,1,GSM331412,1,0.8372348546981812
60,1,GSM331416,1,0.7876752018928528
60,1,GSM331417,1,0.5750716924667358
60,1,GSM331421,1,0.7736208438873291
60,1,GSM331424,1,0.15261900424957275
60,1,GSM331426,1,0.6841820478439331
60,1,GSM331427,1,0.7986634969711304
60,1,GSM331432,1,0.41072404384613037
60,1,GSM331434,1,0.770209550857544
60,1,GSM331436,1,0.4445679485797882
60,1,GSM331439,1,0.7387326955795288
60,1,GSM331446,1,0.35557249188423157
60,1,GSM331448,1,0.6650649309158325
60,1,GSM331452,1,0.9102511405944824
60,2,GSM331661,0,0.44192731380462646
60,2,GSM331663,0,0.12129278481006622
60,2,GSM331664,0,0.16049516201019287
60,2,GSM331666,0,0.29881519079208374
60,2,GSM331673,0,0.3413911759853363
60,2,GSM331674,0,0.3653094470500946
60,2,GSM331675,0,0.16552691161632538
60,2,GSM331677,0,0.16017521917819977
60,2,GSM331679,0,0.15836960077285767
60,2,GSM331680,0,0.6440523266792297
60,2,GSM331681,0,0.4539929926395416
60,2,GSM331682,0,0.42740848660469055
60,2,GSM331688,0,0.48956555128097534
60,2,GSM331689,0,0.21083295345306396
60,2,GSM331691,0,0.7522771954536438
60,2,GSM331693,0,0.3963373899459839
60,2,GSM331694,0,0.21604016423225403
60,2,GSM331695,0,0.42663267254829407
60,2,GSM331696,0,0.30760088562965393
60,2,GSM331697,0,0.40615788102149963
60,2,GSM331698,0,0.0997881144285202
60,2,GSM331699,0,0.19453318417072296
60,2,GSM331701,0,0.11047147214412689
60,2,GSM331703,0,0.5012531280517578
60,2,GSM331704,0,0.5450053215026855
60,2,GSM331705,0,0.44630372524261475
60,2,GSM331708,0,0.3557760715484619
60,2,GSM331712,0,0.5047342777252197
60,2,GSM331717,0,0.595693826675415
60,2,GSM331720,0,0.2332686185836792
60,2,GSM331721,0,0.49358195066452026
60,2,GSM331724,0,0.2844907343387604
60,2,GSM331725,0,0.25466570258140564
60,2,GSM331726,0,0.14930318295955658
60,2,GSM331727,0,0.18990425765514374
60,2,GSM331729,0,0.09153784066438675
60,2,GSM331377,1,0.5815764665603638
60,2,GSM331378,1,0.8597912192344666
60,2,GSM331379,1,0.29534411430358887
60,2,GSM331381,1,0.6074212789535522
60,2,GSM331382,1,0.42219480872154236
60,2,GSM331388,1,0.7237040996551514
60,2,GSM331390,1,0.34186193346977234
60,2,GSM331391,1,0.594088613986969
60,2,GSM331395,1,0.820461630821228
60,2,GSM331396,1,0.6021542549133301
60,2,GSM331397,1,0.10080810636281967
60,2,GSM331403,1,0.7393999099731445
60,2,GSM331405,1,0.0848645567893982
60,2,GSM331413,1,0.3959346115589142
60,2,GSM331414,1,0.7301332354545593
60,2,GSM331418,1,0.9412365555763245
60,2,GSM331419,1,0.43091097474098206
60,2,GSM331420,1,0.7456003427505493
60,2,GSM331422,1,0.836175262928009
60,2,GSM331425,1,0.6536607146263123
60,2,GSM331428,1,0.24464306235313416
60,2,GSM331429,1,0.4574527144432068
60,2,GSM331430,1,0.21071499586105347
60,2,GSM331431,1,0.64667147397995
60,2,GSM331438,1,0.6099233627319336
60,2,GSM331440,1,0.6202128529548645
60,2,GSM331441,1,0.6653844714164734
60,2,GSM331442,1,0.47180500626564026
60,2,GSM331443,1,0.5039904713630676
60,2,GSM331444,1,0.4457097053527832
60,2,GSM331445,1,0.41179075837135315
60,2,GSM331447,1,0.8104590177536011
60,2,GSM331450,1,0.341492235660553
61,1,GSM331664,0,0.5508055686950684
61,1,GSM331666,0,0.33241698145866394
61,1,GSM331669,0,0.5720533132553101
61,1,GSM331671,0,0.6108593940734863
61,1,GSM331672,0,0.5635078549385071
61,1,GSM331673,0,0.46936699748039246
61,1,GSM331674,0,0.4891885221004486
61,1,GSM331675,0,0.3065584897994995
61,1,GSM331676,0,0.5819244980812073
61,1,GSM331679,0,0.5700086951255798
61,1,GSM331681,0,0.4014264643192291
61,1,GSM331683,0,0.7661249041557312
61,1,GSM331686,0,0.473986953496933
61,1,GSM331688,0,0.5588430166244507
61,1,GSM331691,0,0.379260390996933
61,1,GSM331692,0,0.3481560945510864
61,1,GSM331693,0,0.4461352527141571
61,1,GSM331694,0,0.5270742774009705
61,1,GSM331697,0,0.4002811312675476
61,1,GSM331699,0,0.35840386152267456
61,1,GSM331702,0,0.34641414880752563
61,1,GSM331705,0,0.39562663435935974
61,1,GSM331707,0,0.4427871108055115
61,1,GSM331709,0,0.4554348886013031
61,1,GSM331711,0,0.6701040863990784
61,1,GSM331712,0,0.37299829721450806
61,1,GSM331715,0,0.1986812800168991
61,1,GSM331718,0,0.6835657954216003
61,1,GSM331719,0,0.2653646171092987
61,1,GSM331723,0,0.4580380618572235
61,1,GSM331724,0,0.4068836569786072
61,1,GSM331725,0,0.5495988726615906
61,1,GSM331726,0,0.35279381275177
61,1,GSM331727,0,0.4747732877731323
61,1,GSM331728,0,0.39337462186813354
61,1,GSM331729,0,0.34171605110168457
61,1,GSM331731,0,0.5554453730583191
61,1,GSM331378,1,0.6446195244789124
61,1,GSM331382,1,0.4822758138179779
61,1,GSM331383,1,0.5491394400596619
61,1,GSM331384,1,0.6522544622421265
61,1,GSM331385,1,0.3649056553840637
61,1,GSM331388,1,0.5998314619064331
61,1,GSM331391,1,0.6635991334915161
61,1,GSM331395,1,0.5179417729377747
61,1,GSM331396,1,0.628876268863678
61,1,GSM331403,1,0.621114194393158
61,1,GSM331405,1,0.3625688850879669
61,1,GSM331406,1,0.6378909945487976
61,1,GSM331409,1,0.5028144717216492
61,1,GSM331410,1,0.35480135679244995
61,1,GSM331411,1,0.5699139833450317
61,1,GSM331413,1,0.24016951024532318
61,1,GSM331414,1,0.6233923435211182
61,1,GSM331417,1,0.35881102085113525
61,1,GSM331418,1,0.7274777293205261
61,1,GSM331419,1,0.41163504123687744
61,1,GSM331420,1,0.48605671525001526
61,1,GSM331422,1,0.5986880660057068
61,1,GSM331424,1,0.5133048892021179
61,1,GSM331425,1,0.42402127385139465
61,1,GSM331428,1,0.36759695410728455
61,1,GSM331431,1,0.46745994687080383
61,1,GSM331432,1,0.30142366886138916
61,1,GSM331436,1,0.3155803978443146
61,1,GSM331439,1,0.7317171096801758
61,1,GSM331441,1,0.7000523805618286
61,1,GSM331443,1,0.5837868452072144
61,1,GSM331446,1,0.39022624492645264
61,1,GSM331452,1,0.7404345273971558
61,2,GSM331638,0,0.506072998046875
61,2,GSM331660,0,0.419035404920578
61,2,GSM331661,0,0.40255269408226013
61,2,GSM331662,0,0.5457198023796082
61,2,GSM331663,0,0.25110316276550293
61,2,GSM331665,0,0.5235440731048584
61,2,GSM331668,0,0.4013150930404663
61,2,GSM331670,0,0.38826778531074524
61,2,GSM331677,0,0.16505871713161469
61,2,GSM331678,0,0.4549241364002228
61,2,GSM331680,0,0.8030408620834351
61,2,GSM331682,0,0.3298898935317993
61,2,GSM331684,0,0.43824803829193115
61,2,GSM331685,0,0.4310562312602997
61,2,GSM331687,0,0.16378962993621826
61,2,GSM331689,0,0.47135981917381287
61,2,GSM331690,0,0.6768761873245239
61,2,GSM331695,0,0.38022515177726746
61,2,GSM331696,0,0.3240911364555359
61,2,GSM331698,0,0.09378550946712494
61,2,GSM331700,0,0.3358782231807709
61,2,GSM331701,0,0.30124613642692566
61,2,GSM331703,0,0.28779059648513794
61,2,GSM331704,0,0.43092626333236694
61,2,GSM331706,0,0.44154736399650574
61,2,GSM331708,0,0.5335515737533569
61,2,GSM331710,0,0.6653273105621338
61,2,GSM331713,0,0.5192327499389648
61,2,GSM331714,0,0.562552809715271
61,2,GSM331716,0,0.4186876714229584
61,2,GSM331717,0,0.395527184009552
61,2,GSM331720,0,0.7498924136161804
61,2,GSM331721,0,0.35287201404571533
61,2,GSM331722,0,0.657896876335144
61,2,GSM331730,0,0.3782505989074707
61,2,GSM331732,0,0.37462756037712097
61,2,GSM331377,1,0.5758859515190125
61,2,GSM331379,1,0.4528156518936157
61,2,GSM331380,1,0.5804681181907654
61,2,GSM331381,1,0.5018107891082764
61,2,GSM331386,1,0.3701067864894867
61,2,GSM331387,1,0.6207848191261292
61,2,GSM331389,1,0.6091986298561096
61,2,GSM331390,1,0.2675318717956543
61,2,GSM331393,1,0.5218665599822998
61,2,GSM331397,1,0.44418370723724365
61,2,GSM331399,1,0.5182058811187744
61,2,GSM331400,1,0.5268246531486511
61,2,GSM331401,1,0.5837210416793823
61,2,GSM331402,1,0.5546505451202393
61,2,GSM331404,1,0.6797768473625183
61,2,GSM331407,1,0.6075118184089661
61,2,GSM331408,1,0.6225835680961609
61,2,GSM331412,1,0.7605239748954773
61,2,GSM331416,1,0.7209813594818115
61,2,GSM331421,1,0.7437449097633362
61,2,GSM331426,1,0.44613420963287354
61,2,GSM331427,1,0.3572078049182892
61,2,GSM331429,1,0.4614129364490509
61,2,GSM331430,1,0.303702712059021
61,2,GSM331434,1,0.7046014070510864
61,2,GSM331438,1,0.5725786089897156
61,2,GSM331440,1,0.6513245105743408
61,2,GSM331442,1,0.5885201096534729
61,2,GSM331444,1,0.5835511684417725
61,2,GSM331445,1,0.6797271370887756
61,2,GSM331447,1,0.5981775522232056
61,2,GSM331448,1,0.30165165662765503
61,2,GSM331450,1,0.38802412152290344
62,1,GSM331638,0,0.41942763328552246
62,1,GSM331660,0,0.18261438608169556
62,1,GSM331661,0,0.5322982668876648
62,1,GSM331662,0,0.40811392664909363
62,1,GSM331664,0,0.1609233319759369
62,1,GSM331666,0,0.19323809444904327
62,1,GSM331671,0,0.31494054198265076
62,1,GSM331672,0,0.5558373332023621
62,1,GSM331673,0,0.3848487436771393
62,1,GSM331674,0,0.40490540862083435
62,1,GSM331675,0,0.13116171956062317
62,1,GSM331677,0,0.15481144189834595
62,1,GSM331678,0,0.0854005366563797
62,1,GSM331680,0,0.4832237660884857
62,1,GSM331683,0,0.8067583441734314
62,1,GSM331686,0,0.660618782043457
62,1,GSM331687,0,0.10374762862920761
62,1,GSM331692,0,0.1340150535106659
62,1,GSM331694,0,0.33135151863098145
62,1,GSM331697,0,0.19095194339752197
62,1,GSM331698,0,0.10283991694450378
62,1,GSM331699,0,0.21944324672222137
62,1,GSM331700,0,0.1466599702835083
62,1,GSM331704,0,0.7080700397491455
62,1,GSM331705,0,0.4433535039424896
62,1,GSM331706,0,0.8476107716560364
62,1,GSM331708,0,0.41874974966049194
62,1,GSM331710,0,0.3402725160121918
62,1,GSM331711,0,0.7767770290374756
62,1,GSM331712,0,0.5128888487815857
62,1,GSM331713,0,0.3112221360206604
62,1,GSM331716,0,0.9397989511489868
62,1,GSM331718,0,0.3591444194316864
62,1,GSM331720,0,0.24549582600593567
62,1,GSM331726,0,0.13119743764400482
62,1,GSM331727,0,0.24430938065052032
62,1,GSM331729,0,0.056452278047800064
62,1,GSM331377,1,0.6503762006759644
62,1,GSM331378,1,0.78392493724823
62,1,GSM331379,1,0.27411389350891113
62,1,GSM331382,1,0.45055434107780457
62,1,GSM331383,1,0.719518780708313
62,1,GSM331386,1,0.38683298230171204
62,1,GSM331388,1,0.7041462063789368
62,1,GSM331389,1,0.5510991215705872
62,1,GSM331393,1,0.7414013147354126
62,1,GSM331397,1,0.09285573661327362
62,1,GSM331399,1,0.4563824236392975
62,1,GSM331402,1,0.6520331501960754
62,1,GSM331404,1,0.6692349910736084
62,1,GSM331406,1,0.6032392978668213
62,1,GSM331407,1,0.6372688412666321
62,1,GSM331409,1,0.6580856442451477
62,1,GSM331410,1,0.4047808349132538
62,1,GSM331417,1,0.6939016580581665
62,1,GSM331418,1,0.9352476000785828
62,1,GSM331424,1,0.17008893191814423
62,1,GSM331426,1,0.4628129005432129
62,1,GSM331427,1,0.7161094546318054
62,1,GSM331428,1,0.11585932224988937
62,1,GSM331429,1,0.537641704082489
62,1,GSM331431,1,0.6711294651031494
62,1,GSM331432,1,0.26087528467178345
62,1,GSM331439,1,0.5841508507728577
62,1,GSM331441,1,0.819766640663147
62,1,GSM331442,1,0.286283016204834
62,1,GSM331446,1,0.16550463438034058
62,1,GSM331447,1,0.7280617356300354
62,1,GSM331448,1,0.6150258183479309
62,1,GSM331450,1,0.26023104786872864
62,2,GSM331663,0,0.25809338688850403
62,2,GSM331665,0,0.5210473537445068
62,2,GSM331668,0,0.5396853089332581
62,2,GSM331669,0,0.8541092276573181
62,2,GSM331670,0,0.37124860286712646
62,2,GSM331676,0,0.6546375751495361
62,2,GSM331679,0,0.2634150981903076
62,2,GSM331681,0,0.6724932789802551
62,2,GSM331682,0,0.6423506140708923
62,2,GSM331684,0,0.2047969102859497
62,2,GSM331685,0,0.04781598970293999
62,2,GSM331688,0,0.6479297280311584
62,2,GSM331689,0,0.24990490078926086
62,2,GSM331690,0,0.4361696243286133
62,2,GSM331691,0,0.4127618074417114
62,2,GSM331693,0,0.6050021648406982
62,2,GSM331695,0,0.23469994962215424
62,2,GSM331696,0,0.34684091806411743
62,2,GSM331701,0,0.15082265436649323
62,2,GSM331702,0,0.617220401763916
62,2,GSM331703,0,0.5556143522262573
62,2,GSM331707,0,0.2061675637960434
62,2,GSM331709,0,0.3536013066768646
62,2,GSM331714,0,0.7139837741851807
62,2,GSM331715,0,0.1581713855266571
62,2,GSM331717,0,0.761050820350647
62,2,GSM331719,0,0.14772914350032806
62,2,GSM331721,0,0.7848753333091736
62,2,GSM331722,0,0.3183167278766632
62,2,GSM331723,0,0.7254964709281921
62,2,GSM331724,0,0.188423752784729
62,2,GSM331725,0,0.34692102670669556
62,2,GSM331728,0,0.03963353857398033
62,2,GSM331730,0,0.6140847206115723
62,2,GSM331731,0,0.5361281037330627
62,2,GSM331732,0,0.4457770586013794
62,2,GSM331380,1,0.8783281445503235
62,2,GSM331381,1,0.5223535895347595
62,2,GSM331384,1,0.602645218372345
62,2,GSM331385,1,0.4510164260864258
62,2,GSM331387,1,0.42379018664360046
62,2,GSM331390,1,0.396240234375
62,2,GSM331391,1,0.6547554135322571
62,2,GSM331395,1,0.3095838725566864
62,2,GSM331396,1,0.36670568585395813
62,2,GSM331400,1,0.6091952919960022
62,2,GSM331401,1,0.5768505930900574
62,2,GSM331403,1,0.8634415864944458
62,2,GSM331405,1,0.04482301324605942
62,2,GSM331408,1,0.3995848000049591
62,2,GSM331411,1,0.6267091035842896
62,2,GSM331412,1,0.8156918287277222
62,2,GSM331413,1,0.10021217912435532
62,2,GSM331414,1,0.6488307118415833
62,2,GSM331416,1,0.45902448892593384
62,2,GSM331419,1,0.31932318210601807
62,2,GSM331420,1,0.7537611722946167
62,2,GSM331421,1,0.5899123549461365
62,2,GSM331422,1,0.6775437593460083
62,2,GSM331425,1,0.28876128792762756
62,2,GSM331430,1,0.16417360305786133
62,2,GSM331434,1,0.6704394817352295
62,2,GSM331436,1,0.21994058787822723
62,2,GSM331438,1,0.6934751272201538
62,2,GSM331440,1,0.3433130383491516
62,2,GSM331443,1,0.27986326813697815
62,2,GSM331444,1,0.4581935703754425
62,2,GSM331445,1,0.11626192927360535
62,2,GSM331452,1,0.8408669233322144
63,1,GSM331638,0,0.6510796546936035
63,1,GSM331660,0,0.4177722632884979
63,1,GSM331662,0,0.4634418189525604
63,1,GSM331663,0,0.17996175587177277
63,1,GSM331664,0,0.313973605632782
63,1,GSM331666,0,0.343774676322937
63,1,GSM331668,0,0.4478267729282379
63,1,GSM331669,0,0.5955958962440491
63,1,GSM331670,0,0.5946599245071411
63,1,GSM331671,0,0.3614790141582489
63,1,GSM331672,0,0.5345377326011658
63,1,GSM331674,0,0.3787844777107239
63,1,GSM331677,0,0.07950405031442642
63,1,GSM331679,0,0.21066097915172577
63,1,GSM331680,0,0.8085287809371948
63,1,GSM331681,0,0.6758148074150085
63,1,GSM331682,0,0.6214162111282349
63,1,GSM331686,0,0.444572776556015
63,1,GSM331688,0,0.609036386013031
63,1,GSM331695,0,0.31178414821624756
63,1,GSM331696,0,0.4532191753387451
63,1,GSM331697,0,0.17425432801246643
63,1,GSM331699,0,0.1849505603313446
63,1,GSM331700,0,0.29715248942375183
63,1,GSM331706,0,0.4866286516189575
63,1,GSM331709,0,0.2727237045764923
63,1,GSM331712,0,0.5294480919837952
63,1,GSM331713,0,0.3702654242515564
63,1,GSM331714,0,0.8865547776222229
63,1,GSM331715,0,0.10768244415521622
63,1,GSM331719,0,0.14070945978164673
63,1,GSM331720,0,0.6438654065132141
63,1,GSM331724,0,0.2747805416584015
63,1,GSM331726,0,0.1830301284790039
63,1,GSM331729,0,0.2842826545238495
63,1,GSM331731,0,0.4757581651210785
63,1,GSM331732,0,0.5528855323791504
63,1,GSM331377,1,0.6674478054046631
63,1,GSM331378,1,0.7521008849143982
63,1,GSM331379,1,0.4147554337978363
63,1,GSM331381,1,0.6150147318840027
63,1,GSM331382,1,0.6651215553283691
63,1,GSM331384,1,0.8945660591125488
63,1,GSM331385,1,0.29969844222068787
63,1,GSM331387,1,0.48217058181762695
63,1,GSM331388,1,0.6196455359458923
63,1,GSM331393,1,0.5468981266021729
63,1,GSM331395,1,0.4508773982524872
63,1,GSM331396,1,0.7213423848152161
63,1,GSM331399,1,0.6713241934776306
63,1,GSM331401,1,0.7258962988853455
63,1,GSM331403,1,0.808542788028717
63,1,GSM331404,1,0.7139608860015869
63,1,GSM331411,1,0.652763307094574
63,1,GSM331414,1,0.598612904548645
63,1,GSM331418,1,0.8399924635887146
63,1,GSM331419,1,0.4928669333457947
63,1,GSM331424,1,0.39316698908805847
63,1,GSM331425,1,0.6034679412841797
63,1,GSM331429,1,0.37276753783226013
63,1,GSM331430,1,0.27249324321746826
63,1,GSM331431,1,0.33787381649017334
63,1,GSM331432,1,0.4137948453426361
63,1,GSM331434,1,0.8490191102027893
63,1,GSM331440,1,0.34139832854270935
63,1,GSM331443,1,0.6814298033714294
63,1,GSM331444,1,0.3838200271129608
63,1,GSM331445,1,0.4700995087623596
63,1,GSM331448,1,0.3226297199726105
63,1,GSM331452,1,0.7287682294845581
63,2,GSM331661,0,0.592329740524292
63,2,GSM331665,0,0.42341405153274536
63,2,GSM331673,0,0.43953919410705566
63,2,GSM331675,0,0.31615328788757324
63,2,GSM331676,0,0.33313873410224915
63,2,GSM331678,0,0.32211995124816895
63,2,GSM331683,0,0.8766012191772461
63,2,GSM331684,0,0.3939686715602875
63,2,GSM331685,0,0.29993119835853577
63,2,GSM331687,0,0.08289957046508789
63,2,GSM331689,0,0.4655841290950775
63,2,GSM331690,0,0.46002522110939026
63,2,GSM331691,0,0.6375187635421753
63,2,GSM331692,0,0.30787453055381775
63,2,GSM331693,0,0.2145799845457077
63,2,GSM331694,0,0.6085973978042603
63,2,GSM331698,0,0.0909695252776146
63,2,GSM331701,0,0.22672124207019806
63,2,GSM331702,0,0.380037397146225
63,2,GSM331703,0,0.28709039092063904
63,2,GSM331704,0,0.317100465297699
63,2,GSM331705,0,0.4573887288570404
63,2,GSM331707,0,0.20030389726161957
63,2,GSM331708,0,0.3049794137477875
63,2,GSM331710,0,0.37358754873275757
63,2,GSM331711,0,0.4589191973209381
63,2,GSM331716,0,0.6145497560501099
63,2,GSM331717,0,0.48423442244529724
63,2,GSM331718,0,0.5926157236099243
63,2,GSM331721,0,0.2855551540851593
63,2,GSM331722,0,0.6383538842201233
63,2,GSM331723,0,0.6720767617225647
63,2,GSM331725,0,0.3240712583065033
63,2,GSM331727,0,0.35924598574638367
63,2,GSM331728,0,0.2195025086402893
63,2,GSM331730,0,0.3878174424171448
63,2,GSM331380,1,0.7105997800827026
63,2,GSM331383,1,0.6757981181144714
63,2,GSM331386,1,0.24817286431789398
63,2,GSM331389,1,0.6177543997764587
63,2,GSM331390,1,0.19311405718326569
63,2,GSM331391,1,0.6943296194076538
63,2,GSM331397,1,0.2522059381008148
63,2,GSM331400,1,0.3996635973453522
63,2,GSM331402,1,0.3935675621032715
63,2,GSM331405,1,0.15794406831264496
63,2,GSM331406,1,0.7598773837089539
63,2,GSM331407,1,0.6077414751052856
63,2,GSM331408,1,0.473514199256897
63,2,GSM331409,1,0.6870051026344299
63,2,GSM331410,1,0.29512497782707214
63,2,GSM331412,1,0.7694799304008484
63,2,GSM331413,1,0.25307685136795044
63,2,GSM331416,1,0.6448109149932861
63,2,GSM331417,1,0.7996337413787842
63,2,GSM331420,1,0.6749035716056824
63,2,GSM331421,1,0.8424316048622131
63,2,GSM331422,1,0.45553284883499146
63,2,GSM331426,1,0.40836048126220703
63,2,GSM331427,1,0.3723521828651428
63,2,GSM331428,1,0.24156418442726135
63,2,GSM331436,1,0.3773530423641205
63,2,GSM331438,1,0.5521321892738342
63,2,GSM331439,1,0.5678229331970215
63,2,GSM331441,1,0.652477502822876
63,2,GSM331442,1,0.44907692074775696
63,2,GSM331446,1,0.20987306535243988
63,2,GSM331447,1,0.5548728704452515
63,2,GSM331450,1,0.12285042554140091
64,1,GSM331660,0,0.43964770436286926
64,1,GSM331664,0,0.4950919449329376
64,1,GSM331666,0,0.27299070358276367
64,1,GSM331671,0,0.6642466187477112
64,1,GSM331672,0,0.5122069120407104
64,1,GSM331673,0,0.5413130521774292
64,1,GSM331676,0,0.6518791913986206
64,1,GSM331679,0,0.4894104599952698
64,1,GSM331680,0,0.6321178078651428
64,1,GSM331681,0,0.6157834529876709
64,1,GSM331682,0,0.39582228660583496
64,1,GSM331684,0,0.19762174785137177
64,1,GSM331685,0,0.6112273931503296
64,1,GSM331686,0,0.36869391798973083
64,1,GSM331688,0,0.7746054530143738
64,1,GSM331690,0,0.4495082199573517
64,1,GSM331691,0,0.46313005685806274
64,1,GSM331698,0,0.06825396418571472
64,1,GSM331699,0,0.17170175909996033
64,1,GSM331700,0,0.3319655954837799
64,1,GSM331703,0,0.20206868648529053
64,1,GSM331704,0,0.3288203179836273
64,1,GSM331706,0,0.4720431864261627
64,1,GSM331707,0,0.15179170668125153
64,1,GSM331711,0,0.8428971767425537
64,1,GSM331712,0,0.3290010988712311
64,1,GSM331713,0,0.2558298110961914
64,1,GSM331714,0,0.8941008448600769
64,1,GSM331719,0,0.18593080341815948
64,1,GSM331721,0,0.5879223346710205
64,1,GSM331722,0,0.7142371535301208
64,1,GSM331723,0,0.26365751028060913
64,1,GSM331724,0,0.2259337455034256
64,1,GSM331726,0,0.1233706921339035
64,1,GSM331727,0,0.5932378768920898
64,1,GSM331728,0,0.32593438029289246
64,1,GSM331729,0,0.20802755653858185
64,1,GSM331377,1,0.7198753952980042
64,1,GSM331382,1,0.5654710531234741
64,1,GSM331383,1,0.7030951380729675
64,1,GSM331384,1,0.6788544654846191
64,1,GSM331386,1,0.5530758500099182
64,1,GSM331387,1,0.7519358992576599
64,1,GSM331388,1,0.8127511143684387
64,1,GSM331389,1,0.7796801924705505
64,1,GSM331390,1,0.36628374457359314
64,1,GSM331395,1,0.5711135268211365
64,1,GSM331399,1,0.6412621736526489
64,1,GSM331401,1,0.2777349352836609
64,1,GSM331402,1,0.605582058429718
64,1,GSM331405,1,0.1886235773563385
64,1,GSM331406,1,0.8323158025741577
64,1,GSM331407,1,0.3119613230228424
64,1,GSM331408,1,0.5150352120399475
64,1,GSM331409,1,0.48212894797325134
64,1,GSM331411,1,0.6880439519882202
64,1,GSM331412,1,0.7952191233634949
64,1,GSM331416,1,0.5233901143074036
64,1,GSM331419,1,0.34504735469818115
64,1,GSM331425,1,0.5629042983055115
64,1,GSM331426,1,0.42537182569503784
64,1,GSM331431,1,0.6335059404373169
64,1,GSM331434,1,0.7514845132827759
64,1,GSM331436,1,0.17520783841609955
64,1,GSM331438,1,0.7070167064666748
64,1,GSM331444,1,0.4188556969165802
64,1,GSM331445,1,0.24155622720718384
64,1,GSM331446,1,0.3574249744415283
64,1,GSM331448,1,0.5508366227149963
64,1,GSM331452,1,0.9257159233093262
64,2,GSM331638,0,0.3705568313598633
64,2,GSM331661,0,0.3929935395717621
64,2,GSM331662,0,0.793673038482666
64,2,GSM331663,0,0.1652183085680008
64,2,GSM331665,0,0.4011995792388916
64,2,GSM331668,0,0.5793944001197815
64,2,GSM331669,0,0.4436536729335785
64,2,GSM331670,0,0.4336516559123993
64,2,GSM331674,0,0.6741103529930115
64,2,GSM331675,0,0.16516843438148499
64,2,GSM331677,0,0.19008119404315948
64,2,GSM331678,0,0.4018772840499878
64,2,GSM331683,0,0.9471912384033203
64,2,GSM331687,0,0.2650246322154999
64,2,GSM331689,0,0.6422441005706787
64,2,GSM331692,0,0.2894505560398102
64,2,GSM331693,0,0.3205651640892029
64,2,GSM331694,0,0.573942244052887
64,2,GSM331695,0,0.30893513560295105
64,2,GSM331696,0,0.4380437731742859
64,2,GSM331697,0,0.1712649166584015
64,2,GSM331701,0,0.22566130757331848
64,2,GSM331702,0,0.23486417531967163
64,2,GSM331705,0,0.2682953476905823
64,2,GSM331708,0,0.4250124990940094
64,2,GSM331709,0,0.46569961309432983
64,2,GSM331710,0,0.39996808767318726
64,2,GSM331715,0,0.12422806024551392
64,2,GSM331716,0,0.6355042457580566
64,2,GSM331717,0,0.5122893452644348
64,2,GSM331718,0,0.7085058093070984
64,2,GSM331720,0,0.6576946973800659
64,2,GSM331725,0,0.48527973890304565
64,2,GSM331730,0,0.3200794756412506
64,2,GSM331731,0,0.7012409567832947
64,2,GSM331732,0,0.4675755202770233
64,2,GSM331378,1,0.677170991897583
64,2,GSM331379,1,0.28854241967201233
64,2,GSM331380,1,0.8663962483406067
64,2,GSM331381,1,0.5586959719657898
64,2,GSM331385,1,0.5383895039558411
64,2,GSM331391,1,0.5604277849197388
64,2,GSM331393,1,0.7639562487602234
64,2,GSM331396,1,0.7671247124671936
64,2,GSM331397,1,0.47231951355934143
64,2,GSM331400,1,0.7932347059249878
64,2,GSM331403,1,0.8572705984115601
64,2,GSM331404,1,0.7712656259536743
64,2,GSM331410,1,0.2804652452468872
64,2,GSM331413,1,0.14842990040779114
64,2,GSM331414,1,0.7746024131774902
64,2,GSM331417,1,0.6519795656204224
64,2,GSM331418,1,0.936335027217865
64,2,GSM331420,1,0.7886633276939392
64,2,GSM331421,1,0.796413779258728
64,2,GSM331422,1,0.7914204597473145
64,2,GSM331424,1,0.6646900773048401
64,2,GSM331427,1,0.6728606820106506
64,2,GSM331428,1,0.40944206714630127
64,2,GSM331429,1,0.7345608472824097
64,2,GSM331430,1,0.6009481549263
64,2,GSM331432,1,0.43361330032348633
64,2,GSM331439,1,0.7458434700965881
64,2,GSM331440,1,0.7772242426872253
64,2,GSM331441,1,0.9069666862487793
64,2,GSM331442,1,0.5662118196487427
64,2,GSM331443,1,0.707607090473175
64,2,GSM331447,1,0.8643955588340759
64,2,GSM331450,1,0.368019163608551
65,1,GSM331661,0,0.7684212923049927
65,1,GSM331666,0,0.20975561439990997
65,1,GSM331668,0,0.7841960191726685
65,1,GSM331669,0,0.9144954085350037
65,1,GSM331670,0,0.6767176389694214
65,1,GSM331671,0,0.7517766356468201
65,1,GSM331672,0,0.855363130569458
65,1,GSM331673,0,0.4052909314632416
65,1,GSM331674,0,0.8221176862716675
65,1,GSM331676,0,0.8592769503593445
65,1,GSM331681,0,0.8336937427520752
65,1,GSM331688,0,0.7147586941719055
65,1,GSM331689,0,0.5198043584823608
65,1,GSM331691,0,0.5261622071266174
65,1,GSM331692,0,0.5180158615112305
65,1,GSM331693,0,0.5379219055175781
65,1,GSM331694,0,0.4497176706790924
65,1,GSM331695,0,0.39608034491539
65,1,GSM331697,0,0.4110754430294037
65,1,GSM331699,0,0.6020677089691162
65,1,GSM331701,0,0.3149488568305969
65,1,GSM331702,0,0.7597723007202148
65,1,GSM331703,0,0.6784393787384033
65,1,GSM331704,0,0.8486170172691345
65,1,GSM331707,0,0.6487488746643066
65,1,GSM331710,0,0.4559818208217621
65,1,GSM331711,0,0.6295347213745117
65,1,GSM331712,0,0.7921207547187805
65,1,GSM331715,0,0.4356279969215393
65,1,GSM331716,0,0.9732562899589539
65,1,GSM331717,0,0.8648430705070496
65,1,GSM331723,0,0.862122654914856
65,1,GSM331724,0,0.37956973910331726
65,1,GSM331725,0,0.6502343416213989
65,1,GSM331726,0,0.22276826202869415
65,1,GSM331728,0,0.28964272141456604
65,1,GSM331732,0,0.803950309753418
65,1,GSM331377,1,0.7409809231758118
65,1,GSM331378,1,0.7498093843460083
65,1,GSM331379,1,0.2845744490623474
65,1,GSM331381,1,0.7333633899688721
65,1,GSM331387,1,0.4441617727279663
65,1,GSM331390,1,0.4522291421890259
65,1,GSM331391,1,0.7282150983810425
65,1,GSM331393,1,0.5777905583381653
65,1,GSM331399,1,0.6022714972496033
65,1,GSM331402,1,0.5606783628463745
65,1,GSM331403,1,0.8383217453956604
65,1,GSM331405,1,0.15325826406478882
65,1,GSM331409,1,0.48883509635925293
65,1,GSM331412,1,0.7662808895111084
65,1,GSM331416,1,0.46773895621299744
65,1,GSM331418,1,0.93856281042099
65,1,GSM331419,1,0.42631691694259644
65,1,GSM331421,1,0.7004989981651306
65,1,GSM331424,1,0.2377488911151886
65,1,GSM331425,1,0.35989251732826233
65,1,GSM331426,1,0.5723445415496826
65,1,GSM331427,1,0.8278069496154785
65,1,GSM331429,1,0.781578779220581
65,1,GSM331431,1,0.8243362307548523
65,1,GSM331432,1,0.5302444100379944
65,1,GSM331434,1,0.7231714129447937
65,1,GSM331438,1,0.7248716354370117
65,1,GSM331439,1,0.8059791326522827
65,1,GSM331443,1,0.3894904553890228
65,1,GSM331444,1,0.5967822074890137
65,1,GSM331445,1,0.40780535340309143
65,1,GSM331446,1,0.24846406280994415
65,1,GSM331448,1,0.846070408821106
65,2,GSM331638,0,0.3798940181732178
65,2,GSM331660,0,0.14166530966758728
65,2,GSM331662,0,0.29021263122558594
65,2,GSM331663,0,0.200397789478302
65,2,GSM331664,0,0.20017966628074646
65,2,GSM331665,0,0.3263360261917114
65,2,GSM331675,0,0.1448344737291336
65,2,GSM331677,0,0.23653019964694977
65,2,GSM331678,0,0.06983546167612076
65,2,GSM331679,0,0.3489778935909271
65,2,GSM331680,0,0.18896818161010742
65,2,GSM331682,0,0.48913517594337463
65,2,GSM331683,0,0.6625593304634094
65,2,GSM331684,0,0.19070586562156677
65,2,GSM331685,0,0.06433044373989105
65,2,GSM331686,0,0.7680255174636841
65,2,GSM331687,0,0.20529885590076447
65,2,GSM331690,0,0.33182820677757263
65,2,GSM331696,0,0.2702767550945282
65,2,GSM331698,0,0.1659146100282669
65,2,GSM331700,0,0.12957607209682465
65,2,GSM331705,0,0.3096296489238739
65,2,GSM331706,0,0.8491404056549072
65,2,GSM331708,0,0.2917234003543854
65,2,GSM331709,0,0.41835764050483704
65,2,GSM331713,0,0.1954919695854187
65,2,GSM331714,0,0.5254212021827698
65,2,GSM331718,0,0.45827561616897583
65,2,GSM331719,0,0.17947553098201752
65,2,GSM331720,0,0.07428086549043655
65,2,GSM331721,0,0.7866337895393372
65,2,GSM331722,0,0.24771670997142792
65,2,GSM331727,0,0.344627320766449
65,2,GSM331729,0,0.05745861306786537
65,2,GSM331730,0,0.4306198060512543
65,2,GSM331731,0,0.5886688828468323
65,2,GSM331380,1,0.5681614279747009
65,2,GSM331382,1,0.15375588834285736
65,2,GSM331383,1,0.47057798504829407
65,2,GSM331384,1,0.46445468068122864
65,2,GSM331385,1,0.5725318193435669
65,2,GSM331386,1,0.5458491444587708
65,2,GSM331388,1,0.5274049043655396
65,2,GSM331389,1,0.3274432122707367
65,2,GSM331395,1,0.3147519528865814
65,2,GSM331396,1,0.2201661914587021
65,2,GSM331397,1,0.20348481833934784
65,2,GSM331400,1,0.33269959688186646
65,2,GSM331401,1,0.3726000487804413
65,2,GSM331404,1,0.5699358582496643
65,2,GSM331406,1,0.4665728807449341
65,2,GSM331407,1,0.3457340896129608
65,2,GSM331408,1,0.38445037603378296
65,2,GSM331410,1,0.15395180881023407
65,2,GSM331411,1,0.37503620982170105
65,2,GSM331413,1,0.09485596418380737
65,2,GSM331414,1,0.41648930311203003
65,2,GSM331417,1,0.43562746047973633
65,2,GSM331420,1,0.4398837685585022
65,2,GSM331422,1,0.4280622899532318
65,2,GSM331428,1,0.08766910433769226
65,2,GSM331430,1,0.24748188257217407
65,2,GSM331436,1,0.36948105692863464
65,2,GSM331440,1,0.29470908641815186
65,2,GSM331441,1,0.547415018081665
65,2,GSM331442,1,0.5329948663711548
65,2,GSM331447,1,0.5483608245849609
65,2,GSM331450,1,0.32113948464393616
65,2,GSM331452,1,0.5175195932388306
66,1,GSM331660,0,0.4094613790512085
66,1,GSM331663,0,0.3395867645740509
66,1,GSM331665,0,0.7167024612426758
66,1,GSM331668,0,0.32041484117507935
66,1,GSM331673,0,0.7299736142158508
66,1,GSM331674,0,0.7495793104171753
66,1,GSM331676,0,0.6758145689964294
66,1,GSM331679,0,0.6263216137886047
66,1,GSM331680,0,0.6539513468742371
66,1,GSM331681,0,0.48171499371528625
66,1,GSM331683,0,0.8712215423583984
66,1,GSM331684,0,0.3566400110721588
66,1,GSM331685,0,0.525126039981842
66,1,GSM331686,0,0.6911532282829285
66,1,GSM331687,0,0.34919917583465576
66,1,GSM331689,0,0.33087438344955444
66,1,GSM331691,0,0.6874482035636902
66,1,GSM331694,0,0.5006653070449829
66,1,GSM331698,0,0.20228725671768188
66,1,GSM331699,0,0.41093045473098755
66,1,GSM331702,0,0.6324180364608765
66,1,GSM331705,0,0.411065012216568
66,1,GSM331708,0,0.42540809512138367
66,1,GSM331709,0,0.3784219026565552
66,1,GSM331712,0,0.4796934425830841
66,1,GSM331714,0,0.6518431901931763
66,1,GSM331715,0,0.2999381422996521
66,1,GSM331716,0,0.7595996260643005
66,1,GSM331717,0,0.7628199458122253
66,1,GSM331720,0,0.6402519941329956
66,1,GSM331721,0,0.6476238369941711
66,1,GSM331722,0,0.5776761770248413
66,1,GSM331723,0,0.5184571743011475
66,1,GSM331724,0,0.3607165813446045
66,1,GSM331726,0,0.22802378237247467
66,1,GSM331727,0,0.4760724604129791
66,1,GSM331731,0,0.5703566670417786
66,1,GSM331380,1,0.6613616347312927
66,1,GSM331381,1,0.4100272059440613
66,1,GSM331382,1,0.37658360600471497
66,1,GSM331383,1,0.47305721044540405
66,1,GSM331384,1,0.5715271234512329
66,1,GSM331387,1,0.6373007893562317
66,1,GSM331388,1,0.6466206312179565
66,1,GSM331395,1,0.3904341161251068
66,1,GSM331400,1,0.4986170828342438
66,1,GSM331401,1,0.6119800806045532
66,1,GSM331403,1,0.6553469300270081
66,1,GSM331404,1,0.6513502597808838
66,1,GSM331405,1,0.5140886902809143
66,1,GSM331406,1,0.6341044902801514
66,1,GSM331407,1,0.5561808943748474
66,1,GSM331408,1,0.39309194684028625
66,1,GSM331411,1,0.5318463444709778
66,1,GSM331412,1,0.6565601825714111
66,1,GSM331413,1,0.2373804748058319
66,1,GSM331414,1,0.6566068530082703
66,1,GSM331418,1,0.8332785964012146
66,1,GSM331419,1,0.6076528429985046
66,1,GSM331422,1,0.8179486989974976
66,1,GSM331424,1,0.5465125441551208
66,1,GSM331427,1,0.754814088344574
66,1,GSM331429,1,0.6334858536720276
66,1,GSM331432,1,0.3196673095226288
66,1,GSM331436,1,0.25553473830223083
66,1,GSM331438,1,0.4787770211696625
66,1,GSM331439,1,0.6635375022888184
66,1,GSM331440,1,0.5307890176773071
66,1,GSM331443,1,0.549091100692749
66,1,GSM331450,1,0.6889744997024536
66,2,GSM331638,0,0.1767289936542511
66,2,GSM331661,0,0.5465957522392273
66,2,GSM331662,0,0.22109970450401306
66,2,GSM331664,0,0.1418834626674652
66,2,GSM331666,0,0.3174601197242737
66,2,GSM331669,0,0.5739710927009583
66,2,GSM331670,0,0.3056260943412781
66,2,GSM331671,0,0.5798283219337463
66,2,GSM331672,0,0.7173115015029907
66,2,GSM331675,0,0.43255120515823364
66,2,GSM331677,0,0.2805142402648926
66,2,GSM331678,0,0.2297091782093048
66,2,GSM331682,0,0.4607809782028198
66,2,GSM331688,0,0.4919781982898712
66,2,GSM331690,0,0.7004977464675903
66,2,GSM331692,0,0.3607834279537201
66,2,GSM331693,0,0.39564213156700134
66,2,GSM331695,0,0.3187105059623718
66,2,GSM331696,0,0.21653640270233154
66,2,GSM331697,0,0.18749235570430756
66,2,GSM331700,0,0.25682640075683594
66,2,GSM331701,0,0.18961438536643982
66,2,GSM331703,0,0.3279901444911957
66,2,GSM331704,0,0.5010703206062317
66,2,GSM331706,0,0.49530258774757385
66,2,GSM331707,0,0.3561645448207855
66,2,GSM331710,0,0.4772097170352936
66,2,GSM331711,0,0.6243305802345276
66,2,GSM331713,0,0.41570162773132324
66,2,GSM331718,0,0.4765962064266205
66,2,GSM331719,0,0.2999823987483978
66,2,GSM331725,0,0.49687880277633667
66,2,GSM331728,0,0.19701093435287476
66,2,GSM331729,0,0.16652917861938477
66,2,GSM331730,0,0.451104998588562
66,2,GSM331732,0,0.4796479642391205
66,2,GSM331377,1,0.3892354667186737
66,2,GSM331378,1,0.532148003578186
66,2,GSM331379,1,0.5691925287246704
66,2,GSM331385,1,0.2933686375617981
66,2,GSM331386,1,0.34620893001556396
66,2,GSM331389,1,0.45869335532188416
66,2,GSM331390,1,0.288288950920105
66,2,GSM331391,1,0.6030065417289734
66,2,GSM331393,1,0.57181715965271
66,2,GSM331396,1,0.48815882205963135
66,2,GSM331397,1,0.24426376819610596
66,2,GSM331399,1,0.5065536499023438
66,2,GSM331402,1,0.7132773399353027
66,2,GSM331409,1,0.6359460353851318
66,2,GSM331410,1,0.4628051519393921
66,2,GSM331416,1,0.5472437739372253
66,2,GSM331417,1,0.6371427178382874
66,2,GSM331420,1,0.5210447907447815
66,2,GSM331421,1,0.6518914103507996
66,2,GSM331425,1,0.6576038599014282
66,2,GSM331426,1,0.6124272346496582
66,2,GSM331428,1,0.16171978414058685
66,2,GSM331430,1,0.21610137820243835
66,2,GSM331431,1,0.3919307589530945
66,2,GSM331434,1,0.3939090371131897
66,2,GSM331441,1,0.5632781386375427
66,2,GSM331442,1,0.44145047664642334
66,2,GSM331444,1,0.7329381704330444
66,2,GSM331445,1,0.39500099420547485
66,2,GSM331446,1,0.19652383029460907
66,2,GSM331447,1,0.7004733085632324
66,2,GSM331448,1,0.6513545513153076
66,2,GSM331452,1,0.7150562405586243
67,1,GSM331638,0,0.6283463835716248
67,1,GSM331663,0,0.5101749897003174
67,1,GSM331664,0,0.489889532327652
67,1,GSM331665,0,0.5547699928283691
67,1,GSM331666,0,0.3335925042629242
67,1,GSM331668,0,0.6840906739234924
67,1,GSM331669,0,0.8696549534797668
67,1,GSM331674,0,0.7839512228965759
67,1,GSM331675,0,0.3187714219093323
67,1,GSM331677,0,0.5075289011001587
67,1,GSM331678,0,0.29315388202667236
67,1,GSM331680,0,0.45373886823654175
67,1,GSM331683,0,0.788493275642395
67,1,GSM331684,0,0.403530478477478
67,1,GSM331685,0,0.19409283995628357
67,1,GSM331688,0,0.7394879460334778
67,1,GSM331689,0,0.5819628834724426
67,1,GSM331690,0,0.6342690587043762
67,1,GSM331693,0,0.5156223773956299
67,1,GSM331695,0,0.4230375587940216
67,1,GSM331696,0,0.5640521049499512
67,1,GSM331698,0,0.3146468698978424
67,1,GSM331699,0,0.5191643834114075
67,1,GSM331700,0,0.3325604498386383
67,1,GSM331702,0,0.6622551083564758
67,1,GSM331704,0,0.7657837867736816
67,1,GSM331705,0,0.6057841181755066
67,1,GSM331710,0,0.5174736976623535
67,1,GSM331711,0,0.6839989423751831
67,1,GSM331714,0,0.7837135791778564
67,1,GSM331716,0,0.9612014889717102
67,1,GSM331720,0,0.27943331003189087
67,1,GSM331721,0,0.881421685218811
67,1,GSM331727,0,0.4550340473651886
67,1,GSM331729,0,0.2163192182779312
67,1,GSM331730,0,0.6317868232727051
67,1,GSM331731,0,0.6958185434341431
67,1,GSM331378,1,0.6966930627822876
67,1,GSM331380,1,0.7796483635902405
67,1,GSM331382,1,0.37507039308547974
67,1,GSM331387,1,0.678808867931366
67,1,GSM331388,1,0.7836104035377502
67,1,GSM331391,1,0.6499497890472412
67,1,GSM331393,1,0.6202750205993652
67,1,GSM331397,1,0.325448602437973
67,1,GSM331399,1,0.6076732277870178
67,1,GSM331400,1,0.6003101468086243
67,1,GSM331401,1,0.6519155502319336
67,1,GSM331404,1,0.7637776136398315
67,1,GSM331406,1,0.709382176399231
67,1,GSM331408,1,0.4663747549057007
67,1,GSM331409,1,0.4618028998374939
67,1,GSM331412,1,0.7442535758018494
67,1,GSM331416,1,0.6744942665100098
67,1,GSM331418,1,0.9194552898406982
67,1,GSM331420,1,0.677730917930603
67,1,GSM331422,1,0.6947545409202576
67,1,GSM331424,1,0.24528133869171143
67,1,GSM331425,1,0.44734951853752136
67,1,GSM331426,1,0.542574405670166
67,1,GSM331427,1,0.7161968946456909
67,1,GSM331430,1,0.36964714527130127
67,1,GSM331431,1,0.7361250519752502
67,1,GSM331436,1,0.4525024890899658
67,1,GSM331439,1,0.7777655720710754
67,1,GSM331443,1,0.3854159116744995
67,1,GSM331444,1,0.5737290382385254
67,1,GSM331445,1,0.3810475170612335
67,1,GSM331447,1,0.7872847318649292
67,1,GSM331448,1,0.8651548624038696
67,2,GSM331660,0,0.3082866370677948
67,2,GSM331661,0,0.579532265663147
67,2,GSM331662,0,0.41018375754356384
67,2,GSM331670,0,0.536288321018219
67,2,GSM331671,0,0.6418636441230774
67,2,GSM331672,0,0.5961857438087463
67,2,GSM331673,0,0.4717390835285187
67,2,GSM331676,0,0.597050130367279
67,2,GSM331679,0,0.44597604870796204
67,2,GSM331681,0,0.7281471490859985
67,2,GSM331682,0,0.5773994326591492
67,2,GSM331686,0,0.6990110278129578
67,2,GSM331687,0,0.1742856353521347
67,2,GSM331691,0,0.6377495527267456
67,2,GSM331692,0,0.4297531545162201
67,2,GSM331694,0,0.4971969723701477
67,2,GSM331697,0,0.30571112036705017
67,2,GSM331701,0,0.28155362606048584
67,2,GSM331703,0,0.38193368911743164
67,2,GSM331706,0,0.8413851857185364
67,2,GSM331707,0,0.40279868245124817
67,2,GSM331708,0,0.5265759825706482
67,2,GSM331709,0,0.4347234070301056
67,2,GSM331712,0,0.627621591091156
67,2,GSM331713,0,0.49870002269744873
67,2,GSM331715,0,0.31488752365112305
67,2,GSM331717,0,0.7065455317497253
67,2,GSM331718,0,0.574618935585022
67,2,GSM331719,0,0.34861794114112854
67,2,GSM331722,0,0.517646074295044
67,2,GSM331723,0,0.7183614373207092
67,2,GSM331724,0,0.34966203570365906
67,2,GSM331725,0,0.5462719798088074
67,2,GSM331726,0,0.18668599426746368
67,2,GSM331728,0,0.24468961358070374
67,2,GSM331732,0,0.6012053489685059
67,2,GSM331377,1,0.6006625294685364
67,2,GSM331379,1,0.4007965624332428
67,2,GSM331381,1,0.440470814704895
67,2,GSM331383,1,0.5427047610282898
67,2,GSM331384,1,0.7933565378189087
67,2,GSM331385,1,0.6273931264877319
67,2,GSM331386,1,0.5771206617355347
67,2,GSM331389,1,0.5759755969047546
67,2,GSM331390,1,0.35917967557907104
67,2,GSM331395,1,0.4766644537448883
67,2,GSM331396,1,0.6018596291542053
67,2,GSM331402,1,0.6542070508003235
67,2,GSM331403,1,0.7224074006080627
67,2,GSM331405,1,0.28612056374549866
67,2,GSM331407,1,0.628110408782959
67,2,GSM331410,1,0.33140450716018677
67,2,GSM331411,1,0.5889047980308533
67,2,GSM331413,1,0.2927829325199127
67,2,GSM331414,1,0.5580020546913147
67,2,GSM331417,1,0.6348327994346619
67,2,GSM331419,1,0.49795883893966675
67,2,GSM331421,1,0.6536615490913391
67,2,GSM331428,1,0.18128366768360138
67,2,GSM331429,1,0.6600215435028076
67,2,GSM331432,1,0.5277979373931885
67,2,GSM331434,1,0.6249014139175415
67,2,GSM331438,1,0.6289989352226257
67,2,GSM331440,1,0.5232036113739014
67,2,GSM331441,1,0.6671556234359741
67,2,GSM331442,1,0.6481455564498901
67,2,GSM331446,1,0.29384857416152954
67,2,GSM331450,1,0.4561372399330139
67,2,GSM331452,1,0.7972109913825989
68,1,GSM331638,0,0.2800217568874359
68,1,GSM331660,0,0.3529878258705139
68,1,GSM331661,0,0.519361138343811
68,1,GSM331662,0,0.5243070721626282
68,1,GSM331663,0,0.2513469159603119
68,1,GSM331668,0,0.5561931133270264
68,1,GSM331669,0,0.7517080307006836
68,1,GSM331670,0,0.17470520734786987
68,1,GSM331671,0,0.6313137412071228
68,1,GSM331672,0,0.7006278038024902
68,1,GSM331674,0,0.7099120616912842
68,1,GSM331675,0,0.09798192977905273
68,1,GSM331680,0,0.2575313448905945
68,1,GSM331688,0,0.6698691844940186
68,1,GSM331689,0,0.3885059058666229
68,1,GSM331690,0,0.6022928357124329
68,1,GSM331691,0,0.6150839924812317
68,1,GSM331692,0,0.17530286312103271
68,1,GSM331694,0,0.16561470925807953
68,1,GSM331696,0,0.46231746673583984
68,1,GSM331699,0,0.27999308705329895
68,1,GSM331704,0,0.4198606014251709
68,1,GSM331705,0,0.3246728181838989
68,1,GSM331706,0,0.6809960603713989
68,1,GSM331708,0,0.3248557150363922
68,1,GSM331709,0,0.42445510625839233
68,1,GSM331711,0,0.8733502626419067
68,1,GSM331714,0,0.8416742086410522
68,1,GSM331716,0,0.880235493183136
68,1,GSM331717,0,0.6823368072509766
68,1,GSM331719,0,0.1560005247592926
68,1,GSM331721,0,0.7035103440284729
68,1,GSM331724,0,0.1383243352174759
68,1,GSM331727,0,0.3197677731513977
68,1,GSM331729,0,0.18988987803459167
68,1,GSM331730,0,0.5931678414344788
68,1,GSM331731,0,0.7108455896377563
68,1,GSM331377,1,0.6078674793243408
68,1,GSM331378,1,0.6489720344543457
68,1,GSM331380,1,0.8994951248168945
68,1,GSM331381,1,0.6904789805412292
68,1,GSM331384,1,0.42180392146110535
68,1,GSM331386,1,0.4548833668231964
68,1,GSM331389,1,0.7367656230926514
68,1,GSM331390,1,0.4484522044658661
68,1,GSM331393,1,0.7096313834190369
68,1,GSM331395,1,0.3769882917404175
68,1,GSM331396,1,0.47877565026283264
68,1,GSM331397,1,0.2247946560382843
68,1,GSM331399,1,0.6226358413696289
68,1,GSM331400,1,0.7988797426223755
68,1,GSM331401,1,0.4869202673435211
68,1,GSM331404,1,0.6903775334358215
68,1,GSM331409,1,0.41277015209198
68,1,GSM331413,1,0.10565654188394547
68,1,GSM331416,1,0.46706223487854004
68,1,GSM331417,1,0.566607654094696
68,1,GSM331418,1,0.9764630794525146
68,1,GSM331421,1,0.7039861679077148
68,1,GSM331422,1,0.853604257106781
68,1,GSM331424,1,0.1851128339767456
68,1,GSM331425,1,0.6070650219917297
68,1,GSM331426,1,0.6574749946594238
68,1,GSM331427,1,0.8887471556663513
68,1,GSM331429,1,0.9056294560432434
68,1,GSM331434,1,0.5006134510040283
68,1,GSM331443,1,0.28660857677459717
68,1,GSM331447,1,0.8621219396591187
68,1,GSM331448,1,0.9004274606704712
68,1,GSM331452,1,0.8254169225692749
68,2,GSM331664,0,0.23000437021255493
68,2,GSM331665,0,0.4974415600299835
68,2,GSM331666,0,0.15272413194179535
68,2,GSM331673,0,0.3621934652328491
68,2,GSM331676,0,0.5134681463241577
68,2,GSM331677,0,0.2014082372188568
68,2,GSM331678,0,0.15613970160484314
68,2,GSM331679,0,0.3932155668735504
68,2,GSM331681,0,0.5063889026641846
68,2,GSM331682,0,0.26159197092056274
68,2,GSM331683,0,0.8060463070869446
68,2,GSM331684,0,0.14942771196365356
68,2,GSM331685,0,0.31468138098716736
68,2,GSM331686,0,0.4316217601299286
68,2,GSM331687,0,0.2032327502965927
68,2,GSM331693,0,0.2505183219909668
68,2,GSM331695,0,0.2897014319896698
68,2,GSM331697,0,0.1491120308637619
68,2,GSM331698,0,0.11356931924819946
68,2,GSM331700,0,0.257849782705307
68,2,GSM331701,0,0.14385674893856049
68,2,GSM331702,0,0.2863469421863556
68,2,GSM331703,0,0.4394887685775757
68,2,GSM331707,0,0.23015467822551727
68,2,GSM331710,0,0.2486545741558075
68,2,GSM331712,0,0.43383198976516724
68,2,GSM331713,0,0.21166345477104187
68,2,GSM331715,0,0.15904921293258667
68,2,GSM331718,0,0.5887858271598816
68,2,GSM331720,0,0.2939271330833435
68,2,GSM331722,0,0.49733805656433105
68,2,GSM331723,0,0.3326147794723511
68,2,GSM331725,0,0.34843963384628296
68,2,GSM331726,0,0.09373392909765244
68,2,GSM331728,0,0.22786331176757812
68,2,GSM331732,0,0.28612080216407776
68,2,GSM331379,1,0.3380177617073059
68,2,GSM331382,1,0.3010488450527191
68,2,GSM331383,1,0.5980423092842102
68,2,GSM331385,1,0.3026515245437622
68,2,GSM331387,1,0.5954433679580688
68,2,GSM331388,1,0.8363165855407715
68,2,GSM331391,1,0.6100999116897583
68,2,GSM331402,1,0.7151123285293579
68,2,GSM331403,1,0.6975659728050232
68,2,GSM331405,1,0.206060528755188
68,2,GSM331406,1,0.579208254814148
68,2,GSM331407,1,0.49801790714263916
68,2,GSM331408,1,0.26116079092025757
68,2,GSM331410,1,0.2476584017276764
68,2,GSM331411,1,0.5851904153823853
68,2,GSM331412,1,0.7881606817245483
68,2,GSM331414,1,0.7180923819541931
68,2,GSM331419,1,0.5444196462631226
68,2,GSM331420,1,0.7654861211776733
68,2,GSM331428,1,0.18640388548374176
68,2,GSM331430,1,0.1993592083454132
68,2,GSM331431,1,0.6643819808959961
68,2,GSM331432,1,0.19596891105175018
68,2,GSM331436,1,0.22281323373317719
68,2,GSM331438,1,0.6300482749938965
68,2,GSM331439,1,0.7292802333831787
68,2,GSM331440,1,0.5622734427452087
68,2,GSM331441,1,0.8813685178756714
68,2,GSM331442,1,0.49102315306663513
68,2,GSM331444,1,0.6269998550415039
68,2,GSM331445,1,0.2689531743526459
68,2,GSM331446,1,0.2799937129020691
68,2,GSM331450,1,0.44520118832588196
69,1,GSM331638,0,0.34692832827568054
69,1,GSM331660,0,0.19500869512557983
69,1,GSM331663,0,0.1826980859041214
69,1,GSM331665,0,0.3382619619369507
69,1,GSM331668,0,0.5624389052391052
69,1,GSM331669,0,0.6865713596343994
69,1,GSM331670,0,0.3841087222099304
69,1,GSM331671,0,0.39570656418800354
69,1,GSM331674,0,0.20201340317726135
69,1,GSM331675,0,0.44389650225639343
69,1,GSM331676,0,0.6609712243080139
69,1,GSM331678,0,0.14840729534626007
69,1,GSM331680,0,0.4505598545074463
69,1,GSM331681,0,0.7972476482391357
69,1,GSM331682,0,0.7278403043746948
69,1,GSM331683,0,0.7296031713485718
69,1,GSM331684,0,0.3414335548877716
69,1,GSM331685,0,0.10948842763900757
69,1,GSM331687,0,0.3064858913421631
69,1,GSM331688,0,0.6677998304367065
69,1,GSM331691,0,0.5657373070716858
69,1,GSM331696,0,0.2605496346950531
69,1,GSM331699,0,0.1415463238954544
69,1,GSM331700,0,0.2612023949623108
69,1,GSM331705,0,0.5696241855621338
69,1,GSM331706,0,0.8623327016830444
69,1,GSM331709,0,0.29755404591560364
69,1,GSM331711,0,0.586436927318573
69,1,GSM331716,0,0.9378437995910645
69,1,GSM331718,0,0.3997628390789032
69,1,GSM331721,0,0.4750397801399231
69,1,GSM331724,0,0.3646848499774933
69,1,GSM331726,0,0.16378509998321533
69,1,GSM331727,0,0.2764649987220764
69,1,GSM331728,0,0.09433593600988388
69,1,GSM331731,0,0.6794112324714661
69,1,GSM331732,0,0.4709269106388092
69,1,GSM331377,1,0.568572998046875
69,1,GSM331378,1,0.7445552945137024
69,1,GSM331380,1,0.7082836031913757
69,1,GSM331381,1,0.5361643433570862
69,1,GSM331383,1,0.6044055819511414
69,1,GSM331384,1,0.6712197661399841
69,1,GSM331385,1,0.3975687325000763
69,1,GSM331387,1,0.3054017722606659
69,1,GSM331389,1,0.23130564391613007
69,1,GSM331390,1,0.5327431559562683
69,1,GSM331393,1,0.828594982624054
69,1,GSM331395,1,0.49239543080329895
69,1,GSM331396,1,0.5365896821022034
69,1,GSM331401,1,0.6181177496910095
69,1,GSM331404,1,0.5235154628753662
69,1,GSM331406,1,0.7139797806739807
69,1,GSM331409,1,0.5103137493133545
69,1,GSM331410,1,0.46017986536026
69,1,GSM331412,1,0.7595569491386414
69,1,GSM331413,1,0.20590108633041382
69,1,GSM331419,1,0.540679931640625
69,1,GSM331420,1,0.570227324962616
69,1,GSM331422,1,0.8170872926712036
69,1,GSM331424,1,0.1826820820569992
69,1,GSM331430,1,0.2833491861820221
69,1,GSM331431,1,0.500839114189148
69,1,GSM331438,1,0.5800957083702087
69,1,GSM331440,1,0.25943896174430847
69,1,GSM331441,1,0.5985497832298279
69,1,GSM331445,1,0.4823106825351715
69,1,GSM331447,1,0.7058646082878113
69,1,GSM331450,1,0.24686211347579956
69,1,GSM331452,1,0.7216141223907471
69,2,GSM331661,0,0.7698932886123657
69,2,GSM331662,0,0.22430488467216492
69,2,GSM331664,0,0.09111888706684113
69,2,GSM331666,0,0.16185931861400604
69,2,GSM331672,0,0.7918563485145569
69,2,GSM331673,0,0.505530834197998
69,2,GSM331677,0,0.23931606113910675
69,2,GSM331679,0,0.18515832722187042
69,2,GSM331686,0,0.8338902592658997
69,2,GSM331689,0,0.38158509135246277
69,2,GSM331690,0,0.6226667165756226
69,2,GSM331692,0,0.3256448805332184
69,2,GSM331693,0,0.7032037377357483
69,2,GSM331694,0,0.24955198168754578
69,2,GSM331695,0,0.3088740408420563
69,2,GSM331697,0,0.4447448253631592
69,2,GSM331698,0,0.23532678186893463
69,2,GSM331701,0,0.1643383949995041
69,2,GSM331702,0,0.7534589767456055
69,2,GSM331703,0,0.3618898391723633
69,2,GSM331704,0,0.715787947177887
69,2,GSM331707,0,0.12780702114105225
69,2,GSM331708,0,0.2531060576438904
69,2,GSM331710,0,0.5228663086891174
69,2,GSM331712,0,0.7466927170753479
69,2,GSM331713,0,0.30568304657936096
69,2,GSM331714,0,0.5803637504577637
69,2,GSM331715,0,0.21563711762428284
69,2,GSM331717,0,0.7921304106712341
69,2,GSM331719,0,0.4013126790523529
69,2,GSM331720,0,0.17589394748210907
69,2,GSM331722,0,0.26723551750183105
69,2,GSM331723,0,0.5792990326881409
69,2,GSM331725,0,0.3058745265007019
69,2,GSM331729,0,0.09948505461215973
69,2,GSM331730,0,0.532737135887146
69,2,GSM331379,1,0.4838540256023407
69,2,GSM331382,1,0.1825105845928192
69,2,GSM331386,1,0.4483354389667511
69,2,GSM331388,1,0.8039016723632812
69,2,GSM331391,1,0.6741257905960083
69,2,GSM331397,1,0.09142616391181946
69,2,GSM331399,1,0.5919598937034607
69,2,GSM331400,1,0.46827128529548645
69,2,GSM331402,1,0.4580329656600952
69,2,GSM331403,1,0.7493640184402466
69,2,GSM331405,1,0.08042978495359421
69,2,GSM331407,1,0.6858702898025513
69,2,GSM331408,1,0.2849474251270294
69,2,GSM331411,1,0.6947001218795776
69,2,GSM331414,1,0.5823765993118286
69,2,GSM331416,1,0.592762291431427
69,2,GSM331417,1,0.6290904879570007
69,2,GSM331418,1,0.8938223123550415
69,2,GSM331421,1,0.38755136728286743
69,2,GSM331425,1,0.5689321756362915
69,2,GSM331426,1,0.5330256223678589
69,2,GSM331427,1,0.7619457244873047
69,2,GSM331428,1,0.1465948075056076
69,2,GSM331429,1,0.5726168751716614
69,2,GSM331432,1,0.2618684768676758
69,2,GSM331434,1,0.5756178498268127
69,2,GSM331436,1,0.38718509674072266
69,2,GSM331439,1,0.3272159695625305
69,2,GSM331442,1,0.20285771787166595
69,2,GSM331443,1,0.27800458669662476
69,2,GSM331444,1,0.5378532409667969
69,2,GSM331446,1,0.2341935783624649
69,2,GSM331448,1,0.6696187853813171
70,1,GSM331661,0,0.5699889063835144
70,1,GSM331662,0,0.5943060517311096
70,1,GSM331663,0,0.15639129281044006
70,1,GSM331664,0,0.2947090268135071
70,1,GSM331666,0,0.2499028444290161
70,1,GSM331668,0,0.8428686261177063
70,1,GSM331670,0,0.49828144907951355
70,1,GSM331671,0,0.3099001348018646
70,1,GSM331672,0,0.5599167943000793
70,1,GSM331673,0,0.23907221853733063
70,1,GSM331678,0,0.08079338073730469
70,1,GSM331680,0,0.6480910181999207
70,1,GSM331684,0,0.2161499410867691
70,1,GSM331685,0,0.12871024012565613
70,1,GSM331686,0,0.5822755098342896
70,1,GSM331690,0,0.635517954826355
70,1,GSM331694,0,0.7569147944450378
70,1,GSM331696,0,0.3725941479206085
70,1,GSM331697,0,0.08150866627693176
70,1,GSM331699,0,0.2791929244995117
70,1,GSM331700,0,0.17187009751796722
70,1,GSM331709,0,0.20980888605117798
70,1,GSM331710,0,0.33598998188972473
70,1,GSM331714,0,0.825930655002594
70,1,GSM331715,0,0.17580752074718475
70,1,GSM331716,0,0.9601587057113647
70,1,GSM331717,0,0.7129332423210144
70,1,GSM331719,0,0.11777724325656891
70,1,GSM331720,0,0.3892045319080353
70,1,GSM331722,0,0.7436985373497009
70,1,GSM331723,0,0.9067317843437195
70,1,GSM331724,0,0.11826175451278687
70,1,GSM331725,0,0.31759849190711975
70,1,GSM331726,0,0.07891080528497696
70,1,GSM331729,0,0.1338738352060318
70,1,GSM331730,0,0.4441281855106354
70,1,GSM331731,0,0.7083605527877808
70,1,GSM331377,1,0.6478630304336548
70,1,GSM331378,1,0.7998279333114624
70,1,GSM331381,1,0.7671170830726624
70,1,GSM331383,1,0.7377225756645203
70,1,GSM331384,1,0.8617131114006042
70,1,GSM331386,1,0.4274884760379791
70,1,GSM331387,1,0.5198238492012024
70,1,GSM331388,1,0.7289045453071594
70,1,GSM331389,1,0.7770859003067017
70,1,GSM331393,1,0.512820303440094
70,1,GSM331395,1,0.69821697473526
70,1,GSM331396,1,0.6623249053955078
70,1,GSM331400,1,0.6298384666442871
70,1,GSM331401,1,0.6663739085197449
70,1,GSM331404,1,0.8212391138076782
70,1,GSM331405,1,0.14584428071975708
70,1,GSM331406,1,0.843553364276886
70,1,GSM331407,1,0.6630614995956421
70,1,GSM331410,1,0.29689303040504456
70,1,GSM331411,1,0.6403409838676453
70,1,GSM331412,1,0.8489206433296204
70,1,GSM331413,1,0.11290205270051956
70,1,GSM331414,1,0.6203169822692871
70,1,GSM331418,1,0.9195235371589661
70,1,GSM331420,1,0.7645878195762634
70,1,GSM331422,1,0.5422326326370239
70,1,GSM331430,1,0.11414745450019836
70,1,GSM331436,1,0.5262207388877869
70,1,GSM331438,1,0.6465431451797485
70,1,GSM331440,1,0.4042542278766632
70,1,GSM331441,1,0.8311819434165955
70,1,GSM331448,1,0.26703816652297974
70,1,GSM331450,1,0.20985399186611176
70,2,GSM331638,0,0.5656965374946594
70,2,GSM331660,0,0.11245263367891312
70,2,GSM331665,0,0.5749567747116089
70,2,GSM331669,0,0.9054107666015625
70,2,GSM331674,0,0.5588955283164978
70,2,GSM331675,0,0.18479293584823608
70,2,GSM331676,0,0.7451645731925964
70,2,GSM331677,0,0.1707106977701187
70,2,GSM331679,0,0.5058255791664124
70,2,GSM331681,0,0.8568136096000671
70,2,GSM331682,0,0.7665800452232361
70,2,GSM331683,0,0.8373481035232544
70,2,GSM331687,0,0.2820534408092499
70,2,GSM331688,0,0.7019443511962891
70,2,GSM331689,0,0.6585596203804016
70,2,GSM331691,0,0.6508200168609619
70,2,GSM331692,0,0.5006939768791199
70,2,GSM331693,0,0.7428225874900818
70,2,GSM331695,0,0.2479284703731537
70,2,GSM331698,0,0.1627093404531479
70,2,GSM331701,0,0.24411720037460327
70,2,GSM331702,0,0.6846559643745422
70,2,GSM331703,0,0.5209829807281494
70,2,GSM331704,0,0.8755870461463928
70,2,GSM331705,0,0.5055420398712158
70,2,GSM331706,0,0.9795188307762146
70,2,GSM331707,0,0.275452584028244
70,2,GSM331708,0,0.5211887359619141
70,2,GSM331711,0,0.708523154258728
70,2,GSM331712,0,0.7975173592567444
70,2,GSM331713,0,0.29070019721984863
70,2,GSM331718,0,0.683408796787262
70,2,GSM331721,0,0.9138166904449463
70,2,GSM331727,0,0.44650837779045105
70,2,GSM331728,0,0.0952710211277008
70,2,GSM331732,0,0.590518593788147
70,2,GSM331379,1,0.40140944719314575
70,2,GSM331380,1,0.8604600429534912
70,2,GSM331382,1,0.40003934502601624
70,2,GSM331385,1,0.4776919186115265
70,2,GSM331390,1,0.31954577565193176
70,2,GSM331391,1,0.6550967693328857
70,2,GSM331397,1,0.2448965460062027
70,2,GSM331399,1,0.6599482297897339
70,2,GSM331402,1,0.623339056968689
70,2,GSM331403,1,0.9354376196861267
70,2,GSM331408,1,0.6939195990562439
70,2,GSM331409,1,0.5040830373764038
70,2,GSM331416,1,0.5821495056152344
70,2,GSM331417,1,0.7496160268783569
70,2,GSM331419,1,0.395685613155365
70,2,GSM331421,1,0.7475609183311462
70,2,GSM331424,1,0.2538205087184906
70,2,GSM331425,1,0.5535132884979248
70,2,GSM331426,1,0.5736669301986694
70,2,GSM331427,1,0.6645830273628235
70,2,GSM331428,1,0.15265944600105286
70,2,GSM331429,1,0.8031649589538574
70,2,GSM331431,1,0.6918631792068481
70,2,GSM331432,1,0.25127819180488586
70,2,GSM331434,1,0.7803244590759277
70,2,GSM331439,1,0.6721104383468628
70,2,GSM331442,1,0.5167099237442017
70,2,GSM331443,1,0.30598267912864685
70,2,GSM331444,1,0.6537421941757202
70,2,GSM331445,1,0.46177706122398376
70,2,GSM331446,1,0.14847655594348907
70,2,GSM331447,1,0.8380147218704224
70,2,GSM331452,1,0.9270695447921753
71,1,GSM331638,0,0.33624857664108276
71,1,GSM331662,0,0.673777163028717
71,1,GSM331664,0,0.5558738112449646
71,1,GSM331665,0,0.48083803057670593
71,1,GSM331666,0,0.23930972814559937
71,1,GSM331668,0,0.709896981716156
71,1,GSM331670,0,0.5078887939453125
71,1,GSM331671,0,0.8168893456459045
71,1,GSM331676,0,0.5237600803375244
71,1,GSM331680,0,0.3618803918361664
71,1,GSM331681,0,0.7077045440673828
71,1,GSM331683,0,0.8991566300392151
71,1,GSM331685,0,0.17846599221229553
71,1,GSM331688,0,0.5717847943305969
71,1,GSM331690,0,0.49265405535697937
71,1,GSM331691,0,0.6890712976455688
71,1,GSM331692,0,0.16722683608531952
71,1,GSM331695,0,0.2829166650772095
71,1,GSM331700,0,0.18940752744674683
71,1,GSM331701,0,0.075252003967762
71,1,GSM331702,0,0.5592647194862366
71,1,GSM331703,0,0.2979939877986908
71,1,GSM331704,0,0.4688904583454132
71,1,GSM331705,0,0.2710689902305603
71,1,GSM331706,0,0.8274762034416199
71,1,GSM331708,0,0.6895272731781006
71,1,GSM331711,0,0.65264493227005
71,1,GSM331712,0,0.4753325581550598
71,1,GSM331714,0,0.8138396143913269
71,1,GSM331715,0,0.06924130022525787
71,1,GSM331718,0,0.7028487920761108
71,1,GSM331719,0,0.12033770233392715
71,1,GSM331720,0,0.30495962500572205
71,1,GSM331721,0,0.8572957515716553
71,1,GSM331722,0,0.6157114505767822
71,1,GSM331728,0,0.07517918199300766
71,1,GSM331731,0,0.6167700886726379
71,1,GSM331378,1,0.5775144100189209
71,1,GSM331379,1,0.24210159480571747
71,1,GSM331380,1,0.8870838284492493
71,1,GSM331381,1,0.3961509168148041
71,1,GSM331385,1,0.5015389323234558
71,1,GSM331386,1,0.4401267170906067
71,1,GSM331387,1,0.3692193627357483
71,1,GSM331390,1,0.3216075003147125
71,1,GSM331393,1,0.4200955927371979
71,1,GSM331399,1,0.6751657128334045
71,1,GSM331407,1,0.3221353590488434
71,1,GSM331408,1,0.4887213110923767
71,1,GSM331411,1,0.6572969555854797
71,1,GSM331412,1,0.7385431528091431
71,1,GSM331413,1,0.020251478999853134
71,1,GSM331416,1,0.4913904070854187
71,1,GSM331418,1,0.9007914066314697
71,1,GSM331419,1,0.21975015103816986
71,1,GSM331420,1,0.6755769848823547
71,1,GSM331421,1,0.7820086479187012
71,1,GSM331422,1,0.5557460188865662
71,1,GSM331424,1,0.4781270921230316
71,1,GSM331425,1,0.5609199404716492
71,1,GSM331428,1,0.09711194038391113
71,1,GSM331429,1,0.6565413475036621
71,1,GSM331431,1,0.6291030049324036
71,1,GSM331434,1,0.774095356464386
71,1,GSM331438,1,0.672244131565094
71,1,GSM331442,1,0.5155879855155945
71,1,GSM331445,1,0.317598432302475
71,1,GSM331446,1,0.12986859679222107
71,1,GSM331448,1,0.6565359234809875
71,1,GSM331450,1,0.39825260639190674
71,2,GSM331660,0,0.18508249521255493
71,2,GSM331661,0,0.6696352958679199
71,2,GSM331663,0,0.19521979987621307
71,2,GSM331669,0,0.8523572683334351
71,2,GSM331672,0,0.6059161424636841
71,2,GSM331673,0,0.342446506023407
71,2,GSM331674,0,0.5870686173439026
71,2,GSM331675,0,0.19408436119556427
71,2,GSM331677,0,0.13242769241333008
71,2,GSM331678,0,0.07900521159172058
71,2,GSM331679,0,0.6118938326835632
71,2,GSM331682,0,0.6290199756622314
71,2,GSM331684,0,0.2803822457790375
71,2,GSM331686,0,0.7773396372795105
71,2,GSM331687,0,0.24498514831066132
71,2,GSM331689,0,0.4212605953216553
71,2,GSM331693,0,0.29616445302963257
71,2,GSM331694,0,0.44731006026268005
71,2,GSM331696,0,0.30908671021461487
71,2,GSM331697,0,0.19650325179100037
71,2,GSM331698,0,0.07866324484348297
71,2,GSM331699,0,0.3535287082195282
71,2,GSM331707,0,0.4938454031944275
71,2,GSM331709,0,0.2665826976299286
71,2,GSM331710,0,0.27325865626335144
71,2,GSM331713,0,0.400762140750885
71,2,GSM331716,0,0.9328168034553528
71,2,GSM331717,0,0.8024386167526245
71,2,GSM331723,0,0.6862724423408508
71,2,GSM331724,0,0.2273193597793579
71,2,GSM331725,0,0.5879058837890625
71,2,GSM331726,0,0.0704350620508194
71,2,GSM331727,0,0.4968774914741516
71,2,GSM331729,0,0.07968299090862274
71,2,GSM331730,0,0.47971662878990173
71,2,GSM331732,0,0.5538647770881653
71,2,GSM331377,1,0.724361777305603
71,2,GSM331382,1,0.45933645963668823
71,2,GSM331383,1,0.5355581641197205
71,2,GSM331384,1,0.7716243863105774
71,2,GSM331388,1,0.609714150428772
71,2,GSM331389,1,0.43264010548591614
71,2,GSM331391,1,0.8027774095535278
71,2,GSM331395,1,0.49031609296798706
71,2,GSM331396,1,0.6051845550537109
71,2,GSM331397,1,0.23003436625003815
71,2,GSM331400,1,0.4971797466278076
71,2,GSM331401,1,0.3885473906993866
71,2,GSM331402,1,0.4243466258049011
71,2,GSM331403,1,0.8554236888885498
71,2,GSM331404,1,0.7912304997444153
71,2,GSM331405,1,0.20345757901668549
71,2,GSM331406,1,0.6800044775009155
71,2,GSM331409,1,0.5906757116317749
71,2,GSM331410,1,0.16253560781478882
71,2,GSM331414,1,0.7237380743026733
71,2,GSM331417,1,0.5135440826416016
71,2,GSM331426,1,0.47418513894081116
71,2,GSM331427,1,0.6457977294921875
71,2,GSM331430,1,0.20441754162311554
71,2,GSM331432,1,0.3530882000923157
71,2,GSM331436,1,0.22995290160179138
71,2,GSM331439,1,0.8510251641273499
71,2,GSM331440,1,0.6255253553390503
71,2,GSM331441,1,0.7122126221656799
71,2,GSM331443,1,0.423723042011261
71,2,GSM331444,1,0.6799969673156738
71,2,GSM331447,1,0.7589632272720337
71,2,GSM331452,1,0.8726147413253784
72,1,GSM331660,0,0.2791265547275543
72,1,GSM331666,0,0.36410242319107056
72,1,GSM331668,0,0.3985099792480469
72,1,GSM331669,0,0.6318926215171814
72,1,GSM331670,0,0.3572961986064911
72,1,GSM331671,0,0.46058374643325806
72,1,GSM331673,0,0.42146769165992737
72,1,GSM331675,0,0.2629793882369995
72,1,GSM331677,0,0.10087157040834427
72,1,GSM331681,0,0.5107710361480713
72,1,GSM331685,0,0.43804293870925903
72,1,GSM331686,0,0.35669994354248047
72,1,GSM331693,0,0.3901340663433075
72,1,GSM331694,0,0.43245965242385864
72,1,GSM331695,0,0.22057601809501648
72,1,GSM331697,0,0.17916876077651978
72,1,GSM331699,0,0.14715881645679474
72,1,GSM331700,0,0.3719097673892975
72,1,GSM331701,0,0.24393442273139954
72,1,GSM331702,0,0.2896469235420227
72,1,GSM331704,0,0.41666489839553833
72,1,GSM331706,0,0.5592976808547974
72,1,GSM331707,0,0.17147360742092133
72,1,GSM331708,0,0.29731544852256775
72,1,GSM331709,0,0.2815213203430176
72,1,GSM331710,0,0.36260566115379333
72,1,GSM331711,0,0.6631950736045837
72,1,GSM331714,0,0.7309576272964478
72,1,GSM331716,0,0.7244709134101868
72,1,GSM331719,0,0.1815214306116104
72,1,GSM331722,0,0.5501292943954468
72,1,GSM331724,0,0.2780502438545227
72,1,GSM331725,0,0.3636209964752197
72,1,GSM331728,0,0.21324902772903442
72,1,GSM331729,0,0.1489132046699524
72,1,GSM331730,0,0.4698643088340759
72,1,GSM331732,0,0.3281877636909485
72,1,GSM331377,1,0.5274848341941833
72,1,GSM331378,1,0.6691240072250366
72,1,GSM331381,1,0.5537005662918091
72,1,GSM331382,1,0.6031316518783569
72,1,GSM331383,1,0.5979685187339783
72,1,GSM331386,1,0.34887805581092834
72,1,GSM331388,1,0.7330301403999329
72,1,GSM331391,1,0.652458667755127
72,1,GSM331395,1,0.4130808413028717
72,1,GSM331402,1,0.6633950471878052
72,1,GSM331404,1,0.7971576452255249
72,1,GSM331405,1,0.4134598672389984
72,1,GSM331406,1,0.651189923286438
72,1,GSM331407,1,0.7148757576942444
72,1,GSM331410,1,0.3335813283920288
72,1,GSM331411,1,0.6191802024841309
72,1,GSM331412,1,0.8252793550491333
72,1,GSM331414,1,0.7049821615219116
72,1,GSM331416,1,0.511740505695343
72,1,GSM331418,1,0.8116270899772644
72,1,GSM331420,1,0.7628623247146606
72,1,GSM331421,1,0.8508038520812988
72,1,GSM331424,1,0.8146085143089294
72,1,GSM331425,1,0.6351056098937988
72,1,GSM331426,1,0.5739060640335083
72,1,GSM331427,1,0.6639987826347351
72,1,GSM331428,1,0.31156855821609497
72,1,GSM331430,1,0.2543562650680542
72,1,GSM331431,1,0.44253355264663696
72,1,GSM331436,1,0.30950114130973816
72,1,GSM331439,1,0.6832520961761475
72,1,GSM331444,1,0.6290221214294434
72,1,GSM331447,1,0.6780637502670288
72,2,GSM331638,0,0.485074907541275
72,2,GSM331661,0,0.4769720435142517
72,2,GSM331662,0,0.45499035716056824
72,2,GSM331663,0,0.16849716007709503
72,2,GSM331664,0,0.5168864130973816
72,2,GSM331665,0,0.5668345093727112
72,2,GSM331672,0,0.593023955821991
72,2,GSM331674,0,0.6090553402900696
72,2,GSM331676,0,0.6314193606376648
72,2,GSM331678,0,0.2814105153083801
72,2,GSM331679,0,0.4970252811908722
72,2,GSM331680,0,0.6949090361595154
72,2,GSM331682,0,0.3257753849029541
72,2,GSM331683,0,0.872982919216156
72,2,GSM331684,0,0.3073001503944397
72,2,GSM331687,0,0.12134519219398499
72,2,GSM331688,0,0.42106735706329346
72,2,GSM331689,0,0.544610321521759
72,2,GSM331690,0,0.663640558719635
72,2,GSM331691,0,0.5327404737472534
72,2,GSM331692,0,0.4012414216995239
72,2,GSM331696,0,0.2538224458694458
72,2,GSM331698,0,0.05905378609895706
72,2,GSM331703,0,0.311370849609375
72,2,GSM331705,0,0.30347123742103577
72,2,GSM331712,0,0.37997138500213623
72,2,GSM331713,0,0.4164479672908783
72,2,GSM331715,0,0.12444082647562027
72,2,GSM331717,0,0.6567298769950867
72,2,GSM331718,0,0.569655179977417
72,2,GSM331720,0,0.48576217889785767
72,2,GSM331721,0,0.5040225386619568
72,2,GSM331723,0,0.3039915859699249
72,2,GSM331726,0,0.1581738144159317
72,2,GSM331727,0,0.5421319603919983
72,2,GSM331731,0,0.4486274719238281
72,2,GSM331379,1,0.46850183606147766
72,2,GSM331380,1,0.8412251472473145
72,2,GSM331384,1,0.8112742304801941
72,2,GSM331385,1,0.33950674533843994
72,2,GSM331387,1,0.5959405303001404
72,2,GSM331389,1,0.6370216012001038
72,2,GSM331390,1,0.42132335901260376
72,2,GSM331393,1,0.6526846289634705
72,2,GSM331396,1,0.8027646541595459
72,2,GSM331397,1,0.36571601033210754
72,2,GSM331399,1,0.6906319856643677
72,2,GSM331400,1,0.6435778737068176
72,2,GSM331401,1,0.6832869052886963
72,2,GSM331403,1,0.8240085244178772
72,2,GSM331408,1,0.6236355900764465
72,2,GSM331409,1,0.7296968698501587
72,2,GSM331413,1,0.33365848660469055
72,2,GSM331417,1,0.7926744818687439
72,2,GSM331419,1,0.6135338544845581
72,2,GSM331422,1,0.6519743204116821
72,2,GSM331429,1,0.7062657475471497
72,2,GSM331432,1,0.22863443195819855
72,2,GSM331434,1,0.774960458278656
72,2,GSM331438,1,0.63994961977005
72,2,GSM331440,1,0.7153347730636597
72,2,GSM331441,1,0.7773086428642273
72,2,GSM331442,1,0.5704160332679749
72,2,GSM331443,1,0.7097986340522766
72,2,GSM331445,1,0.5481859445571899
72,2,GSM331446,1,0.3813294768333435
72,2,GSM331448,1,0.6023722290992737
72,2,GSM331450,1,0.4346615672111511
72,2,GSM331452,1,0.9155449867248535
73,1,GSM331662,0,0.3328161835670471
73,1,GSM331664,0,0.40325626730918884
73,1,GSM331665,0,0.8264623880386353
73,1,GSM331670,0,0.6175112128257751
73,1,GSM331672,0,0.7050366997718811
73,1,GSM331674,0,0.7348364591598511
73,1,GSM331676,0,0.7674643397331238
73,1,GSM331677,0,0.3006051778793335
73,1,GSM331680,0,0.5152906775474548
73,1,GSM331681,0,0.7462638020515442
73,1,GSM331686,0,0.8563178181648254
73,1,GSM331688,0,0.5863760113716125
73,1,GSM331689,0,0.5081473588943481
73,1,GSM331690,0,0.4283696115016937
73,1,GSM331691,0,0.43529561161994934
73,1,GSM331693,0,0.7451358437538147
73,1,GSM331696,0,0.4356895983219147
73,1,GSM331701,0,0.40789949893951416
73,1,GSM331703,0,0.5084344744682312
73,1,GSM331705,0,0.6921370029449463
73,1,GSM331706,0,0.9090185761451721
73,1,GSM331708,0,0.7025273442268372
73,1,GSM331710,0,0.5891767144203186
73,1,GSM331711,0,0.4486567974090576
73,1,GSM331712,0,0.7753855586051941
73,1,GSM331716,0,0.9511898756027222
73,1,GSM331718,0,0.8103086948394775
73,1,GSM331719,0,0.34890636801719666
73,1,GSM331720,0,0.3961491882801056
73,1,GSM331723,0,0.7869990468025208
73,1,GSM331724,0,0.5830212831497192
73,1,GSM331725,0,0.7905391454696655
73,1,GSM331726,0,0.2811428904533386
73,1,GSM331729,0,0.2375153750181198
73,1,GSM331730,0,0.6027634143829346
73,1,GSM331731,0,0.6966355443000793
73,1,GSM331732,0,0.7364068627357483
73,1,GSM331377,1,0.8309385776519775
73,1,GSM331378,1,0.844571590423584
73,1,GSM331379,1,0.4627455174922943
73,1,GSM331385,1,0.5328956842422485
73,1,GSM331386,1,0.5636186599731445
73,1,GSM331389,1,0.3008521497249603
73,1,GSM331395,1,0.4419443607330322
73,1,GSM331401,1,0.6330646276473999
73,1,GSM331403,1,0.908499002456665
73,1,GSM331405,1,0.3062789738178253
73,1,GSM331408,1,0.7612892389297485
73,1,GSM331409,1,0.6386260986328125
73,1,GSM331410,1,0.5204806327819824
73,1,GSM331411,1,0.603264570236206
73,1,GSM331414,1,0.6633456349372864
73,1,GSM331416,1,0.5770211219787598
73,1,GSM331417,1,0.639106035232544
73,1,GSM331418,1,0.7796507477760315
73,1,GSM331420,1,0.7069728970527649
73,1,GSM331422,1,0.6778005957603455
73,1,GSM331425,1,0.3436945676803589
73,1,GSM331427,1,0.6265851855278015
73,1,GSM331428,1,0.28969043493270874
73,1,GSM331429,1,0.8168308734893799
73,1,GSM331431,1,0.6801245808601379
73,1,GSM331434,1,0.8038519024848938
73,1,GSM331436,1,0.48922863602638245
73,1,GSM331438,1,0.68873530626297
73,1,GSM331439,1,0.8512875437736511
73,1,GSM331441,1,0.6202595233917236
73,1,GSM331443,1,0.5549330711364746
73,1,GSM331447,1,0.7756221890449524
73,1,GSM331452,1,0.824719250202179
73,2,GSM331638,0,0.6697866916656494
73,2,GSM331660,0,0.29507625102996826
73,2,GSM331661,0,0.6785500049591064
73,2,GSM331663,0,0.35801687836647034
73,2,GSM331666,0,0.23315885663032532
73,2,GSM331668,0,0.5556445717811584
73,2,GSM331669,0,0.8343452215194702
73,2,GSM331671,0,0.5492544770240784
73,2,GSM331673,0,0.423031747341156
73,2,GSM331675,0,0.35531219840049744
73,2,GSM331678,0,0.36575594544410706
73,2,GSM331679,0,0.7324469685554504
73,2,GSM331682,0,0.6871148347854614
73,2,GSM331683,0,0.7976143956184387
73,2,GSM331684,0,0.5209329128265381
73,2,GSM331685,0,0.1726962924003601
73,2,GSM331687,0,0.1940983682870865
73,2,GSM331692,0,0.5860753655433655
73,2,GSM331694,0,0.4690583646297455
73,2,GSM331695,0,0.232293501496315
73,2,GSM331697,0,0.37569659948349
73,2,GSM331698,0,0.15270906686782837
73,2,GSM331699,0,0.3561343550682068
73,2,GSM331700,0,0.4882502555847168
73,2,GSM331702,0,0.6750909686088562
73,2,GSM331704,0,0.8001396059989929
73,2,GSM331707,0,0.3833876848220825
73,2,GSM331709,0,0.26213857531547546
73,2,GSM331713,0,0.4406869411468506
73,2,GSM331714,0,0.6384351253509521
73,2,GSM331715,0,0.2669685184955597
73,2,GSM331717,0,0.8451075553894043
73,2,GSM331721,0,0.7114489674568176
73,2,GSM331722,0,0.48602139949798584
73,2,GSM331727,0,0.40806275606155396
73,2,GSM331728,0,0.21992242336273193
73,2,GSM331380,1,0.6681680083274841
73,2,GSM331381,1,0.5614255666732788
73,2,GSM331382,1,0.490943968296051
73,2,GSM331383,1,0.6736324429512024
73,2,GSM331384,1,0.7185395956039429
73,2,GSM331387,1,0.5348246693611145
73,2,GSM331388,1,0.5060689449310303
73,2,GSM331390,1,0.3871884346008301
73,2,GSM331391,1,0.6572980284690857
73,2,GSM331393,1,0.6454880833625793
73,2,GSM331396,1,0.48097747564315796
73,2,GSM331397,1,0.22621189057826996
73,2,GSM331399,1,0.701877772808075
73,2,GSM331400,1,0.4758477807044983
73,2,GSM331402,1,0.4418676197528839
73,2,GSM331404,1,0.6340089440345764
73,2,GSM331406,1,0.6655722260475159
73,2,GSM331407,1,0.6220801472663879
73,2,GSM331412,1,0.704683244228363
73,2,GSM331413,1,0.20486357808113098
73,2,GSM331419,1,0.5259614586830139
73,2,GSM331421,1,0.6899415850639343
73,2,GSM331424,1,0.3874886929988861
73,2,GSM331426,1,0.7241225838661194
73,2,GSM331430,1,0.32668906450271606
73,2,GSM331432,1,0.40257835388183594
73,2,GSM331440,1,0.45378628373146057
73,2,GSM331442,1,0.5853495597839355
73,2,GSM331444,1,0.66261887550354
73,2,GSM331445,1,0.4835026264190674
73,2,GSM331446,1,0.26765644550323486
73,2,GSM331448,1,0.5615525245666504
73,2,GSM331450,1,0.5820860266685486
74,1,GSM331638,0,0.33186498284339905
74,1,GSM331661,0,0.5522165894508362
74,1,GSM331664,0,0.27587684988975525
74,1,GSM331665,0,0.5139342546463013
74,1,GSM331666,0,0.3708127737045288
74,1,GSM331668,0,0.40499430894851685
74,1,GSM331670,0,0.34358900785446167
74,1,GSM331674,0,0.524022102355957
74,1,GSM331677,0,0.19453006982803345
74,1,GSM331679,0,0.4369383454322815
74,1,GSM331680,0,0.7278993725776672
74,1,GSM331682,0,0.32567012310028076
74,1,GSM331686,0,0.3630830943584442
74,1,GSM331688,0,0.4393165111541748
74,1,GSM331689,0,0.3295063078403473
74,1,GSM331691,0,0.6794798374176025
74,1,GSM331692,0,0.3502059280872345
74,1,GSM331698,0,0.11725368350744247
74,1,GSM331699,0,0.36800506711006165
74,1,GSM331700,0,0.238899827003479
74,1,GSM331701,0,0.2630441188812256
74,1,GSM331703,0,0.2407255619764328
74,1,GSM331704,0,0.44034382700920105
74,1,GSM331705,0,0.321411669254303
74,1,GSM331706,0,0.5386850833892822
74,1,GSM331708,0,0.5626981854438782
74,1,GSM331709,0,0.3022325038909912
74,1,GSM331711,0,0.5842511653900146
74,1,GSM331712,0,0.37013691663742065
74,1,GSM331714,0,0.4984264075756073
74,1,GSM331715,0,0.32755112648010254
74,1,GSM331716,0,0.6879543662071228
74,1,GSM331719,0,0.26968806982040405
74,1,GSM331723,0,0.5212804675102234
74,1,GSM331724,0,0.47745221853256226
74,1,GSM331729,0,0.2630956172943115
74,1,GSM331730,0,0.4703180491924286
74,1,GSM331379,1,0.6129317283630371
74,1,GSM331382,1,0.49179279804229736
74,1,GSM331383,1,0.6028513312339783
74,1,GSM331385,1,0.274189293384552
74,1,GSM331386,1,0.4541630744934082
74,1,GSM331387,1,0.3583950102329254
74,1,GSM331390,1,0.3458563983440399
74,1,GSM331393,1,0.5215805768966675
74,1,GSM331396,1,0.7460722327232361
74,1,GSM331397,1,0.23557427525520325
74,1,GSM331401,1,0.736828088760376
74,1,GSM331402,1,0.5088276863098145
74,1,GSM331406,1,0.6927322745323181
74,1,GSM331409,1,0.8351153135299683
74,1,GSM331411,1,0.6271142959594727
74,1,GSM331413,1,0.5601018071174622
74,1,GSM331418,1,0.7360389828681946
74,1,GSM331419,1,0.6890069246292114
74,1,GSM331421,1,0.5497512221336365
74,1,GSM331422,1,0.7311062216758728
74,1,GSM331424,1,0.4578832983970642
74,1,GSM331425,1,0.5640305280685425
74,1,GSM331431,1,0.3595846891403198
74,1,GSM331432,1,0.3394189178943634
74,1,GSM331434,1,0.738875687122345
74,1,GSM331439,1,0.5325649380683899
74,1,GSM331440,1,0.44869568943977356
74,1,GSM331442,1,0.5254736542701721
74,1,GSM331445,1,0.5988391637802124
74,1,GSM331446,1,0.43753179907798767
74,1,GSM331447,1,0.6149003505706787
74,1,GSM331450,1,0.463089257478714
74,1,GSM331452,1,0.8490756154060364
74,2,GSM331660,0,0.2968171536922455
74,2,GSM331662,0,0.28488439321517944
74,2,GSM331663,0,0.3892814815044403
74,2,GSM331669,0,0.6416053771972656
74,2,GSM331671,0,0.39365994930267334
74,2,GSM331672,0,0.5378676652908325
74,2,GSM331673,0,0.6287790536880493
74,2,GSM331675,0,0.27998870611190796
74,2,GSM331676,0,0.5088210105895996
74,2,GSM331678,0,0.2900570333003998
74,2,GSM331681,0,0.41743141412734985
74,2,GSM331683,0,0.7817812561988831
74,2,GSM331684,0,0.35650455951690674
74,2,GSM331685,0,0.23335619270801544
74,2,GSM331687,0,0.20244288444519043
74,2,GSM331690,0,0.7481308579444885
74,2,GSM331693,0,0.5144233703613281
74,2,GSM331694,0,0.5808374881744385
74,2,GSM331695,0,0.37394726276397705
74,2,GSM331696,0,0.307100772857666
74,2,GSM331697,0,0.22625544667243958
74,2,GSM331702,0,0.5523377060890198
74,2,GSM331707,0,0.3121407926082611
74,2,GSM331710,0,0.3758646845817566
74,2,GSM331713,0,0.5774209499359131
74,2,GSM331717,0,0.6750598549842834
74,2,GSM331718,0,0.5778794288635254
74,2,GSM331720,0,0.5840327143669128
74,2,GSM331721,0,0.6146743893623352
74,2,GSM331722,0,0.6510137915611267
74,2,GSM331725,0,0.39132264256477356
74,2,GSM331726,0,0.23084260523319244
74,2,GSM331727,0,0.3279708921909332
74,2,GSM331728,0,0.2835069000720978
74,2,GSM331731,0,0.7367070913314819
74,2,GSM331732,0,0.43899527192115784
74,2,GSM331377,1,0.6679116487503052
74,2,GSM331378,1,0.8135890960693359
74,2,GSM331380,1,0.6152446866035461
74,2,GSM331381,1,0.5396062135696411
74,2,GSM331384,1,0.7201848030090332
74,2,GSM331388,1,0.7543439269065857
74,2,GSM331389,1,0.42633530497550964
74,2,GSM331391,1,0.5629438161849976
74,2,GSM331395,1,0.5026549100875854
74,2,GSM331399,1,0.5165640711784363
74,2,GSM331400,1,0.5827659368515015
74,2,GSM331403,1,0.4971781075000763
74,2,GSM331404,1,0.6176517605781555
74,2,GSM331405,1,0.34824275970458984
74,2,GSM331407,1,0.791161060333252
74,2,GSM331408,1,0.5881085395812988
74,2,GSM331410,1,0.6675963401794434
74,2,GSM331412,1,0.7933354377746582
74,2,GSM331414,1,0.5572095513343811
74,2,GSM331416,1,0.8539113998413086
74,2,GSM331417,1,0.5248813033103943
74,2,GSM331420,1,0.5659053921699524
74,2,GSM331426,1,0.6292650699615479
74,2,GSM331427,1,0.5543853640556335
74,2,GSM331428,1,0.2552184760570526
74,2,GSM331429,1,0.6277944445610046
74,2,GSM331430,1,0.15044476091861725
74,2,GSM331436,1,0.1634916365146637
74,2,GSM331438,1,0.6518353223800659
74,2,GSM331441,1,0.6618800163269043
74,2,GSM331443,1,0.5500446557998657
74,2,GSM331444,1,0.7575710415840149
74,2,GSM331448,1,0.4288913309574127
75,1,GSM331661,0,0.6041125059127808
75,1,GSM331664,0,0.21228666603565216
75,1,GSM331665,0,0.3406284749507904
75,1,GSM331666,0,0.25732508301734924
75,1,GSM331668,0,0.5790424346923828
75,1,GSM331672,0,0.7892798185348511
75,1,GSM331673,0,0.3971671164035797
75,1,GSM331674,0,0.6529752016067505
75,1,GSM331675,0,0.15391035377979279
75,1,GSM331676,0,0.8689713478088379
75,1,GSM331679,0,0.3717728555202484
75,1,GSM331681,0,0.7962540984153748
75,1,GSM331683,0,0.8567607998847961
75,1,GSM331684,0,0.31415170431137085
75,1,GSM331692,0,0.3461936414241791
75,1,GSM331693,0,0.5174335837364197
75,1,GSM331695,0,0.35136088728904724
75,1,GSM331699,0,0.16694232821464539
75,1,GSM331700,0,0.2944546639919281
75,1,GSM331702,0,0.6657651662826538
75,1,GSM331703,0,0.525726854801178
75,1,GSM331705,0,0.3571401834487915
75,1,GSM331706,0,0.9602020382881165
75,1,GSM331707,0,0.28180280327796936
75,1,GSM331708,0,0.2728375196456909
75,1,GSM331709,0,0.2851749658584595
75,1,GSM331713,0,0.20115822553634644
75,1,GSM331714,0,0.7847201228141785
75,1,GSM331716,0,0.9652039408683777
75,1,GSM331720,0,0.1545008420944214
75,1,GSM331721,0,0.8751853108406067
75,1,GSM331723,0,0.7931441068649292
75,1,GSM331724,0,0.17294426262378693
75,1,GSM331726,0,0.08555694669485092
75,1,GSM331727,0,0.33320102095603943
75,1,GSM331729,0,0.11384934186935425
75,1,GSM331731,0,0.8173201084136963
75,1,GSM331377,1,0.7656100988388062
75,1,GSM331378,1,0.7918863296508789
75,1,GSM331379,1,0.29538071155548096
75,1,GSM331383,1,0.7606211304664612
75,1,GSM331385,1,0.7818619608879089
75,1,GSM331387,1,0.3275449872016907
75,1,GSM331393,1,0.7271010875701904
75,1,GSM331397,1,0.31597721576690674
75,1,GSM331400,1,0.524523913860321
75,1,GSM331401,1,0.7375549674034119
75,1,GSM331402,1,0.6506845355033875
75,1,GSM331404,1,0.8007498979568481
75,1,GSM331406,1,0.7339544892311096
75,1,GSM331407,1,0.6556199789047241
75,1,GSM331409,1,0.5505679249763489
75,1,GSM331410,1,0.2704223692417145
75,1,GSM331414,1,0.6937955021858215
75,1,GSM331416,1,0.5896650552749634
75,1,GSM331418,1,0.9596198797225952
75,1,GSM331419,1,0.4994747042655945
75,1,GSM331420,1,0.7432158589363098
75,1,GSM331421,1,0.6756426095962524
75,1,GSM331428,1,0.10280916839838028
75,1,GSM331431,1,0.6050944328308105
75,1,GSM331434,1,0.6402411460876465
75,1,GSM331436,1,0.31136855483055115
75,1,GSM331438,1,0.7477582693099976
75,1,GSM331440,1,0.30832087993621826
75,1,GSM331443,1,0.23895853757858276
75,1,GSM331445,1,0.22619065642356873
75,1,GSM331446,1,0.13423310220241547
75,1,GSM331448,1,0.7071117162704468
75,1,GSM331450,1,0.33825933933258057
75,2,GSM331638,0,0.42671796679496765
75,2,GSM331660,0,0.19137172400951385
75,2,GSM331662,0,0.36426886916160583
75,2,GSM331663,0,0.31760528683662415
75,2,GSM331669,0,0.8408554196357727
75,2,GSM331670,0,0.5609272122383118
75,2,GSM331671,0,0.5744599103927612
75,2,GSM331677,0,0.35368210077285767
75,2,GSM331678,0,0.09871360659599304
75,2,GSM331680,0,0.29274582862854004
75,2,GSM331682,0,0.7058190107345581
75,2,GSM331685,0,0.10261433571577072
75,2,GSM331686,0,0.7557079195976257
75,2,GSM331687,0,0.2955050766468048
75,2,GSM331688,0,0.8309082388877869
75,2,GSM331689,0,0.48888275027275085
75,2,GSM331690,0,0.6719825267791748
75,2,GSM331691,0,0.6959667205810547
75,2,GSM331694,0,0.44770216941833496
75,2,GSM331696,0,0.45362964272499084
75,2,GSM331697,0,0.15457478165626526
75,2,GSM331698,0,0.4214441776275635
75,2,GSM331701,0,0.2524290084838867
75,2,GSM331704,0,0.7453039288520813
75,2,GSM331710,0,0.3632729947566986
75,2,GSM331711,0,0.7897387742996216
75,2,GSM331712,0,0.7557048797607422
75,2,GSM331715,0,0.4112355411052704
75,2,GSM331717,0,0.8439682126045227
75,2,GSM331718,0,0.5939726829528809
75,2,GSM331719,0,0.20707280933856964
75,2,GSM331722,0,0.4876670241355896
75,2,GSM331725,0,0.41594061255455017
75,2,GSM331728,0,0.2722572386264801
75,2,GSM331730,0,0.6525110602378845
75,2,GSM331732,0,0.6155856847763062
75,2,GSM331380,1,0.8591065406799316
75,2,GSM331381,1,0.7323209047317505
75,2,GSM331382,1,0.3935175836086273
75,2,GSM331384,1,0.7754525542259216
75,2,GSM331386,1,0.6628007292747498
75,2,GSM331388,1,0.7795043587684631
75,2,GSM331389,1,0.7750967741012573
75,2,GSM331390,1,0.3280488848686218
75,2,GSM331391,1,0.5017626285552979
75,2,GSM331395,1,0.3846096992492676
75,2,GSM331396,1,0.441829651594162
75,2,GSM331399,1,0.5991685390472412
75,2,GSM331403,1,0.793226420879364
75,2,GSM331405,1,0.06879929453134537
75,2,GSM331408,1,0.6045923233032227
75,2,GSM331411,1,0.7104821801185608
75,2,GSM331412,1,0.8608977794647217
75,2,GSM331413,1,0.20530971884727478
75,2,GSM331417,1,0.7705604434013367
75,2,GSM331422,1,0.8321840763092041
75,2,GSM331424,1,0.17573513090610504
75,2,GSM331425,1,0.6003469824790955
75,2,GSM331426,1,0.5257685780525208
75,2,GSM331427,1,0.7354334592819214
75,2,GSM331429,1,0.8634147644042969
75,2,GSM331430,1,0.2179078310728073
75,2,GSM331432,1,0.5121853351593018
75,2,GSM331439,1,0.6745608448982239
75,2,GSM331441,1,0.8204659819602966
75,2,GSM331442,1,0.37268900871276855
75,2,GSM331444,1,0.574796199798584
75,2,GSM331447,1,0.8056570291519165
75,2,GSM331452,1,0.9013695120811462
76,1,GSM331638,0,0.33073458075523376
76,1,GSM331663,0,0.19013336300849915
76,1,GSM331670,0,0.44962775707244873
76,1,GSM331674,0,0.5751726627349854
76,1,GSM331676,0,0.456531286239624
76,1,GSM331677,0,0.14108280837535858
76,1,GSM331678,0,0.12396282702684402
76,1,GSM331681,0,0.7299074530601501
76,1,GSM331682,0,0.6845272183418274
76,1,GSM331684,0,0.4820116460323334
76,1,GSM331686,0,0.7991663217544556
76,1,GSM331690,0,0.6172517538070679
76,1,GSM331691,0,0.495825856924057
76,1,GSM331693,0,0.4429371953010559
76,1,GSM331695,0,0.22678916156291962
76,1,GSM331696,0,0.25517913699150085
76,1,GSM331698,0,0.10049305856227875
76,1,GSM331701,0,0.24078531563282013
76,1,GSM331702,0,0.6417335867881775
76,1,GSM331704,0,0.7453969120979309
76,1,GSM331705,0,0.6054256558418274
76,1,GSM331706,0,0.8694948554039001
76,1,GSM331708,0,0.5383208990097046
76,1,GSM331710,0,0.6024268269538879
76,1,GSM331712,0,0.5623257160186768
76,1,GSM331714,0,0.651370644569397
76,1,GSM331716,0,0.9251238703727722
76,1,GSM331717,0,0.7093391418457031
76,1,GSM331718,0,0.45596805214881897
76,1,GSM331724,0,0.4531283378601074
76,1,GSM331725,0,0.4084315001964569
76,1,GSM331727,0,0.2553828954696655
76,1,GSM331728,0,0.12514084577560425
76,1,GSM331729,0,0.15785647928714752
76,1,GSM331730,0,0.502242386341095
76,1,GSM331731,0,0.4081608057022095
76,1,GSM331732,0,0.4995678663253784
76,1,GSM331380,1,0.6405722498893738
76,1,GSM331381,1,0.19834353029727936
76,1,GSM331383,1,0.5902227759361267
76,1,GSM331384,1,0.6979741454124451
76,1,GSM331387,1,0.46681874990463257
76,1,GSM331388,1,0.4497459828853607
76,1,GSM331389,1,0.43879467248916626
76,1,GSM331393,1,0.44537240266799927
76,1,GSM331399,1,0.49067848920822144
76,1,GSM331401,1,0.602485179901123
76,1,GSM331403,1,0.7981082797050476
76,1,GSM331404,1,0.5367815494537354
76,1,GSM331405,1,0.22904279828071594
76,1,GSM331406,1,0.626449465751648
76,1,GSM331407,1,0.7111913561820984
76,1,GSM331409,1,0.6909582614898682
76,1,GSM331414,1,0.5767518877983093
76,1,GSM331417,1,0.5655485987663269
76,1,GSM331419,1,0.5620343685150146
76,1,GSM331420,1,0.5781166553497314
76,1,GSM331424,1,0.4278099536895752
76,1,GSM331427,1,0.5643341541290283
76,1,GSM331428,1,0.1373564898967743
76,1,GSM331431,1,0.415516197681427
76,1,GSM331432,1,0.3679943084716797
76,1,GSM331434,1,0.6782395839691162
76,1,GSM331436,1,0.5505931973457336
76,1,GSM331438,1,0.6489982604980469
76,1,GSM331443,1,0.334168940782547
76,1,GSM331444,1,0.5988797545433044
76,1,GSM331445,1,0.5324711799621582
76,1,GSM331446,1,0.22917985916137695
76,1,GSM331447,1,0.6083294153213501
76,2,GSM331660,0,0.22621320188045502
76,2,GSM331661,0,0.5177109241485596
76,2,GSM331662,0,0.5690382122993469
76,2,GSM331664,0,0.4776895046234131
76,2,GSM331665,0,0.5492249727249146
76,2,GSM331666,0,0.38380470871925354
76,2,GSM331668,0,0.47319886088371277
76,2,GSM331669,0,0.5586019158363342
76,2,GSM331671,0,0.5758872032165527
76,2,GSM331672,0,0.48987650871276855
76,2,GSM331673,0,0.5396100282669067
76,2,GSM331675,0,0.39568471908569336
76,2,GSM331679,0,0.38901475071907043
76,2,GSM331680,0,0.6875191330909729
76,2,GSM331683,0,0.7609553933143616
76,2,GSM331685,0,0.22270381450653076
76,2,GSM331687,0,0.1758812665939331
76,2,GSM331688,0,0.4229295253753662
76,2,GSM331689,0,0.5295891761779785
76,2,GSM331692,0,0.4927636682987213
76,2,GSM331694,0,0.7010532021522522
76,2,GSM331697,0,0.1709643453359604
76,2,GSM331699,0,0.44945064187049866
76,2,GSM331700,0,0.30736297369003296
76,2,GSM331703,0,0.3980989456176758
76,2,GSM331707,0,0.36817091703414917
76,2,GSM331709,0,0.19600851833820343
76,2,GSM331711,0,0.674237847328186
76,2,GSM331713,0,0.5024489760398865
76,2,GSM331715,0,0.14359132945537567
76,2,GSM331719,0,0.3301890790462494
76,2,GSM331720,0,0.6261329054832458
76,2,GSM331721,0,0.6627194881439209
76,2,GSM331722,0,0.578575074672699
76,2,GSM331723,0,0.5490266680717468
76,2,GSM331726,0,0.14597748219966888
76,2,GSM331377,1,0.5312504172325134
76,2,GSM331378,1,0.6212214827537537
76,2,GSM331379,1,0.3920852243900299
76,2,GSM331382,1,0.6307171583175659
76,2,GSM331385,1,0.4826035499572754
76,2,GSM331386,1,0.32969173789024353
76,2,GSM331390,1,0.45351162552833557
76,2,GSM331391,1,0.6890933513641357
76,2,GSM331395,1,0.6136648058891296
76,2,GSM331396,1,0.6738771796226501
76,2,GSM331397,1,0.22452250123023987
76,2,GSM331400,1,0.6333476305007935
76,2,GSM331402,1,0.6095371246337891
76,2,GSM331408,1,0.6423470973968506
76,2,GSM331410,1,0.292673259973526
76,2,GSM331411,1,0.5501009225845337
76,2,GSM331412,1,0.7729743719100952
76,2,GSM331413,1,0.17657281458377838
76,2,GSM331416,1,0.7002257108688354
76,2,GSM331418,1,0.7969078421592712
76,2,GSM331421,1,0.6305199861526489
76,2,GSM331422,1,0.593878448009491
76,2,GSM331425,1,0.7933886647224426
76,2,GSM331426,1,0.4738040566444397
76,2,GSM331429,1,0.4858829975128174
76,2,GSM331430,1,0.20839285850524902
76,2,GSM331439,1,0.6347128748893738
76,2,GSM331440,1,0.6065704226493835
76,2,GSM331441,1,0.6101429462432861
76,2,GSM331442,1,0.6055071949958801
76,2,GSM331448,1,0.5057976841926575
76,2,GSM331450,1,0.3630881607532501
76,2,GSM331452,1,0.7370523810386658
77,1,GSM331663,0,0.20375525951385498
77,1,GSM331668,0,0.38017383217811584
77,1,GSM331669,0,0.523871123790741
77,1,GSM331672,0,0.7025314569473267
77,1,GSM331673,0,0.5671542882919312
77,1,GSM331674,0,0.3434954583644867
77,1,GSM331675,0,0.40012577176094055
77,1,GSM331676,0,0.5630944967269897
77,1,GSM331677,0,0.18478155136108398
77,1,GSM331678,0,0.12731221318244934
77,1,GSM331679,0,0.31791579723358154
77,1,GSM331680,0,0.36350589990615845
77,1,GSM331681,0,0.7017048597335815
77,1,GSM331685,0,0.11795888096094131
77,1,GSM331686,0,0.7634605765342712
77,1,GSM331692,0,0.3811107277870178
77,1,GSM331693,0,0.6642988324165344
77,1,GSM331695,0,0.19533072412014008
77,1,GSM331698,0,0.16903626918792725
77,1,GSM331699,0,0.1241350844502449
77,1,GSM331701,0,0.3115479648113251
77,1,GSM331704,0,0.7385302186012268
77,1,GSM331705,0,0.6139469146728516
77,1,GSM331706,0,0.8338137269020081
77,1,GSM331707,0,0.14407669007778168
77,1,GSM331709,0,0.2723291516304016
77,1,GSM331712,0,0.687751293182373
77,1,GSM331719,0,0.40957504510879517
77,1,GSM331721,0,0.42935556173324585
77,1,GSM331723,0,0.5661868453025818
77,1,GSM331724,0,0.4185144305229187
77,1,GSM331726,0,0.1513887494802475
77,1,GSM331728,0,0.11697569489479065
77,1,GSM331729,0,0.17534492909908295
77,1,GSM331730,0,0.5523685216903687
77,1,GSM331731,0,0.47830304503440857
77,1,GSM331732,0,0.4206509590148926
77,1,GSM331377,1,0.4526681900024414
77,1,GSM331379,1,0.49606648087501526
77,1,GSM331383,1,0.6179502606391907
77,1,GSM331386,1,0.30060848593711853
77,1,GSM331387,1,0.34187832474708557
77,1,GSM331389,1,0.2366321086883545
77,1,GSM331390,1,0.3344223201274872
77,1,GSM331399,1,0.550568699836731
77,1,GSM331401,1,0.7273908257484436
77,1,GSM331402,1,0.48160383105278015
77,1,GSM331403,1,0.755400538444519
77,1,GSM331404,1,0.624333918094635
77,1,GSM331405,1,0.10418586432933807
77,1,GSM331406,1,0.6567610502243042
77,1,GSM331409,1,0.6263729333877563
77,1,GSM331412,1,0.6054530143737793
77,1,GSM331413,1,0.2768053114414215
77,1,GSM331414,1,0.5709075927734375
77,1,GSM331417,1,0.5885043740272522
77,1,GSM331419,1,0.6330063939094543
77,1,GSM331422,1,0.6614922285079956
77,1,GSM331424,1,0.22397491335868835
77,1,GSM331426,1,0.526183545589447
77,1,GSM331427,1,0.6096571683883667
77,1,GSM331429,1,0.5407436490058899
77,1,GSM331430,1,0.16131988167762756
77,1,GSM331431,1,0.3538219630718231
77,1,GSM331432,1,0.239710733294487
77,1,GSM331439,1,0.4770525395870209
77,1,GSM331440,1,0.360427588224411
77,1,GSM331445,1,0.407304584980011
77,1,GSM331448,1,0.4664471447467804
77,1,GSM331452,1,0.7677967548370361
77,2,GSM331638,0,0.39213505387306213
77,2,GSM331660,0,0.22107648849487305
77,2,GSM331661,0,0.6280918121337891
77,2,GSM331662,0,0.3828735947608948
77,2,GSM331664,0,0.3252182602882385
77,2,GSM331665,0,0.4726881682872772
77,2,GSM331666,0,0.3067810535430908
77,2,GSM331670,0,0.4045599102973938
77,2,GSM331671,0,0.5071858763694763
77,2,GSM331682,0,0.5784870386123657
77,2,GSM331683,0,0.7751298546791077
77,2,GSM331684,0,0.2805030643939972
77,2,GSM331687,0,0.1879449188709259
77,2,GSM331688,0,0.5697430968284607
77,2,GSM331689,0,0.4035256803035736
77,2,GSM331690,0,0.42500901222229004
77,2,GSM331691,0,0.5158025622367859
77,2,GSM331694,0,0.3776358962059021
77,2,GSM331696,0,0.3679095208644867
77,2,GSM331697,0,0.21736831963062286
77,2,GSM331700,0,0.28611141443252563
77,2,GSM331702,0,0.6311800479888916
77,2,GSM331703,0,0.46199601888656616
77,2,GSM331708,0,0.37107446789741516
77,2,GSM331710,0,0.41492417454719543
77,2,GSM331711,0,0.7123246788978577
77,2,GSM331713,0,0.43935948610305786
77,2,GSM331714,0,0.605523943901062
77,2,GSM331715,0,0.15819986164569855
77,2,GSM331716,0,0.8996104598045349
77,2,GSM331717,0,0.7778365612030029
77,2,GSM331718,0,0.621096670627594
77,2,GSM331720,0,0.4390959143638611
77,2,GSM331722,0,0.4459450840950012
77,2,GSM331725,0,0.45700159668922424
77,2,GSM331727,0,0.42292657494544983
77,2,GSM331378,1,0.7278716564178467
77,2,GSM331380,1,0.7853323817253113
77,2,GSM331381,1,0.5799086093902588
77,2,GSM331382,1,0.49574968218803406
77,2,GSM331384,1,0.6898403763771057
77,2,GSM331385,1,0.3795608580112457
77,2,GSM331388,1,0.6979990005493164
77,2,GSM331391,1,0.5965871214866638
77,2,GSM331393,1,0.7585845589637756
77,2,GSM331395,1,0.37295252084732056
77,2,GSM331396,1,0.5061580538749695
77,2,GSM331397,1,0.2220544070005417
77,2,GSM331400,1,0.5284860134124756
77,2,GSM331407,1,0.6334916949272156
77,2,GSM331408,1,0.6784433126449585
77,2,GSM331410,1,0.46411871910095215
77,2,GSM331411,1,0.6076189875602722
77,2,GSM331416,1,0.6843103766441345
77,2,GSM331418,1,0.8388184309005737
77,2,GSM331420,1,0.7264719009399414
77,2,GSM331421,1,0.8107239603996277
77,2,GSM331425,1,0.4767102897167206
77,2,GSM331428,1,0.2056174874305725
77,2,GSM331434,1,0.7132313847541809
77,2,GSM331436,1,0.34834733605384827
77,2,GSM331438,1,0.6982146501541138
77,2,GSM331441,1,0.7438968420028687
77,2,GSM331442,1,0.38031163811683655
77,2,GSM331443,1,0.45861706137657166
77,2,GSM331444,1,0.6515163779258728
77,2,GSM331446,1,0.21386882662773132
77,2,GSM331447,1,0.7871999740600586
77,2,GSM331450,1,0.4476083219051361
78,1,GSM331638,0,0.4232553541660309
78,1,GSM331660,0,0.2882820963859558
78,1,GSM331666,0,0.34830567240715027
78,1,GSM331669,0,0.6775158047676086
78,1,GSM331670,0,0.4971941411495209
78,1,GSM331672,0,0.6001469492912292
78,1,GSM331673,0,0.5800681710243225
78,1,GSM331674,0,0.6960768103599548
78,1,GSM331675,0,0.34533199667930603
78,1,GSM331679,0,0.5433387756347656
78,1,GSM331680,0,0.4314822256565094
78,1,GSM331682,0,0.5341576933860779
78,1,GSM331688,0,0.49285098910331726
78,1,GSM331689,0,0.5315764546394348
78,1,GSM331692,0,0.5303072333335876
78,1,GSM331693,0,0.6327874064445496
78,1,GSM331694,0,0.5723432302474976
78,1,GSM331696,0,0.31930840015411377
78,1,GSM331698,0,0.2824033200740814
78,1,GSM331699,0,0.3371157944202423
78,1,GSM331701,0,0.48677968978881836
78,1,GSM331702,0,0.5136502981185913
78,1,GSM331703,0,0.23473235964775085
78,1,GSM331707,0,0.3904898762702942
78,1,GSM331712,0,0.5862792134284973
78,1,GSM331714,0,0.6185315251350403
78,1,GSM331715,0,0.329010009765625
78,1,GSM331716,0,0.8600326776504517
78,1,GSM331718,0,0.7411836981773376
78,1,GSM331720,0,0.5016616582870483
78,1,GSM331721,0,0.7464878559112549
78,1,GSM331723,0,0.6335700154304504
78,1,GSM331724,0,0.48263341188430786
78,1,GSM331725,0,0.5183595418930054
78,1,GSM331727,0,0.43611663579940796
78,1,GSM331729,0,0.38873833417892456
78,1,GSM331732,0,0.5983138680458069
78,1,GSM331377,1,0.4928417205810547
78,1,GSM331378,1,0.6066404581069946
78,1,GSM331379,1,0.5336714386940002
78,1,GSM331382,1,0.46804308891296387
78,1,GSM331384,1,0.7032718658447266
78,1,GSM331385,1,0.49236518144607544
78,1,GSM331386,1,0.4220947325229645
78,1,GSM331390,1,0.49568817019462585
78,1,GSM331395,1,0.4973466098308563
78,1,GSM331396,1,0.6545681953430176
78,1,GSM331397,1,0.24647149443626404
78,1,GSM331400,1,0.5599982142448425
78,1,GSM331402,1,0.5471205115318298
78,1,GSM331404,1,0.5674195885658264
78,1,GSM331408,1,0.5749454498291016
78,1,GSM331409,1,0.611760675907135
78,1,GSM331412,1,0.7750789523124695
78,1,GSM331414,1,0.5855346918106079
78,1,GSM331417,1,0.7004017233848572
78,1,GSM331418,1,0.8182092308998108
78,1,GSM331419,1,0.7179263830184937
78,1,GSM331420,1,0.6522966623306274
78,1,GSM331421,1,0.5697347521781921
78,1,GSM331422,1,0.7357574701309204
78,1,GSM331426,1,0.7282087206840515
78,1,GSM331429,1,0.7290218472480774
78,1,GSM331432,1,0.3348436653614044
78,1,GSM331438,1,0.6062391400337219
78,1,GSM331442,1,0.5408257842063904
78,1,GSM331444,1,0.7426403164863586
78,1,GSM331445,1,0.5330691933631897
78,1,GSM331446,1,0.45165500044822693
78,1,GSM331448,1,0.5557143092155457
78,2,GSM331661,0,0.5536699295043945
78,2,GSM331662,0,0.3224627673625946
78,2,GSM331663,0,0.33375057578086853
78,2,GSM331664,0,0.2542807161808014
78,2,GSM331665,0,0.7022802829742432
78,2,GSM331668,0,0.488731324672699
78,2,GSM331671,0,0.6123332381248474
78,2,GSM331676,0,0.4896083474159241
78,2,GSM331677,0,0.1929810345172882
78,2,GSM331678,0,0.2602929472923279
78,2,GSM331681,0,0.783772885799408
78,2,GSM331683,0,0.7343652248382568
78,2,GSM331684,0,0.4495028555393219
78,2,GSM331685,0,0.2186058759689331
78,2,GSM331686,0,0.6218734383583069
78,2,GSM331687,0,0.25311553478240967
78,2,GSM331690,0,0.7110522985458374
78,2,GSM331691,0,0.5670669674873352
78,2,GSM331695,0,0.26442521810531616
78,2,GSM331697,0,0.22437991201877594
78,2,GSM331700,0,0.39002105593681335
78,2,GSM331704,0,0.6298550963401794
78,2,GSM331705,0,0.46652281284332275
78,2,GSM331706,0,0.671993613243103
78,2,GSM331708,0,0.6568847894668579
78,2,GSM331709,0,0.3593246042728424
78,2,GSM331710,0,0.4916301369667053
78,2,GSM331711,0,0.46564552187919617
78,2,GSM331713,0,0.556538462638855
78,2,GSM331717,0,0.783254086971283
78,2,GSM331719,0,0.3331144452095032
78,2,GSM331722,0,0.6012146472930908
78,2,GSM331726,0,0.1974913328886032
78,2,GSM331728,0,0.2691422402858734
78,2,GSM331730,0,0.5677926540374756
78,2,GSM331731,0,0.4877435863018036
78,2,GSM331380,1,0.6433277726173401
78,2,GSM331381,1,0.468811959028244
78,2,GSM331383,1,0.6840774416923523
78,2,GSM331387,1,0.6775861978530884
78,2,GSM331388,1,0.7413079142570496
78,2,GSM331389,1,0.4262811541557312
78,2,GSM331391,1,0.6426342725753784
78,2,GSM331393,1,0.5896425247192383
78,2,GSM331399,1,0.6373791098594666
78,2,GSM331401,1,0.6633017063140869
78,2,GSM331403,1,0.8099277019500732
78,2,GSM331405,1,0.4031717777252197
78,2,GSM331406,1,0.6009523868560791
78,2,GSM331407,1,0.7075068950653076
78,2,GSM331410,1,0.6152727603912354
78,2,GSM331411,1,0.49177297949790955
78,2,GSM331413,1,0.3536718487739563
78,2,GSM331416,1,0.7344251871109009
78,2,GSM331424,1,0.3706829845905304
78,2,GSM331425,1,0.6061471104621887
78,2,GSM331427,1,0.560446560382843
78,2,GSM331428,1,0.22889569401741028
78,2,GSM331430,1,0.2915205955505371
78,2,GSM331431,1,0.4772978723049164
78,2,GSM331434,1,0.6523904204368591
78,2,GSM331436,1,0.31427013874053955
78,2,GSM331439,1,0.6662083864212036
78,2,GSM331440,1,0.5349721908569336
78,2,GSM331441,1,0.4820299446582794
78,2,GSM331443,1,0.5291833877563477
78,2,GSM331447,1,0.6615720987319946
78,2,GSM331450,1,0.6350708603858948
78,2,GSM331452,1,0.7822315692901611
79,1,GSM331660,0,0.17081233859062195
79,1,GSM331663,0,0.2351389080286026
79,1,GSM331664,0,0.2730725109577179
79,1,GSM331671,0,0.4575471878051758
79,1,GSM331673,0,0.27742794156074524
79,1,GSM331674,0,0.4502972364425659
79,1,GSM331675,0,0.3283630609512329
79,1,GSM331678,0,0.1372983604669571
79,1,GSM331679,0,0.4733427166938782
79,1,GSM331680,0,0.38317906856536865
79,1,GSM331681,0,0.49718955159187317
79,1,GSM331683,0,0.880490779876709
79,1,GSM331686,0,0.5037967562675476
79,1,GSM331688,0,0.579982340335846
79,1,GSM331690,0,0.4870152175426483
79,1,GSM331693,0,0.4572748839855194
79,1,GSM331699,0,0.20244620740413666
79,1,GSM331700,0,0.25211137533187866
79,1,GSM331701,0,0.2100578248500824
79,1,GSM331706,0,0.6240900754928589
79,1,GSM331708,0,0.30747848749160767
79,1,GSM331709,0,0.19939585030078888
79,1,GSM331710,0,0.3750090003013611
79,1,GSM331713,0,0.20964492857456207
79,1,GSM331715,0,0.1477884203195572
79,1,GSM331716,0,0.7665992975234985
79,1,GSM331717,0,0.5158605575561523
79,1,GSM331719,0,0.2840006351470947
79,1,GSM331720,0,0.2507155239582062
79,1,GSM331721,0,0.2561098635196686
79,1,GSM331722,0,0.3083757162094116
79,1,GSM331723,0,0.2349267154932022
79,1,GSM331726,0,0.13639818131923676
79,1,GSM331727,0,0.2865627110004425
79,1,GSM331728,0,0.18011640012264252
79,1,GSM331729,0,0.17498019337654114
79,1,GSM331731,0,0.5462061166763306
79,1,GSM331377,1,0.5801411867141724
79,1,GSM331378,1,0.6279686689376831
79,1,GSM331381,1,0.3433190882205963
79,1,GSM331382,1,0.26301178336143494
79,1,GSM331383,1,0.5496678352355957
79,1,GSM331384,1,0.4988221228122711
79,1,GSM331385,1,0.2349250763654709
79,1,GSM331393,1,0.41513168811798096
79,1,GSM331397,1,0.3755689561367035
79,1,GSM331400,1,0.33887407183647156
79,1,GSM331404,1,0.3200553357601166
79,1,GSM331406,1,0.736670732498169
79,1,GSM331408,1,0.36436259746551514
79,1,GSM331409,1,0.4167591333389282
79,1,GSM331411,1,0.4891800284385681
79,1,GSM331413,1,0.20413821935653687
79,1,GSM331416,1,0.578474760055542
79,1,GSM331417,1,0.479007363319397
79,1,GSM331418,1,0.5284504890441895
79,1,GSM331422,1,0.6563549041748047
79,1,GSM331424,1,0.32484787702560425
79,1,GSM331425,1,0.4414933919906616
79,1,GSM331426,1,0.3380069136619568
79,1,GSM331429,1,0.7159315943717957
79,1,GSM331431,1,0.42205601930618286
79,1,GSM331432,1,0.3540181517601013
79,1,GSM331439,1,0.4756171405315399
79,1,GSM331441,1,0.5122241973876953
79,1,GSM331442,1,0.24892465770244598
79,1,GSM331444,1,0.3881382942199707
79,1,GSM331445,1,0.38535237312316895
79,1,GSM331446,1,0.2784663736820221
79,1,GSM331448,1,0.42050832509994507
79,2,GSM331638,0,0.21575726568698883
79,2,GSM331661,0,0.4794169068336487
79,2,GSM331662,0,0.3567880094051361
79,2,GSM331665,0,0.5115324854850769
79,2,GSM331666,0,0.19771771132946014
79,2,GSM331668,0,0.3667818009853363
79,2,GSM331669,0,0.5295499563217163
79,2,GSM331670,0,0.393746018409729
79,2,GSM331672,0,0.6611230373382568
79,2,GSM331676,0,0.5526013374328613
79,2,GSM331677,0,0.18169939517974854
79,2,GSM331682,0,0.4231410026550293
79,2,GSM331684,0,0.37506428360939026
79,2,GSM331685,0,0.22300690412521362
79,2,GSM331687,0,0.17652031779289246
79,2,GSM331689,0,0.4622790515422821
79,2,GSM331691,0,0.6403066515922546
79,2,GSM331692,0,0.36816272139549255
79,2,GSM331694,0,0.3339100778102875
79,2,GSM331695,0,0.20201534032821655
79,2,GSM331696,0,0.20321816205978394
79,2,GSM331697,0,0.3626873791217804
79,2,GSM331698,0,0.13429534435272217
79,2,GSM331702,0,0.4770495593547821
79,2,GSM331703,0,0.1712852269411087
79,2,GSM331704,0,0.4963231682777405
79,2,GSM331705,0,0.34478476643562317
79,2,GSM331707,0,0.32786446809768677
79,2,GSM331711,0,0.3915918171405792
79,2,GSM331712,0,0.4433140456676483
79,2,GSM331714,0,0.6677352786064148
79,2,GSM331718,0,0.5593529343605042
79,2,GSM331724,0,0.3694465756416321
79,2,GSM331725,0,0.3869377374649048
79,2,GSM331730,0,0.26339536905288696
79,2,GSM331732,0,0.47087860107421875
79,2,GSM331379,1,0.43947935104370117
79,2,GSM331380,1,0.6715011596679688
79,2,GSM331386,1,0.427207887172699
79,2,GSM331387,1,0.4479355812072754
79,2,GSM331388,1,0.65668123960495
79,2,GSM331389,1,0.4784829318523407
79,2,GSM331390,1,0.28071653842926025
79,2,GSM331391,1,0.5644976496696472
79,2,GSM331395,1,0.5159189105033875
79,2,GSM331396,1,0.6847566962242126
79,2,GSM331399,1,0.5530958771705627
79,2,GSM331401,1,0.42879244685173035
79,2,GSM331402,1,0.2834014594554901
79,2,GSM331403,1,0.6021872758865356
79,2,GSM331405,1,0.14139285683631897
79,2,GSM331407,1,0.5484999418258667
79,2,GSM331410,1,0.35816824436187744
79,2,GSM331412,1,0.6146688461303711
79,2,GSM331414,1,0.5831537246704102
79,2,GSM331419,1,0.5533227324485779
79,2,GSM331420,1,0.4942460060119629
79,2,GSM331421,1,0.7083619236946106
79,2,GSM331427,1,0.522493302822113
79,2,GSM331428,1,0.2881413698196411
79,2,GSM331430,1,0.24606604874134064
79,2,GSM331434,1,0.6339429616928101
79,2,GSM331436,1,0.4052695631980896
79,2,GSM331438,1,0.4872347116470337
79,2,GSM331440,1,0.26332777738571167
79,2,GSM331443,1,0.404488742351532
79,2,GSM331447,1,0.5625986456871033
79,2,GSM331450,1,0.31050196290016174
79,2,GSM331452,1,0.8347708582878113
80,1,GSM331660,0,0.46489426493644714
80,1,GSM331668,0,0.5361711382865906
80,1,GSM331669,0,0.6090245842933655
80,1,GSM331670,0,0.5096560716629028
80,1,GSM331671,0,0.5566810965538025
80,1,GSM331673,0,0.5401835441589355
80,1,GSM331674,0,0.6967514157295227
80,1,GSM331676,0,0.4697805345058441
80,1,GSM331677,0,0.42594897747039795
80,1,GSM331679,0,0.5833881497383118
80,1,GSM331682,0,0.42352956533432007
80,1,GSM331683,0,0.8324173092842102
80,1,GSM331684,0,0.49341872334480286
80,1,GSM331686,0,0.5442831516265869
80,1,GSM331687,0,0.34775295853614807
80,1,GSM331689,0,0.5439123511314392
80,1,GSM331691,0,0.46559131145477295
80,1,GSM331693,0,0.4457932710647583
80,1,GSM331694,0,0.6090792417526245
80,1,GSM331695,0,0.3846755027770996
80,1,GSM331696,0,0.47437620162963867
80,1,GSM331697,0,0.45556169748306274
80,1,GSM331698,0,0.22625938057899475
80,1,GSM331701,0,0.5140974521636963
80,1,GSM331704,0,0.5369852185249329
80,1,GSM331705,0,0.4415380358695984
80,1,GSM331713,0,0.46276572346687317
80,1,GSM331714,0,0.8624063730239868
80,1,GSM331716,0,0.6037365794181824
80,1,GSM331721,0,0.44326600432395935
80,1,GSM331722,0,0.6187966465950012
80,1,GSM331724,0,0.5015075206756592
80,1,GSM331726,0,0.3931557238101959
80,1,GSM331727,0,0.5689791440963745
80,1,GSM331728,0,0.5261428356170654
80,1,GSM331729,0,0.4509459435939789
80,1,GSM331731,0,0.6967574954032898
80,1,GSM331381,1,0.6726875305175781
80,1,GSM331382,1,0.5359637141227722
80,1,GSM331384,1,0.7577395439147949
80,1,GSM331385,1,0.557523787021637
80,1,GSM331386,1,0.5720246434211731
80,1,GSM331387,1,0.7491330504417419
80,1,GSM331390,1,0.5366005897521973
80,1,GSM331396,1,0.6627559661865234
80,1,GSM331400,1,0.734772801399231
80,1,GSM331402,1,0.6054553389549255
80,1,GSM331403,1,0.6486762166023254
80,1,GSM331404,1,0.7722169756889343
80,1,GSM331405,1,0.5216584205627441
80,1,GSM331406,1,0.8154453635215759
80,1,GSM331407,1,0.6626923680305481
80,1,GSM331408,1,0.4678851366043091
80,1,GSM331411,1,0.6317508816719055
80,1,GSM331412,1,0.8047074675559998
80,1,GSM331416,1,0.7271894216537476
80,1,GSM331419,1,0.6268908977508545
80,1,GSM331420,1,0.6808913946151733
80,1,GSM331421,1,0.8113020062446594
80,1,GSM331422,1,0.7234973907470703
80,1,GSM331424,1,0.5190761685371399
80,1,GSM331425,1,0.38629359006881714
80,1,GSM331436,1,0.374939888715744
80,1,GSM331438,1,0.6372345089912415
80,1,GSM331441,1,0.7671569585800171
80,1,GSM331442,1,0.5994108319282532
80,1,GSM331443,1,0.7081862688064575
80,1,GSM331446,1,0.5952534675598145
80,1,GSM331450,1,0.6182160973548889
80,1,GSM331452,1,0.742215633392334
80,2,GSM331638,0,0.39479005336761475
80,2,GSM331661,0,0.313373327255249
80,2,GSM331662,0,0.4370898902416229
80,2,GSM331663,0,0.23702846467494965
80,2,GSM331664,0,0.41156530380249023
80,2,GSM331665,0,0.6778703927993774
80,2,GSM331666,0,0.21888107061386108
80,2,GSM331672,0,0.39830902218818665
80,2,GSM331675,0,0.27029407024383545
80,2,GSM331678,0,0.43001794815063477
80,2,GSM331680,0,0.6124940514564514
80,2,GSM331681,0,0.4572596848011017
80,2,GSM331685,0,0.43073245882987976
80,2,GSM331688,0,0.37520068883895874
80,2,GSM331690,0,0.5936391353607178
80,2,GSM331692,0,0.26781904697418213
80,2,GSM331699,0,0.2894163727760315
80,2,GSM331700,0,0.3928644061088562
80,2,GSM331702,0,0.274476557970047
80,2,GSM331703,0,0.2643918991088867
80,2,GSM331706,0,0.3008497357368469
80,2,GSM331707,0,0.31222736835479736
80,2,GSM331708,0,0.476136177778244
80,2,GSM331709,0,0.2793307602405548
80,2,GSM331710,0,0.3467576801776886
80,2,GSM331711,0,0.5283259749412537
80,2,GSM331712,0,0.26305967569351196
80,2,GSM331715,0,0.17554324865341187
80,2,GSM331717,0,0.3727101683616638
80,2,GSM331718,0,0.5899707674980164
80,2,GSM331719,0,0.26930946111679077
80,2,GSM331720,0,0.49202147126197815
80,2,GSM331723,0,0.4757916331291199
80,2,GSM331725,0,0.5075973272323608
80,2,GSM331730,0,0.3028866648674011
80,2,GSM331732,0,0.48137158155441284
80,2,GSM331377,1,0.517071008682251
80,2,GSM331378,1,0.471758097410202
80,2,GSM331379,1,0.5114819407463074
80,2,GSM331380,1,0.47728249430656433
80,2,GSM331383,1,0.5706035494804382
80,2,GSM331388,1,0.6510221362113953
80,2,GSM331389,1,0.4107688367366791
80,2,GSM331391,1,0.6629093289375305
80,2,GSM331393,1,0.4886664152145386
80,2,GSM331395,1,0.559105396270752
80,2,GSM331397,1,0.47719690203666687
80,2,GSM331399,1,0.5795806646347046
80,2,GSM331401,1,0.6233064532279968
80,2,GSM331409,1,0.5183523297309875
80,2,GSM331410,1,0.5098811388015747
80,2,GSM331413,1,0.47788041830062866
80,2,GSM331414,1,0.5668964982032776
80,2,GSM331417,1,0.5326071381568909
80,2,GSM331418,1,0.7068445086479187
80,2,GSM331426,1,0.549831748008728
80,2,GSM331427,1,0.6013267636299133
80,2,GSM331428,1,0.3615969121456146
80,2,GSM331429,1,0.5498151183128357
80,2,GSM331430,1,0.2882205843925476
80,2,GSM331431,1,0.5357702374458313
80,2,GSM331432,1,0.23883271217346191
80,2,GSM331434,1,0.6435136198997498
80,2,GSM331439,1,0.6062750220298767
80,2,GSM331440,1,0.5446633100509644
80,2,GSM331444,1,0.6669583916664124
80,2,GSM331445,1,0.5209673643112183
80,2,GSM331447,1,0.49923691153526306
80,2,GSM331448,1,0.44407525658607483
