Repeat,Fold,Sample,True_label,Predicted_probability
1,1,GSM331638,0,0.3537457585334778
1,1,GSM331662,0,0.3945808708667755
1,1,GSM331663,0,0.1748029589653015
1,1,GSM331665,0,0.5426363348960876
1,1,GSM331666,0,0.21251848340034485
1,1,GSM331669,0,0.7627152800559998
1,1,GSM331671,0,0.3970719277858734
1,1,GSM331673,0,0.2430623322725296
1,1,GSM331677,0,0.1749597042798996
1,1,GSM331679,0,0.2355947047472
1,1,GSM331680,0,0.5263262987136841
1,1,GSM331681,0,0.2798391282558441
1,1,GSM331682,0,0.2880054712295532
1,1,GSM331683,0,0.580657958984375
1,1,GSM331686,0,0.35291022062301636
1,1,GSM331687,0,0.16137725114822388
1,1,GSM331691,0,0.6196355819702148
1,1,GSM331692,0,0.09966443479061127
1,1,GSM331693,0,0.2934630215167999
1,1,GSM331696,0,0.3472030758857727
1,1,GSM331697,0,0.22045330703258514
1,1,GSM331698,0,0.22067846357822418
1,1,GSM331700,0,0.44449517130851746
1,1,GSM331704,0,0.41633903980255127
1,1,GSM331705,0,0.12118496745824814
1,1,GSM331711,0,0.6224907636642456
1,1,GSM331712,0,0.23620161414146423
1,1,GSM331714,0,0.6687024235725403
1,1,GSM331718,0,0.5995537042617798
1,1,GSM331719,0,0.11777091771364212
1,1,GSM331720,0,0.3611132800579071
1,1,GSM331721,0,0.6227579116821289
1,1,GSM331722,0,0.2578696310520172
1,1,GSM331724,0,0.19991351664066315
1,1,GSM331725,0,0.46673429012298584
1,1,GSM331727,0,0.2509019076824188
1,1,GSM331731,0,0.6631238460540771
1,1,GSM331377,1,0.8410231471061707
1,1,GSM331379,1,0.5972971320152283
1,1,GSM331380,1,0.8329501152038574
1,1,GSM331381,1,0.7823499441146851
1,1,GSM331386,1,0.3573909103870392
1,1,GSM331391,1,0.36833247542381287
1,1,GSM331395,1,0.32423824071884155
1,1,GSM331396,1,0.7357428073883057
1,1,GSM331397,1,0.311863511800766
1,1,GSM331400,1,0.3755670189857483
1,1,GSM331401,1,0.5815611481666565
1,1,GSM331403,1,0.8299410939216614
1,1,GSM331404,1,0.5543168783187866
1,1,GSM331406,1,0.4417518377304077
1,1,GSM331407,1,0.5939772129058838
1,1,GSM331409,1,0.6970950365066528
1,1,GSM331410,1,0.5382619500160217
1,1,GSM331411,1,0.8067134022712708
1,1,GSM331414,1,0.7337101101875305
1,1,GSM331416,1,0.48749470710754395
1,1,GSM331417,1,0.6634711027145386
1,1,GSM331419,1,0.6125982403755188
1,1,GSM331422,1,0.75938481092453
1,1,GSM331428,1,0.3140432834625244
1,1,GSM331430,1,0.7163835167884827
1,1,GSM331431,1,0.7879682779312134
1,1,GSM331434,1,0.6325230598449707
1,1,GSM331439,1,0.6784530878067017
1,1,GSM331440,1,0.577918529510498
1,1,GSM331442,1,0.23307044804096222
1,1,GSM331443,1,0.2957655191421509
1,1,GSM331445,1,0.5746046900749207
1,1,GSM331448,1,0.769083559513092
1,2,GSM331660,0,0.0968770831823349
1,2,GSM331661,0,0.38339242339134216
1,2,GSM331664,0,0.11799948662519455
1,2,GSM331668,0,0.4662039577960968
1,2,GSM331670,0,0.247789204120636
1,2,GSM331672,0,0.3375498652458191
1,2,GSM331674,0,0.2692186236381531
1,2,GSM331675,0,0.06561106443405151
1,2,GSM331676,0,0.4590994417667389
1,2,GSM331678,0,0.10065712034702301
1,2,GSM331684,0,0.14511501789093018
1,2,GSM331685,0,0.21435071527957916
1,2,GSM331688,0,0.27027004957199097
1,2,GSM331689,0,0.11536971479654312
1,2,GSM331690,0,0.8699070811271667
1,2,GSM331694,0,0.10126042366027832
1,2,GSM331695,0,0.2851366698741913
1,2,GSM331699,0,0.20755203068256378
1,2,GSM331701,0,0.20344491302967072
1,2,GSM331702,0,0.4011177122592926
1,2,GSM331703,0,0.2999759614467621
1,2,GSM331706,0,0.6956473588943481
1,2,GSM331707,0,0.22527503967285156
1,2,GSM331708,0,0.5020179748535156
1,2,GSM331709,0,0.11300566047430038
1,2,GSM331710,0,0.0942312702536583
1,2,GSM331713,0,0.24050606787204742
1,2,GSM331715,0,0.1664118766784668
1,2,GSM331716,0,0.7182321548461914
1,2,GSM331717,0,0.44478416442871094
1,2,GSM331723,0,0.4090137481689453
1,2,GSM331726,0,0.16270308196544647
1,2,GSM331728,0,0.05963119491934776
1,2,GSM331729,0,0.044343315064907074
1,2,GSM331730,0,0.4769776165485382
1,2,GSM331732,0,0.36322543025016785
1,2,GSM331378,1,0.9121895432472229
1,2,GSM331382,1,0.5015282034873962
1,2,GSM331383,1,0.8288565278053284
1,2,GSM331384,1,0.48548516631126404
1,2,GSM331385,1,0.16812697052955627
1,2,GSM331387,1,0.2938084602355957
1,2,GSM331388,1,0.8743130564689636
1,2,GSM331389,1,0.4284878671169281
1,2,GSM331390,1,0.538664698600769
1,2,GSM331393,1,0.6966083645820618
1,2,GSM331399,1,0.7319802045822144
1,2,GSM331402,1,0.43620237708091736
1,2,GSM331405,1,0.12404591590166092
1,2,GSM331408,1,0.6913217306137085
1,2,GSM331412,1,0.8737451434135437
1,2,GSM331413,1,0.3319346010684967
1,2,GSM331418,1,0.6493256092071533
1,2,GSM331420,1,0.7280519604682922
1,2,GSM331421,1,0.43617042899131775
1,2,GSM331424,1,0.258025586605072
1,2,GSM331425,1,0.6616009473800659
1,2,GSM331426,1,0.6122521758079529
1,2,GSM331427,1,0.5738979578018188
1,2,GSM331429,1,0.5788861513137817
1,2,GSM331432,1,0.18386898934841156
1,2,GSM331436,1,0.165383979678154
1,2,GSM331438,1,0.8365544080734253
1,2,GSM331441,1,0.6379262804985046
1,2,GSM331444,1,0.5573405027389526
1,2,GSM331446,1,0.19666780531406403
1,2,GSM331447,1,0.5815955996513367
1,2,GSM331450,1,0.22849074006080627
1,2,GSM331452,1,0.6571152806282043
2,1,GSM331660,0,0.23650427162647247
2,1,GSM331663,0,0.25014472007751465
2,1,GSM331668,0,0.4915824234485626
2,1,GSM331669,0,0.8527703285217285
2,1,GSM331672,0,0.3131360411643982
2,1,GSM331673,0,0.37238094210624695
2,1,GSM331674,0,0.39965835213661194
2,1,GSM331675,0,0.08678055554628372
2,1,GSM331677,0,0.19897449016571045
2,1,GSM331678,0,0.13165274262428284
2,1,GSM331683,0,0.7045178413391113
2,1,GSM331684,0,0.12308544665575027
2,1,GSM331686,0,0.3079763948917389
2,1,GSM331688,0,0.3849286437034607
2,1,GSM331690,0,0.8135197758674622
2,1,GSM331691,0,0.48871344327926636
2,1,GSM331693,0,0.19544944167137146
2,1,GSM331701,0,0.23205304145812988
2,1,GSM331703,0,0.3227856457233429
2,1,GSM331705,0,0.14253397285938263
2,1,GSM331706,0,0.8617361783981323
2,1,GSM331707,0,0.2533184587955475
2,1,GSM331708,0,0.7315200567245483
2,1,GSM331709,0,0.1008906438946724
2,1,GSM331712,0,0.11664605885744095
2,1,GSM331714,0,0.7508655190467834
2,1,GSM331716,0,0.8619751930236816
2,1,GSM331718,0,0.7847333550453186
2,1,GSM331720,0,0.47402697801589966
2,1,GSM331721,0,0.6644541621208191
2,1,GSM331722,0,0.5930532217025757
2,1,GSM331724,0,0.16204875707626343
2,1,GSM331726,0,0.16334643959999084
2,1,GSM331727,0,0.28897276520729065
2,1,GSM331728,0,0.12542389333248138
2,1,GSM331729,0,0.07112888991832733
2,1,GSM331732,0,0.4135863482952118
2,1,GSM331379,1,0.6779031753540039
2,1,GSM331381,1,0.7948338389396667
2,1,GSM331382,1,0.673220157623291
2,1,GSM331387,1,0.4999430179595947
2,1,GSM331388,1,0.8880146145820618
2,1,GSM331389,1,0.5494650602340698
2,1,GSM331390,1,0.5128155946731567
2,1,GSM331391,1,0.5456581711769104
2,1,GSM331393,1,0.6252514719963074
2,1,GSM331395,1,0.6050242781639099
2,1,GSM331396,1,0.7168883085250854
2,1,GSM331402,1,0.5153883695602417
2,1,GSM331403,1,0.8514173030853271
2,1,GSM331407,1,0.39508330821990967
2,1,GSM331409,1,0.7558944225311279
2,1,GSM331411,1,0.7803827524185181
2,1,GSM331413,1,0.19406954944133759
2,1,GSM331416,1,0.45995187759399414
2,1,GSM331417,1,0.7158805131912231
2,1,GSM331421,1,0.7588318586349487
2,1,GSM331422,1,0.7936703562736511
2,1,GSM331424,1,0.47276851534843445
2,1,GSM331425,1,0.5874148011207581
2,1,GSM331426,1,0.7214950919151306
2,1,GSM331427,1,0.5898439288139343
2,1,GSM331429,1,0.7278706431388855
2,1,GSM331430,1,0.6761088371276855
2,1,GSM331443,1,0.41651687026023865
2,1,GSM331444,1,0.6281338930130005
2,1,GSM331446,1,0.39168062806129456
2,1,GSM331447,1,0.7064617872238159
2,1,GSM331448,1,0.6363763213157654
2,1,GSM331452,1,0.8004329800605774
2,2,GSM331638,0,0.266621857881546
2,2,GSM331661,0,0.48830708861351013
2,2,GSM331662,0,0.604759156703949
2,2,GSM331664,0,0.4610203206539154
2,2,GSM331665,0,0.6597787737846375
2,2,GSM331666,0,0.40951117873191833
2,2,GSM331670,0,0.40745988488197327
2,2,GSM331671,0,0.6570090651512146
2,2,GSM331676,0,0.532692551612854
2,2,GSM331679,0,0.3555389940738678
2,2,GSM331680,0,0.7282211184501648
2,2,GSM331681,0,0.37900394201278687
2,2,GSM331682,0,0.2953735888004303
2,2,GSM331685,0,0.3924337923526764
2,2,GSM331687,0,0.20421431958675385
2,2,GSM331689,0,0.3078427314758301
2,2,GSM331692,0,0.1131507083773613
2,2,GSM331694,0,0.3332686126232147
2,2,GSM331695,0,0.2739208936691284
2,2,GSM331696,0,0.33779090642929077
2,2,GSM331697,0,0.15968002378940582
2,2,GSM331698,0,0.11480999737977982
2,2,GSM331699,0,0.26171058416366577
2,2,GSM331700,0,0.6163343191146851
2,2,GSM331702,0,0.43293216824531555
2,2,GSM331704,0,0.5405415892601013
2,2,GSM331710,0,0.09569631516933441
2,2,GSM331711,0,0.575705885887146
2,2,GSM331713,0,0.3453896939754486
2,2,GSM331715,0,0.17064401507377625
2,2,GSM331717,0,0.5495259761810303
2,2,GSM331719,0,0.10562149435281754
2,2,GSM331723,0,0.5429986119270325
2,2,GSM331725,0,0.6343965530395508
2,2,GSM331730,0,0.3395359516143799
2,2,GSM331731,0,0.819441020488739
2,2,GSM331377,1,0.8394714593887329
2,2,GSM331378,1,0.7698000073432922
2,2,GSM331380,1,0.8001289963722229
2,2,GSM331383,1,0.8884630799293518
2,2,GSM331384,1,0.5672218203544617
2,2,GSM331385,1,0.21430590748786926
2,2,GSM331386,1,0.31411057710647583
2,2,GSM331397,1,0.5378308296203613
2,2,GSM331399,1,0.768587052822113
2,2,GSM331400,1,0.4475063979625702
2,2,GSM331401,1,0.5352163314819336
2,2,GSM331404,1,0.8200666904449463
2,2,GSM331405,1,0.23365463316440582
2,2,GSM331406,1,0.6596200466156006
2,2,GSM331408,1,0.8517207503318787
2,2,GSM331410,1,0.4551098346710205
2,2,GSM331412,1,0.7955726385116577
2,2,GSM331414,1,0.7843823432922363
2,2,GSM331418,1,0.6335748434066772
2,2,GSM331419,1,0.559655487537384
2,2,GSM331420,1,0.7627570033073425
2,2,GSM331428,1,0.4520675539970398
2,2,GSM331431,1,0.7428770065307617
2,2,GSM331432,1,0.14714641869068146
2,2,GSM331434,1,0.7403286695480347
2,2,GSM331436,1,0.11273258179426193
2,2,GSM331438,1,0.8404189348220825
2,2,GSM331439,1,0.817663848400116
2,2,GSM331440,1,0.6221873164176941
2,2,GSM331441,1,0.6705749034881592
2,2,GSM331442,1,0.28017187118530273
2,2,GSM331445,1,0.39754393696784973
2,2,GSM331450,1,0.37076541781425476
3,1,GSM331638,0,0.06440101563930511
3,1,GSM331664,0,0.10404311120510101
3,1,GSM331666,0,0.044733453541994095
3,1,GSM331668,0,0.40993568301200867
3,1,GSM331669,0,0.9576941728591919
3,1,GSM331670,0,0.21126887202262878
3,1,GSM331673,0,0.1964559257030487
3,1,GSM331674,0,0.8443470001220703
3,1,GSM331677,0,0.4789253771305084
3,1,GSM331679,0,0.44339990615844727
3,1,GSM331681,0,0.45820513367652893
3,1,GSM331682,0,0.3779822587966919
3,1,GSM331683,0,0.6670438051223755
3,1,GSM331684,0,0.04853629320859909
3,1,GSM331686,0,0.696674108505249
3,1,GSM331691,0,0.2363828718662262
3,1,GSM331693,0,0.2174946516752243
3,1,GSM331694,0,0.056644003838300705
3,1,GSM331695,0,0.22744129598140717
3,1,GSM331698,0,0.11978369206190109
3,1,GSM331699,0,0.5441717505455017
3,1,GSM331700,0,0.5441665649414062
3,1,GSM331701,0,0.09419171512126923
3,1,GSM331703,0,0.34475260972976685
3,1,GSM331704,0,0.43849194049835205
3,1,GSM331705,0,0.11362361907958984
3,1,GSM331707,0,0.6773238182067871
3,1,GSM331709,0,0.0979650616645813
3,1,GSM331710,0,0.03933145850896835
3,1,GSM331712,0,0.16759687662124634
3,1,GSM331715,0,0.16294348239898682
3,1,GSM331722,0,0.09113073348999023
3,1,GSM331727,0,0.14205224812030792
3,1,GSM331728,0,0.057084809988737106
3,1,GSM331729,0,0.03759649768471718
3,1,GSM331731,0,0.7331160306930542
3,1,GSM331732,0,0.7907950282096863
3,1,GSM331377,1,0.8104716539382935
3,1,GSM331379,1,0.6506852507591248
3,1,GSM331381,1,0.6129092574119568
3,1,GSM331382,1,0.28135353326797485
3,1,GSM331383,1,0.9511454105377197
3,1,GSM331388,1,0.8872928023338318
3,1,GSM331389,1,0.13576777279376984
3,1,GSM331390,1,0.5664737224578857
3,1,GSM331391,1,0.3009161353111267
3,1,GSM331393,1,0.8011518120765686
3,1,GSM331396,1,0.554253876209259
3,1,GSM331399,1,0.7186627388000488
3,1,GSM331401,1,0.4587712287902832
3,1,GSM331403,1,0.8013700246810913
3,1,GSM331406,1,0.4968765079975128
3,1,GSM331411,1,0.8319118022918701
3,1,GSM331412,1,0.8504173755645752
3,1,GSM331413,1,0.16634030640125275
3,1,GSM331416,1,0.2960200607776642
3,1,GSM331420,1,0.7693005204200745
3,1,GSM331425,1,0.41673681139945984
3,1,GSM331426,1,0.7676486968994141
3,1,GSM331427,1,0.7477061152458191
3,1,GSM331428,1,0.11422127485275269
3,1,GSM331430,1,0.6074038743972778
3,1,GSM331431,1,0.6954163312911987
3,1,GSM331432,1,0.11611725389957428
3,1,GSM331439,1,0.5524950623512268
3,1,GSM331440,1,0.1804647594690323
3,1,GSM331441,1,0.5458970069885254
3,1,GSM331446,1,0.16307292878627777
3,1,GSM331447,1,0.7882750034332275
3,1,GSM331452,1,0.382876992225647
3,2,GSM331660,0,0.13262015581130981
3,2,GSM331661,0,0.620624840259552
3,2,GSM331662,0,0.22559161484241486
3,2,GSM331663,0,0.23523889482021332
3,2,GSM331665,0,0.8825691342353821
3,2,GSM331671,0,0.5365170240402222
3,2,GSM331672,0,0.6673949360847473
3,2,GSM331675,0,0.038377437740564346
3,2,GSM331676,0,0.8291329145431519
3,2,GSM331678,0,0.0452139750123024
3,2,GSM331680,0,0.21106019616127014
3,2,GSM331685,0,0.06098862737417221
3,2,GSM331687,0,0.23895856738090515
3,2,GSM331688,0,0.309587299823761
3,2,GSM331689,0,0.0792945995926857
3,2,GSM331690,0,0.891087532043457
3,2,GSM331692,0,0.1942943036556244
3,2,GSM331696,0,0.23413728177547455
3,2,GSM331697,0,0.32420435547828674
3,2,GSM331702,0,0.5275610685348511
3,2,GSM331706,0,0.9231276512145996
3,2,GSM331708,0,0.7419033646583557
3,2,GSM331711,0,0.39204078912734985
3,2,GSM331713,0,0.14295242726802826
3,2,GSM331714,0,0.6564386487007141
3,2,GSM331716,0,0.9894006848335266
3,2,GSM331717,0,0.6889216899871826
3,2,GSM331718,0,0.6373592615127563
3,2,GSM331719,0,0.09190446138381958
3,2,GSM331720,0,0.15166692435741425
3,2,GSM331721,0,0.9273818135261536
3,2,GSM331723,0,0.8039011359214783
3,2,GSM331724,0,0.2904275357723236
3,2,GSM331725,0,0.49454203248023987
3,2,GSM331726,0,0.10811541229486465
3,2,GSM331730,0,0.4498932659626007
3,2,GSM331378,1,0.8893644213676453
3,2,GSM331380,1,0.8195456266403198
3,2,GSM331384,1,0.49927636981010437
3,2,GSM331385,1,0.35402145981788635
3,2,GSM331386,1,0.43511471152305603
3,2,GSM331387,1,0.5165624022483826
3,2,GSM331395,1,0.1223335713148117
3,2,GSM331397,1,0.30181610584259033
3,2,GSM331400,1,0.2706987261772156
3,2,GSM331402,1,0.5576354265213013
3,2,GSM331404,1,0.554978609085083
3,2,GSM331405,1,0.052612368017435074
3,2,GSM331407,1,0.5131305456161499
3,2,GSM331408,1,0.7719537615776062
3,2,GSM331409,1,0.573352575302124
3,2,GSM331410,1,0.3509139120578766
3,2,GSM331414,1,0.7607669830322266
3,2,GSM331417,1,0.7919765710830688
3,2,GSM331418,1,0.864629864692688
3,2,GSM331419,1,0.7017742991447449
3,2,GSM331421,1,0.48243483901023865
3,2,GSM331422,1,0.8101431131362915
3,2,GSM331424,1,0.06777671724557877
3,2,GSM331429,1,0.825779139995575
3,2,GSM331434,1,0.5092676281929016
3,2,GSM331436,1,0.055352140218019485
3,2,GSM331438,1,0.8954797387123108
3,2,GSM331442,1,0.5362120270729065
3,2,GSM331443,1,0.040755245834589005
3,2,GSM331444,1,0.737228274345398
3,2,GSM331445,1,0.4697732627391815
3,2,GSM331448,1,0.8906648755073547
3,2,GSM331450,1,0.6183362603187561
4,1,GSM331638,0,0.24529559910297394
4,1,GSM331660,0,0.22532576322555542
4,1,GSM331669,0,0.7134858965873718
4,1,GSM331671,0,0.5170260071754456
4,1,GSM331673,0,0.24414245784282684
4,1,GSM331674,0,0.4629173278808594
4,1,GSM331675,0,0.06524218618869781
4,1,GSM331677,0,0.20862260460853577
4,1,GSM331678,0,0.17048229277133942
4,1,GSM331679,0,0.34347614645957947
4,1,GSM331680,0,0.6077793836593628
4,1,GSM331681,0,0.5308303236961365
4,1,GSM331683,0,0.7856010794639587
4,1,GSM331684,0,0.14938214421272278
4,1,GSM331686,0,0.25906437635421753
4,1,GSM331688,0,0.3110494911670685
4,1,GSM331689,0,0.29419898986816406
4,1,GSM331691,0,0.6115760207176208
4,1,GSM331692,0,0.16891327500343323
4,1,GSM331694,0,0.3274401128292084
4,1,GSM331695,0,0.33702191710472107
4,1,GSM331697,0,0.2409270852804184
4,1,GSM331698,0,0.13179954886436462
4,1,GSM331699,0,0.32375428080558777
4,1,GSM331700,0,0.4233457148075104
4,1,GSM331701,0,0.28538626432418823
4,1,GSM331703,0,0.42892536520957947
4,1,GSM331705,0,0.19445809721946716
4,1,GSM331707,0,0.3626084327697754
4,1,GSM331719,0,0.0847969651222229
4,1,GSM331722,0,0.4407142996788025
4,1,GSM331724,0,0.12348818778991699
4,1,GSM331725,0,0.48331665992736816
4,1,GSM331727,0,0.3060937225818634
4,1,GSM331729,0,0.1327517032623291
4,1,GSM331731,0,0.8673499822616577
4,1,GSM331732,0,0.46908867359161377
4,1,GSM331378,1,0.823853611946106
4,1,GSM331379,1,0.6872340440750122
4,1,GSM331381,1,0.8135342597961426
4,1,GSM331384,1,0.49473676085472107
4,1,GSM331385,1,0.2397071123123169
4,1,GSM331386,1,0.4252050220966339
4,1,GSM331387,1,0.5240650773048401
4,1,GSM331388,1,0.8538607358932495
4,1,GSM331393,1,0.6036524772644043
4,1,GSM331395,1,0.5227268934249878
4,1,GSM331397,1,0.39638110995292664
4,1,GSM331399,1,0.8334344625473022
4,1,GSM331401,1,0.56360924243927
4,1,GSM331403,1,0.7807188034057617
4,1,GSM331404,1,0.6529625654220581
4,1,GSM331409,1,0.47849971055984497
4,1,GSM331410,1,0.39062368869781494
4,1,GSM331411,1,0.8396674990653992
4,1,GSM331417,1,0.792464017868042
4,1,GSM331418,1,0.681327223777771
4,1,GSM331422,1,0.7433779239654541
4,1,GSM331424,1,0.43006575107574463
4,1,GSM331427,1,0.763026773929596
4,1,GSM331428,1,0.34688466787338257
4,1,GSM331430,1,0.6202777624130249
4,1,GSM331438,1,0.8306683301925659
4,1,GSM331439,1,0.7458285689353943
4,1,GSM331440,1,0.45648393034935
4,1,GSM331442,1,0.4691845178604126
4,1,GSM331444,1,0.6248399019241333
4,1,GSM331445,1,0.6969596743583679
4,1,GSM331446,1,0.2557452619075775
4,1,GSM331447,1,0.6251325011253357
4,2,GSM331661,0,0.5301698446273804
4,2,GSM331662,0,0.6732593774795532
4,2,GSM331663,0,0.1266631782054901
4,2,GSM331664,0,0.41932129859924316
4,2,GSM331665,0,0.6684418320655823
4,2,GSM331666,0,0.19780154526233673
4,2,GSM331668,0,0.6261516809463501
4,2,GSM331670,0,0.4315292239189148
4,2,GSM331672,0,0.3375236690044403
4,2,GSM331676,0,0.5189379453659058
4,2,GSM331682,0,0.32558149099349976
4,2,GSM331685,0,0.4698246419429779
4,2,GSM331687,0,0.16826936602592468
4,2,GSM331690,0,0.7772756814956665
4,2,GSM331693,0,0.21103613078594208
4,2,GSM331696,0,0.45433613657951355
4,2,GSM331702,0,0.3489312529563904
4,2,GSM331704,0,0.4045735001564026
4,2,GSM331706,0,0.6288469433784485
4,2,GSM331708,0,0.6765945553779602
4,2,GSM331709,0,0.12051761150360107
4,2,GSM331710,0,0.12814606726169586
4,2,GSM331711,0,0.6172316670417786
4,2,GSM331712,0,0.1433146893978119
4,2,GSM331713,0,0.18862095475196838
4,2,GSM331714,0,0.7447441220283508
4,2,GSM331715,0,0.17499612271785736
4,2,GSM331716,0,0.7848248481750488
4,2,GSM331717,0,0.355049192905426
4,2,GSM331718,0,0.7431175708770752
4,2,GSM331720,0,0.5279995203018188
4,2,GSM331721,0,0.5870808362960815
4,2,GSM331723,0,0.6290242075920105
4,2,GSM331726,0,0.24376046657562256
4,2,GSM331728,0,0.11241097003221512
4,2,GSM331730,0,0.2889569401741028
4,2,GSM331377,1,0.8863222002983093
4,2,GSM331380,1,0.8431320786476135
4,2,GSM331382,1,0.5329416394233704
4,2,GSM331383,1,0.9067642092704773
4,2,GSM331389,1,0.7411495447158813
4,2,GSM331390,1,0.41367533802986145
4,2,GSM331391,1,0.6236491799354553
4,2,GSM331396,1,0.8423334956169128
4,2,GSM331400,1,0.40153998136520386
4,2,GSM331402,1,0.5301792621612549
4,2,GSM331405,1,0.2936674654483795
4,2,GSM331406,1,0.7780196666717529
4,2,GSM331407,1,0.4962575137615204
4,2,GSM331408,1,0.7124773263931274
4,2,GSM331412,1,0.8393136858940125
4,2,GSM331413,1,0.4496745765209198
4,2,GSM331414,1,0.8015186786651611
4,2,GSM331416,1,0.4193938374519348
4,2,GSM331419,1,0.5703997611999512
4,2,GSM331420,1,0.7910858392715454
4,2,GSM331421,1,0.746126115322113
4,2,GSM331425,1,0.7272916436195374
4,2,GSM331426,1,0.6121269464492798
4,2,GSM331429,1,0.7522133588790894
4,2,GSM331431,1,0.6154427528381348
4,2,GSM331432,1,0.3680906891822815
4,2,GSM331434,1,0.7369608283042908
4,2,GSM331436,1,0.17702293395996094
4,2,GSM331441,1,0.7284107208251953
4,2,GSM331443,1,0.2431088238954544
4,2,GSM331448,1,0.7532936930656433
4,2,GSM331450,1,0.40785160660743713
4,2,GSM331452,1,0.7492246627807617
5,1,GSM331638,0,0.20789235830307007
5,1,GSM331662,0,0.20205345749855042
5,1,GSM331663,0,0.0818580687046051
5,1,GSM331665,0,0.6245571970939636
5,1,GSM331666,0,0.14016903936862946
5,1,GSM331668,0,0.5654732584953308
5,1,GSM331671,0,0.4105376601219177
5,1,GSM331672,0,0.1513713151216507
5,1,GSM331673,0,0.24703514575958252
5,1,GSM331674,0,0.3994407057762146
5,1,GSM331675,0,0.03780031576752663
5,1,GSM331676,0,0.27021124958992004
5,1,GSM331679,0,0.1512971967458725
5,1,GSM331684,0,0.15356959402561188
5,1,GSM331687,0,0.042836036533117294
5,1,GSM331688,0,0.1898735910654068
5,1,GSM331691,0,0.46742841601371765
5,1,GSM331692,0,0.13073672354221344
5,1,GSM331693,0,0.23316705226898193
5,1,GSM331696,0,0.30551719665527344
5,1,GSM331697,0,0.05773436278104782
5,1,GSM331699,0,0.22513830661773682
5,1,GSM331701,0,0.26827260851860046
5,1,GSM331705,0,0.15764299035072327
5,1,GSM331707,0,0.19310599565505981
5,1,GSM331710,0,0.040936850011348724
5,1,GSM331711,0,0.3772501051425934
5,1,GSM331714,0,0.46242451667785645
5,1,GSM331715,0,0.15763811767101288
5,1,GSM331716,0,0.9063891768455505
5,1,GSM331717,0,0.6460413932800293
5,1,GSM331719,0,0.04445057362318039
5,1,GSM331724,0,0.2546370029449463
5,1,GSM331728,0,0.02515014447271824
5,1,GSM331729,0,0.03647037595510483
5,1,GSM331731,0,0.7795430421829224
5,1,GSM331732,0,0.5482112765312195
5,1,GSM331377,1,0.8080844879150391
5,1,GSM331378,1,0.9339626431465149
5,1,GSM331380,1,0.8865129947662354
5,1,GSM331381,1,0.7873879075050354
5,1,GSM331382,1,0.6753131151199341
5,1,GSM331383,1,0.9431844353675842
5,1,GSM331384,1,0.7765539884567261
5,1,GSM331386,1,0.26814553141593933
5,1,GSM331387,1,0.4036298990249634
5,1,GSM331389,1,0.3970591425895691
5,1,GSM331400,1,0.2921326160430908
5,1,GSM331401,1,0.6661390662193298
5,1,GSM331403,1,0.9543238878250122
5,1,GSM331404,1,0.7773265838623047
5,1,GSM331408,1,0.9143020510673523
5,1,GSM331409,1,0.7580727934837341
5,1,GSM331412,1,0.9211119413375854
5,1,GSM331414,1,0.7090054154396057
5,1,GSM331417,1,0.8218787312507629
5,1,GSM331419,1,0.4087916910648346
5,1,GSM331420,1,0.6908531188964844
5,1,GSM331424,1,0.3825179934501648
5,1,GSM331425,1,0.48722922801971436
5,1,GSM331430,1,0.22072620689868927
5,1,GSM331431,1,0.3666526973247528
5,1,GSM331436,1,0.06444887816905975
5,1,GSM331439,1,0.6237965822219849
5,1,GSM331442,1,0.21746939420700073
5,1,GSM331443,1,0.19933447241783142
5,1,GSM331444,1,0.8547486066818237
5,1,GSM331446,1,0.21854612231254578
5,1,GSM331447,1,0.7345466017723083
5,1,GSM331452,1,0.6569090485572815
5,2,GSM331660,0,0.05820651724934578
5,2,GSM331661,0,0.5119491219520569
5,2,GSM331664,0,0.08649390190839767
5,2,GSM331669,0,0.863918662071228
5,2,GSM331670,0,0.3322969377040863
5,2,GSM331677,0,0.03842223808169365
5,2,GSM331678,0,0.041909895837306976
5,2,GSM331680,0,0.5671743154525757
5,2,GSM331681,0,0.38687267899513245
5,2,GSM331682,0,0.37655141949653625
5,2,GSM331683,0,0.5098365545272827
5,2,GSM331685,0,0.08378728479146957
5,2,GSM331686,0,0.1905222237110138
5,2,GSM331689,0,0.2866334319114685
5,2,GSM331690,0,0.9141293168067932
5,2,GSM331694,0,0.17273831367492676
5,2,GSM331695,0,0.1180347129702568
5,2,GSM331698,0,0.1038634404540062
5,2,GSM331700,0,0.4032904803752899
5,2,GSM331702,0,0.2942672371864319
5,2,GSM331703,0,0.27062106132507324
5,2,GSM331704,0,0.3021436333656311
5,2,GSM331706,0,0.8462997078895569
5,2,GSM331708,0,0.5923985838890076
5,2,GSM331709,0,0.07369272410869598
5,2,GSM331712,0,0.10980863124132156
5,2,GSM331713,0,0.34690630435943604
5,2,GSM331718,0,0.43434953689575195
5,2,GSM331720,0,0.25643160939216614
5,2,GSM331721,0,0.852933406829834
5,2,GSM331722,0,0.34861379861831665
5,2,GSM331723,0,0.6381146907806396
5,2,GSM331725,0,0.43500226736068726
5,2,GSM331726,0,0.05722494050860405
5,2,GSM331727,0,0.16706080734729767
5,2,GSM331730,0,0.42317432165145874
5,2,GSM331379,1,0.7079781889915466
5,2,GSM331385,1,0.1651764214038849
5,2,GSM331388,1,0.9484535455703735
5,2,GSM331390,1,0.2957741320133209
5,2,GSM331391,1,0.6351434588432312
5,2,GSM331393,1,0.5322111248970032
5,2,GSM331395,1,0.5369426608085632
5,2,GSM331396,1,0.6849210858345032
5,2,GSM331397,1,0.25571802258491516
5,2,GSM331399,1,0.809141993522644
5,2,GSM331402,1,0.4794410765171051
5,2,GSM331405,1,0.1317499876022339
5,2,GSM331406,1,0.5249313116073608
5,2,GSM331407,1,0.6188887357711792
5,2,GSM331410,1,0.3845447301864624
5,2,GSM331411,1,0.8307442665100098
5,2,GSM331413,1,0.2216687798500061
5,2,GSM331416,1,0.5907986164093018
5,2,GSM331418,1,0.42297178506851196
5,2,GSM331421,1,0.6736674308776855
5,2,GSM331422,1,0.5489180088043213
5,2,GSM331426,1,0.5696412920951843
5,2,GSM331427,1,0.5130307078361511
5,2,GSM331428,1,0.16222530603408813
5,2,GSM331429,1,0.5672399401664734
5,2,GSM331432,1,0.2817687690258026
5,2,GSM331434,1,0.8496102094650269
5,2,GSM331438,1,0.8990047574043274
5,2,GSM331440,1,0.45966657996177673
5,2,GSM331441,1,0.4991498291492462
5,2,GSM331445,1,0.5875608325004578
5,2,GSM331448,1,0.3672735393047333
5,2,GSM331450,1,0.29747289419174194
6,1,GSM331666,0,0.380837619304657
6,1,GSM331670,0,0.5689429044723511
6,1,GSM331672,0,0.4737127721309662
6,1,GSM331673,0,0.2799542546272278
6,1,GSM331674,0,0.637985110282898
6,1,GSM331677,0,0.47883763909339905
6,1,GSM331679,0,0.3739335238933563
6,1,GSM331683,0,0.7302451729774475
6,1,GSM331685,0,0.46885889768600464
6,1,GSM331688,0,0.47421589493751526
6,1,GSM331689,0,0.5544818639755249
6,1,GSM331690,0,0.8860552310943604
6,1,GSM331692,0,0.1677219271659851
6,1,GSM331693,0,0.22073101997375488
6,1,GSM331694,0,0.3237537741661072
6,1,GSM331698,0,0.3204715847969055
6,1,GSM331700,0,0.5934426188468933
6,1,GSM331701,0,0.2573942244052887
6,1,GSM331704,0,0.3571603000164032
6,1,GSM331705,0,0.2180340737104416
6,1,GSM331706,0,0.6871107816696167
6,1,GSM331707,0,0.5221763253211975
6,1,GSM331709,0,0.13795514404773712
6,1,GSM331711,0,0.6975234746932983
6,1,GSM331713,0,0.29012128710746765
6,1,GSM331714,0,0.7532429695129395
6,1,GSM331716,0,0.7454740405082703
6,1,GSM331718,0,0.7486574649810791
6,1,GSM331721,0,0.6056238412857056
6,1,GSM331722,0,0.4965331554412842
6,1,GSM331723,0,0.542455792427063
6,1,GSM331724,0,0.24293415248394012
6,1,GSM331727,0,0.39180517196655273
6,1,GSM331729,0,0.14662837982177734
6,1,GSM331730,0,0.3161672353744507
6,1,GSM331731,0,0.6615684628486633
6,1,GSM331732,0,0.6915367841720581
6,1,GSM331377,1,0.6871135830879211
6,1,GSM331379,1,0.6574608087539673
6,1,GSM331380,1,0.73383629322052
6,1,GSM331381,1,0.7902696132659912
6,1,GSM331387,1,0.7274957895278931
6,1,GSM331388,1,0.9031257629394531
6,1,GSM331389,1,0.6042782068252563
6,1,GSM331391,1,0.5765418410301208
6,1,GSM331393,1,0.7045497894287109
6,1,GSM331395,1,0.45070984959602356
6,1,GSM331396,1,0.7144732475280762
6,1,GSM331399,1,0.8557448387145996
6,1,GSM331401,1,0.5816405415534973
6,1,GSM331402,1,0.627983808517456
6,1,GSM331403,1,0.7771878838539124
6,1,GSM331406,1,0.7158191204071045
6,1,GSM331407,1,0.5365530848503113
6,1,GSM331409,1,0.755369246006012
6,1,GSM331410,1,0.4703703820705414
6,1,GSM331411,1,0.8151143789291382
6,1,GSM331412,1,0.8280059695243835
6,1,GSM331414,1,0.6245930194854736
6,1,GSM331418,1,0.703838586807251
6,1,GSM331421,1,0.6130969524383545
6,1,GSM331426,1,0.7181717753410339
6,1,GSM331427,1,0.7079945802688599
6,1,GSM331431,1,0.7357367277145386
6,1,GSM331441,1,0.6755461096763611
6,1,GSM331444,1,0.6214369535446167
6,1,GSM331445,1,0.7362877726554871
6,1,GSM331446,1,0.5201573967933655
6,1,GSM331447,1,0.7172812819480896
6,1,GSM331448,1,0.777232825756073
6,2,GSM331638,0,0.2990100681781769
6,2,GSM331660,0,0.2647032141685486
6,2,GSM331661,0,0.4608944356441498
6,2,GSM331662,0,0.46310409903526306
6,2,GSM331663,0,0.2903333902359009
6,2,GSM331664,0,0.30408087372779846
6,2,GSM331665,0,0.703163743019104
6,2,GSM331668,0,0.5389682054519653
6,2,GSM331669,0,0.8013272881507874
6,2,GSM331671,0,0.44513365626335144
6,2,GSM331675,0,0.11762016266584396
6,2,GSM331676,0,0.5262972116470337
6,2,GSM331678,0,0.3692658245563507
6,2,GSM331680,0,0.605612576007843
6,2,GSM331681,0,0.5326108932495117
6,2,GSM331682,0,0.3507925271987915
6,2,GSM331684,0,0.15800786018371582
6,2,GSM331686,0,0.32066211104393005
6,2,GSM331687,0,0.36920690536499023
6,2,GSM331691,0,0.6122331619262695
6,2,GSM331695,0,0.3802292048931122
6,2,GSM331696,0,0.5346435308456421
6,2,GSM331697,0,0.29158541560173035
6,2,GSM331699,0,0.41373106837272644
6,2,GSM331702,0,0.4217154085636139
6,2,GSM331703,0,0.46871471405029297
6,2,GSM331708,0,0.43688854575157166
6,2,GSM331710,0,0.11268877238035202
6,2,GSM331712,0,0.280216783285141
6,2,GSM331715,0,0.206376850605011
6,2,GSM331717,0,0.35556137561798096
6,2,GSM331719,0,0.1329895555973053
6,2,GSM331720,0,0.51524418592453
6,2,GSM331725,0,0.4367765784263611
6,2,GSM331726,0,0.23247776925563812
6,2,GSM331728,0,0.24594251811504364
6,2,GSM331378,1,0.8221416473388672
6,2,GSM331382,1,0.46493372321128845
6,2,GSM331383,1,0.7449797987937927
6,2,GSM331384,1,0.5357924699783325
6,2,GSM331385,1,0.28240832686424255
6,2,GSM331386,1,0.42594489455223083
6,2,GSM331390,1,0.43265876173973083
6,2,GSM331397,1,0.5543725490570068
6,2,GSM331400,1,0.5847265124320984
6,2,GSM331404,1,0.5686492323875427
6,2,GSM331405,1,0.30701586604118347
6,2,GSM331408,1,0.7453340888023376
6,2,GSM331413,1,0.35073402523994446
6,2,GSM331416,1,0.38576817512512207
6,2,GSM331417,1,0.7620485424995422
6,2,GSM331419,1,0.517824649810791
6,2,GSM331420,1,0.7831553220748901
6,2,GSM331422,1,0.64969402551651
6,2,GSM331424,1,0.39094629883766174
6,2,GSM331425,1,0.6364579200744629
6,2,GSM331428,1,0.402534157037735
6,2,GSM331429,1,0.6776285767555237
6,2,GSM331430,1,0.5612531304359436
6,2,GSM331432,1,0.3365403711795807
6,2,GSM331434,1,0.6419903039932251
6,2,GSM331436,1,0.3097371459007263
6,2,GSM331438,1,0.6501792669296265
6,2,GSM331439,1,0.6299518942832947
6,2,GSM331440,1,0.42981186509132385
6,2,GSM331442,1,0.4237658977508545
6,2,GSM331443,1,0.37769171595573425
6,2,GSM331450,1,0.46318498253822327
6,2,GSM331452,1,0.5380999445915222
7,1,GSM331666,0,0.12365157902240753
7,1,GSM331668,0,0.7556682229042053
7,1,GSM331672,0,0.31473100185394287
7,1,GSM331675,0,0.008000215515494347
7,1,GSM331679,0,0.1918296366930008
7,1,GSM331680,0,0.2837696373462677
7,1,GSM331681,0,0.2247421145439148
7,1,GSM331685,0,0.23138123750686646
7,1,GSM331687,0,0.10940560698509216
7,1,GSM331688,0,0.5252137780189514
7,1,GSM331689,0,0.32820722460746765
7,1,GSM331691,0,0.3865492045879364
7,1,GSM331692,0,0.04264121130108833
7,1,GSM331693,0,0.06723084300756454
7,1,GSM331694,0,0.1137096956372261
7,1,GSM331695,0,0.2690120339393616
7,1,GSM331697,0,0.14729449152946472
7,1,GSM331699,0,0.14398425817489624
7,1,GSM331700,0,0.3290491998195648
7,1,GSM331701,0,0.05925523862242699
7,1,GSM331702,0,0.1575872153043747
7,1,GSM331706,0,0.8782799243927002
7,1,GSM331708,0,0.3744754493236542
7,1,GSM331709,0,0.046525586396455765
7,1,GSM331710,0,0.013340289704501629
7,1,GSM331711,0,0.7698562741279602
7,1,GSM331712,0,0.05942854285240173
7,1,GSM331713,0,0.054009802639484406
7,1,GSM331714,0,0.9008957743644714
7,1,GSM331715,0,0.04763009771704674
7,1,GSM331716,0,0.9113752245903015
7,1,GSM331717,0,0.2046327143907547
7,1,GSM331722,0,0.30691516399383545
7,1,GSM331725,0,0.4437231421470642
7,1,GSM331726,0,0.1609896719455719
7,1,GSM331730,0,0.1530444175004959
7,1,GSM331731,0,0.8931201696395874
7,1,GSM331377,1,0.9004944562911987
7,1,GSM331378,1,0.8756328225135803
7,1,GSM331379,1,0.20200149714946747
7,1,GSM331380,1,0.8244694471359253
7,1,GSM331381,1,0.884514570236206
7,1,GSM331382,1,0.47952407598495483
7,1,GSM331384,1,0.4424116313457489
7,1,GSM331385,1,0.3565903604030609
7,1,GSM331388,1,0.9614492654800415
7,1,GSM331389,1,0.5983136296272278
7,1,GSM331391,1,0.47782984375953674
7,1,GSM331401,1,0.29200980067253113
7,1,GSM331407,1,0.26090341806411743
7,1,GSM331408,1,0.8755491375923157
7,1,GSM331410,1,0.12332228571176529
7,1,GSM331413,1,0.06149815395474434
7,1,GSM331417,1,0.611343502998352
7,1,GSM331418,1,0.756129801273346
7,1,GSM331420,1,0.8579457998275757
7,1,GSM331421,1,0.5109108686447144
7,1,GSM331422,1,0.7922803163528442
7,1,GSM331425,1,0.4202762842178345
7,1,GSM331427,1,0.6733648777008057
7,1,GSM331432,1,0.1220851019024849
7,1,GSM331436,1,0.037678856402635574
7,1,GSM331439,1,0.8173387050628662
7,1,GSM331440,1,0.5639010071754456
7,1,GSM331441,1,0.8106780648231506
7,1,GSM331442,1,0.1977681964635849
7,1,GSM331443,1,0.2773933410644531
7,1,GSM331445,1,0.24931691586971283
7,1,GSM331447,1,0.6774410009384155
7,1,GSM331450,1,0.26676660776138306
7,2,GSM331638,0,0.16324567794799805
7,2,GSM331660,0,0.18291309475898743
7,2,GSM331661,0,0.34710806608200073
7,2,GSM331662,0,0.5121509432792664
7,2,GSM331663,0,0.13490791618824005
7,2,GSM331664,0,0.5601720809936523
7,2,GSM331665,0,0.3960472047328949
7,2,GSM331669,0,0.8126248121261597
7,2,GSM331670,0,0.1389859914779663
7,2,GSM331671,0,0.3941394090652466
7,2,GSM331673,0,0.07532987743616104
7,2,GSM331674,0,0.6392533183097839
7,2,GSM331676,0,0.47227659821510315
7,2,GSM331677,0,0.2320493906736374
7,2,GSM331678,0,0.14379644393920898
7,2,GSM331682,0,0.1788872480392456
7,2,GSM331683,0,0.8004207611083984
7,2,GSM331684,0,0.02924453653395176
7,2,GSM331686,0,0.15721596777439117
7,2,GSM331690,0,0.7328687906265259
7,2,GSM331696,0,0.417334645986557
7,2,GSM331698,0,0.06637188792228699
7,2,GSM331703,0,0.3261776864528656
7,2,GSM331704,0,0.26601216197013855
7,2,GSM331705,0,0.034012410789728165
7,2,GSM331707,0,0.24346669018268585
7,2,GSM331718,0,0.6926410794258118
7,2,GSM331719,0,0.01346686203032732
7,2,GSM331720,0,0.2282867431640625
7,2,GSM331721,0,0.7326064109802246
7,2,GSM331723,0,0.3214170038700104
7,2,GSM331724,0,0.08144059777259827
7,2,GSM331727,0,0.3675609230995178
7,2,GSM331728,0,0.08622349053621292
7,2,GSM331729,0,0.055161699652671814
7,2,GSM331732,0,0.393354594707489
7,2,GSM331383,1,0.8973402976989746
7,2,GSM331386,1,0.3476695418357849
7,2,GSM331387,1,0.39772868156433105
7,2,GSM331390,1,0.35720178484916687
7,2,GSM331393,1,0.48963218927383423
7,2,GSM331395,1,0.3831844627857208
7,2,GSM331396,1,0.7501890659332275
7,2,GSM331397,1,0.5607274174690247
7,2,GSM331399,1,0.5812104344367981
7,2,GSM331400,1,0.49307915568351746
7,2,GSM331402,1,0.6358820199966431
7,2,GSM331403,1,0.8099417686462402
7,2,GSM331404,1,0.8181889057159424
7,2,GSM331405,1,0.041918035596609116
7,2,GSM331406,1,0.7741479277610779
7,2,GSM331409,1,0.5544188022613525
7,2,GSM331411,1,0.7926636934280396
7,2,GSM331412,1,0.8272847533226013
7,2,GSM331414,1,0.7421854138374329
7,2,GSM331416,1,0.2789967954158783
7,2,GSM331419,1,0.24665869772434235
7,2,GSM331424,1,0.372715562582016
7,2,GSM331426,1,0.37723496556282043
7,2,GSM331428,1,0.27348822355270386
7,2,GSM331429,1,0.7172632813453674
7,2,GSM331430,1,0.8180478811264038
7,2,GSM331431,1,0.8087320923805237
7,2,GSM331434,1,0.7192716598510742
7,2,GSM331438,1,0.8360639214515686
7,2,GSM331444,1,0.4138793647289276
7,2,GSM331446,1,0.1713682860136032
7,2,GSM331448,1,0.6014296412467957
7,2,GSM331452,1,0.7400073409080505
8,1,GSM331638,0,0.13576939702033997
8,1,GSM331660,0,0.15803273022174835
8,1,GSM331661,0,0.3917120695114136
8,1,GSM331663,0,0.19279859960079193
8,1,GSM331664,0,0.32197773456573486
8,1,GSM331665,0,0.7432489395141602
8,1,GSM331668,0,0.516364336013794
8,1,GSM331671,0,0.6132293939590454
8,1,GSM331673,0,0.30020931363105774
8,1,GSM331675,0,0.056780386716127396
8,1,GSM331676,0,0.5529178977012634
8,1,GSM331678,0,0.09428425133228302
8,1,GSM331679,0,0.4787314236164093
8,1,GSM331683,0,0.5289006233215332
8,1,GSM331684,0,0.10151637345552444
8,1,GSM331685,0,0.21707338094711304
8,1,GSM331686,0,0.45256534218788147
8,1,GSM331689,0,0.27567023038864136
8,1,GSM331690,0,0.6770784854888916
8,1,GSM331693,0,0.20452836155891418
8,1,GSM331694,0,0.2188413292169571
8,1,GSM331700,0,0.5245072841644287
8,1,GSM331701,0,0.21021157503128052
8,1,GSM331704,0,0.432993620634079
8,1,GSM331707,0,0.4560580849647522
8,1,GSM331708,0,0.6609343886375427
8,1,GSM331709,0,0.07520425319671631
8,1,GSM331710,0,0.06786005198955536
8,1,GSM331712,0,0.25907808542251587
8,1,GSM331717,0,0.5459956526756287
8,1,GSM331719,0,0.05631445720791817
8,1,GSM331721,0,0.7021760940551758
8,1,GSM331724,0,0.1446443647146225
8,1,GSM331725,0,0.6996528506278992
8,1,GSM331726,0,0.10522014647722244
8,1,GSM331727,0,0.249107226729393
8,1,GSM331731,0,0.7142203450202942
8,1,GSM331377,1,0.7846623063087463
8,1,GSM331381,1,0.6869438886642456
8,1,GSM331383,1,0.8846790194511414
8,1,GSM331385,1,0.3601318299770355
8,1,GSM331388,1,0.7879955172538757
8,1,GSM331393,1,0.5822442173957825
8,1,GSM331395,1,0.3185075521469116
8,1,GSM331403,1,0.8726807236671448
8,1,GSM331404,1,0.6429203748703003
8,1,GSM331408,1,0.6054298281669617
8,1,GSM331410,1,0.316927045583725
8,1,GSM331411,1,0.7994033694267273
8,1,GSM331413,1,0.17070545256137848
8,1,GSM331414,1,0.6654175519943237
8,1,GSM331416,1,0.3315340280532837
8,1,GSM331417,1,0.7366601228713989
8,1,GSM331418,1,0.6085415482521057
8,1,GSM331420,1,0.7881450653076172
8,1,GSM331422,1,0.7322038412094116
8,1,GSM331426,1,0.645627498626709
8,1,GSM331427,1,0.6930310726165771
8,1,GSM331432,1,0.1927148997783661
8,1,GSM331436,1,0.12477628886699677
8,1,GSM331438,1,0.7213966846466064
8,1,GSM331440,1,0.49904635548591614
8,1,GSM331441,1,0.6356220245361328
8,1,GSM331442,1,0.37384161353111267
8,1,GSM331443,1,0.22954382002353668
8,1,GSM331445,1,0.40329885482788086
8,1,GSM331447,1,0.5902231931686401
8,1,GSM331448,1,0.6588457226753235
8,1,GSM331450,1,0.470304936170578
8,1,GSM331452,1,0.7480741739273071
8,2,GSM331662,0,0.44518595933914185
8,2,GSM331666,0,0.28925731778144836
8,2,GSM331669,0,0.8467977046966553
8,2,GSM331670,0,0.4129321575164795
8,2,GSM331672,0,0.4210757911205292
8,2,GSM331674,0,0.6901254653930664
8,2,GSM331677,0,0.18397477269172668
8,2,GSM331680,0,0.4793345630168915
8,2,GSM331681,0,0.5559547543525696
8,2,GSM331682,0,0.43795323371887207
8,2,GSM331687,0,0.26341795921325684
8,2,GSM331688,0,0.3800801634788513
8,2,GSM331691,0,0.4062345325946808
8,2,GSM331692,0,0.2726377844810486
8,2,GSM331695,0,0.31329280138015747
8,2,GSM331696,0,0.3384035527706146
8,2,GSM331697,0,0.18421292304992676
8,2,GSM331698,0,0.22622086107730865
8,2,GSM331699,0,0.492392361164093
8,2,GSM331702,0,0.5364406704902649
8,2,GSM331703,0,0.3028792440891266
8,2,GSM331705,0,0.275072306394577
8,2,GSM331706,0,0.7860831022262573
8,2,GSM331711,0,0.4269648790359497
8,2,GSM331713,0,0.31270831823349
8,2,GSM331714,0,0.7486779689788818
8,2,GSM331715,0,0.19925840198993683
8,2,GSM331716,0,0.8931324481964111
8,2,GSM331718,0,0.6921194791793823
8,2,GSM331720,0,0.3758593797683716
8,2,GSM331722,0,0.36366724967956543
8,2,GSM331723,0,0.7080811262130737
8,2,GSM331728,0,0.11217593401670456
8,2,GSM331729,0,0.09124892950057983
8,2,GSM331730,0,0.34470394253730774
8,2,GSM331732,0,0.6208752393722534
8,2,GSM331378,1,0.8382669687271118
8,2,GSM331379,1,0.7091163992881775
8,2,GSM331380,1,0.7337260842323303
8,2,GSM331382,1,0.6347488164901733
8,2,GSM331384,1,0.49245885014533997
8,2,GSM331386,1,0.500785231590271
8,2,GSM331387,1,0.576036810874939
8,2,GSM331389,1,0.42528676986694336
8,2,GSM331390,1,0.41649824380874634
8,2,GSM331391,1,0.6664170026779175
8,2,GSM331396,1,0.6095836162567139
8,2,GSM331397,1,0.3087137043476105
8,2,GSM331399,1,0.8050900101661682
8,2,GSM331400,1,0.29693371057510376
8,2,GSM331401,1,0.6653693914413452
8,2,GSM331402,1,0.6597729921340942
8,2,GSM331405,1,0.20724865794181824
8,2,GSM331406,1,0.6811293363571167
8,2,GSM331407,1,0.46716374158859253
8,2,GSM331409,1,0.5662103891372681
8,2,GSM331412,1,0.8318197131156921
8,2,GSM331419,1,0.648151159286499
8,2,GSM331421,1,0.5622643828392029
8,2,GSM331424,1,0.3453189432621002
8,2,GSM331425,1,0.5546255707740784
8,2,GSM331428,1,0.3258153200149536
8,2,GSM331429,1,0.7227447628974915
8,2,GSM331430,1,0.5316247344017029
8,2,GSM331431,1,0.6531785130500793
8,2,GSM331434,1,0.6777894496917725
8,2,GSM331439,1,0.8303692936897278
8,2,GSM331444,1,0.8379074335098267
8,2,GSM331446,1,0.21281665563583374
9,1,GSM331661,0,0.1989433914422989
9,1,GSM331663,0,0.1385008841753006
9,1,GSM331666,0,0.3647167980670929
9,1,GSM331668,0,0.5420794486999512
9,1,GSM331669,0,0.8938392400741577
9,1,GSM331670,0,0.3490712344646454
9,1,GSM331671,0,0.700253427028656
9,1,GSM331672,0,0.29388096928596497
9,1,GSM331673,0,0.10591907054185867
9,1,GSM331675,0,0.008304193615913391
9,1,GSM331678,0,0.10928604751825333
9,1,GSM331680,0,0.7014005780220032
9,1,GSM331682,0,0.18691660463809967
9,1,GSM331683,0,0.9668042063713074
9,1,GSM331684,0,0.02156274951994419
9,1,GSM331686,0,0.1295926868915558
9,1,GSM331687,0,0.1296592652797699
9,1,GSM331688,0,0.7060741186141968
9,1,GSM331692,0,0.03792767971754074
9,1,GSM331693,0,0.02469441667199135
9,1,GSM331694,0,0.4744143486022949
9,1,GSM331698,0,0.036561109125614166
9,1,GSM331703,0,0.22939856350421906
9,1,GSM331704,0,0.197291761636734
9,1,GSM331706,0,0.8699567317962646
9,1,GSM331708,0,0.5724959969520569
9,1,GSM331709,0,0.013129177503287792
9,1,GSM331714,0,0.9694132208824158
9,1,GSM331715,0,0.091156005859375
9,1,GSM331718,0,0.836528480052948
9,1,GSM331719,0,0.004072871524840593
9,1,GSM331720,0,0.7266044020652771
9,1,GSM331723,0,0.7519822120666504
9,1,GSM331727,0,0.6040229797363281
9,1,GSM331728,0,0.15667575597763062
9,1,GSM331729,0,0.04166940599679947
9,1,GSM331730,0,0.09816429018974304
9,1,GSM331378,1,0.820111095905304
9,1,GSM331380,1,0.5932697057723999
9,1,GSM331382,1,0.6381224393844604
9,1,GSM331387,1,0.45022836327552795
9,1,GSM331389,1,0.3730345368385315
9,1,GSM331390,1,0.19090485572814941
9,1,GSM331391,1,0.6196621060371399
9,1,GSM331393,1,0.2216981202363968
9,1,GSM331395,1,0.33652180433273315
9,1,GSM331397,1,0.5900861620903015
9,1,GSM331399,1,0.8123535513877869
9,1,GSM331400,1,0.2765918970108032
9,1,GSM331402,1,0.4489591717720032
9,1,GSM331404,1,0.7805153727531433
9,1,GSM331405,1,0.13798759877681732
9,1,GSM331407,1,0.10922972857952118
9,1,GSM331408,1,0.8473314046859741
9,1,GSM331411,1,0.8325374722480774
9,1,GSM331412,1,0.8658530116081238
9,1,GSM331418,1,0.6265812516212463
9,1,GSM331419,1,0.22504669427871704
9,1,GSM331420,1,0.8773401379585266
9,1,GSM331421,1,0.7605271339416504
9,1,GSM331422,1,0.49359896779060364
9,1,GSM331431,1,0.7543751001358032
9,1,GSM331434,1,0.9307149052619934
9,1,GSM331436,1,0.017796985805034637
9,1,GSM331438,1,0.8849307298660278
9,1,GSM331439,1,0.9776520133018494
9,1,GSM331442,1,0.41993632912635803
9,1,GSM331446,1,0.19013424217700958
9,1,GSM331447,1,0.40182530879974365
9,1,GSM331448,1,0.542768657207489
9,2,GSM331638,0,0.4173715114593506
9,2,GSM331660,0,0.12617628276348114
9,2,GSM331662,0,0.9368956685066223
9,2,GSM331664,0,0.7150039672851562
9,2,GSM331665,0,0.8019073009490967
9,2,GSM331674,0,0.7835953235626221
9,2,GSM331676,0,0.6924513578414917
9,2,GSM331677,0,0.046438515186309814
9,2,GSM331679,0,0.7702338099479675
9,2,GSM331681,0,0.3619915843009949
9,2,GSM331685,0,0.8320983052253723
9,2,GSM331689,0,0.8351788520812988
9,2,GSM331690,0,0.787808895111084
9,2,GSM331691,0,0.4224978983402252
9,2,GSM331695,0,0.392738938331604
9,2,GSM331696,0,0.5005525350570679
9,2,GSM331697,0,0.03992452099919319
9,2,GSM331699,0,0.30301007628440857
9,2,GSM331700,0,0.7781798839569092
9,2,GSM331701,0,0.10595031827688217
9,2,GSM331702,0,0.2476959377527237
9,2,GSM331705,0,0.06628572195768356
9,2,GSM331707,0,0.2490750253200531
9,2,GSM331710,0,0.004214455373585224
9,2,GSM331711,0,0.5960807800292969
9,2,GSM331712,0,0.085264652967453
9,2,GSM331713,0,0.22031699120998383
9,2,GSM331716,0,0.9630047082901001
9,2,GSM331717,0,0.3764055073261261
9,2,GSM331721,0,0.8719372153282166
9,2,GSM331722,0,0.8958579897880554
9,2,GSM331724,0,0.06723745167255402
9,2,GSM331725,0,0.9407813549041748
9,2,GSM331726,0,0.07042265683412552
9,2,GSM331731,0,0.9081985950469971
9,2,GSM331732,0,0.8269671201705933
9,2,GSM331377,1,0.8823455572128296
9,2,GSM331379,1,0.42906054854393005
9,2,GSM331381,1,0.944193959236145
9,2,GSM331383,1,0.9638456702232361
9,2,GSM331384,1,0.8238919377326965
9,2,GSM331385,1,0.3334513306617737
9,2,GSM331386,1,0.6086205244064331
9,2,GSM331388,1,0.9338979721069336
9,2,GSM331396,1,0.913221538066864
9,2,GSM331401,1,0.35864830017089844
9,2,GSM331403,1,0.9299322366714478
9,2,GSM331406,1,0.9874403476715088
9,2,GSM331409,1,0.5082545876502991
9,2,GSM331410,1,0.0734633132815361
9,2,GSM331413,1,0.018969126045703888
9,2,GSM331414,1,0.9258294105529785
9,2,GSM331416,1,0.17178620398044586
9,2,GSM331417,1,0.3933504819869995
9,2,GSM331424,1,0.7429453134536743
9,2,GSM331425,1,0.4292299747467041
9,2,GSM331426,1,0.5398932099342346
9,2,GSM331427,1,0.8415678143501282
9,2,GSM331428,1,0.5693966746330261
9,2,GSM331429,1,0.8834792971611023
9,2,GSM331430,1,0.9373940229415894
9,2,GSM331432,1,0.15920642018318176
9,2,GSM331440,1,0.8559337854385376
9,2,GSM331441,1,0.9241401553153992
9,2,GSM331443,1,0.6877615451812744
9,2,GSM331444,1,0.4400646984577179
9,2,GSM331445,1,0.1625160574913025
9,2,GSM331450,1,0.3039202094078064
9,2,GSM331452,1,0.9279998540878296
10,1,GSM331638,0,0.33922910690307617
10,1,GSM331660,0,0.12912875413894653
10,1,GSM331661,0,0.47536444664001465
10,1,GSM331662,0,0.32513028383255005
10,1,GSM331663,0,0.12748081982135773
10,1,GSM331664,0,0.1468658149242401
10,1,GSM331670,0,0.43483787775039673
10,1,GSM331672,0,0.24323242902755737
10,1,GSM331673,0,0.28615084290504456
10,1,GSM331674,0,0.125026673078537
10,1,GSM331677,0,0.08532905578613281
10,1,GSM331683,0,0.5768114924430847
10,1,GSM331684,0,0.3518630862236023
10,1,GSM331685,0,0.32004910707473755
10,1,GSM331688,0,0.28476396203041077
10,1,GSM331690,0,0.8851206302642822
10,1,GSM331691,0,0.6982037425041199
10,1,GSM331692,0,0.2683233916759491
10,1,GSM331693,0,0.1858966052532196
10,1,GSM331695,0,0.20458325743675232
10,1,GSM331697,0,0.22520357370376587
10,1,GSM331699,0,0.14816667139530182
10,1,GSM331702,0,0.30882376432418823
10,1,GSM331704,0,0.5073599219322205
10,1,GSM331706,0,0.7840905785560608
10,1,GSM331707,0,0.1158246397972107
10,1,GSM331708,0,0.6053845882415771
10,1,GSM331709,0,0.0914049744606018
10,1,GSM331715,0,0.1518147885799408
10,1,GSM331718,0,0.411325603723526
10,1,GSM331719,0,0.23657497763633728
10,1,GSM331721,0,0.3184719979763031
10,1,GSM331724,0,0.287516713142395
10,1,GSM331725,0,0.2183726280927658
10,1,GSM331726,0,0.2014068067073822
10,1,GSM331727,0,0.2579571604728699
10,1,GSM331729,0,0.1494067758321762
10,1,GSM331378,1,0.7552275061607361
10,1,GSM331379,1,0.5635845065116882
10,1,GSM331381,1,0.7466868758201599
10,1,GSM331382,1,0.7512509822845459
10,1,GSM331384,1,0.7248959541320801
10,1,GSM331386,1,0.20845015347003937
10,1,GSM331387,1,0.17829829454421997
10,1,GSM331388,1,0.8379941582679749
10,1,GSM331390,1,0.29266583919525146
10,1,GSM331400,1,0.4885028898715973
10,1,GSM331401,1,0.7281404733657837
10,1,GSM331404,1,0.7374729514122009
10,1,GSM331405,1,0.1320531964302063
10,1,GSM331408,1,0.8550122380256653
10,1,GSM331409,1,0.543633759021759
10,1,GSM331410,1,0.37674084305763245
10,1,GSM331412,1,0.8544505834579468
10,1,GSM331417,1,0.8174758553504944
10,1,GSM331418,1,0.5410649180412292
10,1,GSM331420,1,0.7096526622772217
10,1,GSM331425,1,0.7999532222747803
10,1,GSM331427,1,0.4049510657787323
10,1,GSM331428,1,0.27634304761886597
10,1,GSM331429,1,0.4851779341697693
10,1,GSM331431,1,0.27179786562919617
10,1,GSM331436,1,0.27759596705436707
10,1,GSM331439,1,0.6047079563140869
10,1,GSM331440,1,0.4533694088459015
10,1,GSM331442,1,0.19706173241138458
10,1,GSM331443,1,0.2580525875091553
10,1,GSM331446,1,0.18350303173065186
10,1,GSM331447,1,0.5435073971748352
10,1,GSM331450,1,0.1474185734987259
10,2,GSM331665,0,0.4052404463291168
10,2,GSM331666,0,0.24758391082286835
10,2,GSM331668,0,0.42369240522384644
10,2,GSM331669,0,0.4589352607727051
10,2,GSM331671,0,0.2501477003097534
10,2,GSM331675,0,0.18094809353351593
10,2,GSM331676,0,0.38358384370803833
10,2,GSM331678,0,0.1485348641872406
10,2,GSM331679,0,0.17074298858642578
10,2,GSM331680,0,0.5668564438819885
10,2,GSM331681,0,0.511090874671936
10,2,GSM331682,0,0.3459717333316803
10,2,GSM331686,0,0.2869873344898224
10,2,GSM331687,0,0.09185685217380524
10,2,GSM331689,0,0.39040088653564453
10,2,GSM331694,0,0.3304445147514343
10,2,GSM331696,0,0.3271336257457733
10,2,GSM331698,0,0.1395241916179657
10,2,GSM331700,0,0.3542727530002594
10,2,GSM331701,0,0.24730776250362396
10,2,GSM331703,0,0.27697426080703735
10,2,GSM331705,0,0.2851836383342743
10,2,GSM331710,0,0.23329280316829681
10,2,GSM331711,0,0.5240656137466431
10,2,GSM331712,0,0.27990850806236267
10,2,GSM331713,0,0.231484055519104
10,2,GSM331714,0,0.6691311001777649
10,2,GSM331716,0,0.7464466094970703
10,2,GSM331717,0,0.4941471219062805
10,2,GSM331720,0,0.6048046946525574
10,2,GSM331722,0,0.45492151379585266
10,2,GSM331723,0,0.37339645624160767
10,2,GSM331728,0,0.10758229345083237
10,2,GSM331730,0,0.42855629324913025
10,2,GSM331731,0,0.712457001209259
10,2,GSM331732,0,0.4625309705734253
10,2,GSM331377,1,0.6049419641494751
10,2,GSM331380,1,0.7253238558769226
10,2,GSM331383,1,0.8141694068908691
10,2,GSM331385,1,0.21768666803836823
10,2,GSM331389,1,0.39248570799827576
10,2,GSM331391,1,0.5277393460273743
10,2,GSM331393,1,0.469472199678421
10,2,GSM331395,1,0.7073513865470886
10,2,GSM331396,1,0.8230103254318237
10,2,GSM331397,1,0.40962475538253784
10,2,GSM331399,1,0.6824964880943298
10,2,GSM331402,1,0.39455246925354004
10,2,GSM331403,1,0.6681163311004639
10,2,GSM331406,1,0.6545575857162476
10,2,GSM331407,1,0.6215051412582397
10,2,GSM331411,1,0.6586846113204956
10,2,GSM331413,1,0.5571305751800537
10,2,GSM331414,1,0.6909134387969971
10,2,GSM331416,1,0.6688688397407532
10,2,GSM331419,1,0.43866562843322754
10,2,GSM331421,1,0.7547463774681091
10,2,GSM331422,1,0.7256300449371338
10,2,GSM331424,1,0.45646435022354126
10,2,GSM331426,1,0.4580417573451996
10,2,GSM331430,1,0.3547707498073578
10,2,GSM331432,1,0.39199361205101013
10,2,GSM331434,1,0.7916714549064636
10,2,GSM331438,1,0.7535301446914673
10,2,GSM331441,1,0.5554502010345459
10,2,GSM331444,1,0.4763106107711792
10,2,GSM331445,1,0.6516523361206055
10,2,GSM331448,1,0.28247612714767456
10,2,GSM331452,1,0.7563110589981079
11,1,GSM331638,0,0.15188086032867432
11,1,GSM331660,0,0.03065706230700016
11,1,GSM331663,0,0.20104821026325226
11,1,GSM331665,0,0.48020848631858826
11,1,GSM331666,0,0.12917208671569824
11,1,GSM331669,0,0.9052312970161438
11,1,GSM331671,0,0.5234942436218262
11,1,GSM331673,0,0.28896933794021606
11,1,GSM331676,0,0.3428657054901123
11,1,GSM331678,0,0.01703961379826069
11,1,GSM331679,0,0.509829044342041
11,1,GSM331681,0,0.5259551405906677
11,1,GSM331682,0,0.49807778000831604
11,1,GSM331683,0,0.45611560344696045
11,1,GSM331688,0,0.37666526436805725
11,1,GSM331689,0,0.09364364296197891
11,1,GSM331691,0,0.39630448818206787
11,1,GSM331692,0,0.22503027319908142
11,1,GSM331693,0,0.32143208384513855
11,1,GSM331695,0,0.1693081110715866
11,1,GSM331698,0,0.19830742478370667
11,1,GSM331699,0,0.38238558173179626
11,1,GSM331700,0,0.45825308561325073
11,1,GSM331701,0,0.2677624821662903
11,1,GSM331704,0,0.5772120356559753
11,1,GSM331706,0,0.9053186178207397
11,1,GSM331707,0,0.4884180724620819
11,1,GSM331709,0,0.09827428311109543
11,1,GSM331710,0,0.06065010279417038
11,1,GSM331711,0,0.41383859515190125
11,1,GSM331712,0,0.36870864033699036
11,1,GSM331715,0,0.14640158414840698
11,1,GSM331718,0,0.651279091835022
11,1,GSM331721,0,0.9032205939292908
11,1,GSM331722,0,0.43090566992759705
11,1,GSM331724,0,0.14067323505878448
11,1,GSM331725,0,0.501217246055603
11,1,GSM331377,1,0.4158251881599426
11,1,GSM331378,1,0.6899868845939636
11,1,GSM331379,1,0.7321783900260925
11,1,GSM331380,1,0.6482570171356201
11,1,GSM331382,1,0.17634108662605286
11,1,GSM331385,1,0.16782163083553314
11,1,GSM331388,1,0.5370293259620667
11,1,GSM331390,1,0.24458442628383636
11,1,GSM331391,1,0.5734934210777283
11,1,GSM331397,1,0.17873895168304443
11,1,GSM331399,1,0.6894276738166809
11,1,GSM331407,1,0.5520095229148865
11,1,GSM331408,1,0.3893060088157654
11,1,GSM331410,1,0.48160579800605774
11,1,GSM331411,1,0.7231916189193726
11,1,GSM331412,1,0.5801794528961182
11,1,GSM331416,1,0.2991248667240143
11,1,GSM331417,1,0.7209595441818237
11,1,GSM331418,1,0.4106959104537964
11,1,GSM331419,1,0.626122236251831
11,1,GSM331420,1,0.35758042335510254
11,1,GSM331421,1,0.20503666996955872
11,1,GSM331422,1,0.4822162091732025
11,1,GSM331425,1,0.35196420550346375
11,1,GSM331426,1,0.5702411532402039
11,1,GSM331428,1,0.1169188842177391
11,1,GSM331429,1,0.5532739758491516
11,1,GSM331432,1,0.23333598673343658
11,1,GSM331436,1,0.08019667863845825
11,1,GSM331439,1,0.5744903087615967
11,1,GSM331443,1,0.05478404834866524
11,1,GSM331446,1,0.04743748530745506
11,1,GSM331450,1,0.48826149106025696
11,2,GSM331661,0,0.7565863728523254
11,2,GSM331662,0,0.3520545959472656
11,2,GSM331664,0,0.3251478970050812
11,2,GSM331668,0,0.6613817811012268
11,2,GSM331670,0,0.6515818238258362
11,2,GSM331672,0,0.5213103890419006
11,2,GSM331674,0,0.552250325679779
11,2,GSM331675,0,0.09100280702114105
11,2,GSM331677,0,0.10571645945310593
11,2,GSM331680,0,0.6841200590133667
11,2,GSM331684,0,0.2367880493402481
11,2,GSM331685,0,0.1297612339258194
11,2,GSM331686,0,0.653949499130249
11,2,GSM331687,0,0.16065382957458496
11,2,GSM331690,0,0.6347753405570984
11,2,GSM331694,0,0.13522349298000336
11,2,GSM331696,0,0.2919818162918091
11,2,GSM331697,0,0.14564591646194458
11,2,GSM331702,0,0.7559489607810974
11,2,GSM331703,0,0.27623167634010315
11,2,GSM331705,0,0.5141031742095947
11,2,GSM331708,0,0.6097150444984436
11,2,GSM331713,0,0.43753737211227417
11,2,GSM331714,0,0.5304167866706848
11,2,GSM331716,0,0.9692620038986206
11,2,GSM331717,0,0.793952226638794
11,2,GSM331719,0,0.1135525181889534
11,2,GSM331720,0,0.24893075227737427
11,2,GSM331723,0,0.7663018703460693
11,2,GSM331726,0,0.05441754311323166
11,2,GSM331727,0,0.15395256876945496
11,2,GSM331728,0,0.03495796397328377
11,2,GSM331729,0,0.02331523969769478
11,2,GSM331730,0,0.48708483576774597
11,2,GSM331731,0,0.6021197438240051
11,2,GSM331732,0,0.5735432505607605
11,2,GSM331381,1,0.572938859462738
11,2,GSM331383,1,0.7675709128379822
11,2,GSM331384,1,0.6045866012573242
11,2,GSM331386,1,0.606432318687439
11,2,GSM331387,1,0.3165993094444275
11,2,GSM331389,1,0.22026923298835754
11,2,GSM331393,1,0.3747495412826538
11,2,GSM331395,1,0.4056171774864197
11,2,GSM331396,1,0.29381412267684937
11,2,GSM331400,1,0.2715792655944824
11,2,GSM331401,1,0.7574477195739746
11,2,GSM331402,1,0.4757389724254608
11,2,GSM331403,1,0.8512540459632874
11,2,GSM331404,1,0.6299659609794617
11,2,GSM331405,1,0.14660610258579254
11,2,GSM331406,1,0.603064775466919
11,2,GSM331409,1,0.36654147505760193
11,2,GSM331413,1,0.211687833070755
11,2,GSM331414,1,0.5733371376991272
11,2,GSM331424,1,0.23601095378398895
11,2,GSM331427,1,0.6661422252655029
11,2,GSM331430,1,0.2543013095855713
11,2,GSM331431,1,0.46648117899894714
11,2,GSM331434,1,0.724065363407135
11,2,GSM331438,1,0.8260378837585449
11,2,GSM331440,1,0.555982232093811
11,2,GSM331441,1,0.4057181477546692
11,2,GSM331442,1,0.4099205732345581
11,2,GSM331444,1,0.8536466360092163
11,2,GSM331445,1,0.7552292943000793
11,2,GSM331447,1,0.6930046081542969
11,2,GSM331448,1,0.7318377494812012
11,2,GSM331452,1,0.5731585025787354
12,1,GSM331660,0,0.03126148879528046
12,1,GSM331662,0,0.24653831124305725
12,1,GSM331664,0,0.14804676175117493
12,1,GSM331670,0,0.31897538900375366
12,1,GSM331671,0,0.6730217933654785
12,1,GSM331672,0,0.3690369427204132
12,1,GSM331674,0,0.6587233543395996
12,1,GSM331676,0,0.44698449969291687
12,1,GSM331677,0,0.09063883870840073
12,1,GSM331679,0,0.36741018295288086
12,1,GSM331681,0,0.5723496675491333
12,1,GSM331682,0,0.5823380947113037
12,1,GSM331683,0,0.4278782308101654
12,1,GSM331686,0,0.7948046922683716
12,1,GSM331689,0,0.14168275892734528
12,1,GSM331691,0,0.47081929445266724
12,1,GSM331694,0,0.19055819511413574
12,1,GSM331695,0,0.15254539251327515
12,1,GSM331698,0,0.1445288360118866
12,1,GSM331700,0,0.4758825898170471
12,1,GSM331701,0,0.19334377348423004
12,1,GSM331705,0,0.3573783040046692
12,1,GSM331706,0,0.9347874522209167
12,1,GSM331709,0,0.07907458394765854
12,1,GSM331711,0,0.48503178358078003
12,1,GSM331712,0,0.3153912425041199
12,1,GSM331713,0,0.35984697937965393
12,1,GSM331717,0,0.6928552985191345
12,1,GSM331720,0,0.22324492037296295
12,1,GSM331721,0,0.861187756061554
12,1,GSM331722,0,0.2798408567905426
12,1,GSM331723,0,0.8574203848838806
12,1,GSM331724,0,0.1439247578382492
12,1,GSM331726,0,0.03081470914185047
12,1,GSM331728,0,0.041078295558691025
12,1,GSM331729,0,0.01942523755133152
12,1,GSM331732,0,0.6632958054542542
12,1,GSM331377,1,0.5794858932495117
12,1,GSM331379,1,0.6697567105293274
12,1,GSM331381,1,0.6465569138526917
12,1,GSM331382,1,0.5550765991210938
12,1,GSM331383,1,0.8288516998291016
12,1,GSM331384,1,0.4111640751361847
12,1,GSM331385,1,0.437570184469223
12,1,GSM331391,1,0.7775762677192688
12,1,GSM331395,1,0.21450163424015045
12,1,GSM331402,1,0.5271890163421631
12,1,GSM331403,1,0.9404171705245972
12,1,GSM331405,1,0.12407788634300232
12,1,GSM331408,1,0.6745145916938782
12,1,GSM331409,1,0.41746944189071655
12,1,GSM331410,1,0.4665726125240326
12,1,GSM331411,1,0.7192957997322083
12,1,GSM331413,1,0.18287450075149536
12,1,GSM331414,1,0.4528883397579193
12,1,GSM331416,1,0.28646335005760193
12,1,GSM331418,1,0.6997137069702148
12,1,GSM331419,1,0.5583845376968384
12,1,GSM331426,1,0.6806027293205261
12,1,GSM331427,1,0.646105945110321
12,1,GSM331428,1,0.1284445822238922
12,1,GSM331429,1,0.5382527709007263
12,1,GSM331434,1,0.7358570694923401
12,1,GSM331436,1,0.2302415519952774
12,1,GSM331439,1,0.8824416995048523
12,1,GSM331440,1,0.6043740510940552
12,1,GSM331441,1,0.30363690853118896
12,1,GSM331444,1,0.8165258765220642
12,1,GSM331445,1,0.6977852582931519
12,1,GSM331448,1,0.8138263821601868
12,2,GSM331638,0,0.2727770209312439
12,2,GSM331661,0,0.6151075959205627
12,2,GSM331663,0,0.13165055215358734
12,2,GSM331665,0,0.631917417049408
12,2,GSM331666,0,0.10698790103197098
12,2,GSM331668,0,0.5435246825218201
12,2,GSM331669,0,0.9470850825309753
12,2,GSM331673,0,0.2673341631889343
12,2,GSM331675,0,0.040130600333213806
12,2,GSM331678,0,0.018432753160595894
12,2,GSM331680,0,0.3015584349632263
12,2,GSM331684,0,0.0879630446434021
12,2,GSM331685,0,0.16642728447914124
12,2,GSM331687,0,0.12922412157058716
12,2,GSM331688,0,0.36573565006256104
12,2,GSM331690,0,0.7436200976371765
12,2,GSM331692,0,0.19562016427516937
12,2,GSM331693,0,0.28347280621528625
12,2,GSM331696,0,0.25104618072509766
12,2,GSM331697,0,0.07666928321123123
12,2,GSM331699,0,0.6801576018333435
12,2,GSM331702,0,0.693692684173584
12,2,GSM331703,0,0.5789263248443604
12,2,GSM331704,0,0.38113656640052795
12,2,GSM331707,0,0.6470338702201843
12,2,GSM331708,0,0.804305911064148
12,2,GSM331710,0,0.028378622606396675
12,2,GSM331714,0,0.5453910827636719
12,2,GSM331715,0,0.28375574946403503
12,2,GSM331716,0,0.9822575449943542
12,2,GSM331718,0,0.6658691763877869
12,2,GSM331719,0,0.06638480722904205
12,2,GSM331725,0,0.683753490447998
12,2,GSM331727,0,0.2420015186071396
12,2,GSM331730,0,0.546865701675415
12,2,GSM331731,0,0.6530673503875732
12,2,GSM331378,1,0.7890704870223999
12,2,GSM331380,1,0.6703663468360901
12,2,GSM331386,1,0.556879997253418
12,2,GSM331387,1,0.5956202149391174
12,2,GSM331388,1,0.7410581111907959
12,2,GSM331389,1,0.2391795814037323
12,2,GSM331390,1,0.32027432322502136
12,2,GSM331393,1,0.4611329436302185
12,2,GSM331396,1,0.539871335029602
12,2,GSM331397,1,0.11369995772838593
12,2,GSM331399,1,0.8014500737190247
12,2,GSM331400,1,0.19670023024082184
12,2,GSM331401,1,0.7877421379089355
12,2,GSM331404,1,0.6303213834762573
12,2,GSM331406,1,0.5476776957511902
12,2,GSM331407,1,0.6383683681488037
12,2,GSM331412,1,0.7976050972938538
12,2,GSM331417,1,0.8156793713569641
12,2,GSM331420,1,0.7242898344993591
12,2,GSM331421,1,0.34714096784591675
12,2,GSM331422,1,0.5097922086715698
12,2,GSM331424,1,0.29754242300987244
12,2,GSM331425,1,0.6368606686592102
12,2,GSM331430,1,0.2560478746891022
12,2,GSM331431,1,0.5662765502929688
12,2,GSM331432,1,0.13623538613319397
12,2,GSM331438,1,0.9372616410255432
12,2,GSM331442,1,0.7143317461013794
12,2,GSM331443,1,0.21374651789665222
12,2,GSM331446,1,0.05398108437657356
12,2,GSM331447,1,0.6439542770385742
12,2,GSM331450,1,0.7128635048866272
12,2,GSM331452,1,0.5410928726196289
13,1,GSM331662,0,0.39988747239112854
13,1,GSM331665,0,0.4706515073776245
13,1,GSM331666,0,0.269857794046402
13,1,GSM331668,0,0.21861416101455688
13,1,GSM331670,0,0.36021241545677185
13,1,GSM331671,0,0.33386164903640747
13,1,GSM331672,0,0.29600030183792114
13,1,GSM331673,0,0.4892265796661377
13,1,GSM331676,0,0.3751576244831085
13,1,GSM331678,0,0.11399605125188828
13,1,GSM331680,0,0.4332677721977234
13,1,GSM331681,0,0.37560105323791504
13,1,GSM331686,0,0.1999356895685196
13,1,GSM331688,0,0.38306447863578796
13,1,GSM331689,0,0.2990349233150482
13,1,GSM331694,0,0.2288549393415451
13,1,GSM331695,0,0.23290888965129852
13,1,GSM331697,0,0.35264572501182556
13,1,GSM331699,0,0.24952416121959686
13,1,GSM331703,0,0.23525257408618927
13,1,GSM331704,0,0.3190346360206604
13,1,GSM331705,0,0.21954816579818726
13,1,GSM331706,0,0.37900543212890625
13,1,GSM331709,0,0.1716413050889969
13,1,GSM331710,0,0.2107607126235962
13,1,GSM331712,0,0.1269720494747162
13,1,GSM331716,0,0.6247789859771729
13,1,GSM331717,0,0.21673130989074707
13,1,GSM331718,0,0.45085132122039795
13,1,GSM331719,0,0.10981891304254532
13,1,GSM331722,0,0.3172610104084015
13,1,GSM331723,0,0.35595330595970154
13,1,GSM331724,0,0.2717549800872803
13,1,GSM331725,0,0.5486649870872498
13,1,GSM331727,0,0.3681254982948303
13,1,GSM331730,0,0.1393703818321228
13,1,GSM331732,0,0.651013195514679
13,1,GSM331381,1,0.4308832883834839
13,1,GSM331382,1,0.5361942052841187
13,1,GSM331384,1,0.38484662771224976
13,1,GSM331387,1,0.2846536636352539
13,1,GSM331389,1,0.3210134506225586
13,1,GSM331391,1,0.5627996921539307
13,1,GSM331395,1,0.22853326797485352
13,1,GSM331396,1,0.6614101529121399
13,1,GSM331397,1,0.31045353412628174
13,1,GSM331400,1,0.4001406729221344
13,1,GSM331402,1,0.21038515865802765
13,1,GSM331404,1,0.5870277881622314
13,1,GSM331405,1,0.12905074656009674
13,1,GSM331407,1,0.3959335684776306
13,1,GSM331408,1,0.737968385219574
13,1,GSM331409,1,0.46883857250213623
13,1,GSM331413,1,0.5541849136352539
13,1,GSM331414,1,0.7330440878868103
13,1,GSM331416,1,0.6671712398529053
13,1,GSM331419,1,0.5220440626144409
13,1,GSM331420,1,0.628046452999115
13,1,GSM331425,1,0.32552358508110046
13,1,GSM331426,1,0.5003533363342285
13,1,GSM331427,1,0.6642315983772278
13,1,GSM331429,1,0.5509433746337891
13,1,GSM331431,1,0.5227992534637451
13,1,GSM331432,1,0.24658817052841187
13,1,GSM331440,1,0.3497186601161957
13,1,GSM331441,1,0.27485930919647217
13,1,GSM331443,1,0.14128972589969635
13,1,GSM331446,1,0.4255281388759613
13,1,GSM331448,1,0.44218775629997253
13,1,GSM331452,1,0.7281764149665833
13,2,GSM331638,0,0.4783191382884979
13,2,GSM331660,0,0.3403739333152771
13,2,GSM331661,0,0.42949000000953674
13,2,GSM331663,0,0.21362318098545074
13,2,GSM331664,0,0.29292526841163635
13,2,GSM331669,0,0.6796438694000244
13,2,GSM331674,0,0.36049503087997437
13,2,GSM331675,0,0.10017914324998856
13,2,GSM331677,0,0.3128461241722107
13,2,GSM331679,0,0.42538121342658997
13,2,GSM331682,0,0.2820481061935425
13,2,GSM331683,0,0.7235078811645508
13,2,GSM331684,0,0.2810561954975128
13,2,GSM331685,0,0.7194033861160278
13,2,GSM331687,0,0.23429863154888153
13,2,GSM331690,0,0.6824097037315369
13,2,GSM331691,0,0.6338424682617188
13,2,GSM331692,0,0.20507264137268066
13,2,GSM331693,0,0.21670271456241608
13,2,GSM331696,0,0.47557541728019714
13,2,GSM331698,0,0.15875999629497528
13,2,GSM331700,0,0.5829932689666748
13,2,GSM331701,0,0.27221930027008057
13,2,GSM331702,0,0.33986222743988037
13,2,GSM331707,0,0.45853930711746216
13,2,GSM331708,0,0.8219035863876343
13,2,GSM331711,0,0.6481851935386658
13,2,GSM331713,0,0.4299706220626831
13,2,GSM331714,0,0.7854123115539551
13,2,GSM331715,0,0.30437296628952026
13,2,GSM331720,0,0.8153521418571472
13,2,GSM331721,0,0.5160488486289978
13,2,GSM331726,0,0.265292763710022
13,2,GSM331728,0,0.31129273772239685
13,2,GSM331729,0,0.24834948778152466
13,2,GSM331731,0,0.8325754404067993
13,2,GSM331377,1,0.8324625492095947
13,2,GSM331378,1,0.9010878801345825
13,2,GSM331379,1,0.7672821283340454
13,2,GSM331380,1,0.8616000413894653
13,2,GSM331383,1,0.9028704166412354
13,2,GSM331385,1,0.3897695541381836
13,2,GSM331386,1,0.551752507686615
13,2,GSM331388,1,0.9353288412094116
13,2,GSM331390,1,0.6401036977767944
13,2,GSM331393,1,0.736875057220459
13,2,GSM331399,1,0.8622520565986633
13,2,GSM331401,1,0.5191636085510254
13,2,GSM331403,1,0.8718470931053162
13,2,GSM331406,1,0.8702599406242371
13,2,GSM331410,1,0.37152257561683655
13,2,GSM331411,1,0.8312771320343018
13,2,GSM331412,1,0.832977294921875
13,2,GSM331417,1,0.7771202325820923
13,2,GSM331418,1,0.5020650029182434
13,2,GSM331421,1,0.8221731185913086
13,2,GSM331422,1,0.829940915107727
13,2,GSM331424,1,0.47277534008026123
13,2,GSM331428,1,0.5049273371696472
13,2,GSM331430,1,0.4010274112224579
13,2,GSM331434,1,0.8137950897216797
13,2,GSM331436,1,0.2765495777130127
13,2,GSM331438,1,0.9111208915710449
13,2,GSM331439,1,0.7699804902076721
13,2,GSM331442,1,0.4797649681568146
13,2,GSM331444,1,0.7959377765655518
13,2,GSM331445,1,0.6398637294769287
13,2,GSM331447,1,0.6685320734977722
13,2,GSM331450,1,0.5789808630943298
14,1,GSM331660,0,0.0723523423075676
14,1,GSM331661,0,0.5977904796600342
14,1,GSM331666,0,0.11376409977674484
14,1,GSM331668,0,0.5590512156486511
14,1,GSM331669,0,0.8368415832519531
14,1,GSM331670,0,0.617418110370636
14,1,GSM331671,0,0.7066041827201843
14,1,GSM331673,0,0.4865737855434418
14,1,GSM331674,0,0.7345133423805237
14,1,GSM331676,0,0.3852657377719879
14,1,GSM331677,0,0.13102352619171143
14,1,GSM331679,0,0.4619068503379822
14,1,GSM331680,0,0.6512435078620911
14,1,GSM331681,0,0.43397021293640137
14,1,GSM331687,0,0.09846756607294083
14,1,GSM331688,0,0.40070152282714844
14,1,GSM331689,0,0.3588055372238159
14,1,GSM331690,0,0.8934866786003113
14,1,GSM331691,0,0.5123295783996582
14,1,GSM331692,0,0.24215327203273773
14,1,GSM331694,0,0.4379085302352905
14,1,GSM331696,0,0.4475603401660919
14,1,GSM331697,0,0.06005808711051941
14,1,GSM331698,0,0.3074171543121338
14,1,GSM331699,0,0.7022034525871277
14,1,GSM331700,0,0.5563482642173767
14,1,GSM331704,0,0.3746170401573181
14,1,GSM331710,0,0.0857091099023819
14,1,GSM331711,0,0.21938420832157135
14,1,GSM331713,0,0.3956674635410309
14,1,GSM331714,0,0.6724862456321716
14,1,GSM331716,0,0.8873088359832764
14,1,GSM331717,0,0.5656284689903259
14,1,GSM331718,0,0.6716991662979126
14,1,GSM331721,0,0.8980082869529724
14,1,GSM331726,0,0.031863365322351456
14,1,GSM331728,0,0.06745775789022446
14,1,GSM331377,1,0.8182449340820312
14,1,GSM331378,1,0.9022592902183533
14,1,GSM331379,1,0.7695417404174805
14,1,GSM331380,1,0.6325702667236328
14,1,GSM331381,1,0.761740505695343
14,1,GSM331382,1,0.7427525520324707
14,1,GSM331386,1,0.4886230230331421
14,1,GSM331388,1,0.6022174954414368
14,1,GSM331390,1,0.3551989793777466
14,1,GSM331397,1,0.13926510512828827
14,1,GSM331401,1,0.6460145711898804
14,1,GSM331402,1,0.6507232785224915
14,1,GSM331403,1,0.9211435317993164
14,1,GSM331405,1,0.09595901519060135
14,1,GSM331413,1,0.21713076531887054
14,1,GSM331416,1,0.6507083773612976
14,1,GSM331419,1,0.5208204984664917
14,1,GSM331420,1,0.7665737867355347
14,1,GSM331422,1,0.4883728325366974
14,1,GSM331424,1,0.2201380431652069
14,1,GSM331426,1,0.732734739780426
14,1,GSM331427,1,0.5969371795654297
14,1,GSM331428,1,0.3054008185863495
14,1,GSM331429,1,0.5360631346702576
14,1,GSM331430,1,0.39791324734687805
14,1,GSM331431,1,0.5989850163459778
14,1,GSM331438,1,0.8512054085731506
14,1,GSM331439,1,0.7097522020339966
14,1,GSM331443,1,0.21406608819961548
14,1,GSM331445,1,0.733008861541748
14,1,GSM331446,1,0.2250797599554062
14,1,GSM331450,1,0.46865469217300415
14,1,GSM331452,1,0.7006569504737854
14,2,GSM331638,0,0.43367254734039307
14,2,GSM331662,0,0.4712529480457306
14,2,GSM331663,0,0.343401700258255
14,2,GSM331664,0,0.3534053862094879
14,2,GSM331665,0,0.8043138384819031
14,2,GSM331672,0,0.2868273854255676
14,2,GSM331675,0,0.07052382826805115
14,2,GSM331678,0,0.10330639779567719
14,2,GSM331682,0,0.4151850938796997
14,2,GSM331683,0,0.5952632427215576
14,2,GSM331684,0,0.11150850355625153
14,2,GSM331685,0,0.18303054571151733
14,2,GSM331686,0,0.4051545262336731
14,2,GSM331693,0,0.16189929842948914
14,2,GSM331695,0,0.18553553521633148
14,2,GSM331701,0,0.4214876890182495
14,2,GSM331702,0,0.42019903659820557
14,2,GSM331703,0,0.24594120681285858
14,2,GSM331705,0,0.37734225392341614
14,2,GSM331706,0,0.5568052530288696
14,2,GSM331707,0,0.5975694060325623
14,2,GSM331708,0,0.7687683701515198
14,2,GSM331709,0,0.10959667712450027
14,2,GSM331712,0,0.30887332558631897
14,2,GSM331715,0,0.29788142442703247
14,2,GSM331719,0,0.044107917696237564
14,2,GSM331720,0,0.490703821182251
14,2,GSM331722,0,0.5317211747169495
14,2,GSM331723,0,0.9033793210983276
14,2,GSM331724,0,0.15280184149742126
14,2,GSM331725,0,0.7728440165519714
14,2,GSM331727,0,0.2375449687242508
14,2,GSM331729,0,0.07459487020969391
14,2,GSM331730,0,0.14005061984062195
14,2,GSM331731,0,0.7323979735374451
14,2,GSM331732,0,0.7770367860794067
14,2,GSM331383,1,0.8283006548881531
14,2,GSM331384,1,0.8129110932350159
14,2,GSM331385,1,0.33181485533714294
14,2,GSM331387,1,0.6236249804496765
14,2,GSM331389,1,0.23828072845935822
14,2,GSM331391,1,0.6581652760505676
14,2,GSM331393,1,0.31665363907814026
14,2,GSM331395,1,0.39336344599723816
14,2,GSM331396,1,0.4853031039237976
14,2,GSM331399,1,0.9078981280326843
14,2,GSM331400,1,0.12272265553474426
14,2,GSM331404,1,0.5375313758850098
14,2,GSM331406,1,0.7577142715454102
14,2,GSM331407,1,0.5771554112434387
14,2,GSM331408,1,0.7676166296005249
14,2,GSM331409,1,0.5166612863540649
14,2,GSM331410,1,0.5123562216758728
14,2,GSM331411,1,0.6913666725158691
14,2,GSM331412,1,0.787246823310852
14,2,GSM331414,1,0.5746107697486877
14,2,GSM331417,1,0.869330108165741
14,2,GSM331418,1,0.5386210680007935
14,2,GSM331421,1,0.5499898195266724
14,2,GSM331425,1,0.5313513278961182
14,2,GSM331432,1,0.37007614970207214
14,2,GSM331434,1,0.7873731255531311
14,2,GSM331436,1,0.1452568918466568
14,2,GSM331440,1,0.4965794086456299
14,2,GSM331441,1,0.7220525145530701
14,2,GSM331442,1,0.6780149340629578
14,2,GSM331444,1,0.7998313307762146
14,2,GSM331447,1,0.4777768850326538
14,2,GSM331448,1,0.6274084448814392
15,1,GSM331662,0,0.6896412372589111
15,1,GSM331663,0,0.23393982648849487
15,1,GSM331664,0,0.48060235381126404
15,1,GSM331668,0,0.7840752601623535
15,1,GSM331669,0,0.9234761595726013
15,1,GSM331670,0,0.593635618686676
15,1,GSM331671,0,0.8506415486335754
15,1,GSM331672,0,0.5097343921661377
15,1,GSM331673,0,0.4368774890899658
15,1,GSM331674,0,0.600193977355957
15,1,GSM331678,0,0.37470316886901855
15,1,GSM331680,0,0.9450209736824036
15,1,GSM331681,0,0.25057652592658997
15,1,GSM331686,0,0.4684280753135681
15,1,GSM331689,0,0.45978888869285583
15,1,GSM331694,0,0.6234303116798401
15,1,GSM331695,0,0.2799822688102722
15,1,GSM331696,0,0.35954776406288147
15,1,GSM331698,0,0.1681322306394577
15,1,GSM331699,0,0.3457620143890381
15,1,GSM331700,0,0.7569108009338379
15,1,GSM331701,0,0.38039717078208923
15,1,GSM331702,0,0.6301944851875305
15,1,GSM331704,0,0.47475630044937134
15,1,GSM331705,0,0.33937469124794006
15,1,GSM331708,0,0.9001903533935547
15,1,GSM331709,0,0.10920878499746323
15,1,GSM331712,0,0.20762652158737183
15,1,GSM331716,0,0.876064121723175
15,1,GSM331717,0,0.7061077356338501
15,1,GSM331719,0,0.07466264069080353
15,1,GSM331720,0,0.7815889120101929
15,1,GSM331722,0,0.7708235383033752
15,1,GSM331723,0,0.7001429200172424
15,1,GSM331724,0,0.27240708470344543
15,1,GSM331731,0,0.7999365329742432
15,1,GSM331732,0,0.47103989124298096
15,1,GSM331377,1,0.8441032767295837
15,1,GSM331379,1,0.876397967338562
15,1,GSM331380,1,0.7615850567817688
15,1,GSM331383,1,0.8591213226318359
15,1,GSM331384,1,0.8410765528678894
15,1,GSM331386,1,0.35727202892303467
15,1,GSM331390,1,0.5404576063156128
15,1,GSM331395,1,0.5183411240577698
15,1,GSM331399,1,0.9357917904853821
15,1,GSM331401,1,0.7294538021087646
15,1,GSM331402,1,0.6391195058822632
15,1,GSM331404,1,0.7477732300758362
15,1,GSM331405,1,0.526975154876709
15,1,GSM331407,1,0.5964090824127197
15,1,GSM331408,1,0.916597306728363
15,1,GSM331410,1,0.7692301273345947
15,1,GSM331411,1,0.8884471654891968
15,1,GSM331412,1,0.6984497308731079
15,1,GSM331416,1,0.4432583749294281
15,1,GSM331417,1,0.6581036448478699
15,1,GSM331419,1,0.7505499124526978
15,1,GSM331421,1,0.8290576934814453
15,1,GSM331422,1,0.7159316539764404
15,1,GSM331427,1,0.8518377542495728
15,1,GSM331428,1,0.597468376159668
15,1,GSM331429,1,0.7283486723899841
15,1,GSM331430,1,0.610055685043335
15,1,GSM331431,1,0.7397413849830627
15,1,GSM331436,1,0.12246736139059067
15,1,GSM331439,1,0.8700560331344604
15,1,GSM331445,1,0.5979307293891907
15,1,GSM331447,1,0.6048807501792908
15,1,GSM331448,1,0.8431436419487
15,2,GSM331638,0,0.3104894459247589
15,2,GSM331660,0,0.1004771962761879
15,2,GSM331661,0,0.47150543332099915
15,2,GSM331665,0,0.7213922142982483
15,2,GSM331666,0,0.37372317910194397
15,2,GSM331675,0,0.05363978445529938
15,2,GSM331676,0,0.5306323170661926
15,2,GSM331677,0,0.05113282427191734
15,2,GSM331679,0,0.4220111668109894
15,2,GSM331682,0,0.1236141249537468
15,2,GSM331683,0,0.7210420370101929
15,2,GSM331684,0,0.08374545723199844
15,2,GSM331685,0,0.5369670391082764
15,2,GSM331687,0,0.07026369124650955
15,2,GSM331688,0,0.3175828456878662
15,2,GSM331690,0,0.7278773188591003
15,2,GSM331691,0,0.6915702223777771
15,2,GSM331692,0,0.0833149403333664
15,2,GSM331693,0,0.12251467257738113
15,2,GSM331697,0,0.07285653799772263
15,2,GSM331703,0,0.30377718806266785
15,2,GSM331706,0,0.6714774370193481
15,2,GSM331707,0,0.22481581568717957
15,2,GSM331710,0,0.03718522563576698
15,2,GSM331711,0,0.4520743191242218
15,2,GSM331713,0,0.25356215238571167
15,2,GSM331714,0,0.7164820432662964
15,2,GSM331715,0,0.16482645273208618
15,2,GSM331718,0,0.7862098813056946
15,2,GSM331721,0,0.491155743598938
15,2,GSM331725,0,0.5640009045600891
15,2,GSM331726,0,0.09342647343873978
15,2,GSM331727,0,0.33169931173324585
15,2,GSM331728,0,0.10936209559440613
15,2,GSM331729,0,0.03647540509700775
15,2,GSM331730,0,0.1762426346540451
15,2,GSM331378,1,0.9176520705223083
15,2,GSM331381,1,0.8517506718635559
15,2,GSM331382,1,0.6313003301620483
15,2,GSM331385,1,0.11962373554706573
15,2,GSM331387,1,0.486322283744812
15,2,GSM331388,1,0.8623002767562866
15,2,GSM331389,1,0.45604464411735535
15,2,GSM331391,1,0.5127272009849548
15,2,GSM331393,1,0.3716491758823395
15,2,GSM331396,1,0.8274943828582764
15,2,GSM331397,1,0.3507685661315918
15,2,GSM331400,1,0.21856394410133362
15,2,GSM331403,1,0.7110613584518433
15,2,GSM331406,1,0.7830011248588562
15,2,GSM331409,1,0.5938299298286438
15,2,GSM331413,1,0.303854763507843
15,2,GSM331414,1,0.7910789847373962
15,2,GSM331418,1,0.4700603187084198
15,2,GSM331420,1,0.8080777525901794
15,2,GSM331424,1,0.6943405270576477
15,2,GSM331425,1,0.5541537404060364
15,2,GSM331426,1,0.6282995343208313
15,2,GSM331432,1,0.1795714795589447
15,2,GSM331434,1,0.868995726108551
15,2,GSM331438,1,0.7902105450630188
15,2,GSM331440,1,0.5924481749534607
15,2,GSM331441,1,0.7058678269386292
15,2,GSM331442,1,0.33008503913879395
15,2,GSM331443,1,0.508857011795044
15,2,GSM331444,1,0.7427006959915161
15,2,GSM331446,1,0.2454802542924881
15,2,GSM331450,1,0.4372038245201111
15,2,GSM331452,1,0.8024572730064392
16,1,GSM331661,0,0.7079814076423645
16,1,GSM331666,0,0.2514651119709015
16,1,GSM331668,0,0.4511127769947052
16,1,GSM331670,0,0.325778990983963
16,1,GSM331671,0,0.6132057309150696
16,1,GSM331675,0,0.0990651324391365
16,1,GSM331676,0,0.2502717971801758
16,1,GSM331678,0,0.028142618015408516
16,1,GSM331680,0,0.3439347743988037
16,1,GSM331681,0,0.5530904531478882
16,1,GSM331682,0,0.534936785697937
16,1,GSM331685,0,0.3409099280834198
16,1,GSM331687,0,0.11247099190950394
16,1,GSM331688,0,0.34426349401474
16,1,GSM331691,0,0.5611920952796936
16,1,GSM331694,0,0.14267773926258087
16,1,GSM331696,0,0.20873728394508362
16,1,GSM331697,0,0.24299386143684387
16,1,GSM331699,0,0.1291641891002655
16,1,GSM331700,0,0.44501182436943054
16,1,GSM331702,0,0.5359646677970886
16,1,GSM331703,0,0.2928873300552368
16,1,GSM331704,0,0.47683072090148926
16,1,GSM331705,0,0.4555152654647827
16,1,GSM331707,0,0.4317914545536041
16,1,GSM331709,0,0.08766353875398636
16,1,GSM331710,0,0.16154934465885162
16,1,GSM331714,0,0.7737470269203186
16,1,GSM331715,0,0.21860754489898682
16,1,GSM331716,0,0.9346600770950317
16,1,GSM331721,0,0.5659275054931641
16,1,GSM331723,0,0.5244337320327759
16,1,GSM331726,0,0.13625939190387726
16,1,GSM331727,0,0.16804443299770355
16,1,GSM331728,0,0.05338096618652344
16,1,GSM331730,0,0.4514078199863434
16,1,GSM331732,0,0.6146309971809387
16,1,GSM331377,1,0.7670392394065857
16,1,GSM331378,1,0.875443160533905
16,1,GSM331380,1,0.8746796250343323
16,1,GSM331381,1,0.5031147003173828
16,1,GSM331385,1,0.13216426968574524
16,1,GSM331387,1,0.30283740162849426
16,1,GSM331388,1,0.9199507832527161
16,1,GSM331389,1,0.37539881467819214
16,1,GSM331391,1,0.7336959838867188
16,1,GSM331395,1,0.2676391005516052
16,1,GSM331401,1,0.6045152544975281
16,1,GSM331402,1,0.6264985799789429
16,1,GSM331404,1,0.742362916469574
16,1,GSM331406,1,0.8151458501815796
16,1,GSM331408,1,0.4920721650123596
16,1,GSM331409,1,0.6529088616371155
16,1,GSM331414,1,0.8048925399780273
16,1,GSM331416,1,0.35810723900794983
16,1,GSM331417,1,0.8283385038375854
16,1,GSM331418,1,0.4308914244174957
16,1,GSM331420,1,0.6754981875419617
16,1,GSM331421,1,0.7471059560775757
16,1,GSM331422,1,0.7974861860275269
16,1,GSM331424,1,0.4973157048225403
16,1,GSM331426,1,0.44567394256591797
16,1,GSM331427,1,0.8528752326965332
16,1,GSM331428,1,0.4243031442165375
16,1,GSM331431,1,0.5811442732810974
16,1,GSM331434,1,0.7242798805236816
16,1,GSM331440,1,0.4983832836151123
16,1,GSM331445,1,0.6746999621391296
16,1,GSM331446,1,0.13275906443595886
16,1,GSM331447,1,0.756904125213623
16,2,GSM331638,0,0.13728870451450348
16,2,GSM331660,0,0.08729412406682968
16,2,GSM331662,0,0.526251494884491
16,2,GSM331663,0,0.06320708245038986
16,2,GSM331664,0,0.2919046878814697
16,2,GSM331665,0,0.25791025161743164
16,2,GSM331669,0,0.7675296664237976
16,2,GSM331672,0,0.0991896465420723
16,2,GSM331673,0,0.4682130515575409
16,2,GSM331674,0,0.22951056063175201
16,2,GSM331677,0,0.07253166288137436
16,2,GSM331679,0,0.08032360672950745
16,2,GSM331683,0,0.5675956606864929
16,2,GSM331684,0,0.21864278614521027
16,2,GSM331686,0,0.2720479369163513
16,2,GSM331689,0,0.3185765743255615
16,2,GSM331690,0,0.8422878384590149
16,2,GSM331692,0,0.2130182832479477
16,2,GSM331693,0,0.23024393618106842
16,2,GSM331695,0,0.15492334961891174
16,2,GSM331698,0,0.06937157362699509
16,2,GSM331701,0,0.25187918543815613
16,2,GSM331706,0,0.7530191540718079
16,2,GSM331708,0,0.6697540283203125
16,2,GSM331711,0,0.7063345313072205
16,2,GSM331712,0,0.1954040825366974
16,2,GSM331713,0,0.464925080537796
16,2,GSM331717,0,0.2610888183116913
16,2,GSM331718,0,0.43334636092185974
16,2,GSM331719,0,0.11431460827589035
16,2,GSM331720,0,0.8245936632156372
16,2,GSM331722,0,0.37536463141441345
16,2,GSM331724,0,0.21210257709026337
16,2,GSM331725,0,0.29371991753578186
16,2,GSM331729,0,0.09261724352836609
16,2,GSM331731,0,0.7174984812736511
16,2,GSM331379,1,0.7689141631126404
16,2,GSM331382,1,0.8157345652580261
16,2,GSM331383,1,0.8402815461158752
16,2,GSM331384,1,0.6803386211395264
16,2,GSM331386,1,0.5122145414352417
16,2,GSM331390,1,0.29063722491264343
16,2,GSM331393,1,0.3132089078426361
16,2,GSM331396,1,0.858753502368927
16,2,GSM331397,1,0.2819603979587555
16,2,GSM331399,1,0.8256567120552063
16,2,GSM331400,1,0.433817982673645
16,2,GSM331403,1,0.8657695055007935
16,2,GSM331405,1,0.23682042956352234
16,2,GSM331407,1,0.6089397668838501
16,2,GSM331410,1,0.40462958812713623
16,2,GSM331411,1,0.8272842764854431
16,2,GSM331412,1,0.9154477119445801
16,2,GSM331413,1,0.44680437445640564
16,2,GSM331419,1,0.43257570266723633
16,2,GSM331425,1,0.7253824472427368
16,2,GSM331429,1,0.44712820649147034
16,2,GSM331430,1,0.24700778722763062
16,2,GSM331432,1,0.30713844299316406
16,2,GSM331436,1,0.1323510706424713
16,2,GSM331438,1,0.9166318774223328
16,2,GSM331439,1,0.5790292620658875
16,2,GSM331441,1,0.5030750036239624
16,2,GSM331442,1,0.23981210589408875
16,2,GSM331443,1,0.2462439090013504
16,2,GSM331444,1,0.6462693810462952
16,2,GSM331448,1,0.6456666588783264
16,2,GSM331450,1,0.28378361463546753
16,2,GSM331452,1,0.8987143039703369
17,1,GSM331638,0,0.18861249089241028
17,1,GSM331660,0,0.21527576446533203
17,1,GSM331663,0,0.1685059368610382
17,1,GSM331664,0,0.27369242906570435
17,1,GSM331666,0,0.2564656436443329
17,1,GSM331668,0,0.32199826836586
17,1,GSM331670,0,0.27536216378211975
17,1,GSM331671,0,0.36880818009376526
17,1,GSM331673,0,0.23881570994853973
17,1,GSM331677,0,0.2108205258846283
17,1,GSM331678,0,0.18271082639694214
17,1,GSM331680,0,0.4973209500312805
17,1,GSM331681,0,0.2397131472826004
17,1,GSM331682,0,0.22307778894901276
17,1,GSM331683,0,0.5342235565185547
17,1,GSM331684,0,0.13168592751026154
17,1,GSM331686,0,0.2383691519498825
17,1,GSM331688,0,0.3129158616065979
17,1,GSM331689,0,0.21949750185012817
17,1,GSM331691,0,0.40602225065231323
17,1,GSM331695,0,0.1988210380077362
17,1,GSM331698,0,0.10161490738391876
17,1,GSM331702,0,0.2830792963504791
17,1,GSM331703,0,0.2334555834531784
17,1,GSM331704,0,0.2115757167339325
17,1,GSM331707,0,0.2693174183368683
17,1,GSM331710,0,0.09629477560520172
17,1,GSM331713,0,0.2183421105146408
17,1,GSM331714,0,0.49996256828308105
17,1,GSM331716,0,0.44604524970054626
17,1,GSM331717,0,0.24626266956329346
17,1,GSM331721,0,0.2986621558666229
17,1,GSM331722,0,0.35272833704948425
17,1,GSM331723,0,0.3398059904575348
17,1,GSM331727,0,0.2871444523334503
17,1,GSM331730,0,0.1450885683298111
17,1,GSM331731,0,0.4867250919342041
17,1,GSM331377,1,0.5713614821434021
17,1,GSM331380,1,0.5199889540672302
17,1,GSM331381,1,0.45157989859580994
17,1,GSM331383,1,0.541073739528656
17,1,GSM331385,1,0.1575777679681778
17,1,GSM331386,1,0.29854249954223633
17,1,GSM331389,1,0.40522733330726624
17,1,GSM331390,1,0.27711021900177
17,1,GSM331391,1,0.4431886374950409
17,1,GSM331399,1,0.6169260740280151
17,1,GSM331400,1,0.2747940123081207
17,1,GSM331401,1,0.3357018828392029
17,1,GSM331403,1,0.5983692407608032
17,1,GSM331404,1,0.40369564294815063
17,1,GSM331406,1,0.6607349514961243
17,1,GSM331408,1,0.47018951177597046
17,1,GSM331409,1,0.4557138979434967
17,1,GSM331410,1,0.24238789081573486
17,1,GSM331411,1,0.5603030920028687
17,1,GSM331413,1,0.19179239869117737
17,1,GSM331420,1,0.5292540192604065
17,1,GSM331421,1,0.4090404510498047
17,1,GSM331425,1,0.46066537499427795
17,1,GSM331426,1,0.40854018926620483
17,1,GSM331427,1,0.4499531686306
17,1,GSM331430,1,0.3805384635925293
17,1,GSM331432,1,0.21065010130405426
17,1,GSM331438,1,0.5393792390823364
17,1,GSM331442,1,0.361152708530426
17,1,GSM331443,1,0.3181828558444977
17,1,GSM331447,1,0.5088287591934204
17,1,GSM331450,1,0.3307548463344574
17,1,GSM331452,1,0.535027265548706
17,2,GSM331661,0,0.5582394003868103
17,2,GSM331662,0,0.5480260252952576
17,2,GSM331665,0,0.7228451371192932
17,2,GSM331669,0,0.7544130086898804
17,2,GSM331672,0,0.4536280632019043
17,2,GSM331674,0,0.6733658313751221
17,2,GSM331675,0,0.24375556409358978
17,2,GSM331676,0,0.6027807593345642
17,2,GSM331679,0,0.5955284237861633
17,2,GSM331685,0,0.48721903562545776
17,2,GSM331687,0,0.40436381101608276
17,2,GSM331690,0,0.6062730550765991
17,2,GSM331692,0,0.33664771914482117
17,2,GSM331693,0,0.3400838375091553
17,2,GSM331694,0,0.4431350827217102
17,2,GSM331696,0,0.4209909737110138
17,2,GSM331697,0,0.32249751687049866
17,2,GSM331699,0,0.4526151418685913
17,2,GSM331700,0,0.6017643213272095
17,2,GSM331701,0,0.29919928312301636
17,2,GSM331705,0,0.34433674812316895
17,2,GSM331706,0,0.5399000644683838
17,2,GSM331708,0,0.6966202259063721
17,2,GSM331709,0,0.2647418677806854
17,2,GSM331711,0,0.5788478255271912
17,2,GSM331712,0,0.3173110783100128
17,2,GSM331715,0,0.2645359933376312
17,2,GSM331718,0,0.7317050099372864
17,2,GSM331719,0,0.17518290877342224
17,2,GSM331720,0,0.6302978992462158
17,2,GSM331724,0,0.2670256197452545
17,2,GSM331725,0,0.6839085817337036
17,2,GSM331726,0,0.3349887728691101
17,2,GSM331728,0,0.3463406562805176
17,2,GSM331729,0,0.22036638855934143
17,2,GSM331732,0,0.6601989269256592
17,2,GSM331378,1,0.8233224749565125
17,2,GSM331379,1,0.736434280872345
17,2,GSM331382,1,0.619799792766571
17,2,GSM331384,1,0.5505673885345459
17,2,GSM331387,1,0.6836789846420288
17,2,GSM331388,1,0.8305106163024902
17,2,GSM331393,1,0.6820446848869324
17,2,GSM331395,1,0.422759473323822
17,2,GSM331396,1,0.6982554197311401
17,2,GSM331397,1,0.5840744376182556
17,2,GSM331402,1,0.5465275645256042
17,2,GSM331405,1,0.4681204557418823
17,2,GSM331407,1,0.4440089166164398
17,2,GSM331412,1,0.6692044138908386
17,2,GSM331414,1,0.7267138957977295
17,2,GSM331416,1,0.44958168268203735
17,2,GSM331417,1,0.661966860294342
17,2,GSM331418,1,0.6283515095710754
17,2,GSM331419,1,0.5714285969734192
17,2,GSM331422,1,0.7553942799568176
17,2,GSM331424,1,0.6062925457954407
17,2,GSM331428,1,0.5598101019859314
17,2,GSM331429,1,0.6799276471138
17,2,GSM331431,1,0.6818581819534302
17,2,GSM331434,1,0.7032233476638794
17,2,GSM331436,1,0.16631224751472473
17,2,GSM331439,1,0.7424222230911255
17,2,GSM331440,1,0.6211702227592468
17,2,GSM331441,1,0.6475422978401184
17,2,GSM331444,1,0.7469840049743652
17,2,GSM331445,1,0.5034118890762329
17,2,GSM331446,1,0.4430765211582184
17,2,GSM331448,1,0.6416661143302917
18,1,GSM331638,0,0.2643824815750122
18,1,GSM331660,0,0.11237166821956635
18,1,GSM331661,0,0.6862434148788452
18,1,GSM331663,0,0.2461010217666626
18,1,GSM331666,0,0.25826871395111084
18,1,GSM331668,0,0.633998692035675
18,1,GSM331670,0,0.372144877910614
18,1,GSM331672,0,0.3638891577720642
18,1,GSM331678,0,0.07914861291646957
18,1,GSM331680,0,0.5265158414840698
18,1,GSM331684,0,0.11470229178667068
18,1,GSM331689,0,0.3940073847770691
18,1,GSM331691,0,0.3652801513671875
18,1,GSM331692,0,0.18876096606254578
18,1,GSM331696,0,0.37789592146873474
18,1,GSM331697,0,0.19740013778209686
18,1,GSM331699,0,0.4534374475479126
18,1,GSM331702,0,0.5373466610908508
18,1,GSM331703,0,0.532514214515686
18,1,GSM331704,0,0.5254146456718445
18,1,GSM331705,0,0.24536164104938507
18,1,GSM331706,0,0.870959997177124
18,1,GSM331708,0,0.6453304290771484
18,1,GSM331710,0,0.10831715166568756
18,1,GSM331713,0,0.27033814787864685
18,1,GSM331716,0,0.9181685447692871
18,1,GSM331718,0,0.6356266140937805
18,1,GSM331719,0,0.09245993196964264
18,1,GSM331720,0,0.35783424973487854
18,1,GSM331721,0,0.8383246660232544
18,1,GSM331722,0,0.27664366364479065
18,1,GSM331723,0,0.7258358597755432
18,1,GSM331725,0,0.5023916959762573
18,1,GSM331726,0,0.1634877324104309
18,1,GSM331727,0,0.26536014676094055
18,1,GSM331730,0,0.4373157322406769
18,1,GSM331732,0,0.4960009455680847
18,1,GSM331377,1,0.7292301058769226
18,1,GSM331378,1,0.8087855577468872
18,1,GSM331379,1,0.49601009488105774
18,1,GSM331382,1,0.5361391305923462
18,1,GSM331383,1,0.7543793320655823
18,1,GSM331385,1,0.5110577344894409
18,1,GSM331386,1,0.4201357364654541
18,1,GSM331388,1,0.6709527969360352
18,1,GSM331395,1,0.5040559768676758
18,1,GSM331396,1,0.6115624308586121
18,1,GSM331400,1,0.3196721076965332
18,1,GSM331402,1,0.6957191228866577
18,1,GSM331403,1,0.8384976983070374
18,1,GSM331406,1,0.5078619122505188
18,1,GSM331410,1,0.33804652094841003
18,1,GSM331416,1,0.3805772066116333
18,1,GSM331418,1,0.748907744884491
18,1,GSM331421,1,0.4072635769844055
18,1,GSM331422,1,0.6028908491134644
18,1,GSM331424,1,0.30107200145721436
18,1,GSM331426,1,0.6863580346107483
18,1,GSM331428,1,0.19266723096370697
18,1,GSM331429,1,0.747323751449585
18,1,GSM331430,1,0.47239580750465393
18,1,GSM331432,1,0.20404836535453796
18,1,GSM331434,1,0.4964333176612854
18,1,GSM331436,1,0.16718266904354095
18,1,GSM331438,1,0.7517394423484802
18,1,GSM331441,1,0.5541049242019653
18,1,GSM331444,1,0.707807183265686
18,1,GSM331446,1,0.21033024787902832
18,1,GSM331447,1,0.6721010208129883
18,1,GSM331452,1,0.6219953298568726
18,2,GSM331662,0,0.4027484953403473
18,2,GSM331664,0,0.30935218930244446
18,2,GSM331665,0,0.6905118227005005
18,2,GSM331669,0,0.9237542748451233
18,2,GSM331671,0,0.5914015769958496
18,2,GSM331673,0,0.26595771312713623
18,2,GSM331674,0,0.7113408446311951
18,2,GSM331675,0,0.07784388959407806
18,2,GSM331676,0,0.6870373487472534
18,2,GSM331677,0,0.26193904876708984
18,2,GSM331679,0,0.41465210914611816
18,2,GSM331681,0,0.5052744746208191
18,2,GSM331682,0,0.4741055965423584
18,2,GSM331683,0,0.5762776136398315
18,2,GSM331685,0,0.21575327217578888
18,2,GSM331686,0,0.5819917917251587
18,2,GSM331687,0,0.3058221936225891
18,2,GSM331688,0,0.5561846494674683
18,2,GSM331690,0,0.7462543249130249
18,2,GSM331693,0,0.28525373339653015
18,2,GSM331694,0,0.23631921410560608
18,2,GSM331695,0,0.4020407795906067
18,2,GSM331698,0,0.27678894996643066
18,2,GSM331700,0,0.5574133992195129
18,2,GSM331701,0,0.2367786169052124
18,2,GSM331707,0,0.40700486302375793
18,2,GSM331709,0,0.21733704209327698
18,2,GSM331711,0,0.634845495223999
18,2,GSM331712,0,0.2063494473695755
18,2,GSM331714,0,0.7498899102210999
18,2,GSM331715,0,0.23998482525348663
18,2,GSM331717,0,0.5697449445724487
18,2,GSM331724,0,0.2460816651582718
18,2,GSM331728,0,0.12081564217805862
18,2,GSM331729,0,0.058647844940423965
18,2,GSM331731,0,0.7904189229011536
18,2,GSM331380,1,0.7534083127975464
18,2,GSM331381,1,0.7467771768569946
18,2,GSM331384,1,0.43673133850097656
18,2,GSM331387,1,0.5378262996673584
18,2,GSM331389,1,0.3473559021949768
18,2,GSM331390,1,0.5641035437583923
18,2,GSM331391,1,0.6064431071281433
18,2,GSM331393,1,0.6924347877502441
18,2,GSM331397,1,0.41934481263160706
18,2,GSM331399,1,0.7099967002868652
18,2,GSM331401,1,0.548611044883728
18,2,GSM331404,1,0.6534826159477234
18,2,GSM331405,1,0.14131003618240356
18,2,GSM331407,1,0.35498061776161194
18,2,GSM331408,1,0.5194662809371948
18,2,GSM331409,1,0.5623186826705933
18,2,GSM331411,1,0.8554254174232483
18,2,GSM331412,1,0.6568792462348938
18,2,GSM331413,1,0.19218647480010986
18,2,GSM331414,1,0.7823722958564758
18,2,GSM331417,1,0.6870729923248291
18,2,GSM331419,1,0.44398513436317444
18,2,GSM331420,1,0.7735557556152344
18,2,GSM331425,1,0.579995334148407
18,2,GSM331427,1,0.7525886297225952
18,2,GSM331431,1,0.7097167372703552
18,2,GSM331439,1,0.7241277694702148
18,2,GSM331440,1,0.46088993549346924
18,2,GSM331442,1,0.350919246673584
18,2,GSM331443,1,0.18297584354877472
18,2,GSM331445,1,0.25368621945381165
18,2,GSM331448,1,0.7855109572410583
18,2,GSM331450,1,0.6136433482170105
19,1,GSM331660,0,0.11452602595090866
19,1,GSM331662,0,0.4264523684978485
19,1,GSM331666,0,0.15013235807418823
19,1,GSM331671,0,0.2943800687789917
19,1,GSM331675,0,0.06573247164487839
19,1,GSM331676,0,0.45573368668556213
19,1,GSM331677,0,0.2160998284816742
19,1,GSM331678,0,0.09578423947095871
19,1,GSM331679,0,0.2582237422466278
19,1,GSM331682,0,0.2390434443950653
19,1,GSM331683,0,0.6966793537139893
19,1,GSM331684,0,0.092640221118927
19,1,GSM331685,0,0.1856275051832199
19,1,GSM331686,0,0.35497477650642395
19,1,GSM331689,0,0.3376632630825043
19,1,GSM331690,0,0.80543053150177
19,1,GSM331691,0,0.5007139444351196
19,1,GSM331693,0,0.20254164934158325
19,1,GSM331695,0,0.31492096185684204
19,1,GSM331696,0,0.3018922209739685
19,1,GSM331697,0,0.18095096945762634
19,1,GSM331701,0,0.1868102252483368
19,1,GSM331704,0,0.38404446840286255
19,1,GSM331705,0,0.10426758229732513
19,1,GSM331707,0,0.21132776141166687
19,1,GSM331710,0,0.12431654334068298
19,1,GSM331714,0,0.5591880679130554
19,1,GSM331718,0,0.4315861165523529
19,1,GSM331719,0,0.06747297197580338
19,1,GSM331720,0,0.40824100375175476
19,1,GSM331724,0,0.1765211969614029
19,1,GSM331725,0,0.412041574716568
19,1,GSM331726,0,0.07288973778486252
19,1,GSM331729,0,0.05996832624077797
19,1,GSM331730,0,0.2740921676158905
19,1,GSM331731,0,0.53513103723526
19,1,GSM331732,0,0.700940728187561
19,1,GSM331377,1,0.6238263249397278
19,1,GSM331378,1,0.7138062119483948
19,1,GSM331379,1,0.34315505623817444
19,1,GSM331380,1,0.7151127457618713
19,1,GSM331381,1,0.5995401740074158
19,1,GSM331383,1,0.7378150224685669
19,1,GSM331386,1,0.33637580275535583
19,1,GSM331387,1,0.33644306659698486
19,1,GSM331388,1,0.8042849898338318
19,1,GSM331389,1,0.17288337647914886
19,1,GSM331390,1,0.2504279911518097
19,1,GSM331393,1,0.519030749797821
19,1,GSM331395,1,0.2672073543071747
19,1,GSM331396,1,0.5208032131195068
19,1,GSM331397,1,0.38186073303222656
19,1,GSM331399,1,0.5533674359321594
19,1,GSM331400,1,0.2728695869445801
19,1,GSM331401,1,0.5068572759628296
19,1,GSM331403,1,0.5682761073112488
19,1,GSM331406,1,0.6957188248634338
19,1,GSM331408,1,0.5628098845481873
19,1,GSM331411,1,0.7668349146842957
19,1,GSM331413,1,0.22168011963367462
19,1,GSM331414,1,0.6097162365913391
19,1,GSM331417,1,0.6212756633758545
19,1,GSM331420,1,0.6606817841529846
19,1,GSM331421,1,0.30741602182388306
19,1,GSM331429,1,0.580327570438385
19,1,GSM331431,1,0.6001559495925903
19,1,GSM331439,1,0.6977033019065857
19,1,GSM331442,1,0.4477367103099823
19,1,GSM331443,1,0.2090768963098526
19,1,GSM331444,1,0.4820226728916168
19,2,GSM331638,0,0.2435295134782791
19,2,GSM331661,0,0.5765866041183472
19,2,GSM331663,0,0.2648162841796875
19,2,GSM331664,0,0.1411316841840744
19,2,GSM331665,0,0.6847860813140869
19,2,GSM331668,0,0.5146589875221252
19,2,GSM331669,0,0.8947399854660034
19,2,GSM331670,0,0.4861830174922943
19,2,GSM331672,0,0.5372074246406555
19,2,GSM331673,0,0.2317800670862198
19,2,GSM331674,0,0.6446679830551147
19,2,GSM331680,0,0.4778011739253998
19,2,GSM331681,0,0.5444828867912292
19,2,GSM331687,0,0.22524702548980713
19,2,GSM331688,0,0.6275638341903687
19,2,GSM331692,0,0.17751969397068024
19,2,GSM331694,0,0.30217447876930237
19,2,GSM331698,0,0.3773764967918396
19,2,GSM331699,0,0.5025354623794556
19,2,GSM331700,0,0.6318300366401672
19,2,GSM331702,0,0.39384207129478455
19,2,GSM331703,0,0.3009049892425537
19,2,GSM331706,0,0.8632651567459106
19,2,GSM331708,0,0.6721116900444031
19,2,GSM331709,0,0.2221229374408722
19,2,GSM331711,0,0.537563681602478
19,2,GSM331712,0,0.38151124119758606
19,2,GSM331713,0,0.19118423759937286
19,2,GSM331715,0,0.312065452337265
19,2,GSM331716,0,0.9023022055625916
19,2,GSM331717,0,0.4781903326511383
19,2,GSM331721,0,0.7204622626304626
19,2,GSM331722,0,0.5022258758544922
19,2,GSM331723,0,0.7897904515266418
19,2,GSM331727,0,0.41528773307800293
19,2,GSM331728,0,0.332127183675766
19,2,GSM331382,1,0.4527032673358917
19,2,GSM331384,1,0.5645971298217773
19,2,GSM331385,1,0.34327661991119385
19,2,GSM331391,1,0.5143930315971375
19,2,GSM331402,1,0.5153358578681946
19,2,GSM331404,1,0.593949019908905
19,2,GSM331405,1,0.12545613944530487
19,2,GSM331407,1,0.5246426463127136
19,2,GSM331409,1,0.5597530603408813
19,2,GSM331410,1,0.3950824737548828
19,2,GSM331412,1,0.8167660236358643
19,2,GSM331416,1,0.5336852073669434
19,2,GSM331418,1,0.652182936668396
19,2,GSM331419,1,0.5775488615036011
19,2,GSM331422,1,0.7034298777580261
19,2,GSM331424,1,0.16032660007476807
19,2,GSM331425,1,0.2940372824668884
19,2,GSM331426,1,0.6662203073501587
19,2,GSM331427,1,0.5994351506233215
19,2,GSM331428,1,0.17202138900756836
19,2,GSM331430,1,0.5261067748069763
19,2,GSM331432,1,0.32990020513534546
19,2,GSM331434,1,0.5743769407272339
19,2,GSM331436,1,0.29833006858825684
19,2,GSM331438,1,0.8597989678382874
19,2,GSM331440,1,0.45233970880508423
19,2,GSM331441,1,0.55881267786026
19,2,GSM331445,1,0.6183830499649048
19,2,GSM331446,1,0.2693387269973755
19,2,GSM331447,1,0.5075737833976746
19,2,GSM331448,1,0.6913431882858276
19,2,GSM331450,1,0.5528117418289185
19,2,GSM331452,1,0.7165507674217224
20,1,GSM331638,0,0.14848943054676056
20,1,GSM331661,0,0.7178822755813599
20,1,GSM331662,0,0.31720396876335144
20,1,GSM331669,0,0.973034679889679
20,1,GSM331671,0,0.7870835661888123
20,1,GSM331673,0,0.3622566759586334
20,1,GSM331675,0,0.21253877878189087
20,1,GSM331679,0,0.6695597767829895
20,1,GSM331680,0,0.6685758829116821
20,1,GSM331681,0,0.8251924514770508
20,1,GSM331682,0,0.7013038396835327
20,1,GSM331683,0,0.8494822978973389
20,1,GSM331684,0,0.2970886826515198
20,1,GSM331688,0,0.5986357927322388
20,1,GSM331689,0,0.5460731983184814
20,1,GSM331691,0,0.6163428425788879
20,1,GSM331692,0,0.4716033935546875
20,1,GSM331695,0,0.10948526114225388
20,1,GSM331696,0,0.3418831527233124
20,1,GSM331698,0,0.35175812244415283
20,1,GSM331700,0,0.8311517238616943
20,1,GSM331701,0,0.3017406165599823
20,1,GSM331703,0,0.15445563197135925
20,1,GSM331705,0,0.47670650482177734
20,1,GSM331706,0,0.9630410075187683
20,1,GSM331708,0,0.7953396439552307
20,1,GSM331709,0,0.14025501906871796
20,1,GSM331710,0,0.11681049317121506
20,1,GSM331715,0,0.5276183485984802
20,1,GSM331717,0,0.8217385411262512
20,1,GSM331718,0,0.8396443724632263
20,1,GSM331720,0,0.6439064741134644
20,1,GSM331722,0,0.5519552826881409
20,1,GSM331723,0,0.8935496807098389
20,1,GSM331725,0,0.8914203643798828
20,1,GSM331731,0,0.6947087049484253
20,1,GSM331732,0,0.9161028265953064
20,1,GSM331378,1,0.8818323016166687
20,1,GSM331380,1,0.762889564037323
20,1,GSM331383,1,0.8907261490821838
20,1,GSM331385,1,0.2661977708339691
20,1,GSM331386,1,0.5033786296844482
20,1,GSM331387,1,0.6246733069419861
20,1,GSM331389,1,0.17577190697193146
20,1,GSM331390,1,0.4038250744342804
20,1,GSM331395,1,0.361343652009964
20,1,GSM331396,1,0.6910886168479919
20,1,GSM331399,1,0.9146379232406616
20,1,GSM331401,1,0.839917778968811
20,1,GSM331402,1,0.4619273543357849
20,1,GSM331403,1,0.8459113836288452
20,1,GSM331406,1,0.9318327307701111
20,1,GSM331407,1,0.6726526021957397
20,1,GSM331408,1,0.9221819639205933
20,1,GSM331413,1,0.28358322381973267
20,1,GSM331414,1,0.7640596628189087
20,1,GSM331417,1,0.8674106597900391
20,1,GSM331418,1,0.5604097843170166
20,1,GSM331420,1,0.8857269287109375
20,1,GSM331422,1,0.756994903087616
20,1,GSM331427,1,0.7147877216339111
20,1,GSM331429,1,0.733325719833374
20,1,GSM331432,1,0.30828097462654114
20,1,GSM331438,1,0.9592882394790649
20,1,GSM331442,1,0.6741150617599487
20,1,GSM331443,1,0.2650619447231293
20,1,GSM331444,1,0.8970530033111572
20,1,GSM331445,1,0.8768796920776367
20,1,GSM331446,1,0.36638009548187256
20,1,GSM331450,1,0.7669511437416077
20,2,GSM331660,0,0.08810770511627197
20,2,GSM331663,0,0.2567819058895111
20,2,GSM331664,0,0.1039508655667305
20,2,GSM331665,0,0.9121840596199036
20,2,GSM331666,0,0.1439959555864334
20,2,GSM331668,0,0.34621500968933105
20,2,GSM331670,0,0.756059467792511
20,2,GSM331672,0,0.6467188000679016
20,2,GSM331674,0,0.8508074879646301
20,2,GSM331676,0,0.5820733308792114
20,2,GSM331677,0,0.1498824506998062
20,2,GSM331678,0,0.0758398249745369
20,2,GSM331685,0,0.1550806611776352
20,2,GSM331686,0,0.6993066072463989
20,2,GSM331687,0,0.11623024940490723
20,2,GSM331690,0,0.9046109318733215
20,2,GSM331693,0,0.4251191318035126
20,2,GSM331694,0,0.34319713711738586
20,2,GSM331697,0,0.10224133729934692
20,2,GSM331699,0,0.4007979929447174
20,2,GSM331702,0,0.7422769069671631
20,2,GSM331704,0,0.5960378646850586
20,2,GSM331707,0,0.5295875668525696
20,2,GSM331711,0,0.1881503462791443
20,2,GSM331712,0,0.47480300068855286
20,2,GSM331713,0,0.2965400218963623
20,2,GSM331714,0,0.4712546467781067
20,2,GSM331716,0,0.9799368381500244
20,2,GSM331719,0,0.09069237858057022
20,2,GSM331721,0,0.8382489681243896
20,2,GSM331724,0,0.18962156772613525
20,2,GSM331726,0,0.03485673666000366
20,2,GSM331727,0,0.30028074979782104
20,2,GSM331728,0,0.10950548201799393
20,2,GSM331729,0,0.06297100335359573
20,2,GSM331730,0,0.13990870118141174
20,2,GSM331377,1,0.7935364842414856
20,2,GSM331379,1,0.7531640529632568
20,2,GSM331381,1,0.4872601330280304
20,2,GSM331382,1,0.5972757935523987
20,2,GSM331384,1,0.6930738687515259
20,2,GSM331388,1,0.9420480132102966
20,2,GSM331391,1,0.5729484558105469
20,2,GSM331393,1,0.537273645401001
20,2,GSM331397,1,0.25293171405792236
20,2,GSM331400,1,0.12855568528175354
20,2,GSM331404,1,0.5551517605781555
20,2,GSM331405,1,0.19756975769996643
20,2,GSM331409,1,0.6137456893920898
20,2,GSM331410,1,0.4570671319961548
20,2,GSM331411,1,0.7773373126983643
20,2,GSM331412,1,0.785626232624054
20,2,GSM331416,1,0.5107001066207886
20,2,GSM331419,1,0.8989912867546082
20,2,GSM331421,1,0.32868701219558716
20,2,GSM331424,1,0.19298020005226135
20,2,GSM331425,1,0.28598806262016296
20,2,GSM331426,1,0.7740147709846497
20,2,GSM331428,1,0.18097367882728577
20,2,GSM331430,1,0.2213870733976364
20,2,GSM331431,1,0.350511372089386
20,2,GSM331434,1,0.7479089498519897
20,2,GSM331436,1,0.1403798609972
20,2,GSM331439,1,0.7374200820922852
20,2,GSM331440,1,0.38960322737693787
20,2,GSM331441,1,0.4707794487476349
20,2,GSM331447,1,0.4546562433242798
20,2,GSM331448,1,0.5315931439399719
20,2,GSM331452,1,0.8095306158065796
21,1,GSM331661,0,0.7477983832359314
21,1,GSM331662,0,0.7741724252700806
21,1,GSM331663,0,0.3985477089881897
21,1,GSM331664,0,0.26407742500305176
21,1,GSM331665,0,0.8387432098388672
21,1,GSM331671,0,0.8962875604629517
21,1,GSM331673,0,0.33260974287986755
21,1,GSM331675,0,0.10848905146121979
21,1,GSM331676,0,0.8010868430137634
21,1,GSM331677,0,0.501490592956543
21,1,GSM331681,0,0.615301251411438
21,1,GSM331683,0,0.8813949823379517
21,1,GSM331684,0,0.18493136763572693
21,1,GSM331685,0,0.24338389933109283
21,1,GSM331686,0,0.8827086687088013
21,1,GSM331687,0,0.4609583020210266
21,1,GSM331692,0,0.19615653157234192
21,1,GSM331694,0,0.25328025221824646
21,1,GSM331697,0,0.38502079248428345
21,1,GSM331698,0,0.1795910894870758
21,1,GSM331699,0,0.5618610978126526
21,1,GSM331700,0,0.6349654197692871
21,1,GSM331701,0,0.1678164154291153
21,1,GSM331704,0,0.6176575422286987
21,1,GSM331705,0,0.4343280792236328
21,1,GSM331707,0,0.7365379929542542
21,1,GSM331715,0,0.3076647222042084
21,1,GSM331717,0,0.7434050440788269
21,1,GSM331718,0,0.8150841593742371
21,1,GSM331719,0,0.07903487235307693
21,1,GSM331721,0,0.9213752746582031
21,1,GSM331723,0,0.8513522744178772
21,1,GSM331725,0,0.6849832534790039
21,1,GSM331727,0,0.36624419689178467
21,1,GSM331728,0,0.14002420008182526
21,1,GSM331729,0,0.06524226069450378
21,1,GSM331730,0,0.33129462599754333
21,1,GSM331377,1,0.9107521176338196
21,1,GSM331378,1,0.9573689103126526
21,1,GSM331380,1,0.9029197692871094
21,1,GSM331382,1,0.5593897104263306
21,1,GSM331386,1,0.7058809399604797
21,1,GSM331389,1,0.4077792465686798
21,1,GSM331391,1,0.7795937657356262
21,1,GSM331396,1,0.6196949481964111
21,1,GSM331400,1,0.2389976680278778
21,1,GSM331408,1,0.7851392030715942
21,1,GSM331413,1,0.18538008630275726
21,1,GSM331414,1,0.9121483564376831
21,1,GSM331418,1,0.9076888561248779
21,1,GSM331420,1,0.8307905197143555
21,1,GSM331422,1,0.8096482157707214
21,1,GSM331424,1,0.262617290019989
21,1,GSM331425,1,0.4667193293571472
21,1,GSM331426,1,0.7659921646118164
21,1,GSM331427,1,0.9438977241516113
21,1,GSM331428,1,0.38147178292274475
21,1,GSM331429,1,0.8860293626785278
21,1,GSM331430,1,0.736203670501709
21,1,GSM331431,1,0.8741396069526672
21,1,GSM331434,1,0.7851694822311401
21,1,GSM331436,1,0.14098723232746124
21,1,GSM331438,1,0.9657463431358337
21,1,GSM331439,1,0.8910154104232788
21,1,GSM331440,1,0.5940250754356384
21,1,GSM331441,1,0.8561041355133057
21,1,GSM331443,1,0.10678084194660187
21,1,GSM331445,1,0.3311319053173065
21,1,GSM331448,1,0.9632924795150757
21,1,GSM331450,1,0.7902312278747559
21,2,GSM331638,0,0.1208980530500412
21,2,GSM331660,0,0.03900957480072975
21,2,GSM331666,0,0.04543093219399452
21,2,GSM331668,0,0.411545068025589
21,2,GSM331669,0,0.9179993271827698
21,2,GSM331670,0,0.16106629371643066
21,2,GSM331672,0,0.4683026373386383
21,2,GSM331674,0,0.6684463024139404
21,2,GSM331678,0,0.019341496750712395
21,2,GSM331679,0,0.3176896870136261
21,2,GSM331680,0,0.2018076479434967
21,2,GSM331682,0,0.4424903392791748
21,2,GSM331688,0,0.46892595291137695
21,2,GSM331689,0,0.21096089482307434
21,2,GSM331690,0,0.6811960935592651
21,2,GSM331691,0,0.3510621190071106
21,2,GSM331693,0,0.335845947265625
21,2,GSM331695,0,0.18984341621398926
21,2,GSM331696,0,0.1738075166940689
21,2,GSM331702,0,0.4416467249393463
21,2,GSM331703,0,0.4355326294898987
21,2,GSM331706,0,0.71101313829422
21,2,GSM331708,0,0.6604901552200317
21,2,GSM331709,0,0.05969876050949097
21,2,GSM331710,0,0.023915676400065422
21,2,GSM331711,0,0.4069766700267792
21,2,GSM331712,0,0.21530862152576447
21,2,GSM331713,0,0.17497961223125458
21,2,GSM331714,0,0.6634445786476135
21,2,GSM331716,0,0.9580932259559631
21,2,GSM331720,0,0.10862020403146744
21,2,GSM331722,0,0.1270672082901001
21,2,GSM331724,0,0.0754789263010025
21,2,GSM331726,0,0.09188565611839294
21,2,GSM331731,0,0.7521489858627319
21,2,GSM331732,0,0.6487367749214172
21,2,GSM331379,1,0.4155690670013428
21,2,GSM331381,1,0.7312370538711548
21,2,GSM331383,1,0.898123025894165
21,2,GSM331384,1,0.45329734683036804
21,2,GSM331385,1,0.26404309272766113
21,2,GSM331387,1,0.37656131386756897
21,2,GSM331388,1,0.9058785438537598
21,2,GSM331390,1,0.31708842515945435
21,2,GSM331393,1,0.5889707803726196
21,2,GSM331395,1,0.25378111004829407
21,2,GSM331397,1,0.23620885610580444
21,2,GSM331399,1,0.7796005010604858
21,2,GSM331401,1,0.23015882074832916
21,2,GSM331402,1,0.4843931496143341
21,2,GSM331403,1,0.8682171106338501
21,2,GSM331404,1,0.6371719241142273
21,2,GSM331405,1,0.11012892425060272
21,2,GSM331406,1,0.7251191735267639
21,2,GSM331407,1,0.16681453585624695
21,2,GSM331409,1,0.18543849885463715
21,2,GSM331410,1,0.21010780334472656
21,2,GSM331411,1,0.9042655229568481
21,2,GSM331412,1,0.9254204034805298
21,2,GSM331416,1,0.1030513271689415
21,2,GSM331417,1,0.5988589525222778
21,2,GSM331419,1,0.35729897022247314
21,2,GSM331421,1,0.3993602395057678
21,2,GSM331432,1,0.06421874463558197
21,2,GSM331442,1,0.3867279887199402
21,2,GSM331444,1,0.5981135368347168
21,2,GSM331446,1,0.06128303334116936
21,2,GSM331447,1,0.6994674801826477
21,2,GSM331452,1,0.6885313987731934
22,1,GSM331660,0,0.24160164594650269
22,1,GSM331661,0,0.49103838205337524
22,1,GSM331662,0,0.5386922955513
22,1,GSM331665,0,0.8209384083747864
22,1,GSM331666,0,0.20745708048343658
22,1,GSM331671,0,0.8136900663375854
22,1,GSM331675,0,0.18570855259895325
22,1,GSM331677,0,0.26869329810142517
22,1,GSM331678,0,0.19101081788539886
22,1,GSM331679,0,0.6736617684364319
22,1,GSM331681,0,0.2043599933385849
22,1,GSM331682,0,0.34214335680007935
22,1,GSM331683,0,0.6114672422409058
22,1,GSM331684,0,0.15387719869613647
22,1,GSM331689,0,0.22312809526920319
22,1,GSM331692,0,0.33213987946510315
22,1,GSM331694,0,0.43731337785720825
22,1,GSM331695,0,0.2812652587890625
22,1,GSM331697,0,0.18009765446186066
22,1,GSM331698,0,0.08797333389520645
22,1,GSM331700,0,0.5249745845794678
22,1,GSM331701,0,0.07412245869636536
22,1,GSM331702,0,0.4221173822879791
22,1,GSM331704,0,0.2697015702724457
22,1,GSM331706,0,0.6560203433036804
22,1,GSM331708,0,0.6201654076576233
22,1,GSM331709,0,0.13160330057144165
22,1,GSM331710,0,0.058730367571115494
22,1,GSM331715,0,0.2524665296077728
22,1,GSM331720,0,0.3820702135562897
22,1,GSM331721,0,0.7210969924926758
22,1,GSM331722,0,0.47310546040534973
22,1,GSM331723,0,0.655823290348053
22,1,GSM331727,0,0.35700955986976624
22,1,GSM331728,0,0.1561555564403534
22,1,GSM331729,0,0.06393133848905563
22,1,GSM331730,0,0.11134585738182068
22,1,GSM331377,1,0.6743923425674438
22,1,GSM331378,1,0.5926039218902588
22,1,GSM331380,1,0.3297739326953888
22,1,GSM331382,1,0.48666733503341675
22,1,GSM331385,1,0.20221060514450073
22,1,GSM331386,1,0.2720639407634735
22,1,GSM331387,1,0.7001456618309021
22,1,GSM331388,1,0.5518746972084045
22,1,GSM331391,1,0.6207982897758484
22,1,GSM331395,1,0.3212272822856903
22,1,GSM331396,1,0.308132529258728
22,1,GSM331397,1,0.34905901551246643
22,1,GSM331400,1,0.08934769034385681
22,1,GSM331402,1,0.28904035687446594
22,1,GSM331405,1,0.3633364140987396
22,1,GSM331407,1,0.2265905886888504
22,1,GSM331408,1,0.5026913285255432
22,1,GSM331411,1,0.5914934873580933
22,1,GSM331413,1,0.08687090128660202
22,1,GSM331416,1,0.17177578806877136
22,1,GSM331417,1,0.5253680944442749
22,1,GSM331424,1,0.4548909664154053
22,1,GSM331428,1,0.28016191720962524
22,1,GSM331429,1,0.5267331004142761
22,1,GSM331430,1,0.40404751896858215
22,1,GSM331432,1,0.1281280219554901
22,1,GSM331440,1,0.41394364833831787
22,1,GSM331441,1,0.6980927586555481
22,1,GSM331442,1,0.6575049161911011
22,1,GSM331443,1,0.29627177119255066
22,1,GSM331444,1,0.6460950970649719
22,1,GSM331447,1,0.606245756149292
22,1,GSM331450,1,0.4714258909225464
22,2,GSM331638,0,0.23908731341362
22,2,GSM331663,0,0.39564815163612366
22,2,GSM331664,0,0.31952279806137085
22,2,GSM331668,0,0.36403897404670715
22,2,GSM331669,0,0.910422146320343
22,2,GSM331670,0,0.34334561228752136
22,2,GSM331672,0,0.48220589756965637
22,2,GSM331673,0,0.2789336144924164
22,2,GSM331674,0,0.8439623117446899
22,2,GSM331676,0,0.6591248512268066
22,2,GSM331680,0,0.4497145116329193
22,2,GSM331685,0,0.2955664396286011
22,2,GSM331686,0,0.5059571266174316
22,2,GSM331687,0,0.2179352045059204
22,2,GSM331688,0,0.5499137043952942
22,2,GSM331690,0,0.4407426118850708
22,2,GSM331691,0,0.25420594215393066
22,2,GSM331693,0,0.29740214347839355
22,2,GSM331696,0,0.1688951700925827
22,2,GSM331699,0,0.7301622629165649
22,2,GSM331703,0,0.3853458762168884
22,2,GSM331705,0,0.2840443551540375
22,2,GSM331707,0,0.8067442178726196
22,2,GSM331711,0,0.30986925959587097
22,2,GSM331712,0,0.14533796906471252
22,2,GSM331713,0,0.24062161147594452
22,2,GSM331714,0,0.5676966905593872
22,2,GSM331716,0,0.8069592714309692
22,2,GSM331717,0,0.39447957277297974
22,2,GSM331718,0,0.683757483959198
22,2,GSM331719,0,0.061996906995773315
22,2,GSM331724,0,0.1354176104068756
22,2,GSM331725,0,0.7338760495185852
22,2,GSM331726,0,0.12029583752155304
22,2,GSM331731,0,0.5412514209747314
22,2,GSM331732,0,0.5940625667572021
22,2,GSM331379,1,0.612045168876648
22,2,GSM331381,1,0.6904392242431641
22,2,GSM331383,1,0.532133936882019
22,2,GSM331384,1,0.4079746603965759
22,2,GSM331389,1,0.29062098264694214
22,2,GSM331390,1,0.3421104848384857
22,2,GSM331393,1,0.21778933703899384
22,2,GSM331399,1,0.7169473171234131
22,2,GSM331401,1,0.2147407829761505
22,2,GSM331403,1,0.6538140773773193
22,2,GSM331404,1,0.43046414852142334
22,2,GSM331406,1,0.6253019571304321
22,2,GSM331409,1,0.18176476657390594
22,2,GSM331410,1,0.25050294399261475
22,2,GSM331412,1,0.4790530502796173
22,2,GSM331414,1,0.46130144596099854
22,2,GSM331418,1,0.3204658031463623
22,2,GSM331419,1,0.35012930631637573
22,2,GSM331420,1,0.4107728898525238
22,2,GSM331421,1,0.43850281834602356
22,2,GSM331422,1,0.39182764291763306
22,2,GSM331425,1,0.2979124188423157
22,2,GSM331426,1,0.5494154691696167
22,2,GSM331427,1,0.5909300446510315
22,2,GSM331431,1,0.5942899584770203
22,2,GSM331434,1,0.432804137468338
22,2,GSM331436,1,0.20857733488082886
22,2,GSM331438,1,0.6242927312850952
22,2,GSM331439,1,0.7477073669433594
22,2,GSM331445,1,0.3485419750213623
22,2,GSM331446,1,0.18631891906261444
22,2,GSM331448,1,0.695990264415741
22,2,GSM331452,1,0.43706128001213074
23,1,GSM331638,0,0.34664997458457947
23,1,GSM331660,0,0.2425343096256256
23,1,GSM331661,0,0.6103159189224243
23,1,GSM331664,0,0.3059113025665283
23,1,GSM331665,0,0.5987800359725952
23,1,GSM331669,0,0.7576051354408264
23,1,GSM331672,0,0.5051580667495728
23,1,GSM331674,0,0.5940788984298706
23,1,GSM331676,0,0.4537600874900818
23,1,GSM331677,0,0.4192262887954712
23,1,GSM331681,0,0.3866523206233978
23,1,GSM331683,0,0.5249000787734985
23,1,GSM331686,0,0.48573654890060425
23,1,GSM331687,0,0.3346319794654846
23,1,GSM331689,0,0.18463002145290375
23,1,GSM331691,0,0.48924553394317627
23,1,GSM331692,0,0.29905620217323303
23,1,GSM331693,0,0.39623475074768066
23,1,GSM331696,0,0.20950983464717865
23,1,GSM331697,0,0.41218289732933044
23,1,GSM331698,0,0.11424995213747025
23,1,GSM331702,0,0.37060216069221497
23,1,GSM331703,0,0.51820969581604
23,1,GSM331706,0,0.5682292580604553
23,1,GSM331707,0,0.49857866764068604
23,1,GSM331708,0,0.7063471078872681
23,1,GSM331714,0,0.6277869343757629
23,1,GSM331715,0,0.24063269793987274
23,1,GSM331717,0,0.5059046149253845
23,1,GSM331719,0,0.1432630568742752
23,1,GSM331720,0,0.37140828371047974
23,1,GSM331721,0,0.6973512172698975
23,1,GSM331722,0,0.35453516244888306
23,1,GSM331723,0,0.5915982127189636
23,1,GSM331725,0,0.4351891279220581
23,1,GSM331730,0,0.44202303886413574
23,1,GSM331731,0,0.6839376091957092
23,1,GSM331378,1,0.705630898475647
23,1,GSM331381,1,0.5555070042610168
23,1,GSM331382,1,0.43906036019325256
23,1,GSM331384,1,0.3501788377761841
23,1,GSM331387,1,0.5220064520835876
23,1,GSM331388,1,0.6137189865112305
23,1,GSM331389,1,0.3196795880794525
23,1,GSM331390,1,0.4088687002658844
23,1,GSM331391,1,0.5243231058120728
23,1,GSM331393,1,0.48950180411338806
23,1,GSM331395,1,0.3644998371601105
23,1,GSM331396,1,0.45602524280548096
23,1,GSM331399,1,0.5544905662536621
23,1,GSM331400,1,0.2934499979019165
23,1,GSM331401,1,0.4338252544403076
23,1,GSM331402,1,0.45247629284858704
23,1,GSM331403,1,0.6049160361289978
23,1,GSM331405,1,0.2672787010669708
23,1,GSM331408,1,0.5381514430046082
23,1,GSM331412,1,0.6483914256095886
23,1,GSM331413,1,0.3414008617401123
23,1,GSM331416,1,0.2978188395500183
23,1,GSM331421,1,0.5913694500923157
23,1,GSM331424,1,0.4236457645893097
23,1,GSM331425,1,0.46150603890419006
23,1,GSM331426,1,0.6335029602050781
23,1,GSM331434,1,0.4602939188480377
23,1,GSM331436,1,0.2649363875389099
23,1,GSM331440,1,0.5332034230232239
23,1,GSM331444,1,0.5821933746337891
23,1,GSM331445,1,0.33339715003967285
23,1,GSM331446,1,0.2083304226398468
23,1,GSM331448,1,0.7544991970062256
23,2,GSM331662,0,0.6236456632614136
23,2,GSM331663,0,0.3180510699748993
23,2,GSM331666,0,0.3489861488342285
23,2,GSM331668,0,0.43282169103622437
23,2,GSM331670,0,0.15857058763504028
23,2,GSM331671,0,0.567245364189148
23,2,GSM331673,0,0.4945201873779297
23,2,GSM331675,0,0.2528727054595947
23,2,GSM331678,0,0.22982069849967957
23,2,GSM331679,0,0.48427340388298035
23,2,GSM331680,0,0.6923245787620544
23,2,GSM331682,0,0.35805240273475647
23,2,GSM331684,0,0.21357175707817078
23,2,GSM331685,0,0.5201106071472168
23,2,GSM331688,0,0.3171636760234833
23,2,GSM331690,0,0.7427638173103333
23,2,GSM331694,0,0.46678489446640015
23,2,GSM331695,0,0.4266456365585327
23,2,GSM331699,0,0.6515661478042603
23,2,GSM331700,0,0.36108753085136414
23,2,GSM331701,0,0.25795677304267883
23,2,GSM331704,0,0.5445596575737
23,2,GSM331705,0,0.3205893933773041
23,2,GSM331709,0,0.14017638564109802
23,2,GSM331710,0,0.2504439651966095
23,2,GSM331711,0,0.6018785834312439
23,2,GSM331712,0,0.13832058012485504
23,2,GSM331713,0,0.3749443590641022
23,2,GSM331716,0,0.6385014653205872
23,2,GSM331718,0,0.5958628058433533
23,2,GSM331724,0,0.36997926235198975
23,2,GSM331726,0,0.3193514347076416
23,2,GSM331727,0,0.23774759471416473
23,2,GSM331728,0,0.22808314859867096
23,2,GSM331729,0,0.17752878367900848
23,2,GSM331732,0,0.42845678329467773
23,2,GSM331377,1,0.6130526661872864
23,2,GSM331379,1,0.6724405884742737
23,2,GSM331380,1,0.5076161026954651
23,2,GSM331383,1,0.775797963142395
23,2,GSM331385,1,0.316027969121933
23,2,GSM331386,1,0.3367546498775482
23,2,GSM331397,1,0.4138001501560211
23,2,GSM331404,1,0.7113391160964966
23,2,GSM331406,1,0.5377159714698792
23,2,GSM331407,1,0.5248859524726868
23,2,GSM331409,1,0.5543031096458435
23,2,GSM331410,1,0.5246645212173462
23,2,GSM331411,1,0.7415054440498352
23,2,GSM331414,1,0.7058809399604797
23,2,GSM331417,1,0.8157250285148621
23,2,GSM331418,1,0.5833877921104431
23,2,GSM331419,1,0.6275805830955505
23,2,GSM331420,1,0.7090021967887878
23,2,GSM331422,1,0.6128385663032532
23,2,GSM331427,1,0.500895082950592
23,2,GSM331428,1,0.3884432017803192
23,2,GSM331429,1,0.40601375699043274
23,2,GSM331430,1,0.6424590349197388
23,2,GSM331431,1,0.7220993638038635
23,2,GSM331432,1,0.18019431829452515
23,2,GSM331438,1,0.7403828501701355
23,2,GSM331439,1,0.6494387984275818
23,2,GSM331441,1,0.7665020227432251
23,2,GSM331442,1,0.5524072647094727
23,2,GSM331443,1,0.36606889963150024
23,2,GSM331447,1,0.4043182134628296
23,2,GSM331450,1,0.4846556484699249
23,2,GSM331452,1,0.6582619547843933
24,1,GSM331661,0,0.5304079651832581
24,1,GSM331663,0,0.21987837553024292
24,1,GSM331664,0,0.20958435535430908
24,1,GSM331666,0,0.3430444300174713
24,1,GSM331670,0,0.44390228390693665
24,1,GSM331671,0,0.37343019247055054
24,1,GSM331672,0,0.36984068155288696
24,1,GSM331675,0,0.1333184689283371
24,1,GSM331680,0,0.6184865236282349
24,1,GSM331685,0,0.2622459828853607
24,1,GSM331686,0,0.45815789699554443
24,1,GSM331687,0,0.15907615423202515
24,1,GSM331688,0,0.33912625908851624
24,1,GSM331690,0,0.7440319061279297
24,1,GSM331691,0,0.5973402261734009
24,1,GSM331692,0,0.1537117213010788
24,1,GSM331693,0,0.2719793915748596
24,1,GSM331695,0,0.30065035820007324
24,1,GSM331696,0,0.4658423066139221
24,1,GSM331698,0,0.2903430759906769
24,1,GSM331699,0,0.29244640469551086
24,1,GSM331700,0,0.47580254077911377
24,1,GSM331702,0,0.5276855230331421
24,1,GSM331703,0,0.4205414354801178
24,1,GSM331704,0,0.616157591342926
24,1,GSM331705,0,0.258083701133728
24,1,GSM331707,0,0.29311296343803406
24,1,GSM331708,0,0.6389932036399841
24,1,GSM331711,0,0.4866730868816376
24,1,GSM331713,0,0.2860073447227478
24,1,GSM331714,0,0.5172569155693054
24,1,GSM331716,0,0.9197533130645752
24,1,GSM331717,0,0.5705693364143372
24,1,GSM331722,0,0.3932848274707794
24,1,GSM331724,0,0.30834823846817017
24,1,GSM331726,0,0.21081307530403137
24,1,GSM331728,0,0.1314849853515625
24,1,GSM331379,1,0.7204520106315613
24,1,GSM331380,1,0.6921814680099487
24,1,GSM331381,1,0.6399640440940857
24,1,GSM331382,1,0.5838127732276917
24,1,GSM331389,1,0.24098680913448334
24,1,GSM331395,1,0.3185287415981293
24,1,GSM331396,1,0.5410894155502319
24,1,GSM331397,1,0.3271006643772125
24,1,GSM331401,1,0.6776329278945923
24,1,GSM331402,1,0.5275826454162598
24,1,GSM331404,1,0.7414015531539917
24,1,GSM331406,1,0.56866854429245
24,1,GSM331408,1,0.8163750767707825
24,1,GSM331409,1,0.6737256050109863
24,1,GSM331410,1,0.5854708552360535
24,1,GSM331412,1,0.7349052429199219
24,1,GSM331413,1,0.4043181538581848
24,1,GSM331414,1,0.6846514344215393
24,1,GSM331416,1,0.6187282204627991
24,1,GSM331417,1,0.7472813129425049
24,1,GSM331419,1,0.6980918645858765
24,1,GSM331422,1,0.7048887610435486
24,1,GSM331424,1,0.32194724678993225
24,1,GSM331427,1,0.5813258290290833
24,1,GSM331434,1,0.7265532612800598
24,1,GSM331438,1,0.8589404821395874
24,1,GSM331439,1,0.5756160616874695
24,1,GSM331440,1,0.5677491426467896
24,1,GSM331442,1,0.3683094084262848
24,1,GSM331443,1,0.3090927004814148
24,1,GSM331444,1,0.6426260471343994
24,1,GSM331445,1,0.6876855492591858
24,1,GSM331450,1,0.43394947052001953
24,2,GSM331638,0,0.3304601311683655
24,2,GSM331660,0,0.2304484099149704
24,2,GSM331662,0,0.46728256344795227
24,2,GSM331665,0,0.5884692072868347
24,2,GSM331668,0,0.5473543405532837
24,2,GSM331669,0,0.8322840929031372
24,2,GSM331673,0,0.37675192952156067
24,2,GSM331674,0,0.40034621953964233
24,2,GSM331676,0,0.5622046589851379
24,2,GSM331677,0,0.2971743047237396
24,2,GSM331678,0,0.23669733107089996
24,2,GSM331679,0,0.28181490302085876
24,2,GSM331681,0,0.513228714466095
24,2,GSM331682,0,0.36039999127388
24,2,GSM331683,0,0.6051101684570312
24,2,GSM331684,0,0.20273326337337494
24,2,GSM331689,0,0.3710062801837921
24,2,GSM331694,0,0.20079265534877777
24,2,GSM331697,0,0.38011351227760315
24,2,GSM331701,0,0.3411591947078705
24,2,GSM331706,0,0.9159473776817322
24,2,GSM331709,0,0.1813325583934784
24,2,GSM331710,0,0.1465081125497818
24,2,GSM331712,0,0.33784687519073486
24,2,GSM331715,0,0.36998361349105835
24,2,GSM331718,0,0.6569891571998596
24,2,GSM331719,0,0.1850605309009552
24,2,GSM331720,0,0.4993203580379486
24,2,GSM331721,0,0.7508411407470703
24,2,GSM331723,0,0.5614334940910339
24,2,GSM331725,0,0.4979898929595947
24,2,GSM331727,0,0.24581275880336761
24,2,GSM331729,0,0.16180537641048431
24,2,GSM331730,0,0.514918327331543
24,2,GSM331731,0,0.7296010255813599
24,2,GSM331732,0,0.5810271501541138
24,2,GSM331377,1,0.8431193232536316
24,2,GSM331378,1,0.8728027939796448
24,2,GSM331383,1,0.8699548840522766
24,2,GSM331384,1,0.6091797351837158
24,2,GSM331385,1,0.3477793037891388
24,2,GSM331386,1,0.48253342509269714
24,2,GSM331387,1,0.5074279308319092
24,2,GSM331388,1,0.8849349021911621
24,2,GSM331390,1,0.5724454522132874
24,2,GSM331391,1,0.46448662877082825
24,2,GSM331393,1,0.5973483324050903
24,2,GSM331399,1,0.7346380949020386
24,2,GSM331400,1,0.44611087441444397
24,2,GSM331403,1,0.8537707924842834
24,2,GSM331405,1,0.30538466572761536
24,2,GSM331407,1,0.6334617733955383
24,2,GSM331411,1,0.7732189893722534
24,2,GSM331418,1,0.7014591693878174
24,2,GSM331420,1,0.7533354759216309
24,2,GSM331421,1,0.5780115127563477
24,2,GSM331425,1,0.45299097895622253
24,2,GSM331426,1,0.7184525728225708
24,2,GSM331428,1,0.41044750809669495
24,2,GSM331429,1,0.6507033109664917
24,2,GSM331430,1,0.5076795816421509
24,2,GSM331431,1,0.640673041343689
24,2,GSM331432,1,0.3243032395839691
24,2,GSM331436,1,0.18529555201530457
24,2,GSM331441,1,0.6337871551513672
24,2,GSM331446,1,0.4391493499279022
24,2,GSM331447,1,0.7258539199829102
24,2,GSM331448,1,0.6404016017913818
24,2,GSM331452,1,0.7242659330368042
25,1,GSM331638,0,0.3794481158256531
25,1,GSM331661,0,0.6839837431907654
25,1,GSM331663,0,0.4328709542751312
25,1,GSM331664,0,0.4988529682159424
25,1,GSM331665,0,0.857797384262085
25,1,GSM331668,0,0.7433913946151733
25,1,GSM331671,0,0.8032693862915039
25,1,GSM331674,0,0.8088585734367371
25,1,GSM331678,0,0.331112802028656
25,1,GSM331680,0,0.5993465781211853
25,1,GSM331682,0,0.5931543111801147
25,1,GSM331683,0,0.6723324060440063
25,1,GSM331684,0,0.2420600950717926
25,1,GSM331685,0,0.35520872473716736
25,1,GSM331687,0,0.6646150946617126
25,1,GSM331690,0,0.735461413860321
25,1,GSM331692,0,0.44130101799964905
25,1,GSM331697,0,0.6237053275108337
25,1,GSM331698,0,0.29499921202659607
25,1,GSM331700,0,0.6799007058143616
25,1,GSM331702,0,0.5567616820335388
25,1,GSM331703,0,0.7226946949958801
25,1,GSM331704,0,0.6291083693504333
25,1,GSM331705,0,0.3839820921421051
25,1,GSM331708,0,0.7322086095809937
25,1,GSM331709,0,0.3414534330368042
25,1,GSM331713,0,0.43561482429504395
25,1,GSM331714,0,0.7593240737915039
25,1,GSM331718,0,0.7559605836868286
25,1,GSM331720,0,0.4782518744468689
25,1,GSM331723,0,0.7943611145019531
25,1,GSM331724,0,0.43911615014076233
25,1,GSM331726,0,0.3870517313480377
25,1,GSM331727,0,0.4263971149921417
25,1,GSM331728,0,0.21702517569065094
25,1,GSM331730,0,0.3581804633140564
25,1,GSM331732,0,0.7170487642288208
25,1,GSM331377,1,0.7627052068710327
25,1,GSM331380,1,0.7174881100654602
25,1,GSM331383,1,0.8823849558830261
25,1,GSM331384,1,0.6154146790504456
25,1,GSM331387,1,0.6565748453140259
25,1,GSM331388,1,0.9089471697807312
25,1,GSM331389,1,0.5953726172447205
25,1,GSM331391,1,0.7822670936584473
25,1,GSM331393,1,0.7679141163825989
25,1,GSM331396,1,0.7719463109970093
25,1,GSM331399,1,0.8014355301856995
25,1,GSM331400,1,0.4360939860343933
25,1,GSM331402,1,0.6301985383033752
25,1,GSM331403,1,0.8394432067871094
25,1,GSM331408,1,0.7424807548522949
25,1,GSM331409,1,0.63216233253479
25,1,GSM331410,1,0.40263640880584717
25,1,GSM331411,1,0.9131958484649658
25,1,GSM331413,1,0.263428658246994
25,1,GSM331414,1,0.8431097269058228
25,1,GSM331416,1,0.439069539308548
25,1,GSM331418,1,0.7219456434249878
25,1,GSM331420,1,0.7573802471160889
25,1,GSM331422,1,0.7347949743270874
25,1,GSM331424,1,0.41609832644462585
25,1,GSM331425,1,0.5026195645332336
25,1,GSM331431,1,0.7299752235412598
25,1,GSM331432,1,0.24113571643829346
25,1,GSM331438,1,0.783384382724762
25,1,GSM331442,1,0.7184819579124451
25,1,GSM331445,1,0.5011118650436401
25,1,GSM331446,1,0.4685567021369934
25,1,GSM331447,1,0.8310322165489197
25,2,GSM331660,0,0.41491323709487915
25,2,GSM331662,0,0.6934477090835571
25,2,GSM331666,0,0.3011523187160492
25,2,GSM331669,0,0.9502108693122864
25,2,GSM331670,0,0.35745319724082947
25,2,GSM331672,0,0.679469883441925
25,2,GSM331673,0,0.45055148005485535
25,2,GSM331675,0,0.1652795970439911
25,2,GSM331676,0,0.8134797811508179
25,2,GSM331677,0,0.489962100982666
25,2,GSM331679,0,0.38990992307662964
25,2,GSM331681,0,0.4932401180267334
25,2,GSM331686,0,0.5804017782211304
25,2,GSM331688,0,0.6535294651985168
25,2,GSM331689,0,0.3107416331768036
25,2,GSM331691,0,0.3561892807483673
25,2,GSM331693,0,0.48699095845222473
25,2,GSM331694,0,0.3466064929962158
25,2,GSM331695,0,0.5311241149902344
25,2,GSM331696,0,0.44643518328666687
25,2,GSM331699,0,0.7430064678192139
25,2,GSM331701,0,0.21497076749801636
25,2,GSM331706,0,0.8487342000007629
25,2,GSM331707,0,0.6905840039253235
25,2,GSM331710,0,0.09494025260210037
25,2,GSM331711,0,0.7221433520317078
25,2,GSM331712,0,0.29309210181236267
25,2,GSM331715,0,0.3650006651878357
25,2,GSM331716,0,0.9205384850502014
25,2,GSM331717,0,0.6289294958114624
25,2,GSM331719,0,0.13296346366405487
25,2,GSM331721,0,0.8629342317581177
25,2,GSM331722,0,0.3856879770755768
25,2,GSM331725,0,0.6928868293762207
25,2,GSM331729,0,0.15546588599681854
25,2,GSM331731,0,0.8268505930900574
25,2,GSM331378,1,0.7696794271469116
25,2,GSM331379,1,0.659252941608429
25,2,GSM331381,1,0.7884902358055115
25,2,GSM331382,1,0.582522451877594
25,2,GSM331385,1,0.5844600796699524
25,2,GSM331386,1,0.49939408898353577
25,2,GSM331390,1,0.5395640134811401
25,2,GSM331395,1,0.4659900367259979
25,2,GSM331397,1,0.39726078510284424
25,2,GSM331401,1,0.46812450885772705
25,2,GSM331404,1,0.5133557319641113
25,2,GSM331405,1,0.23548895120620728
25,2,GSM331406,1,0.5275484323501587
25,2,GSM331407,1,0.31596431136131287
25,2,GSM331412,1,0.8245307803153992
25,2,GSM331417,1,0.7938598990440369
25,2,GSM331419,1,0.5798435211181641
25,2,GSM331421,1,0.41500577330589294
25,2,GSM331426,1,0.702201783657074
25,2,GSM331427,1,0.7631874680519104
25,2,GSM331428,1,0.332548052072525
25,2,GSM331429,1,0.7643468379974365
25,2,GSM331430,1,0.7498140931129456
25,2,GSM331434,1,0.5579971671104431
25,2,GSM331436,1,0.1132068932056427
25,2,GSM331439,1,0.7116031050682068
25,2,GSM331440,1,0.5298623442649841
25,2,GSM331441,1,0.6860188841819763
25,2,GSM331443,1,0.20189808309078217
25,2,GSM331444,1,0.6744288206100464
25,2,GSM331448,1,0.7987468838691711
25,2,GSM331450,1,0.7684715986251831
25,2,GSM331452,1,0.6349764466285706
26,1,GSM331638,0,0.29031258821487427
26,1,GSM331661,0,0.6352010369300842
26,1,GSM331663,0,0.2837023437023163
26,1,GSM331666,0,0.28987911343574524
26,1,GSM331668,0,0.24373169243335724
26,1,GSM331672,0,0.44656917452812195
26,1,GSM331673,0,0.4134658873081207
26,1,GSM331676,0,0.39170658588409424
26,1,GSM331677,0,0.4175415635108948
26,1,GSM331680,0,0.7916711568832397
26,1,GSM331683,0,0.8088243007659912
26,1,GSM331684,0,0.3753068447113037
26,1,GSM331685,0,0.4644753634929657
26,1,GSM331686,0,0.6138404011726379
26,1,GSM331687,0,0.22451551258563995
26,1,GSM331690,0,0.6757495403289795
26,1,GSM331691,0,0.45847856998443604
26,1,GSM331692,0,0.1792415976524353
26,1,GSM331694,0,0.38771551847457886
26,1,GSM331696,0,0.4586859345436096
26,1,GSM331697,0,0.4492805004119873
26,1,GSM331698,0,0.3372369706630707
26,1,GSM331704,0,0.5362240672111511
26,1,GSM331706,0,0.4032248854637146
26,1,GSM331707,0,0.5199822187423706
26,1,GSM331709,0,0.2452273666858673
26,1,GSM331711,0,0.5407514572143555
26,1,GSM331712,0,0.42944347858428955
26,1,GSM331713,0,0.46598556637763977
26,1,GSM331714,0,0.6488903164863586
26,1,GSM331715,0,0.23448753356933594
26,1,GSM331717,0,0.545093834400177
26,1,GSM331718,0,0.6184329986572266
26,1,GSM331721,0,0.32974380254745483
26,1,GSM331724,0,0.41326072812080383
26,1,GSM331726,0,0.2345142364501953
26,1,GSM331728,0,0.15942706167697906
26,1,GSM331377,1,0.8480912446975708
26,1,GSM331379,1,0.8219404220581055
26,1,GSM331381,1,0.6570960879325867
26,1,GSM331382,1,0.6914352774620056
26,1,GSM331383,1,0.8277454972267151
26,1,GSM331384,1,0.6971535086631775
26,1,GSM331385,1,0.3000228703022003
26,1,GSM331388,1,0.8572178483009338
26,1,GSM331389,1,0.3740687966346741
26,1,GSM331396,1,0.6284428834915161
26,1,GSM331404,1,0.7326396703720093
26,1,GSM331405,1,0.3017430007457733
26,1,GSM331407,1,0.3845624625682831
26,1,GSM331408,1,0.7385143041610718
26,1,GSM331414,1,0.8132268786430359
26,1,GSM331416,1,0.5671131610870361
26,1,GSM331417,1,0.8141244649887085
26,1,GSM331418,1,0.6455429196357727
26,1,GSM331419,1,0.7393680214881897
26,1,GSM331422,1,0.7990427613258362
26,1,GSM331424,1,0.40174630284309387
26,1,GSM331428,1,0.5372964143753052
26,1,GSM331429,1,0.4201752543449402
26,1,GSM331430,1,0.4902750551700592
26,1,GSM331436,1,0.20609848201274872
26,1,GSM331438,1,0.8914517164230347
26,1,GSM331439,1,0.6237907409667969
26,1,GSM331440,1,0.6536267399787903
26,1,GSM331441,1,0.6373252868652344
26,1,GSM331442,1,0.5975885391235352
26,1,GSM331444,1,0.759722888469696
26,1,GSM331446,1,0.4848589599132538
26,1,GSM331448,1,0.7443167567253113
26,2,GSM331660,0,0.20646820962429047
26,2,GSM331662,0,0.6395828127861023
26,2,GSM331664,0,0.31866443157196045
26,2,GSM331665,0,0.6121312379837036
26,2,GSM331669,0,0.6639536023139954
26,2,GSM331670,0,0.5582790970802307
26,2,GSM331671,0,0.5660019516944885
26,2,GSM331674,0,0.3820735216140747
26,2,GSM331675,0,0.212168887257576
26,2,GSM331678,0,0.17559732496738434
26,2,GSM331679,0,0.18727806210517883
26,2,GSM331681,0,0.553674578666687
26,2,GSM331682,0,0.45389020442962646
26,2,GSM331688,0,0.3696536123752594
26,2,GSM331689,0,0.2192274034023285
26,2,GSM331693,0,0.413816899061203
26,2,GSM331695,0,0.32573622465133667
26,2,GSM331699,0,0.48705947399139404
26,2,GSM331700,0,0.5902419686317444
26,2,GSM331701,0,0.22341981530189514
26,2,GSM331702,0,0.4974188506603241
26,2,GSM331703,0,0.26372256875038147
26,2,GSM331705,0,0.33381980657577515
26,2,GSM331708,0,0.7697765231132507
26,2,GSM331710,0,0.2065148800611496
26,2,GSM331716,0,0.5807428956031799
26,2,GSM331719,0,0.22034087777137756
26,2,GSM331720,0,0.7820339202880859
26,2,GSM331722,0,0.6550052762031555
26,2,GSM331723,0,0.6072702407836914
26,2,GSM331725,0,0.5801106691360474
26,2,GSM331727,0,0.433216392993927
26,2,GSM331729,0,0.12193165719509125
26,2,GSM331730,0,0.313394695520401
26,2,GSM331731,0,0.761646032333374
26,2,GSM331732,0,0.6368677616119385
26,2,GSM331378,1,0.8119140267372131
26,2,GSM331380,1,0.8142123818397522
26,2,GSM331386,1,0.5373629331588745
26,2,GSM331387,1,0.5408933758735657
26,2,GSM331390,1,0.5233141779899597
26,2,GSM331391,1,0.6657990217208862
26,2,GSM331393,1,0.6561182141304016
26,2,GSM331395,1,0.4747058153152466
26,2,GSM331397,1,0.373162180185318
26,2,GSM331399,1,0.8630243539810181
26,2,GSM331400,1,0.4864939749240875
26,2,GSM331401,1,0.452373206615448
26,2,GSM331402,1,0.6062678694725037
26,2,GSM331403,1,0.7084829211235046
26,2,GSM331406,1,0.7624595761299133
26,2,GSM331409,1,0.6777151226997375
26,2,GSM331410,1,0.4745716452598572
26,2,GSM331411,1,0.8578801155090332
26,2,GSM331412,1,0.8006517291069031
26,2,GSM331413,1,0.34717118740081787
26,2,GSM331420,1,0.7052208185195923
26,2,GSM331421,1,0.8349904417991638
26,2,GSM331425,1,0.4143553078174591
26,2,GSM331426,1,0.6024097204208374
26,2,GSM331427,1,0.7215345501899719
26,2,GSM331431,1,0.6447530388832092
26,2,GSM331432,1,0.23405760526657104
26,2,GSM331434,1,0.8163230419158936
26,2,GSM331443,1,0.336125910282135
26,2,GSM331445,1,0.6943232417106628
26,2,GSM331447,1,0.7213094830513
26,2,GSM331450,1,0.5220534801483154
26,2,GSM331452,1,0.7957956790924072
27,1,GSM331662,0,0.6083495616912842
27,1,GSM331663,0,0.3269849121570587
27,1,GSM331666,0,0.37650418281555176
27,1,GSM331669,0,0.8240066766738892
27,1,GSM331671,0,0.5744691491127014
27,1,GSM331674,0,0.5894293785095215
27,1,GSM331676,0,0.5052425265312195
27,1,GSM331677,0,0.17882680892944336
27,1,GSM331678,0,0.16054239869117737
27,1,GSM331680,0,0.5711380839347839
27,1,GSM331681,0,0.5796855092048645
27,1,GSM331683,0,0.4842757284641266
27,1,GSM331684,0,0.13481350243091583
27,1,GSM331685,0,0.36984556913375854
27,1,GSM331686,0,0.40212157368659973
27,1,GSM331688,0,0.3945285379886627
27,1,GSM331690,0,0.7228024005889893
27,1,GSM331691,0,0.5931004285812378
27,1,GSM331693,0,0.23255237936973572
27,1,GSM331694,0,0.37263932824134827
27,1,GSM331695,0,0.33577874302864075
27,1,GSM331696,0,0.47221699357032776
27,1,GSM331697,0,0.12735585868358612
27,1,GSM331698,0,0.2951536774635315
27,1,GSM331701,0,0.36045750975608826
27,1,GSM331703,0,0.3610999882221222
27,1,GSM331712,0,0.20256416499614716
27,1,GSM331714,0,0.6342445015907288
27,1,GSM331717,0,0.49455323815345764
27,1,GSM331718,0,0.6605615019798279
27,1,GSM331720,0,0.6081000566482544
27,1,GSM331721,0,0.707621693611145
27,1,GSM331725,0,0.5588950514793396
27,1,GSM331726,0,0.1266622245311737
27,1,GSM331727,0,0.28307268023490906
27,1,GSM331729,0,0.0896986648440361
27,1,GSM331732,0,0.5043013691902161
27,1,GSM331378,1,0.8146974444389343
27,1,GSM331380,1,0.693041980266571
27,1,GSM331381,1,0.7409238815307617
27,1,GSM331382,1,0.6789329051971436
27,1,GSM331384,1,0.5610647797584534
27,1,GSM331385,1,0.5219287872314453
27,1,GSM331386,1,0.439908504486084
27,1,GSM331387,1,0.5807490944862366
27,1,GSM331388,1,0.7212031483650208
27,1,GSM331391,1,0.6277444362640381
27,1,GSM331393,1,0.44554781913757324
27,1,GSM331396,1,0.7403069138526917
27,1,GSM331407,1,0.5237661600112915
27,1,GSM331408,1,0.7636424899101257
27,1,GSM331410,1,0.5128132104873657
27,1,GSM331412,1,0.8210034966468811
27,1,GSM331413,1,0.24033482372760773
27,1,GSM331417,1,0.7878420352935791
27,1,GSM331419,1,0.6798602938652039
27,1,GSM331420,1,0.8150821924209595
27,1,GSM331421,1,0.464603990316391
27,1,GSM331424,1,0.44689908623695374
27,1,GSM331428,1,0.3723789155483246
27,1,GSM331429,1,0.7801097631454468
27,1,GSM331430,1,0.5342912673950195
27,1,GSM331431,1,0.6176334023475647
27,1,GSM331434,1,0.6960757374763489
27,1,GSM331440,1,0.6063424944877625
27,1,GSM331441,1,0.6276168823242188
27,1,GSM331445,1,0.6821148991584778
27,1,GSM331448,1,0.6369275450706482
27,1,GSM331450,1,0.6220741868019104
27,1,GSM331452,1,0.7776880860328674
27,2,GSM331638,0,0.3303733766078949
27,2,GSM331660,0,0.1162647232413292
27,2,GSM331661,0,0.4492521286010742
27,2,GSM331664,0,0.26230236887931824
27,2,GSM331665,0,0.5414652824401855
27,2,GSM331668,0,0.5527390837669373
27,2,GSM331670,0,0.3247841000556946
27,2,GSM331672,0,0.21700936555862427
27,2,GSM331673,0,0.30665016174316406
27,2,GSM331675,0,0.12813428044319153
27,2,GSM331679,0,0.30573493242263794
27,2,GSM331682,0,0.2760296165943146
27,2,GSM331687,0,0.15416282415390015
27,2,GSM331689,0,0.38243427872657776
27,2,GSM331692,0,0.15783023834228516
27,2,GSM331699,0,0.40303677320480347
27,2,GSM331700,0,0.3886696696281433
27,2,GSM331702,0,0.3731323480606079
27,2,GSM331704,0,0.36359912157058716
27,2,GSM331705,0,0.15945029258728027
27,2,GSM331706,0,0.6914861798286438
27,2,GSM331707,0,0.27854490280151367
27,2,GSM331708,0,0.5725536346435547
27,2,GSM331709,0,0.10281077772378922
27,2,GSM331710,0,0.1131630688905716
27,2,GSM331711,0,0.5493045449256897
27,2,GSM331713,0,0.3507381081581116
27,2,GSM331715,0,0.31800687313079834
27,2,GSM331716,0,0.7351565361022949
27,2,GSM331719,0,0.12401889264583588
27,2,GSM331722,0,0.4003628194332123
27,2,GSM331723,0,0.6790689826011658
27,2,GSM331724,0,0.13629700243473053
27,2,GSM331728,0,0.13609161972999573
27,2,GSM331730,0,0.2607644498348236
27,2,GSM331731,0,0.7441790699958801
27,2,GSM331377,1,0.7438658475875854
27,2,GSM331379,1,0.5578988790512085
27,2,GSM331383,1,0.7256202697753906
27,2,GSM331389,1,0.5159237384796143
27,2,GSM331390,1,0.36006057262420654
27,2,GSM331395,1,0.4144729673862457
27,2,GSM331397,1,0.2634313106536865
27,2,GSM331399,1,0.6233425140380859
27,2,GSM331400,1,0.36410102248191833
27,2,GSM331401,1,0.5560706257820129
27,2,GSM331402,1,0.6574335694313049
27,2,GSM331403,1,0.8391581773757935
27,2,GSM331404,1,0.6532472372055054
27,2,GSM331405,1,0.2615053057670593
27,2,GSM331406,1,0.45278075337409973
27,2,GSM331409,1,0.5465640425682068
27,2,GSM331411,1,0.6922040581703186
27,2,GSM331414,1,0.7465262413024902
27,2,GSM331416,1,0.4991318881511688
27,2,GSM331418,1,0.5869050621986389
27,2,GSM331422,1,0.6212197542190552
27,2,GSM331425,1,0.6554003357887268
27,2,GSM331426,1,0.561643660068512
27,2,GSM331427,1,0.5687239170074463
27,2,GSM331432,1,0.2042085975408554
27,2,GSM331436,1,0.1550195962190628
27,2,GSM331438,1,0.8095738887786865
27,2,GSM331439,1,0.6417989134788513
27,2,GSM331442,1,0.3789308965206146
27,2,GSM331443,1,0.27166709303855896
27,2,GSM331444,1,0.5717154145240784
27,2,GSM331446,1,0.34184786677360535
27,2,GSM331447,1,0.4300377666950226
28,1,GSM331661,0,0.7306016087532043
28,1,GSM331662,0,0.4630867540836334
28,1,GSM331663,0,0.46322518587112427
28,1,GSM331664,0,0.17889393866062164
28,1,GSM331672,0,0.5476388335227966
28,1,GSM331673,0,0.36602306365966797
28,1,GSM331675,0,0.08114194869995117
28,1,GSM331678,0,0.05217687413096428
28,1,GSM331679,0,0.47085416316986084
28,1,GSM331680,0,0.4994697868824005
28,1,GSM331686,0,0.733747661113739
28,1,GSM331689,0,0.29710543155670166
28,1,GSM331691,0,0.4017575681209564
28,1,GSM331692,0,0.18811294436454773
28,1,GSM331693,0,0.4325304627418518
28,1,GSM331695,0,0.3268935978412628
28,1,GSM331696,0,0.6266123056411743
28,1,GSM331697,0,0.5196194052696228
28,1,GSM331698,0,0.39443156123161316
28,1,GSM331699,0,0.7098735570907593
28,1,GSM331701,0,0.2922724485397339
28,1,GSM331702,0,0.6892854571342468
28,1,GSM331703,0,0.3877413868904114
28,1,GSM331704,0,0.8059110641479492
28,1,GSM331705,0,0.43528491258621216
28,1,GSM331709,0,0.3632543683052063
28,1,GSM331711,0,0.7240179181098938
28,1,GSM331712,0,0.47715651988983154
28,1,GSM331713,0,0.49675872921943665
28,1,GSM331715,0,0.4624236822128296
28,1,GSM331716,0,0.993831992149353
28,1,GSM331717,0,0.7590608596801758
28,1,GSM331719,0,0.13563857972621918
28,1,GSM331721,0,0.9506669044494629
28,1,GSM331723,0,0.884627640247345
28,1,GSM331725,0,0.6627763509750366
28,1,GSM331726,0,0.1777615249156952
28,1,GSM331378,1,0.8852006793022156
28,1,GSM331383,1,0.9487643241882324
28,1,GSM331385,1,0.5685155987739563
28,1,GSM331387,1,0.3646669089794159
28,1,GSM331390,1,0.6227614879608154
28,1,GSM331391,1,0.5533339381217957
28,1,GSM331395,1,0.5492461323738098
28,1,GSM331396,1,0.5939233303070068
28,1,GSM331397,1,0.2778478264808655
28,1,GSM331399,1,0.6385387778282166
28,1,GSM331400,1,0.40279480814933777
28,1,GSM331401,1,0.8034159541130066
28,1,GSM331406,1,0.7563645839691162
28,1,GSM331408,1,0.7810741066932678
28,1,GSM331409,1,0.4710116386413574
28,1,GSM331412,1,0.8774620294570923
28,1,GSM331414,1,0.8624127507209778
28,1,GSM331417,1,0.7869983911514282
28,1,GSM331419,1,0.629641592502594
28,1,GSM331420,1,0.8180155754089355
28,1,GSM331421,1,0.39361995458602905
28,1,GSM331422,1,0.7935348153114319
28,1,GSM331424,1,0.16861492395401
28,1,GSM331426,1,0.7836248278617859
28,1,GSM331427,1,0.719981849193573
28,1,GSM331428,1,0.2594487965106964
28,1,GSM331430,1,0.6737064123153687
28,1,GSM331431,1,0.6979126334190369
28,1,GSM331432,1,0.47383370995521545
28,1,GSM331434,1,0.7061676979064941
28,1,GSM331442,1,0.5509634017944336
28,1,GSM331443,1,0.1377614438533783
28,1,GSM331452,1,0.8366339206695557
28,2,GSM331638,0,0.20838184654712677
28,2,GSM331660,0,0.060553308576345444
28,2,GSM331665,0,0.7174184322357178
28,2,GSM331666,0,0.182131826877594
28,2,GSM331668,0,0.63632732629776
28,2,GSM331669,0,0.9745139479637146
28,2,GSM331670,0,0.6016525030136108
28,2,GSM331671,0,0.5497798323631287
28,2,GSM331674,0,0.6203870177268982
28,2,GSM331676,0,0.7445909380912781
28,2,GSM331677,0,0.13754989206790924
28,2,GSM331681,0,0.6310463547706604
28,2,GSM331682,0,0.3705257773399353
28,2,GSM331683,0,0.4638371467590332
28,2,GSM331684,0,0.057592377066612244
28,2,GSM331685,0,0.0618329793214798
28,2,GSM331687,0,0.11165452748537064
28,2,GSM331688,0,0.5321325063705444
28,2,GSM331690,0,0.9123592972755432
28,2,GSM331694,0,0.14601755142211914
28,2,GSM331700,0,0.35441693663597107
28,2,GSM331706,0,0.9890034794807434
28,2,GSM331707,0,0.31227564811706543
28,2,GSM331708,0,0.7500379681587219
28,2,GSM331710,0,0.04703408479690552
28,2,GSM331714,0,0.6786730289459229
28,2,GSM331718,0,0.46230319142341614
28,2,GSM331720,0,0.2505500912666321
28,2,GSM331722,0,0.23589560389518738
28,2,GSM331724,0,0.134005606174469
28,2,GSM331727,0,0.248088076710701
28,2,GSM331728,0,0.05892017483711243
28,2,GSM331729,0,0.03795531764626503
28,2,GSM331730,0,0.2658638060092926
28,2,GSM331731,0,0.8084776401519775
28,2,GSM331732,0,0.7365230917930603
28,2,GSM331377,1,0.8513978123664856
28,2,GSM331379,1,0.42522886395454407
28,2,GSM331380,1,0.8485469818115234
28,2,GSM331381,1,0.6818702816963196
28,2,GSM331382,1,0.3819795846939087
28,2,GSM331384,1,0.4655819535255432
28,2,GSM331386,1,0.4515571594238281
28,2,GSM331388,1,0.9097079634666443
28,2,GSM331389,1,0.27187857031822205
28,2,GSM331393,1,0.6063385009765625
28,2,GSM331402,1,0.6406897306442261
28,2,GSM331403,1,0.9515880346298218
28,2,GSM331404,1,0.7071870565414429
28,2,GSM331405,1,0.060162924230098724
28,2,GSM331407,1,0.6011728048324585
28,2,GSM331410,1,0.5096468329429626
28,2,GSM331411,1,0.9037342667579651
28,2,GSM331413,1,0.2234991043806076
28,2,GSM331416,1,0.4241989850997925
28,2,GSM331418,1,0.8329343795776367
28,2,GSM331425,1,0.3567860424518585
28,2,GSM331429,1,0.8757323026657104
28,2,GSM331436,1,0.06902613490819931
28,2,GSM331438,1,0.9332934021949768
28,2,GSM331439,1,0.8785960078239441
28,2,GSM331440,1,0.4851069450378418
28,2,GSM331441,1,0.5990126729011536
28,2,GSM331444,1,0.7711765766143799
28,2,GSM331445,1,0.4220016896724701
28,2,GSM331446,1,0.1488575041294098
28,2,GSM331447,1,0.7968345284461975
28,2,GSM331448,1,0.8492905497550964
28,2,GSM331450,1,0.611596941947937
29,1,GSM331638,0,0.2254490852355957
29,1,GSM331661,0,0.39528074860572815
29,1,GSM331662,0,0.43106022477149963
29,1,GSM331664,0,0.21648097038269043
29,1,GSM331665,0,0.8100778460502625
29,1,GSM331668,0,0.6510195136070251
29,1,GSM331672,0,0.2025429904460907
29,1,GSM331674,0,0.6563421487808228
29,1,GSM331676,0,0.7388715147972107
29,1,GSM331678,0,0.4153633415699005
29,1,GSM331680,0,0.4576878845691681
29,1,GSM331682,0,0.24958179891109467
29,1,GSM331683,0,0.8435280323028564
29,1,GSM331684,0,0.10869818180799484
29,1,GSM331688,0,0.5725306272506714
29,1,GSM331689,0,0.7307407259941101
29,1,GSM331690,0,0.8367798924446106
29,1,GSM331695,0,0.2266809642314911
29,1,GSM331696,0,0.5292438864707947
29,1,GSM331697,0,0.12089398503303528
29,1,GSM331698,0,0.334859699010849
29,1,GSM331700,0,0.6858072876930237
29,1,GSM331701,0,0.24648110568523407
29,1,GSM331702,0,0.21370744705200195
29,1,GSM331703,0,0.3459722101688385
29,1,GSM331704,0,0.29535970091819763
29,1,GSM331706,0,0.639622688293457
29,1,GSM331707,0,0.22605890035629272
29,1,GSM331709,0,0.13080738484859467
29,1,GSM331710,0,0.08310304582118988
29,1,GSM331712,0,0.18389664590358734
29,1,GSM331713,0,0.1536674052476883
29,1,GSM331714,0,0.8908539414405823
29,1,GSM331719,0,0.04350261762738228
29,1,GSM331725,0,0.6357589960098267
29,1,GSM331731,0,0.8201038837432861
29,1,GSM331732,0,0.6321168541908264
29,1,GSM331379,1,0.3015933036804199
29,1,GSM331380,1,0.7066857218742371
29,1,GSM331383,1,0.8499208092689514
29,1,GSM331384,1,0.4523359537124634
29,1,GSM331391,1,0.567363977432251
29,1,GSM331393,1,0.7385504841804504
29,1,GSM331395,1,0.3801707625389099
29,1,GSM331396,1,0.7642870545387268
29,1,GSM331397,1,0.5545529723167419
29,1,GSM331399,1,0.7815564274787903
29,1,GSM331400,1,0.4456925690174103
29,1,GSM331401,1,0.5902098417282104
29,1,GSM331402,1,0.5707863569259644
29,1,GSM331403,1,0.8777596950531006
29,1,GSM331404,1,0.7639386653900146
29,1,GSM331405,1,0.19092503190040588
29,1,GSM331406,1,0.8107755184173584
29,1,GSM331408,1,0.7946653962135315
29,1,GSM331409,1,0.69864821434021
29,1,GSM331411,1,0.8850812315940857
29,1,GSM331414,1,0.7989091277122498
29,1,GSM331416,1,0.5936146974563599
29,1,GSM331417,1,0.8624241948127747
29,1,GSM331418,1,0.8248026371002197
29,1,GSM331419,1,0.3996734619140625
29,1,GSM331420,1,0.8788706064224243
29,1,GSM331428,1,0.43631771206855774
29,1,GSM331434,1,0.7103191614151001
29,1,GSM331436,1,0.17766404151916504
29,1,GSM331438,1,0.8772203326225281
29,1,GSM331445,1,0.5003746747970581
29,1,GSM331446,1,0.538612961769104
29,1,GSM331452,1,0.8935662508010864
29,2,GSM331660,0,0.2620058059692383
29,2,GSM331663,0,0.2718401551246643
29,2,GSM331666,0,0.23736244440078735
29,2,GSM331669,0,0.6868419647216797
29,2,GSM331670,0,0.4292062520980835
29,2,GSM331671,0,0.5266844034194946
29,2,GSM331673,0,0.1951078325510025
29,2,GSM331675,0,0.03311248496174812
29,2,GSM331677,0,0.1915433704853058
29,2,GSM331679,0,0.4010022282600403
29,2,GSM331681,0,0.24755683541297913
29,2,GSM331685,0,0.2861380875110626
29,2,GSM331686,0,0.15087662637233734
29,2,GSM331687,0,0.1705087274312973
29,2,GSM331691,0,0.6017378568649292
29,2,GSM331692,0,0.12340916693210602
29,2,GSM331693,0,0.17881399393081665
29,2,GSM331694,0,0.4439162015914917
29,2,GSM331699,0,0.2779645025730133
29,2,GSM331705,0,0.16504445672035217
29,2,GSM331708,0,0.6093289852142334
29,2,GSM331711,0,0.43625763058662415
29,2,GSM331715,0,0.2674548029899597
29,2,GSM331716,0,0.6393964290618896
29,2,GSM331717,0,0.2869536280632019
29,2,GSM331718,0,0.6533502340316772
29,2,GSM331720,0,0.38315650820732117
29,2,GSM331721,0,0.5777804851531982
29,2,GSM331722,0,0.34585702419281006
29,2,GSM331723,0,0.5359405279159546
29,2,GSM331724,0,0.09189265966415405
29,2,GSM331726,0,0.1895127296447754
29,2,GSM331727,0,0.545663058757782
29,2,GSM331728,0,0.3402771055698395
29,2,GSM331729,0,0.21500690281391144
29,2,GSM331730,0,0.11792238056659698
29,2,GSM331377,1,0.8190288543701172
29,2,GSM331378,1,0.8263360857963562
29,2,GSM331381,1,0.7041637897491455
29,2,GSM331382,1,0.6826474070549011
29,2,GSM331385,1,0.438888281583786
29,2,GSM331386,1,0.5451482534408569
29,2,GSM331387,1,0.7206843495368958
29,2,GSM331388,1,0.7915149927139282
29,2,GSM331389,1,0.5566295981407166
29,2,GSM331390,1,0.43971484899520874
29,2,GSM331407,1,0.32733407616615295
29,2,GSM331410,1,0.27957046031951904
29,2,GSM331412,1,0.7304431796073914
29,2,GSM331413,1,0.1779562532901764
29,2,GSM331421,1,0.33371928334236145
29,2,GSM331422,1,0.5786258578300476
29,2,GSM331424,1,0.390033483505249
29,2,GSM331425,1,0.5758598446846008
29,2,GSM331426,1,0.4571805000305176
29,2,GSM331427,1,0.6351304054260254
29,2,GSM331429,1,0.81248539686203
29,2,GSM331430,1,0.5710747241973877
29,2,GSM331431,1,0.5857424736022949
29,2,GSM331432,1,0.33412957191467285
29,2,GSM331439,1,0.7853949069976807
29,2,GSM331440,1,0.5253438949584961
29,2,GSM331441,1,0.6604358553886414
29,2,GSM331442,1,0.3908979892730713
29,2,GSM331443,1,0.2928098440170288
29,2,GSM331444,1,0.6405074000358582
29,2,GSM331447,1,0.6196087598800659
29,2,GSM331448,1,0.48462069034576416
29,2,GSM331450,1,0.40762001276016235
30,1,GSM331661,0,0.6096393465995789
30,1,GSM331663,0,0.40931931138038635
30,1,GSM331666,0,0.42535489797592163
30,1,GSM331668,0,0.6872493624687195
30,1,GSM331670,0,0.5157451629638672
30,1,GSM331672,0,0.3237625062465668
30,1,GSM331673,0,0.36287206411361694
30,1,GSM331675,0,0.20044678449630737
30,1,GSM331678,0,0.262644499540329
30,1,GSM331680,0,0.5627028942108154
30,1,GSM331682,0,0.5165184140205383
30,1,GSM331684,0,0.32953116297721863
30,1,GSM331685,0,0.34678396582603455
30,1,GSM331686,0,0.3794058561325073
30,1,GSM331687,0,0.4436289370059967
30,1,GSM331692,0,0.3131125867366791
30,1,GSM331695,0,0.33689194917678833
30,1,GSM331701,0,0.3878079950809479
30,1,GSM331702,0,0.5802130699157715
30,1,GSM331706,0,0.7958565950393677
30,1,GSM331707,0,0.4780796766281128
30,1,GSM331708,0,0.3584655225276947
30,1,GSM331709,0,0.2246541827917099
30,1,GSM331710,0,0.2671520411968231
30,1,GSM331712,0,0.4284249246120453
30,1,GSM331713,0,0.3305116295814514
30,1,GSM331714,0,0.7098953127861023
30,1,GSM331715,0,0.31731846928596497
30,1,GSM331716,0,0.7714203596115112
30,1,GSM331717,0,0.45730409026145935
30,1,GSM331719,0,0.2809238135814667
30,1,GSM331720,0,0.46395444869995117
30,1,GSM331724,0,0.35962361097335815
30,1,GSM331725,0,0.5292773246765137
30,1,GSM331728,0,0.25582796335220337
30,1,GSM331731,0,0.789528489112854
30,1,GSM331732,0,0.7616287469863892
30,1,GSM331379,1,0.6079477071762085
30,1,GSM331380,1,0.7556531429290771
30,1,GSM331382,1,0.6178069710731506
30,1,GSM331383,1,0.7763504385948181
30,1,GSM331384,1,0.6340683102607727
30,1,GSM331386,1,0.674990177154541
30,1,GSM331388,1,0.8235841989517212
30,1,GSM331389,1,0.5776005387306213
30,1,GSM331391,1,0.6414978504180908
30,1,GSM331395,1,0.6519410610198975
30,1,GSM331399,1,0.7441713213920593
30,1,GSM331401,1,0.7157896757125854
30,1,GSM331403,1,0.8341671228408813
30,1,GSM331404,1,0.7546720504760742
30,1,GSM331406,1,0.7856140732765198
30,1,GSM331408,1,0.8029068112373352
30,1,GSM331410,1,0.5241019129753113
30,1,GSM331413,1,0.5654879212379456
30,1,GSM331414,1,0.6709222197532654
30,1,GSM331416,1,0.587763249874115
30,1,GSM331417,1,0.8089314699172974
30,1,GSM331418,1,0.6942031383514404
30,1,GSM331421,1,0.46257641911506653
30,1,GSM331422,1,0.6610177159309387
30,1,GSM331425,1,0.6084891557693481
30,1,GSM331430,1,0.6525402665138245
30,1,GSM331432,1,0.5693802237510681
30,1,GSM331434,1,0.6540347933769226
30,1,GSM331439,1,0.6685559749603271
30,1,GSM331440,1,0.6340908408164978
30,1,GSM331442,1,0.27454838156700134
30,1,GSM331443,1,0.4875870943069458
30,1,GSM331450,1,0.5181179046630859
30,2,GSM331638,0,0.26070812344551086
30,2,GSM331660,0,0.1671028733253479
30,2,GSM331662,0,0.44129177927970886
30,2,GSM331664,0,0.27232125401496887
30,2,GSM331665,0,0.46192023158073425
30,2,GSM331669,0,0.663038432598114
30,2,GSM331671,0,0.3419307768344879
30,2,GSM331674,0,0.364092618227005
30,2,GSM331676,0,0.40486565232276917
30,2,GSM331677,0,0.2805638313293457
30,2,GSM331679,0,0.339384526014328
30,2,GSM331681,0,0.55778968334198
30,2,GSM331683,0,0.46486273407936096
30,2,GSM331688,0,0.43337976932525635
30,2,GSM331689,0,0.517473042011261
30,2,GSM331690,0,0.7448421716690063
30,2,GSM331691,0,0.6150879859924316
30,2,GSM331693,0,0.281888484954834
30,2,GSM331694,0,0.19721031188964844
30,2,GSM331696,0,0.4758186340332031
30,2,GSM331697,0,0.1885388344526291
30,2,GSM331698,0,0.3176870048046112
30,2,GSM331699,0,0.21460381150245667
30,2,GSM331700,0,0.3833165466785431
30,2,GSM331703,0,0.3834075629711151
30,2,GSM331704,0,0.34367135167121887
30,2,GSM331705,0,0.21558158099651337
30,2,GSM331711,0,0.5716973543167114
30,2,GSM331718,0,0.5382871627807617
30,2,GSM331721,0,0.4874984622001648
30,2,GSM331722,0,0.31621086597442627
30,2,GSM331723,0,0.4073673486709595
30,2,GSM331726,0,0.2492060363292694
30,2,GSM331727,0,0.2641275227069855
30,2,GSM331729,0,0.09497509151697159
30,2,GSM331730,0,0.2752011716365814
30,2,GSM331377,1,0.6517696976661682
30,2,GSM331378,1,0.7982563972473145
30,2,GSM331381,1,0.6323140263557434
30,2,GSM331385,1,0.3266822099685669
30,2,GSM331387,1,0.36899998784065247
30,2,GSM331390,1,0.33919811248779297
30,2,GSM331393,1,0.5505228638648987
30,2,GSM331396,1,0.6846518516540527
30,2,GSM331397,1,0.2684076428413391
30,2,GSM331400,1,0.5526866912841797
30,2,GSM331402,1,0.5979341864585876
30,2,GSM331405,1,0.11280106008052826
30,2,GSM331407,1,0.5741464495658875
30,2,GSM331409,1,0.6895142197608948
30,2,GSM331411,1,0.7662073373794556
30,2,GSM331412,1,0.6469970345497131
30,2,GSM331419,1,0.5045300722122192
30,2,GSM331420,1,0.8142316937446594
30,2,GSM331424,1,0.39904677867889404
30,2,GSM331426,1,0.5428618788719177
30,2,GSM331427,1,0.6169588565826416
30,2,GSM331428,1,0.4338638484477997
30,2,GSM331429,1,0.5860884785652161
30,2,GSM331431,1,0.636326253414154
30,2,GSM331436,1,0.2888714373111725
30,2,GSM331438,1,0.7307893633842468
30,2,GSM331441,1,0.3134399354457855
30,2,GSM331444,1,0.5721433758735657
30,2,GSM331445,1,0.7010419368743896
30,2,GSM331446,1,0.41498467326164246
30,2,GSM331447,1,0.7000668048858643
30,2,GSM331448,1,0.5706244111061096
30,2,GSM331452,1,0.6502620577812195
31,1,GSM331638,0,0.38184598088264465
31,1,GSM331662,0,0.5797748565673828
31,1,GSM331664,0,0.16845260560512543
31,1,GSM331665,0,0.5153868198394775
31,1,GSM331668,0,0.6815952658653259
31,1,GSM331669,0,0.8903075456619263
31,1,GSM331670,0,0.4796389043331146
31,1,GSM331671,0,0.43024295568466187
31,1,GSM331672,0,0.47492146492004395
31,1,GSM331673,0,0.2633908987045288
31,1,GSM331674,0,0.5624714493751526
31,1,GSM331675,0,0.07497899234294891
31,1,GSM331677,0,0.1743808537721634
31,1,GSM331678,0,0.05681042745709419
31,1,GSM331680,0,0.4510151147842407
31,1,GSM331681,0,0.6508479714393616
31,1,GSM331682,0,0.46814459562301636
31,1,GSM331686,0,0.636664628982544
31,1,GSM331690,0,0.8078404664993286
31,1,GSM331691,0,0.5992564558982849
31,1,GSM331694,0,0.315570592880249
31,1,GSM331696,0,0.49845466017723083
31,1,GSM331698,0,0.1832967847585678
31,1,GSM331702,0,0.5437293648719788
31,1,GSM331704,0,0.44183239340782166
31,1,GSM331706,0,0.8941403031349182
31,1,GSM331710,0,0.0823349803686142
31,1,GSM331713,0,0.3538573682308197
31,1,GSM331715,0,0.24686042964458466
31,1,GSM331718,0,0.7753176093101501
31,1,GSM331719,0,0.07562791556119919
31,1,GSM331720,0,0.4025135636329651
31,1,GSM331722,0,0.3632998466491699
31,1,GSM331723,0,0.8274868726730347
31,1,GSM331727,0,0.44708120822906494
31,1,GSM331729,0,0.05055922269821167
31,1,GSM331732,0,0.7111011743545532
31,1,GSM331378,1,0.9059925079345703
31,1,GSM331380,1,0.8340771794319153
31,1,GSM331382,1,0.7610014081001282
31,1,GSM331384,1,0.7417502403259277
31,1,GSM331386,1,0.5510083436965942
31,1,GSM331388,1,0.9282650947570801
31,1,GSM331393,1,0.550094723701477
31,1,GSM331395,1,0.5232971906661987
31,1,GSM331401,1,0.6876929998397827
31,1,GSM331403,1,0.9479110240936279
31,1,GSM331404,1,0.781590461730957
31,1,GSM331405,1,0.09282336384057999
31,1,GSM331407,1,0.5205549597740173
31,1,GSM331410,1,0.339080810546875
31,1,GSM331411,1,0.8838256001472473
31,1,GSM331414,1,0.7916139364242554
31,1,GSM331417,1,0.8611791729927063
31,1,GSM331418,1,0.8047969341278076
31,1,GSM331420,1,0.7038400769233704
31,1,GSM331424,1,0.2654556334018707
31,1,GSM331425,1,0.6515781879425049
31,1,GSM331427,1,0.7442103028297424
31,1,GSM331428,1,0.2543286085128784
31,1,GSM331430,1,0.4747697412967682
31,1,GSM331431,1,0.5539789795875549
31,1,GSM331432,1,0.25867411494255066
31,1,GSM331438,1,0.9265479445457458
31,1,GSM331440,1,0.6958903670310974
31,1,GSM331441,1,0.76331627368927
31,1,GSM331442,1,0.622514545917511
31,1,GSM331445,1,0.7523561716079712
31,1,GSM331446,1,0.13148824870586395
31,1,GSM331450,1,0.3670491874217987
31,2,GSM331660,0,0.08658862859010696
31,2,GSM331661,0,0.5987030863761902
31,2,GSM331663,0,0.16627106070518494
31,2,GSM331666,0,0.10535415261983871
31,2,GSM331676,0,0.510227382183075
31,2,GSM331679,0,0.18810983002185822
31,2,GSM331683,0,0.5595611929893494
31,2,GSM331684,0,0.15573301911354065
31,2,GSM331685,0,0.10095595568418503
31,2,GSM331687,0,0.05995609611272812
31,2,GSM331688,0,0.48807474970817566
31,2,GSM331689,0,0.2793067991733551
31,2,GSM331692,0,0.1049574464559555
31,2,GSM331693,0,0.294906884431839
31,2,GSM331695,0,0.16773606836795807
31,2,GSM331697,0,0.16888435184955597
31,2,GSM331699,0,0.33767667412757874
31,2,GSM331700,0,0.44958439469337463
31,2,GSM331701,0,0.16968685388565063
31,2,GSM331703,0,0.5615971088409424
31,2,GSM331705,0,0.2574441730976105
31,2,GSM331707,0,0.29337701201438904
31,2,GSM331708,0,0.6245827078819275
31,2,GSM331709,0,0.1355595737695694
31,2,GSM331711,0,0.49320486187934875
31,2,GSM331712,0,0.2732096016407013
31,2,GSM331714,0,0.6652117371559143
31,2,GSM331716,0,0.9323238730430603
31,2,GSM331717,0,0.5091723799705505
31,2,GSM331721,0,0.7897674441337585
31,2,GSM331724,0,0.15314176678657532
31,2,GSM331725,0,0.4041530191898346
31,2,GSM331726,0,0.11261168122291565
31,2,GSM331728,0,0.07124974578619003
31,2,GSM331730,0,0.3459286093711853
31,2,GSM331731,0,0.8038249015808105
31,2,GSM331377,1,0.8025213479995728
31,2,GSM331379,1,0.5576125383377075
31,2,GSM331381,1,0.8046656250953674
31,2,GSM331383,1,0.8478419184684753
31,2,GSM331385,1,0.3864394426345825
31,2,GSM331387,1,0.2965942919254303
31,2,GSM331389,1,0.23631274700164795
31,2,GSM331390,1,0.37652987241744995
31,2,GSM331391,1,0.6412019729614258
31,2,GSM331396,1,0.47059229016304016
31,2,GSM331397,1,0.2334291785955429
31,2,GSM331399,1,0.7923449277877808
31,2,GSM331400,1,0.26727911829948425
31,2,GSM331402,1,0.4208329916000366
31,2,GSM331406,1,0.6806245446205139
31,2,GSM331408,1,0.837524950504303
31,2,GSM331409,1,0.45511728525161743
31,2,GSM331412,1,0.8445267081260681
31,2,GSM331413,1,0.09313084930181503
31,2,GSM331416,1,0.3977830410003662
31,2,GSM331419,1,0.3933820426464081
31,2,GSM331421,1,0.5168268084526062
31,2,GSM331422,1,0.6060448288917542
31,2,GSM331426,1,0.5985346436500549
31,2,GSM331429,1,0.5854548811912537
31,2,GSM331434,1,0.7993245124816895
31,2,GSM331436,1,0.13703429698944092
31,2,GSM331439,1,0.8574832081794739
31,2,GSM331443,1,0.1017119362950325
31,2,GSM331444,1,0.6629856824874878
31,2,GSM331447,1,0.7279791235923767
31,2,GSM331448,1,0.5030897855758667
31,2,GSM331452,1,0.6999337673187256
32,1,GSM331638,0,0.25950703024864197
32,1,GSM331660,0,0.19923438131809235
32,1,GSM331661,0,0.3852650225162506
32,1,GSM331662,0,0.4860519766807556
32,1,GSM331663,0,0.2676987946033478
32,1,GSM331665,0,0.7356240749359131
32,1,GSM331666,0,0.2021292895078659
32,1,GSM331668,0,0.49101752042770386
32,1,GSM331671,0,0.5204975605010986
32,1,GSM331673,0,0.40484967827796936
32,1,GSM331676,0,0.6837630867958069
32,1,GSM331677,0,0.20115095376968384
32,1,GSM331680,0,0.4554380178451538
32,1,GSM331681,0,0.4720599949359894
32,1,GSM331685,0,0.41656941175460815
32,1,GSM331688,0,0.4760623574256897
32,1,GSM331690,0,0.8143245577812195
32,1,GSM331692,0,0.3336203098297119
32,1,GSM331693,0,0.1891905963420868
32,1,GSM331694,0,0.2554067075252533
32,1,GSM331696,0,0.5145080089569092
32,1,GSM331697,0,0.22583967447280884
32,1,GSM331698,0,0.18124738335609436
32,1,GSM331702,0,0.3590133786201477
32,1,GSM331706,0,0.7854782938957214
32,1,GSM331707,0,0.31118044257164
32,1,GSM331710,0,0.18820039927959442
32,1,GSM331711,0,0.5036106705665588
32,1,GSM331716,0,0.790382981300354
32,1,GSM331718,0,0.6524746417999268
32,1,GSM331719,0,0.16280721127986908
32,1,GSM331720,0,0.4896506667137146
32,1,GSM331723,0,0.606623113155365
32,1,GSM331725,0,0.7015432715415955
32,1,GSM331728,0,0.21964459121227264
32,1,GSM331729,0,0.1683844029903412
32,1,GSM331732,0,0.663722574710846
32,1,GSM331380,1,0.8215460777282715
32,1,GSM331381,1,0.7376323342323303
32,1,GSM331382,1,0.6220794320106506
32,1,GSM331383,1,0.7773690223693848
32,1,GSM331384,1,0.6493255496025085
32,1,GSM331385,1,0.2635653614997864
32,1,GSM331388,1,0.8504365086555481
32,1,GSM331389,1,0.5453163981437683
32,1,GSM331396,1,0.7421314716339111
32,1,GSM331400,1,0.3949735760688782
32,1,GSM331401,1,0.5340976715087891
32,1,GSM331402,1,0.592750608921051
32,1,GSM331403,1,0.811783492565155
32,1,GSM331405,1,0.3282953202724457
32,1,GSM331407,1,0.4429028332233429
32,1,GSM331410,1,0.28952616453170776
32,1,GSM331416,1,0.4630180895328522
32,1,GSM331418,1,0.6662503480911255
32,1,GSM331422,1,0.6914815902709961
32,1,GSM331424,1,0.6017786860466003
32,1,GSM331425,1,0.6364209055900574
32,1,GSM331426,1,0.6221936941146851
32,1,GSM331427,1,0.5201327800750732
32,1,GSM331428,1,0.42802274227142334
32,1,GSM331429,1,0.7929584383964539
32,1,GSM331430,1,0.6890196800231934
32,1,GSM331431,1,0.626004695892334
32,1,GSM331440,1,0.6407245397567749
32,1,GSM331441,1,0.7301129698753357
32,1,GSM331442,1,0.4761231541633606
32,1,GSM331443,1,0.4930207431316376
32,1,GSM331445,1,0.5272284150123596
32,1,GSM331446,1,0.4578534960746765
32,2,GSM331664,0,0.4694225788116455
32,2,GSM331669,0,0.7613686919212341
32,2,GSM331670,0,0.40952661633491516
32,2,GSM331672,0,0.34940704703330994
32,2,GSM331674,0,0.6474689841270447
32,2,GSM331675,0,0.13083814084529877
32,2,GSM331678,0,0.21121792495250702
32,2,GSM331679,0,0.5486123561859131
32,2,GSM331682,0,0.3067713677883148
32,2,GSM331683,0,0.7638522982597351
32,2,GSM331684,0,0.19793149828910828
32,2,GSM331686,0,0.3217310309410095
32,2,GSM331687,0,0.16592802107334137
32,2,GSM331689,0,0.5270517468452454
32,2,GSM331691,0,0.4283638596534729
32,2,GSM331695,0,0.21043458580970764
32,2,GSM331699,0,0.26048627495765686
32,2,GSM331700,0,0.7511935830116272
32,2,GSM331701,0,0.2977689206600189
32,2,GSM331703,0,0.22048325836658478
32,2,GSM331704,0,0.39032191038131714
32,2,GSM331705,0,0.19250212609767914
32,2,GSM331708,0,0.5457336902618408
32,2,GSM331709,0,0.16523468494415283
32,2,GSM331712,0,0.28596892952919006
32,2,GSM331713,0,0.32316872477531433
32,2,GSM331714,0,0.7346513867378235
32,2,GSM331715,0,0.1761624962091446
32,2,GSM331717,0,0.42613062262535095
32,2,GSM331721,0,0.4689261019229889
32,2,GSM331722,0,0.5260393023490906
32,2,GSM331724,0,0.19823147356510162
32,2,GSM331726,0,0.14936308562755585
32,2,GSM331727,0,0.46268099546432495
32,2,GSM331730,0,0.21840080618858337
32,2,GSM331731,0,0.7638514637947083
32,2,GSM331377,1,0.7810724973678589
32,2,GSM331378,1,0.800338089466095
32,2,GSM331379,1,0.46125271916389465
32,2,GSM331386,1,0.6181281805038452
32,2,GSM331387,1,0.5856907367706299
32,2,GSM331390,1,0.4902615249156952
32,2,GSM331391,1,0.5128994584083557
32,2,GSM331393,1,0.5947604179382324
32,2,GSM331395,1,0.3927498459815979
32,2,GSM331397,1,0.5541680455207825
32,2,GSM331399,1,0.7995286583900452
32,2,GSM331404,1,0.6825361847877502
32,2,GSM331406,1,0.8259434700012207
32,2,GSM331408,1,0.6912875175476074
32,2,GSM331409,1,0.622199296951294
32,2,GSM331411,1,0.7572932839393616
32,2,GSM331412,1,0.8175813555717468
32,2,GSM331413,1,0.2617323696613312
32,2,GSM331414,1,0.7609250545501709
32,2,GSM331417,1,0.6512202024459839
32,2,GSM331419,1,0.4223676323890686
32,2,GSM331420,1,0.6767176985740662
32,2,GSM331421,1,0.6015027165412903
32,2,GSM331432,1,0.3727550506591797
32,2,GSM331434,1,0.7145047783851624
32,2,GSM331436,1,0.18939609825611115
32,2,GSM331438,1,0.8350353240966797
32,2,GSM331439,1,0.8220382928848267
32,2,GSM331444,1,0.7012429237365723
32,2,GSM331447,1,0.6852989792823792
32,2,GSM331448,1,0.6669129729270935
32,2,GSM331450,1,0.4904780089855194
32,2,GSM331452,1,0.8511312007904053
33,1,GSM331660,0,0.24416355788707733
33,1,GSM331664,0,0.3594058156013489
33,1,GSM331665,0,0.6300261616706848
33,1,GSM331666,0,0.2634514272212982
33,1,GSM331668,0,0.7902786731719971
33,1,GSM331669,0,0.9394735097885132
33,1,GSM331670,0,0.39986535906791687
33,1,GSM331674,0,0.6906982660293579
33,1,GSM331677,0,0.5155780911445618
33,1,GSM331678,0,0.25493088364601135
33,1,GSM331681,0,0.324312686920166
33,1,GSM331682,0,0.39374712109565735
33,1,GSM331687,0,0.38336434960365295
33,1,GSM331688,0,0.6658992171287537
33,1,GSM331689,0,0.44518762826919556
33,1,GSM331691,0,0.5345304608345032
33,1,GSM331693,0,0.33627745509147644
33,1,GSM331696,0,0.5784749984741211
33,1,GSM331699,0,0.5498017072677612
33,1,GSM331700,0,0.3735474944114685
33,1,GSM331707,0,0.5079323649406433
33,1,GSM331710,0,0.07478877902030945
33,1,GSM331715,0,0.4637967348098755
33,1,GSM331716,0,0.8656668066978455
33,1,GSM331717,0,0.3898988664150238
33,1,GSM331718,0,0.6721683144569397
33,1,GSM331719,0,0.055079322308301926
33,1,GSM331720,0,0.6814143061637878
33,1,GSM331721,0,0.7814916372299194
33,1,GSM331722,0,0.4892669916152954
33,1,GSM331723,0,0.6631900668144226
33,1,GSM331725,0,0.5537244081497192
33,1,GSM331727,0,0.461704820394516
33,1,GSM331728,0,0.3897368311882019
33,1,GSM331729,0,0.1633334457874298
33,1,GSM331731,0,0.8889994621276855
33,1,GSM331732,0,0.6304914355278015
33,1,GSM331380,1,0.7778131365776062
33,1,GSM331385,1,0.5468224883079529
33,1,GSM331388,1,0.8716325759887695
33,1,GSM331389,1,0.3373766243457794
33,1,GSM331390,1,0.6103326082229614
33,1,GSM331391,1,0.6290813684463501
33,1,GSM331395,1,0.5329738259315491
33,1,GSM331397,1,0.4399426579475403
33,1,GSM331399,1,0.755820631980896
33,1,GSM331401,1,0.5158758759498596
33,1,GSM331403,1,0.8286482095718384
33,1,GSM331404,1,0.7005631923675537
33,1,GSM331405,1,0.12917457520961761
33,1,GSM331406,1,0.6849273443222046
33,1,GSM331408,1,0.5876181125640869
33,1,GSM331412,1,0.8075039982795715
33,1,GSM331413,1,0.19356459379196167
33,1,GSM331417,1,0.6447681784629822
33,1,GSM331419,1,0.2717776596546173
33,1,GSM331422,1,0.8202738165855408
33,1,GSM331425,1,0.5697551369667053
33,1,GSM331427,1,0.7226039171218872
33,1,GSM331428,1,0.37945297360420227
33,1,GSM331430,1,0.6933978796005249
33,1,GSM331431,1,0.8682505488395691
33,1,GSM331434,1,0.5574712753295898
33,1,GSM331438,1,0.9263839721679688
33,1,GSM331439,1,0.8210844993591309
33,1,GSM331440,1,0.7799364924430847
33,1,GSM331441,1,0.8225405216217041
33,1,GSM331442,1,0.5353906154632568
33,1,GSM331446,1,0.2292344719171524
33,1,GSM331448,1,0.9089611768722534
33,2,GSM331638,0,0.311328649520874
33,2,GSM331661,0,0.3098040819168091
33,2,GSM331662,0,0.5882949233055115
33,2,GSM331663,0,0.29891523718833923
33,2,GSM331671,0,0.5386339426040649
33,2,GSM331672,0,0.3358539640903473
33,2,GSM331673,0,0.2399546205997467
33,2,GSM331675,0,0.02021338976919651
33,2,GSM331676,0,0.6552481651306152
33,2,GSM331679,0,0.25437113642692566
33,2,GSM331680,0,0.2130298763513565
33,2,GSM331683,0,0.5233286619186401
33,2,GSM331684,0,0.0555744469165802
33,2,GSM331685,0,0.43741050362586975
33,2,GSM331686,0,0.24724623560905457
33,2,GSM331690,0,0.7324208617210388
33,2,GSM331692,0,0.08685418218374252
33,2,GSM331694,0,0.1614258587360382
33,2,GSM331695,0,0.4183937907218933
33,2,GSM331697,0,0.23356805741786957
33,2,GSM331698,0,0.20872017741203308
33,2,GSM331701,0,0.19581304490566254
33,2,GSM331702,0,0.20163734257221222
33,2,GSM331703,0,0.3957654535770416
33,2,GSM331704,0,0.17483583092689514
33,2,GSM331705,0,0.0819670781493187
33,2,GSM331706,0,0.6918038129806519
33,2,GSM331708,0,0.5288019776344299
33,2,GSM331709,0,0.17224344611167908
33,2,GSM331711,0,0.7695162296295166
33,2,GSM331712,0,0.11018448323011398
33,2,GSM331713,0,0.15757381916046143
33,2,GSM331714,0,0.7626184821128845
33,2,GSM331724,0,0.14345361292362213
33,2,GSM331726,0,0.1486644148826599
33,2,GSM331730,0,0.2568260133266449
33,2,GSM331377,1,0.7283550500869751
33,2,GSM331378,1,0.7308639287948608
33,2,GSM331379,1,0.2319665402173996
33,2,GSM331381,1,0.6024686694145203
33,2,GSM331382,1,0.6065084934234619
33,2,GSM331383,1,0.6333048939704895
33,2,GSM331384,1,0.25494399666786194
33,2,GSM331386,1,0.37228041887283325
33,2,GSM331387,1,0.5876645445823669
33,2,GSM331393,1,0.6135116815567017
33,2,GSM331396,1,0.6849815249443054
33,2,GSM331400,1,0.37490007281303406
33,2,GSM331402,1,0.5950077772140503
33,2,GSM331407,1,0.27612635493278503
33,2,GSM331409,1,0.46120694279670715
33,2,GSM331410,1,0.26880714297294617
33,2,GSM331411,1,0.801091730594635
33,2,GSM331414,1,0.7705047726631165
33,2,GSM331416,1,0.3246351182460785
33,2,GSM331418,1,0.7277026176452637
33,2,GSM331420,1,0.6952924728393555
33,2,GSM331421,1,0.32937562465667725
33,2,GSM331424,1,0.2406599521636963
33,2,GSM331426,1,0.3203751742839813
33,2,GSM331429,1,0.5730611681938171
33,2,GSM331432,1,0.2119131237268448
33,2,GSM331436,1,0.08478765934705734
33,2,GSM331443,1,0.19835835695266724
33,2,GSM331444,1,0.38521718978881836
33,2,GSM331445,1,0.28852954506874084
33,2,GSM331447,1,0.5315324068069458
33,2,GSM331450,1,0.46746495366096497
33,2,GSM331452,1,0.622310996055603
34,1,GSM331660,0,0.12794461846351624
34,1,GSM331662,0,0.5235322713851929
34,1,GSM331666,0,0.19037094712257385
34,1,GSM331668,0,0.45509016513824463
34,1,GSM331669,0,0.9255251288414001
34,1,GSM331670,0,0.35718271136283875
34,1,GSM331671,0,0.8352264761924744
34,1,GSM331672,0,0.5229364633560181
34,1,GSM331674,0,0.7087018489837646
34,1,GSM331676,0,0.655019998550415
34,1,GSM331681,0,0.424120157957077
34,1,GSM331682,0,0.5691142082214355
34,1,GSM331683,0,0.8041192293167114
34,1,GSM331684,0,0.24721452593803406
34,1,GSM331685,0,0.4008791744709015
34,1,GSM331686,0,0.6875990033149719
34,1,GSM331690,0,0.6779021620750427
34,1,GSM331691,0,0.31333887577056885
34,1,GSM331696,0,0.1322978287935257
34,1,GSM331698,0,0.11635565757751465
34,1,GSM331699,0,0.42465174198150635
34,1,GSM331700,0,0.8086780309677124
34,1,GSM331702,0,0.5362108945846558
34,1,GSM331703,0,0.37689465284347534
34,1,GSM331710,0,0.13268160820007324
34,1,GSM331711,0,0.3946021497249603
34,1,GSM331712,0,0.29110774397850037
34,1,GSM331713,0,0.39201319217681885
34,1,GSM331714,0,0.879055917263031
34,1,GSM331716,0,0.864236056804657
34,1,GSM331718,0,0.8079988956451416
34,1,GSM331723,0,0.6573598980903625
34,1,GSM331724,0,0.33715754747390747
34,1,GSM331726,0,0.1257222294807434
34,1,GSM331727,0,0.37320083379745483
34,1,GSM331728,0,0.11049006879329681
34,1,GSM331730,0,0.23403248190879822
34,1,GSM331378,1,0.9587112069129944
34,1,GSM331379,1,0.8321139812469482
34,1,GSM331384,1,0.7355140447616577
34,1,GSM331385,1,0.3054763674736023
34,1,GSM331386,1,0.45579010248184204
34,1,GSM331389,1,0.5290521383285522
34,1,GSM331390,1,0.6711055040359497
34,1,GSM331391,1,0.8075399398803711
34,1,GSM331396,1,0.8310496211051941
34,1,GSM331399,1,0.9610319137573242
34,1,GSM331402,1,0.5413572192192078
34,1,GSM331405,1,0.21711315214633942
34,1,GSM331408,1,0.7392796874046326
34,1,GSM331409,1,0.6606401205062866
34,1,GSM331410,1,0.32749849557876587
34,1,GSM331413,1,0.3497077524662018
34,1,GSM331416,1,0.3944096267223358
34,1,GSM331417,1,0.6165953874588013
34,1,GSM331418,1,0.7202894687652588
34,1,GSM331421,1,0.6996095180511475
34,1,GSM331426,1,0.8726543188095093
34,1,GSM331428,1,0.42585286498069763
34,1,GSM331429,1,0.7850592732429504
34,1,GSM331430,1,0.6798844933509827
34,1,GSM331431,1,0.7752957940101624
34,1,GSM331434,1,0.8101085424423218
34,1,GSM331436,1,0.0888933464884758
34,1,GSM331438,1,0.6943576335906982
34,1,GSM331439,1,0.7451016902923584
34,1,GSM331442,1,0.34882912039756775
34,1,GSM331443,1,0.22486190497875214
34,1,GSM331444,1,0.7922634482383728
34,1,GSM331445,1,0.37618690729141235
34,2,GSM331638,0,0.25906407833099365
34,2,GSM331661,0,0.614094614982605
34,2,GSM331663,0,0.25867199897766113
34,2,GSM331664,0,0.28125959634780884
34,2,GSM331665,0,0.8625512719154358
34,2,GSM331673,0,0.4383290410041809
34,2,GSM331675,0,0.1638418436050415
34,2,GSM331677,0,0.14126108586788177
34,2,GSM331678,0,0.17513594031333923
34,2,GSM331679,0,0.4826739728450775
34,2,GSM331680,0,0.5817965269088745
34,2,GSM331687,0,0.20745345950126648
34,2,GSM331688,0,0.30639562010765076
34,2,GSM331689,0,0.30697908997535706
34,2,GSM331692,0,0.26211291551589966
34,2,GSM331693,0,0.4041912257671356
34,2,GSM331694,0,0.19068282842636108
34,2,GSM331695,0,0.3193823993206024
34,2,GSM331697,0,0.16807669401168823
34,2,GSM331701,0,0.2422541379928589
34,2,GSM331704,0,0.5039963126182556
34,2,GSM331705,0,0.30470582842826843
34,2,GSM331706,0,0.6017422676086426
34,2,GSM331707,0,0.5294879674911499
34,2,GSM331708,0,0.7392738461494446
34,2,GSM331709,0,0.18217997252941132
34,2,GSM331715,0,0.11730407923460007
34,2,GSM331717,0,0.6349314451217651
34,2,GSM331719,0,0.13838502764701843
34,2,GSM331720,0,0.34284910559654236
34,2,GSM331721,0,0.49762988090515137
34,2,GSM331722,0,0.16263514757156372
34,2,GSM331725,0,0.7178240418434143
34,2,GSM331729,0,0.10721399635076523
34,2,GSM331731,0,0.6819199323654175
34,2,GSM331732,0,0.6010591387748718
34,2,GSM331377,1,0.8376998901367188
34,2,GSM331380,1,0.8026989102363586
34,2,GSM331381,1,0.5504459738731384
34,2,GSM331382,1,0.6361744403839111
34,2,GSM331383,1,0.9001215696334839
34,2,GSM331387,1,0.7816380262374878
34,2,GSM331388,1,0.8393009901046753
34,2,GSM331393,1,0.7601133584976196
34,2,GSM331395,1,0.49677038192749023
34,2,GSM331397,1,0.3885705769062042
34,2,GSM331400,1,0.2746676504611969
34,2,GSM331401,1,0.4712614119052887
34,2,GSM331403,1,0.9299747943878174
34,2,GSM331404,1,0.5844489932060242
34,2,GSM331406,1,0.6522940993309021
34,2,GSM331407,1,0.4996369183063507
34,2,GSM331411,1,0.8672661781311035
34,2,GSM331412,1,0.8841040730476379
34,2,GSM331414,1,0.7663710117340088
34,2,GSM331419,1,0.4820396304130554
34,2,GSM331420,1,0.8326584696769714
34,2,GSM331422,1,0.8271561861038208
34,2,GSM331424,1,0.36279091238975525
34,2,GSM331425,1,0.6246424317359924
34,2,GSM331427,1,0.8244425058364868
34,2,GSM331432,1,0.08890120685100555
34,2,GSM331440,1,0.6663818359375
34,2,GSM331441,1,0.6117661595344543
34,2,GSM331446,1,0.3698742091655731
34,2,GSM331447,1,0.7368500232696533
34,2,GSM331448,1,0.842049777507782
34,2,GSM331450,1,0.6657747030258179
34,2,GSM331452,1,0.6978625655174255
35,1,GSM331661,0,0.5415920615196228
35,1,GSM331662,0,0.3450012803077698
35,1,GSM331663,0,0.22429533302783966
35,1,GSM331665,0,0.5588074922561646
35,1,GSM331669,0,0.8835563659667969
35,1,GSM331670,0,0.4568236172199249
35,1,GSM331671,0,0.6540777683258057
35,1,GSM331674,0,0.4322375953197479
35,1,GSM331676,0,0.48053765296936035
35,1,GSM331677,0,0.15957456827163696
35,1,GSM331679,0,0.42071110010147095
35,1,GSM331685,0,0.433748334646225
35,1,GSM331686,0,0.5381717085838318
35,1,GSM331687,0,0.1511807143688202
35,1,GSM331690,0,0.7361139059066772
35,1,GSM331691,0,0.4988563060760498
35,1,GSM331693,0,0.29662254452705383
35,1,GSM331696,0,0.27394795417785645
35,1,GSM331698,0,0.22305409610271454
35,1,GSM331699,0,0.3750866651535034
35,1,GSM331701,0,0.25531280040740967
35,1,GSM331703,0,0.30884066224098206
35,1,GSM331704,0,0.5282478928565979
35,1,GSM331711,0,0.45019903779029846
35,1,GSM331713,0,0.39103564620018005
35,1,GSM331714,0,0.6282883882522583
35,1,GSM331715,0,0.24479924142360687
35,1,GSM331716,0,0.9096431136131287
35,1,GSM331718,0,0.6075131297111511
35,1,GSM331719,0,0.11835013329982758
35,1,GSM331720,0,0.6084206700325012
35,1,GSM331721,0,0.6766401529312134
35,1,GSM331723,0,0.6264305710792542
35,1,GSM331724,0,0.34371697902679443
35,1,GSM331728,0,0.10679284483194351
35,1,GSM331730,0,0.3065722584724426
35,1,GSM331731,0,0.6627569198608398
35,1,GSM331377,1,0.8354375958442688
35,1,GSM331379,1,0.7256335616111755
35,1,GSM331381,1,0.6696669459342957
35,1,GSM331384,1,0.6776632070541382
35,1,GSM331385,1,0.31372764706611633
35,1,GSM331389,1,0.23598499596118927
35,1,GSM331390,1,0.382740318775177
35,1,GSM331395,1,0.4598558843135834
35,1,GSM331396,1,0.721940279006958
35,1,GSM331397,1,0.36744651198387146
35,1,GSM331399,1,0.7682380676269531
35,1,GSM331400,1,0.2856164872646332
35,1,GSM331402,1,0.5537963509559631
35,1,GSM331404,1,0.687157928943634
35,1,GSM331405,1,0.22133272886276245
35,1,GSM331411,1,0.7654781341552734
35,1,GSM331412,1,0.7635907530784607
35,1,GSM331417,1,0.7218649387359619
35,1,GSM331418,1,0.4570140540599823
35,1,GSM331420,1,0.7042225003242493
35,1,GSM331421,1,0.6087139844894409
35,1,GSM331422,1,0.7139742374420166
35,1,GSM331425,1,0.552929699420929
35,1,GSM331427,1,0.7087056040763855
35,1,GSM331430,1,0.3849791884422302
35,1,GSM331431,1,0.5833406448364258
35,1,GSM331436,1,0.1770923137664795
35,1,GSM331439,1,0.7347641587257385
35,1,GSM331441,1,0.5820443630218506
35,1,GSM331442,1,0.4967613220214844
35,1,GSM331447,1,0.5428853034973145
35,1,GSM331448,1,0.6324015855789185
35,1,GSM331450,1,0.6432504057884216
35,2,GSM331638,0,0.3064900040626526
35,2,GSM331660,0,0.14079245924949646
35,2,GSM331664,0,0.233023539185524
35,2,GSM331666,0,0.254302978515625
35,2,GSM331668,0,0.4996122717857361
35,2,GSM331672,0,0.33501750230789185
35,2,GSM331673,0,0.34596291184425354
35,2,GSM331675,0,0.14176969230175018
35,2,GSM331678,0,0.13288390636444092
35,2,GSM331680,0,0.6210063099861145
35,2,GSM331681,0,0.36364516615867615
35,2,GSM331682,0,0.33844587206840515
35,2,GSM331683,0,0.7129817605018616
35,2,GSM331684,0,0.1280667930841446
35,2,GSM331688,0,0.4739311635494232
35,2,GSM331689,0,0.3574187159538269
35,2,GSM331692,0,0.2330387383699417
35,2,GSM331694,0,0.3727210760116577
35,2,GSM331695,0,0.191325843334198
35,2,GSM331697,0,0.1314573734998703
35,2,GSM331700,0,0.46539735794067383
35,2,GSM331702,0,0.4166390001773834
35,2,GSM331705,0,0.24257797002792358
35,2,GSM331706,0,0.7596247792243958
35,2,GSM331707,0,0.4051819443702698
35,2,GSM331708,0,0.6881221532821655
35,2,GSM331709,0,0.1082453578710556
35,2,GSM331710,0,0.11656996607780457
35,2,GSM331712,0,0.24668440222740173
35,2,GSM331717,0,0.4524953365325928
35,2,GSM331722,0,0.5923073887825012
35,2,GSM331725,0,0.5229238271713257
35,2,GSM331726,0,0.0897439494729042
35,2,GSM331727,0,0.36723044514656067
35,2,GSM331729,0,0.09603185951709747
35,2,GSM331732,0,0.46706676483154297
35,2,GSM331378,1,0.8054086565971375
35,2,GSM331380,1,0.6031880974769592
35,2,GSM331382,1,0.6091164946556091
35,2,GSM331383,1,0.7316477298736572
35,2,GSM331386,1,0.31825441122055054
35,2,GSM331387,1,0.5986859798431396
35,2,GSM331388,1,0.8405672311782837
35,2,GSM331391,1,0.5294337272644043
35,2,GSM331393,1,0.4273076355457306
35,2,GSM331401,1,0.4670639634132385
35,2,GSM331403,1,0.7977952361106873
35,2,GSM331406,1,0.8160427212715149
35,2,GSM331407,1,0.5107436776161194
35,2,GSM331408,1,0.8435558676719666
35,2,GSM331409,1,0.5427383780479431
35,2,GSM331410,1,0.5062552690505981
35,2,GSM331413,1,0.27627822756767273
35,2,GSM331414,1,0.6620486378669739
35,2,GSM331416,1,0.3727450370788574
35,2,GSM331419,1,0.5894304513931274
35,2,GSM331424,1,0.5211321115493774
35,2,GSM331426,1,0.5192563533782959
35,2,GSM331428,1,0.30287837982177734
35,2,GSM331429,1,0.5066996812820435
35,2,GSM331432,1,0.23977595567703247
35,2,GSM331434,1,0.7560200691223145
35,2,GSM331438,1,0.829125702381134
35,2,GSM331440,1,0.6586736440658569
35,2,GSM331443,1,0.4901410937309265
35,2,GSM331444,1,0.6940375566482544
35,2,GSM331445,1,0.6270836591720581
35,2,GSM331446,1,0.31038907170295715
35,2,GSM331452,1,0.7439925074577332
36,1,GSM331661,0,0.3053813576698303
36,1,GSM331663,0,0.11018632352352142
36,1,GSM331665,0,0.8045592308044434
36,1,GSM331669,0,0.7441665530204773
36,1,GSM331670,0,0.21245351433753967
36,1,GSM331677,0,0.20133934915065765
36,1,GSM331681,0,0.30426013469696045
36,1,GSM331682,0,0.1517488807439804
36,1,GSM331685,0,0.48087674379348755
36,1,GSM331686,0,0.24763935804367065
36,1,GSM331688,0,0.40413472056388855
36,1,GSM331689,0,0.40192967653274536
36,1,GSM331690,0,0.7416232824325562
36,1,GSM331694,0,0.1849755346775055
36,1,GSM331697,0,0.1606234461069107
36,1,GSM331700,0,0.7106797695159912
36,1,GSM331703,0,0.44127845764160156
36,1,GSM331704,0,0.2215377390384674
36,1,GSM331706,0,0.49130740761756897
36,1,GSM331707,0,0.3409343659877777
36,1,GSM331708,0,0.7176908850669861
36,1,GSM331710,0,0.09613684564828873
36,1,GSM331711,0,0.4965238869190216
36,1,GSM331712,0,0.10431713610887527
36,1,GSM331713,0,0.1631060242652893
36,1,GSM331715,0,0.1319255232810974
36,1,GSM331716,0,0.7551451921463013
36,1,GSM331718,0,0.6339107155799866
36,1,GSM331719,0,0.0422411747276783
36,1,GSM331720,0,0.5724954009056091
36,1,GSM331722,0,0.4653443396091461
36,1,GSM331723,0,0.4771730899810791
36,1,GSM331725,0,0.6302985548973083
36,1,GSM331726,0,0.1494678556919098
36,1,GSM331727,0,0.3753947913646698
36,1,GSM331729,0,0.10755380988121033
36,1,GSM331731,0,0.851651668548584
36,1,GSM331377,1,0.8788707852363586
36,1,GSM331379,1,0.659292995929718
36,1,GSM331380,1,0.8192737102508545
36,1,GSM331381,1,0.822847843170166
36,1,GSM331382,1,0.732991099357605
36,1,GSM331383,1,0.9144799113273621
36,1,GSM331388,1,0.9258719682693481
36,1,GSM331389,1,0.6198006272315979
36,1,GSM331390,1,0.475051611661911
36,1,GSM331391,1,0.7202587127685547
36,1,GSM331395,1,0.2926243245601654
36,1,GSM331402,1,0.46616047620773315
36,1,GSM331405,1,0.1571677327156067
36,1,GSM331407,1,0.2982752025127411
36,1,GSM331408,1,0.8438605070114136
36,1,GSM331409,1,0.6144841313362122
36,1,GSM331410,1,0.2606644928455353
36,1,GSM331412,1,0.8672412633895874
36,1,GSM331417,1,0.7428535223007202
36,1,GSM331419,1,0.4212041199207306
36,1,GSM331421,1,0.8198345899581909
36,1,GSM331424,1,0.5954465270042419
36,1,GSM331425,1,0.6439036130905151
36,1,GSM331429,1,0.7900616526603699
36,1,GSM331432,1,0.19132596254348755
36,1,GSM331434,1,0.6995664238929749
36,1,GSM331436,1,0.1940738558769226
36,1,GSM331438,1,0.8949418663978577
36,1,GSM331441,1,0.802527904510498
36,1,GSM331443,1,0.4535227417945862
36,1,GSM331446,1,0.3747486472129822
36,1,GSM331448,1,0.6983566284179688
36,1,GSM331450,1,0.5183037519454956
36,2,GSM331638,0,0.3682975172996521
36,2,GSM331660,0,0.283403605222702
36,2,GSM331662,0,0.6444231271743774
36,2,GSM331664,0,0.5415298342704773
36,2,GSM331666,0,0.1559334099292755
36,2,GSM331668,0,0.5554838180541992
36,2,GSM331671,0,0.5472185015678406
36,2,GSM331672,0,0.3078370690345764
36,2,GSM331673,0,0.48532208800315857
36,2,GSM331674,0,0.6566781997680664
36,2,GSM331675,0,0.06914488971233368
36,2,GSM331676,0,0.6015287041664124
36,2,GSM331678,0,0.21796563267707825
36,2,GSM331679,0,0.46109288930892944
36,2,GSM331680,0,0.39279210567474365
36,2,GSM331683,0,0.8109468817710876
36,2,GSM331684,0,0.11512214690446854
36,2,GSM331687,0,0.15948711335659027
36,2,GSM331691,0,0.3890482187271118
36,2,GSM331692,0,0.2567218840122223
36,2,GSM331693,0,0.06759531795978546
36,2,GSM331695,0,0.33064064383506775
36,2,GSM331696,0,0.6932300925254822
36,2,GSM331698,0,0.052979595959186554
36,2,GSM331699,0,0.4549727737903595
36,2,GSM331701,0,0.2314905971288681
36,2,GSM331702,0,0.28100013732910156
36,2,GSM331705,0,0.19431906938552856
36,2,GSM331709,0,0.1292843371629715
36,2,GSM331714,0,0.8980202078819275
36,2,GSM331717,0,0.3120429217815399
36,2,GSM331721,0,0.6053701639175415
36,2,GSM331724,0,0.24025635421276093
36,2,GSM331728,0,0.21153409779071808
36,2,GSM331730,0,0.1882626861333847
36,2,GSM331732,0,0.6903956532478333
36,2,GSM331378,1,0.9333015084266663
36,2,GSM331384,1,0.44759103655815125
36,2,GSM331385,1,0.3167068064212799
36,2,GSM331386,1,0.5085064172744751
36,2,GSM331387,1,0.6704304814338684
36,2,GSM331393,1,0.6968187093734741
36,2,GSM331396,1,0.915252149105072
36,2,GSM331397,1,0.4243617355823517
36,2,GSM331399,1,0.8778223395347595
36,2,GSM331400,1,0.48262497782707214
36,2,GSM331401,1,0.3479248285293579
36,2,GSM331403,1,0.9274429082870483
36,2,GSM331404,1,0.7724456191062927
36,2,GSM331406,1,0.8273159861564636
36,2,GSM331411,1,0.8786522150039673
36,2,GSM331413,1,0.37672996520996094
36,2,GSM331414,1,0.8493303060531616
36,2,GSM331416,1,0.35351502895355225
36,2,GSM331418,1,0.7023024559020996
36,2,GSM331420,1,0.8338132500648499
36,2,GSM331422,1,0.7990176677703857
36,2,GSM331426,1,0.77430260181427
36,2,GSM331427,1,0.8239821195602417
36,2,GSM331428,1,0.5791395902633667
36,2,GSM331430,1,0.7752439975738525
36,2,GSM331431,1,0.8210936188697815
36,2,GSM331439,1,0.9159104824066162
36,2,GSM331440,1,0.6340492963790894
36,2,GSM331442,1,0.45487484335899353
36,2,GSM331444,1,0.8325200080871582
36,2,GSM331445,1,0.33733344078063965
36,2,GSM331447,1,0.7012742757797241
36,2,GSM331452,1,0.8845946788787842
37,1,GSM331660,0,0.3260127305984497
37,1,GSM331663,0,0.3633395731449127
37,1,GSM331668,0,0.7191705703735352
37,1,GSM331671,0,0.7538760304450989
37,1,GSM331675,0,0.2692227363586426
37,1,GSM331677,0,0.33505943417549133
37,1,GSM331679,0,0.6221975684165955
37,1,GSM331680,0,0.6198558211326599
37,1,GSM331681,0,0.47461557388305664
37,1,GSM331683,0,0.7599830031394958
37,1,GSM331686,0,0.4172472059726715
37,1,GSM331687,0,0.3315572440624237
37,1,GSM331688,0,0.5127390623092651
37,1,GSM331691,0,0.47655582427978516
37,1,GSM331692,0,0.45561665296554565
37,1,GSM331693,0,0.3014770448207855
37,1,GSM331695,0,0.4284570515155792
37,1,GSM331697,0,0.44258230924606323
37,1,GSM331699,0,0.8090857863426208
37,1,GSM331703,0,0.5106513500213623
37,1,GSM331705,0,0.5818387866020203
37,1,GSM331706,0,0.7026246190071106
37,1,GSM331707,0,0.7427965402603149
37,1,GSM331708,0,0.8581289052963257
37,1,GSM331709,0,0.3133390545845032
37,1,GSM331710,0,0.2078534960746765
37,1,GSM331711,0,0.7470468282699585
37,1,GSM331714,0,0.8555596470832825
37,1,GSM331715,0,0.3045324683189392
37,1,GSM331716,0,0.752096951007843
37,1,GSM331718,0,0.7331847548484802
37,1,GSM331722,0,0.6562862992286682
37,1,GSM331723,0,0.863812267780304
37,1,GSM331725,0,0.6716561317443848
37,1,GSM331726,0,0.49503350257873535
37,1,GSM331728,0,0.3173287510871887
37,1,GSM331729,0,0.2536279857158661
37,1,GSM331380,1,0.6999493837356567
37,1,GSM331382,1,0.6574556231498718
37,1,GSM331383,1,0.8095141649246216
37,1,GSM331384,1,0.6824909448623657
37,1,GSM331386,1,0.6525503396987915
37,1,GSM331387,1,0.7227783203125
37,1,GSM331389,1,0.640617311000824
37,1,GSM331393,1,0.46415743231773376
37,1,GSM331399,1,0.8398641347885132
37,1,GSM331400,1,0.4771423935890198
37,1,GSM331401,1,0.5579427480697632
37,1,GSM331405,1,0.33545419573783875
37,1,GSM331406,1,0.8842328190803528
37,1,GSM331409,1,0.5227643251419067
37,1,GSM331411,1,0.8210176825523376
37,1,GSM331412,1,0.7460352182388306
37,1,GSM331417,1,0.7805293202400208
37,1,GSM331418,1,0.6446467638015747
37,1,GSM331420,1,0.682091474533081
37,1,GSM331421,1,0.7994857430458069
37,1,GSM331422,1,0.6975935101509094
37,1,GSM331424,1,0.7116167545318604
37,1,GSM331426,1,0.372607946395874
37,1,GSM331428,1,0.5271803140640259
37,1,GSM331430,1,0.6210424304008484
37,1,GSM331431,1,0.5373815894126892
37,1,GSM331432,1,0.45932134985923767
37,1,GSM331436,1,0.2608138918876648
37,1,GSM331438,1,0.7392972111701965
37,1,GSM331439,1,0.8543079495429993
37,1,GSM331441,1,0.7744998931884766
37,1,GSM331446,1,0.2439962923526764
37,1,GSM331450,1,0.5385327935218811
37,2,GSM331638,0,0.3728615939617157
37,2,GSM331661,0,0.5770792365074158
37,2,GSM331662,0,0.6036350131034851
37,2,GSM331664,0,0.4424964189529419
37,2,GSM331665,0,0.5383931398391724
37,2,GSM331666,0,0.32446056604385376
37,2,GSM331669,0,0.7050057053565979
37,2,GSM331670,0,0.370525062084198
37,2,GSM331672,0,0.3433035910129547
37,2,GSM331673,0,0.4495922029018402
37,2,GSM331674,0,0.6255391836166382
37,2,GSM331676,0,0.49962714314460754
37,2,GSM331678,0,0.20925891399383545
37,2,GSM331682,0,0.36310580372810364
37,2,GSM331684,0,0.2663070261478424
37,2,GSM331685,0,0.48951807618141174
37,2,GSM331689,0,0.4904206693172455
37,2,GSM331690,0,0.6934081315994263
37,2,GSM331694,0,0.38983669877052307
37,2,GSM331696,0,0.36248207092285156
37,2,GSM331698,0,0.13235558569431305
37,2,GSM331700,0,0.4774185121059418
37,2,GSM331701,0,0.3299897313117981
37,2,GSM331702,0,0.32779502868652344
37,2,GSM331704,0,0.5250255465507507
37,2,GSM331712,0,0.23389722406864166
37,2,GSM331713,0,0.29244014620780945
37,2,GSM331717,0,0.37691715359687805
37,2,GSM331719,0,0.14431029558181763
37,2,GSM331720,0,0.5212920308113098
37,2,GSM331721,0,0.5518101453781128
37,2,GSM331724,0,0.3277229368686676
37,2,GSM331727,0,0.4524337351322174
37,2,GSM331730,0,0.28463953733444214
37,2,GSM331731,0,0.7424395680427551
37,2,GSM331732,0,0.5779982805252075
37,2,GSM331377,1,0.6626210808753967
37,2,GSM331378,1,0.7947216629981995
37,2,GSM331379,1,0.6405059695243835
37,2,GSM331381,1,0.5891584753990173
37,2,GSM331385,1,0.3377070128917694
37,2,GSM331388,1,0.5670844316482544
37,2,GSM331390,1,0.3543166518211365
37,2,GSM331391,1,0.6157025694847107
37,2,GSM331395,1,0.41530516743659973
37,2,GSM331396,1,0.7782770395278931
37,2,GSM331397,1,0.41206052899360657
37,2,GSM331402,1,0.6504654288291931
37,2,GSM331403,1,0.8573980331420898
37,2,GSM331404,1,0.5235313773155212
37,2,GSM331407,1,0.4620741605758667
37,2,GSM331408,1,0.5852364897727966
37,2,GSM331410,1,0.4026300311088562
37,2,GSM331413,1,0.4062034785747528
37,2,GSM331414,1,0.6468987464904785
37,2,GSM331416,1,0.3962555229663849
37,2,GSM331419,1,0.40996456146240234
37,2,GSM331425,1,0.6242621541023254
37,2,GSM331427,1,0.7067056894302368
37,2,GSM331429,1,0.6033464670181274
37,2,GSM331434,1,0.7042862176895142
37,2,GSM331440,1,0.6342639923095703
37,2,GSM331442,1,0.5775355696678162
37,2,GSM331443,1,0.21771717071533203
37,2,GSM331444,1,0.7122093439102173
37,2,GSM331445,1,0.49675261974334717
37,2,GSM331447,1,0.6547179818153381
37,2,GSM331448,1,0.6844931244850159
37,2,GSM331452,1,0.8200188875198364
38,1,GSM331638,0,0.3151364028453827
38,1,GSM331660,0,0.1869095116853714
38,1,GSM331661,0,0.6970012187957764
38,1,GSM331664,0,0.24909070134162903
38,1,GSM331665,0,0.8517074584960938
38,1,GSM331670,0,0.5422791838645935
38,1,GSM331673,0,0.34734225273132324
38,1,GSM331675,0,0.19303689897060394
38,1,GSM331676,0,0.7655448317527771
38,1,GSM331678,0,0.08976151794195175
38,1,GSM331680,0,0.42793017625808716
38,1,GSM331684,0,0.1927337944507599
38,1,GSM331686,0,0.861374020576477
38,1,GSM331689,0,0.21578501164913177
38,1,GSM331690,0,0.6312304139137268
38,1,GSM331692,0,0.32339394092559814
38,1,GSM331695,0,0.395214706659317
38,1,GSM331697,0,0.2515186071395874
38,1,GSM331698,0,0.243204727768898
38,1,GSM331699,0,0.8326767683029175
38,1,GSM331702,0,0.7027803063392639
38,1,GSM331703,0,0.6333572864532471
38,1,GSM331706,0,0.872243344783783
38,1,GSM331707,0,0.7991511225700378
38,1,GSM331708,0,0.8890910744667053
38,1,GSM331711,0,0.4444592297077179
38,1,GSM331714,0,0.7154772877693176
38,1,GSM331716,0,0.982223629951477
38,1,GSM331718,0,0.7891683578491211
38,1,GSM331720,0,0.39733386039733887
38,1,GSM331721,0,0.9347631335258484
38,1,GSM331722,0,0.34243735671043396
38,1,GSM331725,0,0.829931914806366
38,1,GSM331727,0,0.3353492319583893
38,1,GSM331728,0,0.10818707197904587
38,1,GSM331731,0,0.7316288948059082
38,1,GSM331732,0,0.817267656326294
38,1,GSM331379,1,0.7748860716819763
38,1,GSM331381,1,0.4297213852405548
38,1,GSM331382,1,0.47355011105537415
38,1,GSM331383,1,0.7707878351211548
38,1,GSM331385,1,0.49631059169769287
38,1,GSM331386,1,0.5308877825737
38,1,GSM331387,1,0.6061234474182129
38,1,GSM331388,1,0.825555145740509
38,1,GSM331395,1,0.24135033786296844
38,1,GSM331399,1,0.8857232928276062
38,1,GSM331401,1,0.5730399489402771
38,1,GSM331402,1,0.44217273592948914
38,1,GSM331405,1,0.16796907782554626
38,1,GSM331406,1,0.6888924837112427
38,1,GSM331407,1,0.44596338272094727
38,1,GSM331410,1,0.41576847434043884
38,1,GSM331411,1,0.8196219205856323
38,1,GSM331412,1,0.5310564637184143
38,1,GSM331416,1,0.42276710271835327
38,1,GSM331420,1,0.6206780672073364
38,1,GSM331424,1,0.1977669596672058
38,1,GSM331425,1,0.27709102630615234
38,1,GSM331428,1,0.22478052973747253
38,1,GSM331431,1,0.6077405214309692
38,1,GSM331432,1,0.16076382994651794
38,1,GSM331436,1,0.09790513664484024
38,1,GSM331438,1,0.8424132466316223
38,1,GSM331439,1,0.738571047782898
38,1,GSM331441,1,0.632709801197052
38,1,GSM331443,1,0.07703495025634766
38,1,GSM331446,1,0.26325538754463196
38,1,GSM331448,1,0.8320420384407043
38,1,GSM331452,1,0.6347161531448364
38,2,GSM331662,0,0.46438395977020264
38,2,GSM331663,0,0.3806608319282532
38,2,GSM331666,0,0.24769754707813263
38,2,GSM331668,0,0.4884335398674011
38,2,GSM331669,0,0.9656829833984375
38,2,GSM331671,0,0.8968561887741089
38,2,GSM331672,0,0.7520647048950195
38,2,GSM331674,0,0.9128509163856506
38,2,GSM331677,0,0.4947550892829895
38,2,GSM331679,0,0.7219404578208923
38,2,GSM331681,0,0.7068421840667725
38,2,GSM331682,0,0.7597618103027344
38,2,GSM331683,0,0.641413152217865
38,2,GSM331685,0,0.1519714891910553
38,2,GSM331687,0,0.45837244391441345
38,2,GSM331688,0,0.7379441857337952
38,2,GSM331691,0,0.3510962128639221
38,2,GSM331693,0,0.4017218351364136
38,2,GSM331694,0,0.39652130007743835
38,2,GSM331696,0,0.35462382435798645
38,2,GSM331700,0,0.7876791954040527
38,2,GSM331701,0,0.3418693542480469
38,2,GSM331704,0,0.688681423664093
38,2,GSM331705,0,0.5716896653175354
38,2,GSM331709,0,0.22204077243804932
38,2,GSM331710,0,0.1710444986820221
38,2,GSM331712,0,0.5187039375305176
38,2,GSM331713,0,0.556199848651886
38,2,GSM331715,0,0.431615948677063
38,2,GSM331717,0,0.8571909070014954
38,2,GSM331719,0,0.2893604040145874
38,2,GSM331723,0,0.939892053604126
38,2,GSM331724,0,0.5168642401695251
38,2,GSM331726,0,0.1861119270324707
38,2,GSM331729,0,0.06303940713405609
38,2,GSM331730,0,0.4652611315250397
38,2,GSM331377,1,0.6593541502952576
38,2,GSM331378,1,0.8843908309936523
38,2,GSM331380,1,0.6715442538261414
38,2,GSM331384,1,0.6654627323150635
38,2,GSM331389,1,0.12487540394067764
38,2,GSM331390,1,0.5735644698143005
38,2,GSM331391,1,0.7678484916687012
38,2,GSM331393,1,0.631745457649231
38,2,GSM331396,1,0.3172268867492676
38,2,GSM331397,1,0.25356781482696533
38,2,GSM331400,1,0.33835235238075256
38,2,GSM331403,1,0.9402511715888977
38,2,GSM331404,1,0.45259201526641846
38,2,GSM331408,1,0.8076173067092896
38,2,GSM331409,1,0.5794610381126404
38,2,GSM331413,1,0.19831015169620514
38,2,GSM331414,1,0.59731125831604
38,2,GSM331417,1,0.716428816318512
38,2,GSM331418,1,0.5702968239784241
38,2,GSM331419,1,0.7931922078132629
38,2,GSM331421,1,0.5228457450866699
38,2,GSM331422,1,0.7209417819976807
38,2,GSM331426,1,0.7886971831321716
38,2,GSM331427,1,0.7757943272590637
38,2,GSM331429,1,0.7129793763160706
38,2,GSM331430,1,0.5133203268051147
38,2,GSM331434,1,0.6440743803977966
38,2,GSM331440,1,0.4500478506088257
38,2,GSM331442,1,0.8441057205200195
38,2,GSM331444,1,0.885435938835144
38,2,GSM331445,1,0.626148521900177
38,2,GSM331447,1,0.7979801297187805
38,2,GSM331450,1,0.871538519859314
39,1,GSM331660,0,0.20842762291431427
39,1,GSM331661,0,0.5925992131233215
39,1,GSM331663,0,0.31058424711227417
39,1,GSM331664,0,0.23740486800670624
39,1,GSM331666,0,0.25208190083503723
39,1,GSM331673,0,0.27186113595962524
39,1,GSM331675,0,0.16942626237869263
39,1,GSM331677,0,0.30777662992477417
39,1,GSM331678,0,0.21593400835990906
39,1,GSM331679,0,0.49474143981933594
39,1,GSM331680,0,0.4918118417263031
39,1,GSM331682,0,0.4112319052219391
39,1,GSM331683,0,0.5176180601119995
39,1,GSM331686,0,0.465788871049881
39,1,GSM331687,0,0.2728816568851471
39,1,GSM331688,0,0.6717830300331116
39,1,GSM331690,0,0.6741551756858826
39,1,GSM331696,0,0.3819938004016876
39,1,GSM331697,0,0.377515584230423
39,1,GSM331699,0,0.44643184542655945
39,1,GSM331700,0,0.5614503622055054
39,1,GSM331701,0,0.24276025593280792
39,1,GSM331704,0,0.4055637717247009
39,1,GSM331707,0,0.41943639516830444
39,1,GSM331709,0,0.25472190976142883
39,1,GSM331711,0,0.4202664792537689
39,1,GSM331715,0,0.2943098545074463
39,1,GSM331716,0,0.7698897123336792
39,1,GSM331717,0,0.5018213391304016
39,1,GSM331719,0,0.13447953760623932
39,1,GSM331720,0,0.34058159589767456
39,1,GSM331723,0,0.6029612421989441
39,1,GSM331728,0,0.1438806802034378
39,1,GSM331729,0,0.124140165746212
39,1,GSM331730,0,0.2801666855812073
39,1,GSM331731,0,0.787989616394043
39,1,GSM331732,0,0.6318538784980774
39,1,GSM331377,1,0.826729416847229
39,1,GSM331383,1,0.7543701529502869
39,1,GSM331384,1,0.5700608491897583
39,1,GSM331385,1,0.3282901346683502
39,1,GSM331386,1,0.5510284900665283
39,1,GSM331391,1,0.6059994101524353
39,1,GSM331395,1,0.41906651854515076
39,1,GSM331400,1,0.312995046377182
39,1,GSM331402,1,0.41689908504486084
39,1,GSM331403,1,0.8173879384994507
39,1,GSM331405,1,0.17060182988643646
39,1,GSM331406,1,0.6988274455070496
39,1,GSM331407,1,0.3735121488571167
39,1,GSM331411,1,0.8219507932662964
39,1,GSM331412,1,0.6894810199737549
39,1,GSM331414,1,0.6914374828338623
39,1,GSM331418,1,0.7280410528182983
39,1,GSM331419,1,0.49904778599739075
39,1,GSM331421,1,0.39245104789733887
39,1,GSM331425,1,0.4610537588596344
39,1,GSM331428,1,0.38229069113731384
39,1,GSM331429,1,0.7330614328384399
39,1,GSM331431,1,0.6041058897972107
39,1,GSM331432,1,0.16696296632289886
39,1,GSM331434,1,0.6289626955986023
39,1,GSM331438,1,0.8383644819259644
39,1,GSM331440,1,0.6066674590110779
39,1,GSM331441,1,0.671327531337738
39,1,GSM331442,1,0.3939395844936371
39,1,GSM331443,1,0.2935360372066498
39,1,GSM331444,1,0.5982191562652588
39,1,GSM331446,1,0.3922419846057892
39,1,GSM331447,1,0.6594916582107544
39,2,GSM331638,0,0.43604618310928345
39,2,GSM331662,0,0.5973044633865356
39,2,GSM331665,0,0.6843616366386414
39,2,GSM331668,0,0.5262918472290039
39,2,GSM331669,0,0.8029711246490479
39,2,GSM331670,0,0.3335740566253662
39,2,GSM331671,0,0.4495875835418701
39,2,GSM331672,0,0.20765088498592377
39,2,GSM331674,0,0.5678764581680298
39,2,GSM331676,0,0.402924120426178
39,2,GSM331681,0,0.42998939752578735
39,2,GSM331684,0,0.12614712119102478
39,2,GSM331685,0,0.28346386551856995
39,2,GSM331689,0,0.44781410694122314
39,2,GSM331691,0,0.6059428453445435
39,2,GSM331692,0,0.27425509691238403
39,2,GSM331693,0,0.16362321376800537
39,2,GSM331694,0,0.41158396005630493
39,2,GSM331695,0,0.47624242305755615
39,2,GSM331698,0,0.14140279591083527
39,2,GSM331702,0,0.32131990790367126
39,2,GSM331703,0,0.538047194480896
39,2,GSM331705,0,0.23836153745651245
39,2,GSM331706,0,0.7826473712921143
39,2,GSM331708,0,0.6659467816352844
39,2,GSM331710,0,0.20201760530471802
39,2,GSM331712,0,0.20737706124782562
39,2,GSM331713,0,0.4262472689151764
39,2,GSM331714,0,0.6479572057723999
39,2,GSM331718,0,0.6364144682884216
39,2,GSM331721,0,0.6273207664489746
39,2,GSM331722,0,0.49585166573524475
39,2,GSM331724,0,0.1448313593864441
39,2,GSM331725,0,0.5943968892097473
39,2,GSM331726,0,0.22870762646198273
39,2,GSM331727,0,0.3411312401294708
39,2,GSM331378,1,0.7999913692474365
39,2,GSM331379,1,0.3767509162425995
39,2,GSM331380,1,0.6222686171531677
39,2,GSM331381,1,0.7284485697746277
39,2,GSM331382,1,0.6972976326942444
39,2,GSM331387,1,0.3383558690547943
39,2,GSM331388,1,0.8386119604110718
39,2,GSM331389,1,0.508858323097229
39,2,GSM331390,1,0.33047905564308167
39,2,GSM331393,1,0.4470774531364441
39,2,GSM331396,1,0.673446536064148
39,2,GSM331397,1,0.3065721392631531
39,2,GSM331399,1,0.6295440793037415
39,2,GSM331401,1,0.46224474906921387
39,2,GSM331404,1,0.6441769599914551
39,2,GSM331408,1,0.7335932850837708
39,2,GSM331409,1,0.6259258985519409
39,2,GSM331410,1,0.23518460988998413
39,2,GSM331413,1,0.2094726264476776
39,2,GSM331416,1,0.49462929368019104
39,2,GSM331417,1,0.7439521551132202
39,2,GSM331420,1,0.6541497111320496
39,2,GSM331422,1,0.6071117520332336
39,2,GSM331424,1,0.4718761146068573
39,2,GSM331426,1,0.5607748031616211
39,2,GSM331427,1,0.5051664710044861
39,2,GSM331430,1,0.5695115327835083
39,2,GSM331436,1,0.31174296140670776
39,2,GSM331439,1,0.6890425086021423
39,2,GSM331445,1,0.6687386631965637
39,2,GSM331448,1,0.4575332701206207
39,2,GSM331450,1,0.38234445452690125
39,2,GSM331452,1,0.7681987881660461
40,1,GSM331660,0,0.4917275905609131
40,1,GSM331661,0,0.8119150996208191
40,1,GSM331662,0,0.6386759281158447
40,1,GSM331663,0,0.47585630416870117
40,1,GSM331664,0,0.6061912178993225
40,1,GSM331666,0,0.6075883507728577
40,1,GSM331669,0,0.91000896692276
40,1,GSM331670,0,0.6248033046722412
40,1,GSM331676,0,0.40797558426856995
40,1,GSM331681,0,0.5669326782226562
40,1,GSM331683,0,0.7551910877227783
40,1,GSM331687,0,0.39199918508529663
40,1,GSM331688,0,0.6859346032142639
40,1,GSM331692,0,0.21302427351474762
40,1,GSM331693,0,0.43843919038772583
40,1,GSM331694,0,0.39723628759384155
40,1,GSM331696,0,0.6865766644477844
40,1,GSM331699,0,0.7748254537582397
40,1,GSM331700,0,0.5454452037811279
40,1,GSM331701,0,0.4193381369113922
40,1,GSM331704,0,0.5202996730804443
40,1,GSM331706,0,0.6008801460266113
40,1,GSM331707,0,0.7740587592124939
40,1,GSM331709,0,0.4545755386352539
40,1,GSM331714,0,0.8629540205001831
40,1,GSM331715,0,0.5068666934967041
40,1,GSM331716,0,0.8905645608901978
40,1,GSM331717,0,0.6718022227287292
40,1,GSM331718,0,0.8245461583137512
40,1,GSM331719,0,0.21714363992214203
40,1,GSM331721,0,0.823406457901001
40,1,GSM331724,0,0.4579579532146454
40,1,GSM331725,0,0.7714512944221497
40,1,GSM331726,0,0.4819464683532715
40,1,GSM331727,0,0.6048812866210938
40,1,GSM331730,0,0.7222895622253418
40,1,GSM331732,0,0.7176746129989624
40,1,GSM331377,1,0.7860131859779358
40,1,GSM331378,1,0.826240062713623
40,1,GSM331380,1,0.677541971206665
40,1,GSM331381,1,0.6540305614471436
40,1,GSM331383,1,0.8034946918487549
40,1,GSM331384,1,0.7378131747245789
40,1,GSM331387,1,0.59907466173172
40,1,GSM331390,1,0.6321472525596619
40,1,GSM331391,1,0.8030676245689392
40,1,GSM331393,1,0.505452573299408
40,1,GSM331396,1,0.736483097076416
40,1,GSM331397,1,0.4969552755355835
40,1,GSM331400,1,0.3910425007343292
40,1,GSM331411,1,0.7789266109466553
40,1,GSM331412,1,0.7812881469726562
40,1,GSM331414,1,0.7160018682479858
40,1,GSM331418,1,0.45457810163497925
40,1,GSM331422,1,0.7733444571495056
40,1,GSM331427,1,0.8412988185882568
40,1,GSM331428,1,0.35370832681655884
40,1,GSM331429,1,0.5609186291694641
40,1,GSM331430,1,0.6920797824859619
40,1,GSM331432,1,0.36196571588516235
40,1,GSM331434,1,0.7435449361801147
40,1,GSM331436,1,0.19540071487426758
40,1,GSM331441,1,0.6934331059455872
40,1,GSM331442,1,0.8206337094306946
40,1,GSM331443,1,0.30290114879608154
40,1,GSM331444,1,0.6180139183998108
40,1,GSM331445,1,0.5734807252883911
40,1,GSM331446,1,0.3002268671989441
40,1,GSM331448,1,0.803283154964447
40,1,GSM331452,1,0.5681626796722412
40,2,GSM331638,0,0.6086210012435913
40,2,GSM331665,0,0.7154549956321716
40,2,GSM331668,0,0.6800287961959839
40,2,GSM331671,0,0.8042252659797668
40,2,GSM331672,0,0.6433917880058289
40,2,GSM331673,0,0.5723481178283691
40,2,GSM331674,0,0.6413511633872986
40,2,GSM331675,0,0.13761427998542786
40,2,GSM331677,0,0.4529816806316376
40,2,GSM331678,0,0.28659379482269287
40,2,GSM331679,0,0.478181391954422
40,2,GSM331680,0,0.4656303822994232
40,2,GSM331682,0,0.5163084864616394
40,2,GSM331684,0,0.2884712517261505
40,2,GSM331685,0,0.686484694480896
40,2,GSM331686,0,0.7321773171424866
40,2,GSM331689,0,0.2937636375427246
40,2,GSM331690,0,0.5904935598373413
40,2,GSM331691,0,0.529883623123169
40,2,GSM331695,0,0.633988618850708
40,2,GSM331697,0,0.6643893718719482
40,2,GSM331698,0,0.270224392414093
40,2,GSM331702,0,0.5421315431594849
40,2,GSM331703,0,0.7507197856903076
40,2,GSM331705,0,0.5388140082359314
40,2,GSM331708,0,0.8880957961082458
40,2,GSM331710,0,0.12743604183197021
40,2,GSM331711,0,0.681045651435852
40,2,GSM331712,0,0.40438950061798096
40,2,GSM331713,0,0.5227117538452148
40,2,GSM331720,0,0.742276132106781
40,2,GSM331722,0,0.5791981816291809
40,2,GSM331723,0,0.8377707600593567
40,2,GSM331728,0,0.3611465394496918
40,2,GSM331729,0,0.15763746201992035
40,2,GSM331731,0,0.7375602722167969
40,2,GSM331379,1,0.831074059009552
40,2,GSM331382,1,0.3239915072917938
40,2,GSM331385,1,0.4368549883365631
40,2,GSM331386,1,0.4082571864128113
40,2,GSM331388,1,0.7208731174468994
40,2,GSM331389,1,0.3180195391178131
40,2,GSM331395,1,0.46516576409339905
40,2,GSM331399,1,0.7107511162757874
40,2,GSM331401,1,0.38839226961135864
40,2,GSM331402,1,0.454164057970047
40,2,GSM331403,1,0.6701275706291199
40,2,GSM331404,1,0.5311177372932434
40,2,GSM331405,1,0.3281891644001007
40,2,GSM331406,1,0.6277287006378174
40,2,GSM331407,1,0.25168612599372864
40,2,GSM331408,1,0.5536885261535645
40,2,GSM331409,1,0.4492354691028595
40,2,GSM331410,1,0.5128739476203918
40,2,GSM331413,1,0.28827616572380066
40,2,GSM331416,1,0.425926148891449
40,2,GSM331417,1,0.5712156295776367
40,2,GSM331419,1,0.45264163613319397
40,2,GSM331420,1,0.5605167150497437
40,2,GSM331421,1,0.6441450119018555
40,2,GSM331424,1,0.3932109773159027
40,2,GSM331425,1,0.5116320848464966
40,2,GSM331426,1,0.5766014456748962
40,2,GSM331431,1,0.6273084282875061
40,2,GSM331438,1,0.7691659331321716
40,2,GSM331439,1,0.7920784950256348
40,2,GSM331440,1,0.49917855858802795
40,2,GSM331447,1,0.4975617825984955
40,2,GSM331450,1,0.7363027334213257
41,1,GSM331638,0,0.3350793123245239
41,1,GSM331662,0,0.3342285454273224
41,1,GSM331664,0,0.17375896871089935
41,1,GSM331665,0,0.5764383673667908
41,1,GSM331668,0,0.575120210647583
41,1,GSM331669,0,0.7469451427459717
41,1,GSM331673,0,0.29884883761405945
41,1,GSM331674,0,0.391570508480072
41,1,GSM331675,0,0.11228000372648239
41,1,GSM331677,0,0.13215602934360504
41,1,GSM331678,0,0.12995371222496033
41,1,GSM331679,0,0.13689754903316498
41,1,GSM331682,0,0.3833935558795929
41,1,GSM331683,0,0.47585445642471313
41,1,GSM331691,0,0.6111058592796326
41,1,GSM331693,0,0.4645771086215973
41,1,GSM331695,0,0.24430865049362183
41,1,GSM331699,0,0.20977985858917236
41,1,GSM331701,0,0.26007625460624695
41,1,GSM331703,0,0.46293577551841736
41,1,GSM331704,0,0.4266541600227356
41,1,GSM331705,0,0.2341804951429367
41,1,GSM331706,0,0.8711354732513428
41,1,GSM331708,0,0.5305652022361755
41,1,GSM331709,0,0.04736417159438133
41,1,GSM331710,0,0.08759767562150955
41,1,GSM331711,0,0.697932779788971
41,1,GSM331713,0,0.4136448800563812
41,1,GSM331719,0,0.14985890686511993
41,1,GSM331721,0,0.7151601314544678
41,1,GSM331722,0,0.253692090511322
41,1,GSM331723,0,0.6918327808380127
41,1,GSM331724,0,0.2680684030056
41,1,GSM331725,0,0.42824050784111023
41,1,GSM331726,0,0.15538053214550018
41,1,GSM331727,0,0.26575377583503723
41,1,GSM331732,0,0.5123924612998962
41,1,GSM331378,1,0.920522153377533
41,1,GSM331379,1,0.5644325017929077
41,1,GSM331380,1,0.785396158695221
41,1,GSM331381,1,0.8844122886657715
41,1,GSM331384,1,0.6430655121803284
41,1,GSM331387,1,0.3549603521823883
41,1,GSM331388,1,0.9026631116867065
41,1,GSM331391,1,0.5326133370399475
41,1,GSM331393,1,0.68938809633255
41,1,GSM331396,1,0.8527597188949585
41,1,GSM331397,1,0.14668822288513184
41,1,GSM331400,1,0.5017048716545105
41,1,GSM331401,1,0.7628471255302429
41,1,GSM331402,1,0.5296494960784912
41,1,GSM331403,1,0.8949015140533447
41,1,GSM331405,1,0.1280984729528427
41,1,GSM331406,1,0.48957788944244385
41,1,GSM331407,1,0.3542022705078125
41,1,GSM331408,1,0.8932337164878845
41,1,GSM331409,1,0.7578174471855164
41,1,GSM331411,1,0.8374464511871338
41,1,GSM331418,1,0.7741313576698303
41,1,GSM331420,1,0.8479753732681274
41,1,GSM331422,1,0.7150608897209167
41,1,GSM331424,1,0.25572308897972107
41,1,GSM331427,1,0.6128237247467041
41,1,GSM331430,1,0.6302693486213684
41,1,GSM331432,1,0.36935752630233765
41,1,GSM331434,1,0.8668026328086853
41,1,GSM331436,1,0.12967592477798462
41,1,GSM331441,1,0.823636531829834
41,1,GSM331442,1,0.17921575903892517
41,1,GSM331444,1,0.4430956542491913
41,2,GSM331660,0,0.24107356369495392
41,2,GSM331661,0,0.6466817259788513
41,2,GSM331663,0,0.2546817660331726
41,2,GSM331666,0,0.3457415997982025
41,2,GSM331670,0,0.30023857951164246
41,2,GSM331671,0,0.6710906624794006
41,2,GSM331672,0,0.516940712928772
41,2,GSM331676,0,0.6019255518913269
41,2,GSM331680,0,0.3169207274913788
41,2,GSM331681,0,0.567019522190094
41,2,GSM331684,0,0.1528690755367279
41,2,GSM331685,0,0.21566328406333923
41,2,GSM331686,0,0.6611623764038086
41,2,GSM331687,0,0.2369689792394638
41,2,GSM331688,0,0.5827301740646362
41,2,GSM331689,0,0.2974860668182373
41,2,GSM331690,0,0.8308780789375305
41,2,GSM331692,0,0.12468690425157547
41,2,GSM331694,0,0.13236300647258759
41,2,GSM331696,0,0.59740149974823
41,2,GSM331697,0,0.23153379559516907
41,2,GSM331698,0,0.3474993407726288
41,2,GSM331700,0,0.5335446000099182
41,2,GSM331702,0,0.5005055069923401
41,2,GSM331707,0,0.3883780837059021
41,2,GSM331712,0,0.5050916075706482
41,2,GSM331714,0,0.8579702377319336
41,2,GSM331715,0,0.26235657930374146
41,2,GSM331716,0,0.9453304409980774
41,2,GSM331717,0,0.6694425940513611
41,2,GSM331718,0,0.8064297437667847
41,2,GSM331720,0,0.33819255232810974
41,2,GSM331728,0,0.16558192670345306
41,2,GSM331729,0,0.07674708962440491
41,2,GSM331730,0,0.7520424127578735
41,2,GSM331731,0,0.7552918195724487
41,2,GSM331377,1,0.8097280263900757
41,2,GSM331382,1,0.5256960391998291
41,2,GSM331383,1,0.9485622048377991
41,2,GSM331385,1,0.4225981831550598
41,2,GSM331386,1,0.5440287590026855
41,2,GSM331389,1,0.4790239930152893
41,2,GSM331390,1,0.5033007264137268
41,2,GSM331395,1,0.4884335994720459
41,2,GSM331399,1,0.8974234461784363
41,2,GSM331404,1,0.5703689455986023
41,2,GSM331410,1,0.39796963334083557
41,2,GSM331412,1,0.8379064202308655
41,2,GSM331413,1,0.15334251523017883
41,2,GSM331414,1,0.746040403842926
41,2,GSM331416,1,0.4551030695438385
41,2,GSM331417,1,0.6652798056602478
41,2,GSM331419,1,0.4914175868034363
41,2,GSM331421,1,0.6328995823860168
41,2,GSM331425,1,0.7187911868095398
41,2,GSM331426,1,0.781592071056366
41,2,GSM331428,1,0.41601964831352234
41,2,GSM331429,1,0.620411217212677
41,2,GSM331431,1,0.7714800834655762
41,2,GSM331438,1,0.8622675538063049
41,2,GSM331439,1,0.7846940755844116
41,2,GSM331440,1,0.6102679967880249
41,2,GSM331443,1,0.2810622453689575
41,2,GSM331445,1,0.4330865740776062
41,2,GSM331446,1,0.14387911558151245
41,2,GSM331447,1,0.6949199438095093
41,2,GSM331448,1,0.6350826025009155
41,2,GSM331450,1,0.3062087297439575
41,2,GSM331452,1,0.6277070045471191
42,1,GSM331638,0,0.31530702114105225
42,1,GSM331662,0,0.42846813797950745
42,1,GSM331668,0,0.48902034759521484
42,1,GSM331669,0,0.7317071557044983
42,1,GSM331670,0,0.3032193183898926
42,1,GSM331671,0,0.46127474308013916
42,1,GSM331672,0,0.3010576069355011
42,1,GSM331673,0,0.3203323185443878
42,1,GSM331674,0,0.4920281767845154
42,1,GSM331677,0,0.2395457923412323
42,1,GSM331678,0,0.23647573590278625
42,1,GSM331679,0,0.46643850207328796
42,1,GSM331681,0,0.4988534450531006
42,1,GSM331684,0,0.15886487066745758
42,1,GSM331686,0,0.3305688500404358
42,1,GSM331687,0,0.22633756697177887
42,1,GSM331689,0,0.32583752274513245
42,1,GSM331691,0,0.47546327114105225
42,1,GSM331693,0,0.19717903435230255
42,1,GSM331694,0,0.2950666546821594
42,1,GSM331695,0,0.26319050788879395
42,1,GSM331696,0,0.47017592191696167
42,1,GSM331699,0,0.3386560380458832
42,1,GSM331700,0,0.4868931472301483
42,1,GSM331702,0,0.30726462602615356
42,1,GSM331704,0,0.4471067488193512
42,1,GSM331705,0,0.225271075963974
42,1,GSM331708,0,0.5621679425239563
42,1,GSM331709,0,0.20026104152202606
42,1,GSM331710,0,0.1389559656381607
42,1,GSM331711,0,0.5798438191413879
42,1,GSM331713,0,0.35292547941207886
42,1,GSM331715,0,0.31048014760017395
42,1,GSM331719,0,0.18509061634540558
42,1,GSM331721,0,0.6826897859573364
42,1,GSM331722,0,0.38675081729888916
42,1,GSM331726,0,0.21430720388889313
42,1,GSM331377,1,0.8045974969863892
42,1,GSM331379,1,0.5451833009719849
42,1,GSM331383,1,0.7040126919746399
42,1,GSM331384,1,0.5411946773529053
42,1,GSM331385,1,0.3472922742366791
42,1,GSM331388,1,0.7063947319984436
42,1,GSM331389,1,0.43178287148475647
42,1,GSM331390,1,0.5576755404472351
42,1,GSM331396,1,0.5891704559326172
42,1,GSM331397,1,0.43800923228263855
42,1,GSM331399,1,0.5789764523506165
42,1,GSM331401,1,0.5198310017585754
42,1,GSM331405,1,0.2615728974342346
42,1,GSM331407,1,0.4707026183605194
42,1,GSM331408,1,0.5741293430328369
42,1,GSM331409,1,0.6030041575431824
42,1,GSM331411,1,0.6724562048912048
42,1,GSM331413,1,0.3081640303134918
42,1,GSM331414,1,0.657058596611023
42,1,GSM331416,1,0.5056191086769104
42,1,GSM331418,1,0.6464780569076538
42,1,GSM331419,1,0.42708244919776917
42,1,GSM331422,1,0.627650260925293
42,1,GSM331424,1,0.45289039611816406
42,1,GSM331425,1,0.5010305047035217
42,1,GSM331428,1,0.45369863510131836
42,1,GSM331430,1,0.5722988843917847
42,1,GSM331431,1,0.654181957244873
42,1,GSM331436,1,0.1764138787984848
42,1,GSM331439,1,0.5981165766716003
42,1,GSM331440,1,0.5800291299819946
42,1,GSM331444,1,0.6228370070457458
42,1,GSM331450,1,0.532574474811554
42,2,GSM331660,0,0.2693333625793457
42,2,GSM331661,0,0.5672418475151062
42,2,GSM331663,0,0.4358538091182709
42,2,GSM331664,0,0.47689902782440186
42,2,GSM331665,0,0.6090152859687805
42,2,GSM331666,0,0.3928316533565521
42,2,GSM331675,0,0.27350279688835144
42,2,GSM331676,0,0.40287134051322937
42,2,GSM331680,0,0.4078962504863739
42,2,GSM331682,0,0.3500625789165497
42,2,GSM331683,0,0.5789780616760254
42,2,GSM331685,0,0.36761903762817383
42,2,GSM331688,0,0.5028861165046692
42,2,GSM331690,0,0.5043293237686157
42,2,GSM331692,0,0.25141388177871704
42,2,GSM331697,0,0.3364482522010803
42,2,GSM331698,0,0.36737704277038574
42,2,GSM331701,0,0.38232144713401794
42,2,GSM331703,0,0.3105688691139221
42,2,GSM331706,0,0.7025421857833862
42,2,GSM331707,0,0.36408600211143494
42,2,GSM331712,0,0.2496584802865982
42,2,GSM331714,0,0.7131063938140869
42,2,GSM331716,0,0.7819096446037292
42,2,GSM331717,0,0.4432849884033203
42,2,GSM331718,0,0.6118158102035522
42,2,GSM331720,0,0.42804157733917236
42,2,GSM331723,0,0.5786569714546204
42,2,GSM331724,0,0.46687814593315125
42,2,GSM331725,0,0.6436140537261963
42,2,GSM331727,0,0.3065037429332733
42,2,GSM331728,0,0.19341084361076355
42,2,GSM331729,0,0.1986437886953354
42,2,GSM331730,0,0.387002170085907
42,2,GSM331731,0,0.6203269362449646
42,2,GSM331732,0,0.5001001954078674
42,2,GSM331378,1,0.8106541037559509
42,2,GSM331380,1,0.6229498386383057
42,2,GSM331381,1,0.6178770065307617
42,2,GSM331382,1,0.5243104696273804
42,2,GSM331386,1,0.4000776708126068
42,2,GSM331387,1,0.5774679780006409
42,2,GSM331391,1,0.6650978326797485
42,2,GSM331393,1,0.5145441889762878
42,2,GSM331395,1,0.45799994468688965
42,2,GSM331400,1,0.39606595039367676
42,2,GSM331402,1,0.5631139278411865
42,2,GSM331403,1,0.7826352715492249
42,2,GSM331404,1,0.5711629390716553
42,2,GSM331406,1,0.5828994512557983
42,2,GSM331410,1,0.5427820682525635
42,2,GSM331412,1,0.5521359443664551
42,2,GSM331417,1,0.5862261652946472
42,2,GSM331420,1,0.7125883102416992
42,2,GSM331421,1,0.6105771064758301
42,2,GSM331426,1,0.6719180941581726
42,2,GSM331427,1,0.7075294256210327
42,2,GSM331429,1,0.5948454737663269
42,2,GSM331432,1,0.33369413018226624
42,2,GSM331434,1,0.5552213191986084
42,2,GSM331438,1,0.7116358876228333
42,2,GSM331441,1,0.5680281519889832
42,2,GSM331442,1,0.2660040557384491
42,2,GSM331443,1,0.38654157519340515
42,2,GSM331445,1,0.26118743419647217
42,2,GSM331446,1,0.46361038088798523
42,2,GSM331447,1,0.5742809772491455
42,2,GSM331448,1,0.598516583442688
42,2,GSM331452,1,0.5885027050971985
43,1,GSM331660,0,0.04799438640475273
43,1,GSM331662,0,0.29520195722579956
43,1,GSM331663,0,0.2315237671136856
43,1,GSM331666,0,0.18413355946540833
43,1,GSM331668,0,0.38909462094306946
43,1,GSM331669,0,0.9579600691795349
43,1,GSM331670,0,0.5996007919311523
43,1,GSM331673,0,0.3386918902397156
43,1,GSM331674,0,0.7953326106071472
43,1,GSM331675,0,0.1455342173576355
43,1,GSM331676,0,0.6517429351806641
43,1,GSM331677,0,0.09366949647665024
43,1,GSM331679,0,0.6164595484733582
43,1,GSM331681,0,0.8471300005912781
43,1,GSM331682,0,0.6244409680366516
43,1,GSM331683,0,0.7194921970367432
43,1,GSM331685,0,0.20867130160331726
43,1,GSM331689,0,0.3300057351589203
43,1,GSM331690,0,0.9464016556739807
43,1,GSM331691,0,0.6188393235206604
43,1,GSM331692,0,0.3480592966079712
43,1,GSM331695,0,0.09157803654670715
43,1,GSM331697,0,0.08005478978157043
43,1,GSM331704,0,0.784247636795044
43,1,GSM331705,0,0.24048694968223572
43,1,GSM331707,0,0.4462457597255707
43,1,GSM331711,0,0.22340825200080872
43,1,GSM331713,0,0.39438849687576294
43,1,GSM331715,0,0.19238921999931335
43,1,GSM331716,0,0.9911309480667114
43,1,GSM331717,0,0.8053772449493408
43,1,GSM331721,0,0.8713899254798889
43,1,GSM331726,0,0.0340365469455719
43,1,GSM331728,0,0.03760458528995514
43,1,GSM331729,0,0.0224590040743351
43,1,GSM331730,0,0.33818432688713074
43,1,GSM331731,0,0.533592939376831
43,1,GSM331377,1,0.7699134349822998
43,1,GSM331382,1,0.5988394618034363
43,1,GSM331385,1,0.2913380265235901
43,1,GSM331386,1,0.3216918408870697
43,1,GSM331388,1,0.9142531156539917
43,1,GSM331391,1,0.4937807321548462
43,1,GSM331395,1,0.2841551899909973
43,1,GSM331396,1,0.24249465763568878
43,1,GSM331400,1,0.18545027077198029
43,1,GSM331401,1,0.8358839750289917
43,1,GSM331403,1,0.9568403363227844
43,1,GSM331404,1,0.8300216794013977
43,1,GSM331405,1,0.241460382938385
43,1,GSM331407,1,0.8314989805221558
43,1,GSM331409,1,0.6861481666564941
43,1,GSM331410,1,0.6586897969245911
43,1,GSM331412,1,0.8870260715484619
43,1,GSM331413,1,0.32672855257987976
43,1,GSM331414,1,0.6903791427612305
43,1,GSM331421,1,0.4579717814922333
43,1,GSM331422,1,0.7595750093460083
43,1,GSM331425,1,0.6112905740737915
43,1,GSM331428,1,0.15109625458717346
43,1,GSM331432,1,0.21866275370121002
43,1,GSM331436,1,0.31879016757011414
43,1,GSM331438,1,0.8536665439605713
43,1,GSM331440,1,0.49923786520957947
43,1,GSM331441,1,0.3507244884967804
43,1,GSM331442,1,0.4612599313259125
43,1,GSM331443,1,0.315300852060318
43,1,GSM331445,1,0.8570767641067505
43,1,GSM331447,1,0.7293490171432495
43,1,GSM331448,1,0.5851367712020874
43,2,GSM331638,0,0.26524871587753296
43,2,GSM331661,0,0.8377403020858765
43,2,GSM331664,0,0.21965214610099792
43,2,GSM331665,0,0.897161602973938
43,2,GSM331671,0,0.7083940505981445
43,2,GSM331672,0,0.6617965698242188
43,2,GSM331678,0,0.04334035515785217
43,2,GSM331680,0,0.7293267250061035
43,2,GSM331684,0,0.39001935720443726
43,2,GSM331686,0,0.8010326623916626
43,2,GSM331687,0,0.13778895139694214
43,2,GSM331688,0,0.509067714214325
43,2,GSM331693,0,0.5957863330841064
43,2,GSM331694,0,0.5237486362457275
43,2,GSM331696,0,0.23113302886486053
43,2,GSM331698,0,0.3312145173549652
43,2,GSM331699,0,0.4047858715057373
43,2,GSM331700,0,0.7029981017112732
43,2,GSM331701,0,0.36583155393600464
43,2,GSM331702,0,0.825491726398468
43,2,GSM331703,0,0.1579934060573578
43,2,GSM331706,0,0.986351728439331
43,2,GSM331708,0,0.7964228391647339
43,2,GSM331709,0,0.08679049462080002
43,2,GSM331710,0,0.22951990365982056
43,2,GSM331712,0,0.6384502053260803
43,2,GSM331714,0,0.5464239716529846
43,2,GSM331718,0,0.8773263096809387
43,2,GSM331719,0,0.27546799182891846
43,2,GSM331720,0,0.4410420060157776
43,2,GSM331722,0,0.6607378125190735
43,2,GSM331723,0,0.7936353087425232
43,2,GSM331724,0,0.3604475259780884
43,2,GSM331725,0,0.8414127230644226
43,2,GSM331727,0,0.2702628970146179
43,2,GSM331732,0,0.7926750183105469
43,2,GSM331378,1,0.810362696647644
43,2,GSM331379,1,0.8424592614173889
43,2,GSM331380,1,0.7834089398384094
43,2,GSM331381,1,0.6703013777732849
43,2,GSM331383,1,0.8760874271392822
43,2,GSM331384,1,0.6975046396255493
43,2,GSM331387,1,0.5242881774902344
43,2,GSM331389,1,0.261087030172348
43,2,GSM331390,1,0.434727281332016
43,2,GSM331393,1,0.5834546685218811
43,2,GSM331397,1,0.49644359946250916
43,2,GSM331399,1,0.7287023067474365
43,2,GSM331402,1,0.5624122619628906
43,2,GSM331406,1,0.7201701402664185
43,2,GSM331408,1,0.8624731302261353
43,2,GSM331411,1,0.731890857219696
43,2,GSM331416,1,0.7330954074859619
43,2,GSM331417,1,0.9655537009239197
43,2,GSM331418,1,0.5757577419281006
43,2,GSM331419,1,0.9050558805465698
43,2,GSM331420,1,0.8846098184585571
43,2,GSM331424,1,0.3211601674556732
43,2,GSM331426,1,0.9086929559707642
43,2,GSM331427,1,0.6086713075637817
43,2,GSM331429,1,0.7724573612213135
43,2,GSM331430,1,0.38733917474746704
43,2,GSM331431,1,0.4934888482093811
43,2,GSM331434,1,0.7085992097854614
43,2,GSM331439,1,0.8239706754684448
43,2,GSM331444,1,0.9357326030731201
43,2,GSM331446,1,0.30476367473602295
43,2,GSM331450,1,0.6784133315086365
43,2,GSM331452,1,0.8405753374099731
44,1,GSM331664,0,0.1503441035747528
44,1,GSM331665,0,0.2327682375907898
44,1,GSM331666,0,0.19848063588142395
44,1,GSM331668,0,0.4228823184967041
44,1,GSM331670,0,0.1439180225133896
44,1,GSM331671,0,0.35942670702934265
44,1,GSM331672,0,0.24058979749679565
44,1,GSM331673,0,0.22635188698768616
44,1,GSM331674,0,0.2066265046596527
44,1,GSM331676,0,0.6031515002250671
44,1,GSM331678,0,0.07252449542284012
44,1,GSM331680,0,0.5473587512969971
44,1,GSM331682,0,0.13331656157970428
44,1,GSM331686,0,0.052168600261211395
44,1,GSM331687,0,0.11540237814188004
44,1,GSM331689,0,0.236356720328331
44,1,GSM331691,0,0.6537152528762817
44,1,GSM331693,0,0.12698467075824738
44,1,GSM331696,0,0.39137032628059387
44,1,GSM331698,0,0.03170114383101463
44,1,GSM331700,0,0.18952254951000214
44,1,GSM331702,0,0.10207405686378479
44,1,GSM331703,0,0.24376758933067322
44,1,GSM331705,0,0.033219173550605774
44,1,GSM331708,0,0.39136889576911926
44,1,GSM331709,0,0.043002527207136154
44,1,GSM331712,0,0.10697264224290848
44,1,GSM331713,0,0.09577441215515137
44,1,GSM331715,0,0.08083616942167282
44,1,GSM331721,0,0.2830134332180023
44,1,GSM331724,0,0.07750869542360306
44,1,GSM331725,0,0.3908942937850952
44,1,GSM331727,0,0.19428494572639465
44,1,GSM331728,0,0.07837072759866714
44,1,GSM331729,0,0.0231171865016222
44,1,GSM331730,0,0.19065074622631073
44,1,GSM331732,0,0.5198853015899658
44,1,GSM331382,1,0.7630528807640076
44,1,GSM331383,1,0.9035192728042603
44,1,GSM331385,1,0.21688051521778107
44,1,GSM331386,1,0.5522274374961853
44,1,GSM331387,1,0.17717675864696503
44,1,GSM331390,1,0.31675076484680176
44,1,GSM331395,1,0.40774598717689514
44,1,GSM331397,1,0.4582434296607971
44,1,GSM331399,1,0.6161425709724426
44,1,GSM331400,1,0.4926886558532715
44,1,GSM331401,1,0.46083560585975647
44,1,GSM331402,1,0.7540608644485474
44,1,GSM331404,1,0.855749785900116
44,1,GSM331405,1,0.046543654054403305
44,1,GSM331406,1,0.8682999014854431
44,1,GSM331408,1,0.7588253617286682
44,1,GSM331410,1,0.09671767055988312
44,1,GSM331412,1,0.9548501968383789
44,1,GSM331416,1,0.35630831122398376
44,1,GSM331421,1,0.5005043148994446
44,1,GSM331424,1,0.4372408390045166
44,1,GSM331425,1,0.574262261390686
44,1,GSM331426,1,0.18529613316059113
44,1,GSM331431,1,0.7942209243774414
44,1,GSM331434,1,0.5673955082893372
44,1,GSM331438,1,0.8772596120834351
44,1,GSM331440,1,0.7945889830589294
44,1,GSM331443,1,0.18877962231636047
44,1,GSM331444,1,0.4345937669277191
44,1,GSM331446,1,0.12848789989948273
44,1,GSM331448,1,0.6177493333816528
44,1,GSM331450,1,0.2033151239156723
44,1,GSM331452,1,0.870979368686676
44,2,GSM331638,0,0.32065343856811523
44,2,GSM331660,0,0.21339023113250732
44,2,GSM331661,0,0.4807910919189453
44,2,GSM331662,0,0.9169889092445374
44,2,GSM331663,0,0.44887396693229675
44,2,GSM331669,0,0.8999090194702148
44,2,GSM331675,0,0.03578861057758331
44,2,GSM331677,0,0.4093455970287323
44,2,GSM331679,0,0.5871874094009399
44,2,GSM331681,0,0.6569865942001343
44,2,GSM331683,0,0.8524794578552246
44,2,GSM331684,0,0.15678980946540833
44,2,GSM331685,0,0.6764082908630371
44,2,GSM331688,0,0.5265769958496094
44,2,GSM331690,0,0.9206496477127075
44,2,GSM331692,0,0.17472727596759796
44,2,GSM331694,0,0.23013685643672943
44,2,GSM331695,0,0.2810400426387787
44,2,GSM331697,0,0.3112190067768097
44,2,GSM331699,0,0.23940762877464294
44,2,GSM331701,0,0.19732655584812164
44,2,GSM331704,0,0.7196110486984253
44,2,GSM331706,0,0.9645473957061768
44,2,GSM331707,0,0.16171884536743164
44,2,GSM331710,0,0.07861074060201645
44,2,GSM331711,0,0.8729557394981384
44,2,GSM331714,0,0.9377127885818481
44,2,GSM331716,0,0.9622160196304321
44,2,GSM331717,0,0.5676272511482239
44,2,GSM331718,0,0.8368964195251465
44,2,GSM331719,0,0.050958048552274704
44,2,GSM331720,0,0.579474687576294
44,2,GSM331722,0,0.6195514798164368
44,2,GSM331723,0,0.2652551531791687
44,2,GSM331726,0,0.25398823618888855
44,2,GSM331731,0,0.9804593324661255
44,2,GSM331377,1,0.9442817568778992
44,2,GSM331378,1,0.9739791750907898
44,2,GSM331379,1,0.29819244146347046
44,2,GSM331380,1,0.9609233736991882
44,2,GSM331381,1,0.8689166307449341
44,2,GSM331384,1,0.7779934406280518
44,2,GSM331388,1,0.9888516068458557
44,2,GSM331389,1,0.8187030553817749
44,2,GSM331391,1,0.48785606026649475
44,2,GSM331393,1,0.8391039967536926
44,2,GSM331396,1,0.8303382992744446
44,2,GSM331403,1,0.9586439728736877
44,2,GSM331407,1,0.5644769072532654
44,2,GSM331409,1,0.7775872349739075
44,2,GSM331411,1,0.9687076210975647
44,2,GSM331413,1,0.21195989847183228
44,2,GSM331414,1,0.9739693403244019
44,2,GSM331417,1,0.8670293092727661
44,2,GSM331418,1,0.9006708860397339
44,2,GSM331419,1,0.47888240218162537
44,2,GSM331420,1,0.9712299108505249
44,2,GSM331422,1,0.9462210536003113
44,2,GSM331427,1,0.7520637512207031
44,2,GSM331428,1,0.6897065043449402
44,2,GSM331429,1,0.9665833711624146
44,2,GSM331430,1,0.9274094700813293
44,2,GSM331432,1,0.29717952013015747
44,2,GSM331436,1,0.03384203836321831
44,2,GSM331439,1,0.9412035346031189
44,2,GSM331441,1,0.9472799301147461
44,2,GSM331442,1,0.2914397120475769
44,2,GSM331445,1,0.3977278172969818
44,2,GSM331447,1,0.9255788326263428
45,1,GSM331638,0,0.21725116670131683
45,1,GSM331663,0,0.2552737295627594
45,1,GSM331665,0,0.6685415506362915
45,1,GSM331668,0,0.5980477929115295
45,1,GSM331669,0,0.91937255859375
45,1,GSM331672,0,0.5215858221054077
45,1,GSM331674,0,0.5333260893821716
45,1,GSM331676,0,0.7225027680397034
45,1,GSM331677,0,0.2876777648925781
45,1,GSM331681,0,0.4160962998867035
45,1,GSM331683,0,0.6483874917030334
45,1,GSM331684,0,0.13361883163452148
45,1,GSM331690,0,0.8815382122993469
45,1,GSM331695,0,0.35413146018981934
45,1,GSM331697,0,0.32446637749671936
45,1,GSM331699,0,0.4804655909538269
45,1,GSM331700,0,0.4048643708229065
45,1,GSM331701,0,0.3973984718322754
45,1,GSM331706,0,0.855191171169281
45,1,GSM331707,0,0.34814220666885376
45,1,GSM331709,0,0.13515320420265198
45,1,GSM331710,0,0.04599662497639656
45,1,GSM331711,0,0.5714942216873169
45,1,GSM331713,0,0.15320327877998352
45,1,GSM331714,0,0.5581979155540466
45,1,GSM331716,0,0.862880289554596
45,1,GSM331717,0,0.7165473103523254
45,1,GSM331720,0,0.3567841053009033
45,1,GSM331721,0,0.6722613573074341
45,1,GSM331722,0,0.4182388484477997
45,1,GSM331723,0,0.6106681823730469
45,1,GSM331727,0,0.1738334745168686
45,1,GSM331728,0,0.07748468965291977
45,1,GSM331729,0,0.030364060774445534
45,1,GSM331730,0,0.5340111255645752
45,1,GSM331731,0,0.8173412680625916
45,1,GSM331732,0,0.4262169599533081
45,1,GSM331378,1,0.6747177839279175
45,1,GSM331379,1,0.7495177984237671
45,1,GSM331381,1,0.7462134957313538
45,1,GSM331383,1,0.838169276714325
45,1,GSM331385,1,0.2611822783946991
45,1,GSM331386,1,0.3001393973827362
45,1,GSM331387,1,0.6248413920402527
45,1,GSM331388,1,0.7624722719192505
45,1,GSM331391,1,0.3850689232349396
45,1,GSM331393,1,0.6749985814094543
45,1,GSM331397,1,0.5439990162849426
45,1,GSM331400,1,0.3524317145347595
45,1,GSM331402,1,0.4295516014099121
45,1,GSM331407,1,0.5634036660194397
45,1,GSM331409,1,0.4269149899482727
45,1,GSM331412,1,0.777786910533905
45,1,GSM331414,1,0.7081917524337769
45,1,GSM331418,1,0.5209425687789917
45,1,GSM331424,1,0.2321547120809555
45,1,GSM331425,1,0.5503575205802917
45,1,GSM331427,1,0.6500066518783569
45,1,GSM331428,1,0.20389075577259064
45,1,GSM331429,1,0.7113294005393982
45,1,GSM331432,1,0.32086417078971863
45,1,GSM331438,1,0.757872998714447
45,1,GSM331439,1,0.7185042500495911
45,1,GSM331440,1,0.3440682888031006
45,1,GSM331441,1,0.3791865408420563
45,1,GSM331442,1,0.36696577072143555
45,1,GSM331444,1,0.7494475841522217
45,1,GSM331447,1,0.7419689893722534
45,1,GSM331448,1,0.7460224628448486
45,1,GSM331450,1,0.47588038444519043
45,2,GSM331660,0,0.14729976654052734
45,2,GSM331661,0,0.610153079032898
45,2,GSM331662,0,0.5408827066421509
45,2,GSM331664,0,0.13485711812973022
45,2,GSM331666,0,0.15435059368610382
45,2,GSM331670,0,0.5199573040008545
45,2,GSM331671,0,0.5928289890289307
45,2,GSM331673,0,0.2425374835729599
45,2,GSM331675,0,0.05910386145114899
45,2,GSM331678,0,0.10533975064754486
45,2,GSM331679,0,0.23881930112838745
45,2,GSM331680,0,0.6936418414115906
45,2,GSM331682,0,0.2962530851364136
45,2,GSM331685,0,0.26310041546821594
45,2,GSM331686,0,0.416519433259964
45,2,GSM331687,0,0.32722926139831543
45,2,GSM331688,0,0.3377138376235962
45,2,GSM331689,0,0.1801011860370636
45,2,GSM331691,0,0.489362895488739
45,2,GSM331692,0,0.10921117663383484
45,2,GSM331693,0,0.35205307602882385
45,2,GSM331694,0,0.28788191080093384
45,2,GSM331696,0,0.23223049938678741
45,2,GSM331698,0,0.3284953236579895
45,2,GSM331702,0,0.43752551078796387
45,2,GSM331703,0,0.3817654550075531
45,2,GSM331704,0,0.4247107207775116
45,2,GSM331705,0,0.2965112030506134
45,2,GSM331708,0,0.4863286316394806
45,2,GSM331712,0,0.18804959952831268
45,2,GSM331715,0,0.14362886548042297
45,2,GSM331718,0,0.613034188747406
45,2,GSM331719,0,0.14349940419197083
45,2,GSM331724,0,0.2313312590122223
45,2,GSM331725,0,0.4225706160068512
45,2,GSM331726,0,0.20453965663909912
45,2,GSM331377,1,0.6555575132369995
45,2,GSM331380,1,0.6011472940444946
45,2,GSM331382,1,0.48321425914764404
45,2,GSM331384,1,0.3262629508972168
45,2,GSM331389,1,0.2884714603424072
45,2,GSM331390,1,0.30838069319725037
45,2,GSM331395,1,0.3286136984825134
45,2,GSM331396,1,0.49197646975517273
45,2,GSM331399,1,0.839392364025116
45,2,GSM331401,1,0.6107951998710632
45,2,GSM331403,1,0.767262876033783
45,2,GSM331404,1,0.45691633224487305
45,2,GSM331405,1,0.18034090101718903
45,2,GSM331406,1,0.5644115805625916
45,2,GSM331408,1,0.5717508792877197
45,2,GSM331410,1,0.5672691464424133
45,2,GSM331411,1,0.8214061856269836
45,2,GSM331413,1,0.3860528767108917
45,2,GSM331416,1,0.46086540818214417
45,2,GSM331417,1,0.7473336458206177
45,2,GSM331419,1,0.5187246799468994
45,2,GSM331420,1,0.648688018321991
45,2,GSM331421,1,0.573327362537384
45,2,GSM331422,1,0.7759720087051392
45,2,GSM331426,1,0.7430429458618164
45,2,GSM331430,1,0.5727516412734985
45,2,GSM331431,1,0.43448442220687866
45,2,GSM331434,1,0.46944764256477356
45,2,GSM331436,1,0.1589309275150299
45,2,GSM331443,1,0.190115824341774
45,2,GSM331445,1,0.6822406053543091
45,2,GSM331446,1,0.19080106914043427
45,2,GSM331452,1,0.49759212136268616
46,1,GSM331638,0,0.2018413245677948
46,1,GSM331660,0,0.07980898767709732
46,1,GSM331661,0,0.4846368134021759
46,1,GSM331665,0,0.6995038390159607
46,1,GSM331669,0,0.8352867960929871
46,1,GSM331672,0,0.24992026388645172
46,1,GSM331673,0,0.2681691646575928
46,1,GSM331675,0,0.07275626808404922
46,1,GSM331677,0,0.07942698895931244
46,1,GSM331680,0,0.30999985337257385
46,1,GSM331681,0,0.38027411699295044
46,1,GSM331683,0,0.49669814109802246
46,1,GSM331686,0,0.2654690742492676
46,1,GSM331691,0,0.449239045381546
46,1,GSM331697,0,0.19349642097949982
46,1,GSM331698,0,0.13185930252075195
46,1,GSM331700,0,0.27735209465026855
46,1,GSM331701,0,0.23075804114341736
46,1,GSM331703,0,0.5061290860176086
46,1,GSM331704,0,0.5391702055931091
46,1,GSM331707,0,0.2720247507095337
46,1,GSM331708,0,0.725619912147522
46,1,GSM331709,0,0.18300805985927582
46,1,GSM331710,0,0.18973533809185028
46,1,GSM331711,0,0.5559489727020264
46,1,GSM331712,0,0.14479301869869232
46,1,GSM331713,0,0.3682880699634552
46,1,GSM331714,0,0.6266019940376282
46,1,GSM331715,0,0.1912124902009964
46,1,GSM331717,0,0.5308856964111328
46,1,GSM331718,0,0.36142536997795105
46,1,GSM331720,0,0.2274300456047058
46,1,GSM331723,0,0.420944482088089
46,1,GSM331724,0,0.23736703395843506
46,1,GSM331725,0,0.3977862000465393
46,1,GSM331726,0,0.12183768302202225
46,1,GSM331728,0,0.04706422984600067
46,1,GSM331377,1,0.7645471096038818
46,1,GSM331378,1,0.9142253398895264
46,1,GSM331379,1,0.44764792919158936
46,1,GSM331383,1,0.9262819886207581
46,1,GSM331384,1,0.5154173374176025
46,1,GSM331385,1,0.2838698923587799
46,1,GSM331387,1,0.14253810048103333
46,1,GSM331388,1,0.9481217861175537
46,1,GSM331389,1,0.317945271730423
46,1,GSM331390,1,0.364808052778244
46,1,GSM331391,1,0.44688066840171814
46,1,GSM331397,1,0.16832222044467926
46,1,GSM331399,1,0.6578161716461182
46,1,GSM331400,1,0.2371150553226471
46,1,GSM331402,1,0.4470779597759247
46,1,GSM331407,1,0.5441758036613464
46,1,GSM331408,1,0.8170824646949768
46,1,GSM331412,1,0.9211136698722839
46,1,GSM331413,1,0.34273478388786316
46,1,GSM331416,1,0.6261340975761414
46,1,GSM331419,1,0.48129644989967346
46,1,GSM331429,1,0.5974917411804199
46,1,GSM331430,1,0.6144668459892273
46,1,GSM331431,1,0.520668625831604
46,1,GSM331432,1,0.2270626574754715
46,1,GSM331434,1,0.6873217225074768
46,1,GSM331439,1,0.6672238707542419
46,1,GSM331440,1,0.6169089674949646
46,1,GSM331441,1,0.704249918460846
46,1,GSM331444,1,0.5623312592506409
46,1,GSM331445,1,0.4213414788246155
46,1,GSM331447,1,0.7439811825752258
46,1,GSM331450,1,0.3920987844467163
46,2,GSM331662,0,0.4952198565006256
46,2,GSM331663,0,0.26869383454322815
46,2,GSM331664,0,0.14776156842708588
46,2,GSM331666,0,0.3284134268760681
46,2,GSM331668,0,0.6722257137298584
46,2,GSM331670,0,0.518787145614624
46,2,GSM331671,0,0.4224511682987213
46,2,GSM331674,0,0.4354577958583832
46,2,GSM331676,0,0.5622338056564331
46,2,GSM331678,0,0.09777355194091797
46,2,GSM331679,0,0.2722318768501282
46,2,GSM331682,0,0.6619291305541992
46,2,GSM331684,0,0.281437486410141
46,2,GSM331685,0,0.1794830709695816
46,2,GSM331687,0,0.20026539266109467
46,2,GSM331688,0,0.5918782949447632
46,2,GSM331689,0,0.3817945122718811
46,2,GSM331690,0,0.8782980442047119
46,2,GSM331692,0,0.321753591299057
46,2,GSM331693,0,0.4419293701648712
46,2,GSM331694,0,0.1490715593099594
46,2,GSM331695,0,0.4798794686794281
46,2,GSM331696,0,0.42198845744132996
46,2,GSM331699,0,0.42204004526138306
46,2,GSM331702,0,0.6922674775123596
46,2,GSM331705,0,0.40304887294769287
46,2,GSM331706,0,0.9600565433502197
46,2,GSM331716,0,0.9733819961547852
46,2,GSM331719,0,0.2027253955602646
46,2,GSM331721,0,0.9281522035598755
46,2,GSM331722,0,0.22518563270568848
46,2,GSM331727,0,0.34131062030792236
46,2,GSM331729,0,0.13500700891017914
46,2,GSM331730,0,0.4550083577632904
46,2,GSM331731,0,0.874203085899353
46,2,GSM331732,0,0.7011494040489197
46,2,GSM331380,1,0.920077919960022
46,2,GSM331381,1,0.8106964230537415
46,2,GSM331382,1,0.7596682906150818
46,2,GSM331386,1,0.6250587701797485
46,2,GSM331393,1,0.8790796399116516
46,2,GSM331395,1,0.7339584827423096
46,2,GSM331396,1,0.914591372013092
46,2,GSM331401,1,0.843861997127533
46,2,GSM331403,1,0.9783912301063538
46,2,GSM331404,1,0.863387942314148
46,2,GSM331405,1,0.10920435190200806
46,2,GSM331406,1,0.7610930800437927
46,2,GSM331409,1,0.8047665953636169
46,2,GSM331410,1,0.6430408358573914
46,2,GSM331411,1,0.9137802720069885
46,2,GSM331414,1,0.9200524091720581
46,2,GSM331417,1,0.7258188724517822
46,2,GSM331418,1,0.866074800491333
46,2,GSM331420,1,0.9196852445602417
46,2,GSM331421,1,0.6409546136856079
46,2,GSM331422,1,0.8320975303649902
46,2,GSM331424,1,0.30047908425331116
46,2,GSM331425,1,0.745768666267395
46,2,GSM331426,1,0.8620129823684692
46,2,GSM331427,1,0.7987351417541504
46,2,GSM331428,1,0.3690755069255829
46,2,GSM331436,1,0.2479485720396042
46,2,GSM331438,1,0.9722985625267029
46,2,GSM331442,1,0.3055574893951416
46,2,GSM331443,1,0.20788362622261047
46,2,GSM331446,1,0.39663776755332947
46,2,GSM331448,1,0.764613151550293
46,2,GSM331452,1,0.8265794515609741
47,1,GSM331660,0,0.4992552101612091
47,1,GSM331661,0,0.7239877581596375
47,1,GSM331662,0,0.5190724730491638
47,1,GSM331665,0,0.7550373077392578
47,1,GSM331671,0,0.7865121364593506
47,1,GSM331672,0,0.5342084765434265
47,1,GSM331673,0,0.5398788452148438
47,1,GSM331675,0,0.3625798225402832
47,1,GSM331676,0,0.43425536155700684
47,1,GSM331677,0,0.607342541217804
47,1,GSM331678,0,0.36802026629447937
47,1,GSM331680,0,0.764725923538208
47,1,GSM331681,0,0.617365300655365
47,1,GSM331683,0,0.6499511003494263
47,1,GSM331684,0,0.3651479482650757
47,1,GSM331685,0,0.4809303283691406
47,1,GSM331686,0,0.742849588394165
47,1,GSM331691,0,0.3260507583618164
47,1,GSM331695,0,0.43960118293762207
47,1,GSM331696,0,0.44727739691734314
47,1,GSM331700,0,0.5485725998878479
47,1,GSM331701,0,0.3993024528026581
47,1,GSM331703,0,0.5508641600608826
47,1,GSM331704,0,0.6229709386825562
47,1,GSM331705,0,0.5374261736869812
47,1,GSM331709,0,0.3827565908432007
47,1,GSM331710,0,0.3861478567123413
47,1,GSM331713,0,0.6604421734809875
47,1,GSM331714,0,0.6619974970817566
47,1,GSM331715,0,0.460539847612381
47,1,GSM331716,0,0.8232872486114502
47,1,GSM331719,0,0.3418719172477722
47,1,GSM331724,0,0.6167391538619995
47,1,GSM331727,0,0.3441047668457031
47,1,GSM331729,0,0.2478608638048172
47,1,GSM331731,0,0.7081208229064941
47,1,GSM331732,0,0.7444695234298706
47,1,GSM331377,1,0.7804075479507446
47,1,GSM331379,1,0.813890814781189
47,1,GSM331380,1,0.49397265911102295
47,1,GSM331381,1,0.5077905654907227
47,1,GSM331383,1,0.721947968006134
47,1,GSM331387,1,0.771503746509552
47,1,GSM331391,1,0.7507826089859009
47,1,GSM331393,1,0.6407257318496704
47,1,GSM331395,1,0.5316082239151001
47,1,GSM331396,1,0.6893355250358582
47,1,GSM331397,1,0.4673730731010437
47,1,GSM331399,1,0.7353298664093018
47,1,GSM331401,1,0.59080970287323
47,1,GSM331403,1,0.678529679775238
47,1,GSM331404,1,0.8082258701324463
47,1,GSM331406,1,0.7759463787078857
47,1,GSM331407,1,0.4734462797641754
47,1,GSM331409,1,0.6511094570159912
47,1,GSM331411,1,0.787878155708313
47,1,GSM331412,1,0.6535900831222534
47,1,GSM331416,1,0.5561228394508362
47,1,GSM331417,1,0.6288183331489563
47,1,GSM331418,1,0.5449656248092651
47,1,GSM331420,1,0.6935341954231262
47,1,GSM331421,1,0.7428898215293884
47,1,GSM331424,1,0.45478010177612305
47,1,GSM331425,1,0.3799038231372833
47,1,GSM331429,1,0.5041351318359375
47,1,GSM331440,1,0.6841146945953369
47,1,GSM331446,1,0.5629900693893433
47,1,GSM331448,1,0.8341970443725586
47,1,GSM331450,1,0.7767922282218933
47,1,GSM331452,1,0.6663641929626465
47,2,GSM331638,0,0.3000178933143616
47,2,GSM331663,0,0.35447901487350464
47,2,GSM331664,0,0.39543962478637695
47,2,GSM331666,0,0.403233140707016
47,2,GSM331668,0,0.26806211471557617
47,2,GSM331669,0,0.7127475738525391
47,2,GSM331670,0,0.48583465814590454
47,2,GSM331674,0,0.6626429557800293
47,2,GSM331679,0,0.519821047782898
47,2,GSM331682,0,0.5651158690452576
47,2,GSM331687,0,0.3700172007083893
47,2,GSM331688,0,0.47899025678634644
47,2,GSM331689,0,0.35326236486434937
47,2,GSM331690,0,0.659738302230835
47,2,GSM331692,0,0.269694983959198
47,2,GSM331693,0,0.41533857583999634
47,2,GSM331694,0,0.3638606071472168
47,2,GSM331697,0,0.46648886799812317
47,2,GSM331698,0,0.2944474220275879
47,2,GSM331699,0,0.6449279189109802
47,2,GSM331702,0,0.5795158743858337
47,2,GSM331706,0,0.49125435948371887
47,2,GSM331707,0,0.733208954334259
47,2,GSM331708,0,0.7056512236595154
47,2,GSM331711,0,0.43585896492004395
47,2,GSM331712,0,0.38401904702186584
47,2,GSM331717,0,0.5313289761543274
47,2,GSM331718,0,0.6919429898262024
47,2,GSM331720,0,0.6362503170967102
47,2,GSM331721,0,0.5814597010612488
47,2,GSM331722,0,0.5354963541030884
47,2,GSM331723,0,0.5424381494522095
47,2,GSM331725,0,0.6269387006759644
47,2,GSM331726,0,0.2893517017364502
47,2,GSM331728,0,0.26573121547698975
47,2,GSM331730,0,0.33941397070884705
47,2,GSM331378,1,0.7254491448402405
47,2,GSM331382,1,0.569173276424408
47,2,GSM331384,1,0.5956252217292786
47,2,GSM331385,1,0.44855478405952454
47,2,GSM331386,1,0.5608699321746826
47,2,GSM331388,1,0.6791948676109314
47,2,GSM331389,1,0.20947572588920593
47,2,GSM331390,1,0.5444358587265015
47,2,GSM331400,1,0.4596766531467438
47,2,GSM331402,1,0.5319610238075256
47,2,GSM331405,1,0.3779027760028839
47,2,GSM331408,1,0.6761411428451538
47,2,GSM331410,1,0.5257375836372375
47,2,GSM331413,1,0.4743101894855499
47,2,GSM331414,1,0.522451639175415
47,2,GSM331419,1,0.7221556305885315
47,2,GSM331422,1,0.71441251039505
47,2,GSM331426,1,0.66224205493927
47,2,GSM331427,1,0.6900436878204346
47,2,GSM331428,1,0.5001084208488464
47,2,GSM331430,1,0.5270898342132568
47,2,GSM331431,1,0.6125754714012146
47,2,GSM331432,1,0.23696428537368774
47,2,GSM331434,1,0.6163209080696106
47,2,GSM331436,1,0.3600913882255554
47,2,GSM331438,1,0.7339537143707275
47,2,GSM331439,1,0.6011544466018677
47,2,GSM331441,1,0.48616623878479004
47,2,GSM331442,1,0.6007578372955322
47,2,GSM331443,1,0.4910404682159424
47,2,GSM331444,1,0.6981645822525024
47,2,GSM331445,1,0.6040245890617371
47,2,GSM331447,1,0.5297053456306458
48,1,GSM331661,0,0.38849300146102905
48,1,GSM331663,0,0.12048780918121338
48,1,GSM331666,0,0.19307175278663635
48,1,GSM331668,0,0.5823333263397217
48,1,GSM331669,0,0.8035882115364075
48,1,GSM331671,0,0.5024678111076355
48,1,GSM331673,0,0.20317691564559937
48,1,GSM331675,0,0.05860822647809982
48,1,GSM331676,0,0.7836472392082214
48,1,GSM331679,0,0.4201994240283966
48,1,GSM331681,0,0.4378487765789032
48,1,GSM331682,0,0.282278448343277
48,1,GSM331685,0,0.32966452836990356
48,1,GSM331686,0,0.3433670401573181
48,1,GSM331687,0,0.24424991011619568
48,1,GSM331693,0,0.15644608438014984
48,1,GSM331696,0,0.3798842430114746
48,1,GSM331698,0,0.06886075437068939
48,1,GSM331702,0,0.23495103418827057
48,1,GSM331703,0,0.292076051235199
48,1,GSM331707,0,0.1652037650346756
48,1,GSM331709,0,0.10479191690683365
48,1,GSM331710,0,0.07863263040781021
48,1,GSM331711,0,0.6858142614364624
48,1,GSM331713,0,0.14555633068084717
48,1,GSM331714,0,0.8358126282691956
48,1,GSM331719,0,0.08435991406440735
48,1,GSM331720,0,0.3147387206554413
48,1,GSM331721,0,0.5945557951927185
48,1,GSM331722,0,0.3117867112159729
48,1,GSM331723,0,0.5164633393287659
48,1,GSM331724,0,0.1579553186893463
48,1,GSM331725,0,0.5820409655570984
48,1,GSM331728,0,0.1032547578215599
48,1,GSM331729,0,0.034527480602264404
48,1,GSM331730,0,0.20788349211215973
48,1,GSM331732,0,0.4694654047489166
48,1,GSM331377,1,0.8570176959037781
48,1,GSM331378,1,0.839867889881134
48,1,GSM331379,1,0.22503475844860077
48,1,GSM331385,1,0.3271290361881256
48,1,GSM331386,1,0.4279337525367737
48,1,GSM331387,1,0.42882195115089417
48,1,GSM331389,1,0.6140550374984741
48,1,GSM331390,1,0.5832326412200928
48,1,GSM331393,1,0.7724000811576843
48,1,GSM331401,1,0.2721472382545471
48,1,GSM331402,1,0.6527511477470398
48,1,GSM331403,1,0.9134248495101929
48,1,GSM331406,1,0.725723147392273
48,1,GSM331407,1,0.14643695950508118
48,1,GSM331409,1,0.46055328845977783
48,1,GSM331412,1,0.8922291398048401
48,1,GSM331413,1,0.05512077733874321
48,1,GSM331414,1,0.866966187953949
48,1,GSM331417,1,0.6529474258422852
48,1,GSM331418,1,0.8161538243293762
48,1,GSM331420,1,0.8266865015029907
48,1,GSM331422,1,0.8092155456542969
48,1,GSM331425,1,0.6597184538841248
48,1,GSM331429,1,0.913165271282196
48,1,GSM331430,1,0.7662851214408875
48,1,GSM331431,1,0.8123260736465454
48,1,GSM331434,1,0.6781951189041138
48,1,GSM331436,1,0.052882324904203415
48,1,GSM331440,1,0.61067134141922
48,1,GSM331446,1,0.19843290746212006
48,1,GSM331447,1,0.7610030174255371
48,1,GSM331448,1,0.6968706846237183
48,1,GSM331452,1,0.8628639578819275
48,2,GSM331638,0,0.12493062764406204
48,2,GSM331660,0,0.08913285285234451
48,2,GSM331662,0,0.4830014109611511
48,2,GSM331664,0,0.3125736117362976
48,2,GSM331665,0,0.48333436250686646
48,2,GSM331670,0,0.21347296237945557
48,2,GSM331672,0,0.33490073680877686
48,2,GSM331674,0,0.35603833198547363
48,2,GSM331677,0,0.1426830291748047
48,2,GSM331678,0,0.07570158690214157
48,2,GSM331680,0,0.15942732989788055
48,2,GSM331683,0,0.6512118577957153
48,2,GSM331684,0,0.07215378433465958
48,2,GSM331688,0,0.43875354528427124
48,2,GSM331689,0,0.2655789852142334
48,2,GSM331690,0,0.7139042019844055
48,2,GSM331691,0,0.3815886676311493
48,2,GSM331692,0,0.11316503584384918
48,2,GSM331694,0,0.11763034760951996
48,2,GSM331695,0,0.22993546724319458
48,2,GSM331697,0,0.1232648640871048
48,2,GSM331699,0,0.10086396336555481
48,2,GSM331700,0,0.5351468324661255
48,2,GSM331701,0,0.09445119649171829
48,2,GSM331704,0,0.43404680490493774
48,2,GSM331705,0,0.09971491992473602
48,2,GSM331706,0,0.8433934450149536
48,2,GSM331708,0,0.3129924535751343
48,2,GSM331712,0,0.2023068517446518
48,2,GSM331715,0,0.060116615146398544
48,2,GSM331716,0,0.9038352370262146
48,2,GSM331717,0,0.43658536672592163
48,2,GSM331718,0,0.5752193331718445
48,2,GSM331726,0,0.12034689635038376
48,2,GSM331727,0,0.2599276602268219
48,2,GSM331731,0,0.8351923227310181
48,2,GSM331380,1,0.9144501686096191
48,2,GSM331381,1,0.7042827606201172
48,2,GSM331382,1,0.41842299699783325
48,2,GSM331383,1,0.8453354835510254
48,2,GSM331384,1,0.4350769519805908
48,2,GSM331388,1,0.9253098368644714
48,2,GSM331391,1,0.49374061822891235
48,2,GSM331395,1,0.3283027410507202
48,2,GSM331396,1,0.7429804801940918
48,2,GSM331397,1,0.299235075712204
48,2,GSM331399,1,0.7394758462905884
48,2,GSM331400,1,0.287067711353302
48,2,GSM331404,1,0.5565104484558105
48,2,GSM331405,1,0.11852185428142548
48,2,GSM331408,1,0.6293405890464783
48,2,GSM331410,1,0.06393960118293762
48,2,GSM331411,1,0.883549690246582
48,2,GSM331416,1,0.13918077945709229
48,2,GSM331419,1,0.19433845579624176
48,2,GSM331421,1,0.42467206716537476
48,2,GSM331424,1,0.47769278287887573
48,2,GSM331426,1,0.4496834874153137
48,2,GSM331427,1,0.5998321175575256
48,2,GSM331428,1,0.21154066920280457
48,2,GSM331432,1,0.12157730013132095
48,2,GSM331438,1,0.7760499715805054
48,2,GSM331439,1,0.6437118053436279
48,2,GSM331441,1,0.7739042639732361
48,2,GSM331442,1,0.17402513325214386
48,2,GSM331443,1,0.17056764662265778
48,2,GSM331444,1,0.3878088891506195
48,2,GSM331445,1,0.25386592745780945
48,2,GSM331450,1,0.3557747006416321
49,1,GSM331638,0,0.1429820954799652
49,1,GSM331660,0,0.10793519020080566
49,1,GSM331665,0,0.22761550545692444
49,1,GSM331666,0,0.18081265687942505
49,1,GSM331668,0,0.5489047765731812
49,1,GSM331669,0,0.8742489218711853
49,1,GSM331671,0,0.2690220773220062
49,1,GSM331672,0,0.16722817718982697
49,1,GSM331674,0,0.2413027137517929
49,1,GSM331678,0,0.056285060942173004
49,1,GSM331679,0,0.12375479936599731
49,1,GSM331680,0,0.341720849275589
49,1,GSM331681,0,0.2655125558376312
49,1,GSM331682,0,0.27618664503097534
49,1,GSM331684,0,0.03172488883137703
49,1,GSM331687,0,0.15229704976081848
49,1,GSM331689,0,0.1665658950805664
49,1,GSM331690,0,0.7259443402290344
49,1,GSM331693,0,0.09976673126220703
49,1,GSM331694,0,0.06929245591163635
49,1,GSM331695,0,0.42766883969306946
49,1,GSM331697,0,0.132643923163414
49,1,GSM331702,0,0.17533092200756073
49,1,GSM331703,0,0.55556321144104
49,1,GSM331704,0,0.17587897181510925
49,1,GSM331705,0,0.054687704890966415
49,1,GSM331711,0,0.7741125822067261
49,1,GSM331712,0,0.0695936381816864
49,1,GSM331713,0,0.07848756015300751
49,1,GSM331714,0,0.8405961990356445
49,1,GSM331720,0,0.30682259798049927
49,1,GSM331721,0,0.6777244806289673
49,1,GSM331723,0,0.4667462408542633
49,1,GSM331724,0,0.061199937015771866
49,1,GSM331726,0,0.1313270628452301
49,1,GSM331729,0,0.02204608917236328
49,1,GSM331731,0,0.8690370917320251
49,1,GSM331377,1,0.8176992535591125
49,1,GSM331378,1,0.8350589871406555
49,1,GSM331379,1,0.1558050662279129
49,1,GSM331380,1,0.6525856852531433
49,1,GSM331385,1,0.48369717597961426
49,1,GSM331387,1,0.18406341969966888
49,1,GSM331388,1,0.8916935324668884
49,1,GSM331389,1,0.5094064474105835
49,1,GSM331391,1,0.3864491879940033
49,1,GSM331395,1,0.2683597505092621
49,1,GSM331400,1,0.4210352897644043
49,1,GSM331401,1,0.35448548197746277
49,1,GSM331406,1,0.3993467092514038
49,1,GSM331407,1,0.25058266520500183
49,1,GSM331408,1,0.6394920945167542
49,1,GSM331409,1,0.38922515511512756
49,1,GSM331410,1,0.1800442934036255
49,1,GSM331411,1,0.9405445456504822
49,1,GSM331414,1,0.7594121098518372
49,1,GSM331420,1,0.7622132301330566
49,1,GSM331421,1,0.43838387727737427
49,1,GSM331424,1,0.11766047030687332
49,1,GSM331426,1,0.37112635374069214
49,1,GSM331428,1,0.39716246724128723
49,1,GSM331431,1,0.7723142504692078
49,1,GSM331434,1,0.5900418162345886
49,1,GSM331436,1,0.06845715641975403
49,1,GSM331442,1,0.17418994009494781
49,1,GSM331443,1,0.1303521990776062
49,1,GSM331444,1,0.2228095382452011
49,1,GSM331445,1,0.3398391902446747
49,1,GSM331448,1,0.729597270488739
49,1,GSM331450,1,0.12481799721717834
49,2,GSM331661,0,0.6907081604003906
49,2,GSM331662,0,0.7645913362503052
49,2,GSM331663,0,0.2869907319545746
49,2,GSM331664,0,0.32136014103889465
49,2,GSM331670,0,0.2766175866127014
49,2,GSM331673,0,0.13354267179965973
49,2,GSM331675,0,0.0160978976637125
49,2,GSM331676,0,0.6398099064826965
49,2,GSM331677,0,0.34913671016693115
49,2,GSM331683,0,0.7504339814186096
49,2,GSM331685,0,0.37821945548057556
49,2,GSM331686,0,0.34262987971305847
49,2,GSM331688,0,0.677761971950531
49,2,GSM331691,0,0.5493252277374268
49,2,GSM331692,0,0.055665213614702225
49,2,GSM331696,0,0.6279132962226868
49,2,GSM331698,0,0.24986030161380768
49,2,GSM331699,0,0.277357816696167
49,2,GSM331700,0,0.41099783778190613
49,2,GSM331701,0,0.2703129053115845
49,2,GSM331706,0,0.9238904118537903
49,2,GSM331707,0,0.30418428778648376
49,2,GSM331708,0,0.7383153438568115
49,2,GSM331709,0,0.07500450313091278
49,2,GSM331710,0,0.04877544566988945
49,2,GSM331715,0,0.21657103300094604
49,2,GSM331716,0,0.9636547565460205
49,2,GSM331717,0,0.6026650071144104
49,2,GSM331718,0,0.8311091065406799
49,2,GSM331719,0,0.036974549293518066
49,2,GSM331722,0,0.43090739846229553
49,2,GSM331725,0,0.5308586955070496
49,2,GSM331727,0,0.25791263580322266
49,2,GSM331728,0,0.23374441266059875
49,2,GSM331730,0,0.6573273539543152
49,2,GSM331732,0,0.529485285282135
49,2,GSM331381,1,0.9117748141288757
49,2,GSM331382,1,0.764121949672699
49,2,GSM331383,1,0.9193719625473022
49,2,GSM331384,1,0.5791894197463989
49,2,GSM331386,1,0.4646977186203003
49,2,GSM331390,1,0.44248703122138977
49,2,GSM331393,1,0.6783784031867981
49,2,GSM331396,1,0.6801161170005798
49,2,GSM331397,1,0.3770495057106018
49,2,GSM331399,1,0.8092600107192993
49,2,GSM331402,1,0.8286889791488647
49,2,GSM331403,1,0.9205278158187866
49,2,GSM331404,1,0.8573880195617676
49,2,GSM331405,1,0.06332800537347794
49,2,GSM331412,1,0.9318059086799622
49,2,GSM331413,1,0.13679465651512146
49,2,GSM331416,1,0.4926612377166748
49,2,GSM331417,1,0.861293375492096
49,2,GSM331418,1,0.8457716703414917
49,2,GSM331419,1,0.4330647587776184
49,2,GSM331422,1,0.8423118591308594
49,2,GSM331425,1,0.43156057596206665
49,2,GSM331427,1,0.8157537579536438
49,2,GSM331429,1,0.8096733093261719
49,2,GSM331430,1,0.8489022850990295
49,2,GSM331432,1,0.2083463817834854
49,2,GSM331438,1,0.9446970224380493
49,2,GSM331439,1,0.8169457316398621
49,2,GSM331440,1,0.6586479544639587
49,2,GSM331441,1,0.8388592600822449
49,2,GSM331446,1,0.32846981287002563
49,2,GSM331447,1,0.7965224385261536
49,2,GSM331452,1,0.8208584189414978
50,1,GSM331638,0,0.21553047001361847
50,1,GSM331660,0,0.10782063007354736
50,1,GSM331662,0,0.3543621897697449
50,1,GSM331670,0,0.46504318714141846
50,1,GSM331671,0,0.7578622698783875
50,1,GSM331673,0,0.30126139521598816
50,1,GSM331675,0,0.1555042564868927
50,1,GSM331676,0,0.34740179777145386
50,1,GSM331678,0,0.0800880715250969
50,1,GSM331679,0,0.5494584441184998
50,1,GSM331681,0,0.46608203649520874
50,1,GSM331682,0,0.4190516471862793
50,1,GSM331684,0,0.21888916194438934
50,1,GSM331687,0,0.11143612116575241
50,1,GSM331689,0,0.22920402884483337
50,1,GSM331691,0,0.47865286469459534
50,1,GSM331694,0,0.35478323698043823
50,1,GSM331695,0,0.17858457565307617
50,1,GSM331701,0,0.18302570283412933
50,1,GSM331702,0,0.48729580640792847
50,1,GSM331703,0,0.3038092851638794
50,1,GSM331704,0,0.4356488883495331
50,1,GSM331705,0,0.36344483494758606
50,1,GSM331706,0,0.6778885722160339
50,1,GSM331708,0,0.6719284653663635
50,1,GSM331710,0,0.13126005232334137
50,1,GSM331712,0,0.3363834023475647
50,1,GSM331713,0,0.25929519534111023
50,1,GSM331714,0,0.5080083608627319
50,1,GSM331718,0,0.6914626955986023
50,1,GSM331720,0,0.3246016204357147
50,1,GSM331721,0,0.6705551147460938
50,1,GSM331722,0,0.3239355683326721
50,1,GSM331724,0,0.21220926940441132
50,1,GSM331729,0,0.05620534345507622
50,1,GSM331730,0,0.2531468868255615
50,1,GSM331731,0,0.47498416900634766
50,1,GSM331377,1,0.5542537569999695
50,1,GSM331378,1,0.4919160008430481
50,1,GSM331381,1,0.47177523374557495
50,1,GSM331382,1,0.3474257290363312
50,1,GSM331383,1,0.5419098138809204
50,1,GSM331384,1,0.38507017493247986
50,1,GSM331385,1,0.15602988004684448
50,1,GSM331386,1,0.456859827041626
50,1,GSM331387,1,0.5821312665939331
50,1,GSM331388,1,0.5931728482246399
50,1,GSM331390,1,0.1397092342376709
50,1,GSM331393,1,0.21782688796520233
50,1,GSM331397,1,0.2579864263534546
50,1,GSM331406,1,0.7550114393234253
50,1,GSM331410,1,0.32362252473831177
50,1,GSM331412,1,0.38294118642807007
50,1,GSM331413,1,0.22305813431739807
50,1,GSM331414,1,0.36274316906929016
50,1,GSM331417,1,0.6166883111000061
50,1,GSM331420,1,0.33781686425209045
50,1,GSM331425,1,0.4718759059906006
50,1,GSM331426,1,0.44023919105529785
50,1,GSM331427,1,0.4986199736595154
50,1,GSM331428,1,0.12959876656532288
50,1,GSM331429,1,0.3157746195793152
50,1,GSM331430,1,0.2677564024925232
50,1,GSM331432,1,0.2140435427427292
50,1,GSM331439,1,0.6442802548408508
50,1,GSM331442,1,0.5142561793327332
50,1,GSM331443,1,0.1236482635140419
50,1,GSM331445,1,0.7224661707878113
50,1,GSM331446,1,0.08930458128452301
50,1,GSM331448,1,0.5407992005348206
50,2,GSM331661,0,0.7909685373306274
50,2,GSM331663,0,0.42059314250946045
50,2,GSM331664,0,0.3580526113510132
50,2,GSM331665,0,0.7917391657829285
50,2,GSM331666,0,0.34823524951934814
50,2,GSM331668,0,0.5740140080451965
50,2,GSM331669,0,0.9219947457313538
50,2,GSM331672,0,0.699177086353302
50,2,GSM331674,0,0.8107176423072815
50,2,GSM331677,0,0.5073720812797546
50,2,GSM331680,0,0.5291151404380798
50,2,GSM331683,0,0.8046410083770752
50,2,GSM331685,0,0.36925509572029114
50,2,GSM331686,0,0.8295345902442932
50,2,GSM331688,0,0.6587865352630615
50,2,GSM331690,0,0.5902150273323059
50,2,GSM331692,0,0.4154984652996063
50,2,GSM331693,0,0.457832008600235
50,2,GSM331696,0,0.34872546792030334
50,2,GSM331697,0,0.4607292413711548
50,2,GSM331698,0,0.34527283906936646
50,2,GSM331699,0,0.6713154315948486
50,2,GSM331700,0,0.67062908411026
50,2,GSM331707,0,0.7996184825897217
50,2,GSM331709,0,0.29371362924575806
50,2,GSM331711,0,0.34518611431121826
50,2,GSM331715,0,0.47318294644355774
50,2,GSM331716,0,0.9469195604324341
50,2,GSM331717,0,0.7291710376739502
50,2,GSM331719,0,0.35800859332084656
50,2,GSM331723,0,0.8975012898445129
50,2,GSM331725,0,0.8377548456192017
50,2,GSM331726,0,0.2994549572467804
50,2,GSM331727,0,0.47484833002090454
50,2,GSM331728,0,0.25764116644859314
50,2,GSM331732,0,0.7755092978477478
50,2,GSM331379,1,0.8671192526817322
50,2,GSM331380,1,0.7564876675605774
50,2,GSM331389,1,0.16525082290172577
50,2,GSM331391,1,0.8583726286888123
50,2,GSM331395,1,0.5594484806060791
50,2,GSM331396,1,0.4312324523925781
50,2,GSM331399,1,0.9138708710670471
50,2,GSM331400,1,0.33368948101997375
50,2,GSM331401,1,0.7395472526550293
50,2,GSM331402,1,0.3890036344528198
50,2,GSM331403,1,0.8087221384048462
50,2,GSM331404,1,0.739521861076355
50,2,GSM331405,1,0.3942585289478302
50,2,GSM331407,1,0.587432861328125
50,2,GSM331408,1,0.7001295685768127
50,2,GSM331409,1,0.4431053400039673
50,2,GSM331411,1,0.7974292635917664
50,2,GSM331416,1,0.45887282490730286
50,2,GSM331418,1,0.43006831407546997
50,2,GSM331419,1,0.77083420753479
50,2,GSM331421,1,0.7742615342140198
50,2,GSM331422,1,0.7015089392662048
50,2,GSM331424,1,0.4498434364795685
50,2,GSM331431,1,0.6264667510986328
50,2,GSM331434,1,0.7796810865402222
50,2,GSM331436,1,0.3321903944015503
50,2,GSM331438,1,0.8911498785018921
50,2,GSM331440,1,0.5927336812019348
50,2,GSM331441,1,0.6727575063705444
50,2,GSM331444,1,0.789449155330658
50,2,GSM331447,1,0.6754847764968872
50,2,GSM331450,1,0.6636282801628113
50,2,GSM331452,1,0.7925273180007935
51,1,GSM331638,0,0.26923057436943054
51,1,GSM331664,0,0.20767728984355927
51,1,GSM331669,0,0.907709002494812
51,1,GSM331670,0,0.28759703040122986
51,1,GSM331671,0,0.4822109341621399
51,1,GSM331673,0,0.38661128282546997
51,1,GSM331675,0,0.10133177042007446
51,1,GSM331676,0,0.7641603946685791
51,1,GSM331677,0,0.4261474609375
51,1,GSM331678,0,0.17618438601493835
51,1,GSM331679,0,0.5239234566688538
51,1,GSM331680,0,0.36636972427368164
51,1,GSM331681,0,0.47541967034339905
51,1,GSM331683,0,0.6933444738388062
51,1,GSM331686,0,0.3756360411643982
51,1,GSM331688,0,0.47412949800491333
51,1,GSM331689,0,0.27982041239738464
51,1,GSM331690,0,0.8716583251953125
51,1,GSM331692,0,0.2761622369289398
51,1,GSM331693,0,0.3019597828388214
51,1,GSM331694,0,0.21388517320156097
51,1,GSM331698,0,0.2561744451522827
51,1,GSM331700,0,0.5179992318153381
51,1,GSM331702,0,0.5138572454452515
51,1,GSM331703,0,0.33602556586265564
51,1,GSM331704,0,0.5625098347663879
51,1,GSM331705,0,0.28848373889923096
51,1,GSM331707,0,0.5576717257499695
51,1,GSM331708,0,0.8023084402084351
51,1,GSM331710,0,0.1885673701763153
51,1,GSM331713,0,0.4084793031215668
51,1,GSM331716,0,0.9181780815124512
51,1,GSM331718,0,0.6680412888526917
51,1,GSM331722,0,0.2891415059566498
51,1,GSM331723,0,0.6680656671524048
51,1,GSM331727,0,0.37718114256858826
51,1,GSM331731,0,0.8489837050437927
51,1,GSM331377,1,0.8222761154174805
51,1,GSM331380,1,0.7458221912384033
51,1,GSM331382,1,0.655178427696228
51,1,GSM331384,1,0.41120320558547974
51,1,GSM331387,1,0.5771902799606323
51,1,GSM331388,1,0.9399260878562927
51,1,GSM331390,1,0.62763512134552
51,1,GSM331391,1,0.3768512010574341
51,1,GSM331393,1,0.8275519609451294
51,1,GSM331395,1,0.32790127396583557
51,1,GSM331399,1,0.7678961157798767
51,1,GSM331403,1,0.8549366593360901
51,1,GSM331404,1,0.6431286931037903
51,1,GSM331405,1,0.141524076461792
51,1,GSM331406,1,0.5806042551994324
51,1,GSM331407,1,0.5220915079116821
51,1,GSM331411,1,0.8542235493659973
51,1,GSM331412,1,0.9122195243835449
51,1,GSM331413,1,0.2276427447795868
51,1,GSM331416,1,0.6299947500228882
51,1,GSM331418,1,0.8773727416992188
51,1,GSM331420,1,0.8217406272888184
51,1,GSM331421,1,0.5475479364395142
51,1,GSM331424,1,0.26087838411331177
51,1,GSM331426,1,0.8034575581550598
51,1,GSM331427,1,0.7809749841690063
51,1,GSM331430,1,0.7373182773590088
51,1,GSM331431,1,0.8615154027938843
51,1,GSM331434,1,0.5620376467704773
51,1,GSM331436,1,0.1816433072090149
51,1,GSM331441,1,0.8475390076637268
51,1,GSM331446,1,0.3553110957145691
51,1,GSM331448,1,0.7863125205039978
51,2,GSM331660,0,0.1310333013534546
51,2,GSM331661,0,0.4486165940761566
51,2,GSM331662,0,0.20027469098567963
51,2,GSM331663,0,0.21595436334609985
51,2,GSM331665,0,0.8413103818893433
51,2,GSM331666,0,0.12391483783721924
51,2,GSM331668,0,0.4062827229499817
51,2,GSM331672,0,0.5224348902702332
51,2,GSM331674,0,0.7570191621780396
51,2,GSM331682,0,0.16698844730854034
51,2,GSM331684,0,0.07629361748695374
51,2,GSM331685,0,0.14897099137306213
51,2,GSM331687,0,0.2165767401456833
51,2,GSM331691,0,0.5011548399925232
51,2,GSM331695,0,0.3029822111129761
51,2,GSM331696,0,0.38637131452560425
51,2,GSM331697,0,0.29182004928588867
51,2,GSM331699,0,0.4953472316265106
51,2,GSM331701,0,0.23620979487895966
51,2,GSM331706,0,0.7339898347854614
51,2,GSM331709,0,0.10897670686244965
51,2,GSM331711,0,0.6702699065208435
51,2,GSM331712,0,0.17973841726779938
51,2,GSM331714,0,0.6560834646224976
51,2,GSM331715,0,0.3359556496143341
51,2,GSM331717,0,0.49799811840057373
51,2,GSM331719,0,0.09354323893785477
51,2,GSM331720,0,0.4022667706012726
51,2,GSM331721,0,0.7806464433670044
51,2,GSM331724,0,0.22838498651981354
51,2,GSM331725,0,0.5219722390174866
51,2,GSM331726,0,0.1855383962392807
51,2,GSM331728,0,0.13523946702480316
51,2,GSM331729,0,0.07023248076438904
51,2,GSM331730,0,0.33932164311408997
51,2,GSM331732,0,0.5921968817710876
51,2,GSM331378,1,0.8606737852096558
51,2,GSM331379,1,0.39778515696525574
51,2,GSM331381,1,0.376384437084198
51,2,GSM331383,1,0.8855718970298767
51,2,GSM331385,1,0.26853039860725403
51,2,GSM331386,1,0.37761354446411133
51,2,GSM331389,1,0.2738778293132782
51,2,GSM331396,1,0.5679560899734497
51,2,GSM331397,1,0.32769307494163513
51,2,GSM331400,1,0.4003070890903473
51,2,GSM331401,1,0.6364299654960632
51,2,GSM331402,1,0.5065697431564331
51,2,GSM331408,1,0.7635391354560852
51,2,GSM331409,1,0.6707285046577454
51,2,GSM331410,1,0.5694442391395569
51,2,GSM331414,1,0.8022271394729614
51,2,GSM331417,1,0.698390781879425
51,2,GSM331419,1,0.6137076020240784
51,2,GSM331422,1,0.8804933428764343
51,2,GSM331425,1,0.6504883766174316
51,2,GSM331428,1,0.2537168860435486
51,2,GSM331429,1,0.8228647708892822
51,2,GSM331432,1,0.3328380882740021
51,2,GSM331438,1,0.9018974900245667
51,2,GSM331439,1,0.7704262137413025
51,2,GSM331440,1,0.2858360707759857
51,2,GSM331442,1,0.3547332286834717
51,2,GSM331443,1,0.24625621736049652
51,2,GSM331444,1,0.7717933654785156
51,2,GSM331445,1,0.5227897763252258
51,2,GSM331447,1,0.721977174282074
51,2,GSM331450,1,0.4885946810245514
51,2,GSM331452,1,0.5285637378692627
52,1,GSM331638,0,0.3516286313533783
52,1,GSM331660,0,0.1675788015127182
52,1,GSM331665,0,0.8327676057815552
52,1,GSM331670,0,0.3266570568084717
52,1,GSM331671,0,0.7887448072433472
52,1,GSM331672,0,0.18963053822517395
52,1,GSM331673,0,0.43418335914611816
52,1,GSM331674,0,0.7654548287391663
52,1,GSM331675,0,0.03984776884317398
52,1,GSM331676,0,0.5428827404975891
52,1,GSM331678,0,0.20396585762500763
52,1,GSM331680,0,0.7405682802200317
52,1,GSM331684,0,0.08213890343904495
52,1,GSM331685,0,0.6193440556526184
52,1,GSM331690,0,0.8408921360969543
52,1,GSM331691,0,0.5526584386825562
52,1,GSM331692,0,0.17670340836048126
52,1,GSM331698,0,0.0560433492064476
52,1,GSM331699,0,0.37298309803009033
52,1,GSM331700,0,0.7973537445068359
52,1,GSM331701,0,0.1307915449142456
52,1,GSM331706,0,0.7967088222503662
52,1,GSM331707,0,0.3734431862831116
52,1,GSM331709,0,0.06832373887300491
52,1,GSM331711,0,0.6547989249229431
52,1,GSM331712,0,0.11517302691936493
52,1,GSM331713,0,0.2687602937221527
52,1,GSM331716,0,0.840593159198761
52,1,GSM331717,0,0.3282391130924225
52,1,GSM331718,0,0.9076972007751465
52,1,GSM331719,0,0.024854149669408798
52,1,GSM331721,0,0.6114028096199036
52,1,GSM331722,0,0.7541028261184692
52,1,GSM331727,0,0.7158709168434143
52,1,GSM331728,0,0.23599448800086975
52,1,GSM331731,0,0.8940268158912659
52,1,GSM331732,0,0.7232834696769714
52,1,GSM331379,1,0.5907382369041443
52,1,GSM331381,1,0.9440782070159912
52,1,GSM331384,1,0.8502554893493652
52,1,GSM331386,1,0.6699815988540649
52,1,GSM331390,1,0.45456254482269287
52,1,GSM331393,1,0.6769645810127258
52,1,GSM331395,1,0.5346934199333191
52,1,GSM331402,1,0.6506240367889404
52,1,GSM331403,1,0.9498264789581299
52,1,GSM331405,1,0.3669518828392029
52,1,GSM331407,1,0.24312961101531982
52,1,GSM331408,1,0.8881314992904663
52,1,GSM331414,1,0.8525953888893127
52,1,GSM331416,1,0.4084513783454895
52,1,GSM331417,1,0.8525375127792358
52,1,GSM331419,1,0.27678149938583374
52,1,GSM331421,1,0.7215578556060791
52,1,GSM331424,1,0.6904445886611938
52,1,GSM331425,1,0.7124865651130676
52,1,GSM331426,1,0.6522719264030457
52,1,GSM331427,1,0.7962892651557922
52,1,GSM331429,1,0.8965986967086792
52,1,GSM331430,1,0.7791993618011475
52,1,GSM331431,1,0.805030882358551
52,1,GSM331432,1,0.15810921788215637
52,1,GSM331434,1,0.8757883310317993
52,1,GSM331439,1,0.9437493681907654
52,1,GSM331443,1,0.47181379795074463
52,1,GSM331444,1,0.7251373529434204
52,1,GSM331446,1,0.24422243237495422
52,1,GSM331447,1,0.6313443183898926
52,1,GSM331448,1,0.6235139966011047
52,1,GSM331452,1,0.969977080821991
52,2,GSM331661,0,0.265826016664505
52,2,GSM331662,0,0.7944492101669312
52,2,GSM331663,0,0.11004787683486938
52,2,GSM331664,0,0.3935469686985016
52,2,GSM331666,0,0.4039600193500519
52,2,GSM331668,0,0.6720219850540161
52,2,GSM331669,0,0.9226689338684082
52,2,GSM331677,0,0.06173321604728699
52,2,GSM331679,0,0.5446391701698303
52,2,GSM331681,0,0.26054075360298157
52,2,GSM331682,0,0.26190173625946045
52,2,GSM331683,0,0.9239020943641663
52,2,GSM331686,0,0.15774407982826233
52,2,GSM331687,0,0.14771640300750732
52,2,GSM331688,0,0.6557906866073608
52,2,GSM331689,0,0.750616192817688
52,2,GSM331693,0,0.05473579466342926
52,2,GSM331694,0,0.4784330725669861
52,2,GSM331695,0,0.4535936415195465
52,2,GSM331696,0,0.4589806795120239
52,2,GSM331697,0,0.0346909761428833
52,2,GSM331702,0,0.14047153294086456
52,2,GSM331703,0,0.2868112623691559
52,2,GSM331704,0,0.1761450320482254
52,2,GSM331705,0,0.07291384041309357
52,2,GSM331708,0,0.8224852085113525
52,2,GSM331710,0,0.05279000476002693
52,2,GSM331714,0,0.9478737711906433
52,2,GSM331715,0,0.07404445111751556
52,2,GSM331720,0,0.8316389322280884
52,2,GSM331723,0,0.7080981731414795
52,2,GSM331724,0,0.07421272248029709
52,2,GSM331725,0,0.7848721146583557
52,2,GSM331726,0,0.09082083404064178
52,2,GSM331729,0,0.09453193098306656
52,2,GSM331730,0,0.13595397770404816
52,2,GSM331377,1,0.9483182430267334
52,2,GSM331378,1,0.9500365257263184
52,2,GSM331380,1,0.8413644433021545
52,2,GSM331382,1,0.8320448398590088
52,2,GSM331383,1,0.9030569195747375
52,2,GSM331385,1,0.28266432881355286
52,2,GSM331387,1,0.7554686069488525
52,2,GSM331388,1,0.9401247501373291
52,2,GSM331389,1,0.7049996256828308
52,2,GSM331391,1,0.6573615670204163
52,2,GSM331396,1,0.9248012900352478
52,2,GSM331397,1,0.7114332318305969
52,2,GSM331399,1,0.9324893355369568
52,2,GSM331400,1,0.28419849276542664
52,2,GSM331401,1,0.29846546053886414
52,2,GSM331404,1,0.8337171077728271
52,2,GSM331406,1,0.9177489280700684
52,2,GSM331409,1,0.6497864723205566
52,2,GSM331410,1,0.06120754033327103
52,2,GSM331411,1,0.9300851225852966
52,2,GSM331412,1,0.9628096222877502
52,2,GSM331413,1,0.07916133105754852
52,2,GSM331418,1,0.8687252998352051
52,2,GSM331420,1,0.8512629270553589
52,2,GSM331422,1,0.8071451783180237
52,2,GSM331428,1,0.3132370412349701
52,2,GSM331436,1,0.050866175442934036
52,2,GSM331438,1,0.8470409512519836
52,2,GSM331440,1,0.8378936648368835
52,2,GSM331441,1,0.9504497647285461
52,2,GSM331442,1,0.5511615872383118
52,2,GSM331445,1,0.3666611611843109
52,2,GSM331450,1,0.33063042163848877
53,1,GSM331666,0,0.08352846652269363
53,1,GSM331668,0,0.4623061418533325
53,1,GSM331669,0,0.9217077493667603
53,1,GSM331671,0,0.6716699004173279
53,1,GSM331676,0,0.7302344441413879
53,1,GSM331677,0,0.43152740597724915
53,1,GSM331678,0,0.12905089557170868
53,1,GSM331681,0,0.5762386322021484
53,1,GSM331682,0,0.34666910767555237
53,1,GSM331683,0,0.85060715675354
53,1,GSM331684,0,0.1468544900417328
53,1,GSM331686,0,0.555869460105896
53,1,GSM331689,0,0.23009538650512695
53,1,GSM331692,0,0.1838502585887909
53,1,GSM331693,0,0.2472885698080063
53,1,GSM331694,0,0.16938233375549316
53,1,GSM331695,0,0.25636911392211914
53,1,GSM331696,0,0.3687784671783447
53,1,GSM331698,0,0.2699503004550934
53,1,GSM331699,0,0.638826310634613
53,1,GSM331700,0,0.7339763641357422
53,1,GSM331703,0,0.27671751379966736
53,1,GSM331705,0,0.1744021773338318
53,1,GSM331706,0,0.9110057353973389
53,1,GSM331707,0,0.4247226417064667
53,1,GSM331708,0,0.7858086824417114
53,1,GSM331709,0,0.23327083885669708
53,1,GSM331711,0,0.5131239295005798
53,1,GSM331712,0,0.23218673467636108
53,1,GSM331714,0,0.6434422731399536
53,1,GSM331720,0,0.39679190516471863
53,1,GSM331721,0,0.6736151576042175
53,1,GSM331722,0,0.37573638558387756
53,1,GSM331725,0,0.8248603343963623
53,1,GSM331726,0,0.15518596768379211
53,1,GSM331728,0,0.1011233776807785
53,1,GSM331731,0,0.9178881049156189
53,1,GSM331377,1,0.8177834749221802
53,1,GSM331378,1,0.8748314380645752
53,1,GSM331381,1,0.6716312170028687
53,1,GSM331382,1,0.8018115162849426
53,1,GSM331383,1,0.9565536379814148
53,1,GSM331384,1,0.8010671138763428
53,1,GSM331390,1,0.4328790009021759
53,1,GSM331391,1,0.5387669205665588
53,1,GSM331396,1,0.5416132211685181
53,1,GSM331397,1,0.34966322779655457
53,1,GSM331402,1,0.6497337222099304
53,1,GSM331406,1,0.6094329357147217
53,1,GSM331407,1,0.8891677856445312
53,1,GSM331410,1,0.6693081855773926
53,1,GSM331411,1,0.8581504821777344
53,1,GSM331412,1,0.8165838122367859
53,1,GSM331413,1,0.6700147986412048
53,1,GSM331414,1,0.8693853616714478
53,1,GSM331418,1,0.6365024447441101
53,1,GSM331419,1,0.8168389201164246
53,1,GSM331422,1,0.8301282525062561
53,1,GSM331425,1,0.503296434879303
53,1,GSM331427,1,0.7761521339416504
53,1,GSM331428,1,0.3489118218421936
53,1,GSM331429,1,0.8709650039672852
53,1,GSM331430,1,0.5615170001983643
53,1,GSM331431,1,0.5678350925445557
53,1,GSM331441,1,0.583315908908844
53,1,GSM331442,1,0.5581437349319458
53,1,GSM331443,1,0.19495107233524323
53,1,GSM331445,1,0.713527500629425
53,1,GSM331446,1,0.20635566115379333
53,1,GSM331448,1,0.7834106087684631
53,2,GSM331638,0,0.19319739937782288
53,2,GSM331660,0,0.04663751274347305
53,2,GSM331661,0,0.49453049898147583
53,2,GSM331662,0,0.19591328501701355
53,2,GSM331663,0,0.15334591269493103
53,2,GSM331664,0,0.02021929807960987
53,2,GSM331665,0,0.912757396697998
53,2,GSM331670,0,0.6077468991279602
53,2,GSM331672,0,0.4982319474220276
53,2,GSM331673,0,0.23041868209838867
53,2,GSM331674,0,0.8135881423950195
53,2,GSM331675,0,0.08729874342679977
53,2,GSM331679,0,0.32294854521751404
53,2,GSM331680,0,0.4322006404399872
53,2,GSM331685,0,0.037545379251241684
53,2,GSM331687,0,0.04728902131319046
53,2,GSM331688,0,0.14227473735809326
53,2,GSM331690,0,0.9173923134803772
53,2,GSM331691,0,0.4638455808162689
53,2,GSM331697,0,0.22716078162193298
53,2,GSM331701,0,0.25705137848854065
53,2,GSM331702,0,0.4517028033733368
53,2,GSM331704,0,0.4561702311038971
53,2,GSM331710,0,0.06566357612609863
53,2,GSM331713,0,0.18136179447174072
53,2,GSM331715,0,0.2544430196285248
53,2,GSM331716,0,0.8522522449493408
53,2,GSM331717,0,0.5336363315582275
53,2,GSM331718,0,0.6060656905174255
53,2,GSM331719,0,0.07062152028083801
53,2,GSM331723,0,0.6732674241065979
53,2,GSM331724,0,0.2290198802947998
53,2,GSM331727,0,0.09315705299377441
53,2,GSM331729,0,0.03514615818858147
53,2,GSM331730,0,0.22137479484081268
53,2,GSM331732,0,0.7818006277084351
53,2,GSM331379,1,0.703327476978302
53,2,GSM331380,1,0.703398585319519
53,2,GSM331385,1,0.08298250287771225
53,2,GSM331386,1,0.19111540913581848
53,2,GSM331387,1,0.33760032057762146
53,2,GSM331388,1,0.7957665920257568
53,2,GSM331389,1,0.07649986445903778
53,2,GSM331393,1,0.7931405305862427
53,2,GSM331395,1,0.19043079018592834
53,2,GSM331399,1,0.8421652913093567
53,2,GSM331400,1,0.21182656288146973
53,2,GSM331401,1,0.840518057346344
53,2,GSM331403,1,0.8958882689476013
53,2,GSM331404,1,0.6325834393501282
53,2,GSM331405,1,0.06782353669404984
53,2,GSM331408,1,0.8260316848754883
53,2,GSM331409,1,0.6957011222839355
53,2,GSM331416,1,0.7619052529335022
53,2,GSM331417,1,0.8662154674530029
53,2,GSM331420,1,0.7564218044281006
53,2,GSM331421,1,0.6309292316436768
53,2,GSM331424,1,0.20190419256687164
53,2,GSM331426,1,0.7452468872070312
53,2,GSM331432,1,0.38427430391311646
53,2,GSM331434,1,0.6063582897186279
53,2,GSM331436,1,0.23264625668525696
53,2,GSM331438,1,0.8703446388244629
53,2,GSM331439,1,0.659396767616272
53,2,GSM331440,1,0.14818301796913147
53,2,GSM331444,1,0.8900277018547058
53,2,GSM331447,1,0.7038571238517761
53,2,GSM331450,1,0.5392069816589355
53,2,GSM331452,1,0.5346633195877075
54,1,GSM331638,0,0.29674655199050903
54,1,GSM331661,0,0.4569093883037567
54,1,GSM331662,0,0.5167871713638306
54,1,GSM331663,0,0.17608016729354858
54,1,GSM331664,0,0.22853675484657288
54,1,GSM331668,0,0.6260175108909607
54,1,GSM331669,0,0.7053371071815491
54,1,GSM331670,0,0.22960862517356873
54,1,GSM331672,0,0.21111512184143066
54,1,GSM331673,0,0.29011476039886475
54,1,GSM331680,0,0.25471746921539307
54,1,GSM331681,0,0.18086160719394684
54,1,GSM331682,0,0.26658114790916443
54,1,GSM331686,0,0.3860143721103668
54,1,GSM331688,0,0.3693990707397461
54,1,GSM331689,0,0.2134896069765091
54,1,GSM331690,0,0.7013835906982422
54,1,GSM331693,0,0.19051717221736908
54,1,GSM331694,0,0.09329523146152496
54,1,GSM331695,0,0.4432116448879242
54,1,GSM331696,0,0.36225903034210205
54,1,GSM331698,0,0.06532591581344604
54,1,GSM331701,0,0.2442798763513565
54,1,GSM331703,0,0.6186847686767578
54,1,GSM331705,0,0.2398742288351059
54,1,GSM331707,0,0.3556510806083679
54,1,GSM331709,0,0.12540879845619202
54,1,GSM331710,0,0.1452295482158661
54,1,GSM331711,0,0.6189011931419373
54,1,GSM331717,0,0.26293662190437317
54,1,GSM331719,0,0.08125195652246475
54,1,GSM331720,0,0.3580426275730133
54,1,GSM331724,0,0.2240377962589264
54,1,GSM331726,0,0.32053324580192566
54,1,GSM331730,0,0.4288855791091919
54,1,GSM331731,0,0.7843329906463623
54,1,GSM331732,0,0.442222535610199
54,1,GSM331379,1,0.5139724016189575
54,1,GSM331381,1,0.7835826873779297
54,1,GSM331382,1,0.5696340203285217
54,1,GSM331383,1,0.9417454600334167
54,1,GSM331384,1,0.3645378351211548
54,1,GSM331387,1,0.45147812366485596
54,1,GSM331389,1,0.5314987897872925
54,1,GSM331391,1,0.5308834910392761
54,1,GSM331395,1,0.5395833849906921
54,1,GSM331400,1,0.3709520697593689
54,1,GSM331405,1,0.12448736280202866
54,1,GSM331409,1,0.3486763536930084
54,1,GSM331411,1,0.9061778783798218
54,1,GSM331412,1,0.9311925172805786
54,1,GSM331413,1,0.4338817000389099
54,1,GSM331416,1,0.4117959141731262
54,1,GSM331419,1,0.4602622985839844
54,1,GSM331421,1,0.7557529211044312
54,1,GSM331422,1,0.8050849437713623
54,1,GSM331425,1,0.7384870648384094
54,1,GSM331428,1,0.3815361559391022
54,1,GSM331429,1,0.6763673424720764
54,1,GSM331431,1,0.578590989112854
54,1,GSM331432,1,0.353165864944458
54,1,GSM331438,1,0.8508926630020142
54,1,GSM331440,1,0.5675352811813354
54,1,GSM331441,1,0.6897278428077698
54,1,GSM331442,1,0.3847436010837555
54,1,GSM331443,1,0.15593989193439484
54,1,GSM331445,1,0.4059503376483917
54,1,GSM331446,1,0.1438145935535431
54,1,GSM331447,1,0.668680727481842
54,1,GSM331452,1,0.7997682690620422
54,2,GSM331660,0,0.17529495060443878
54,2,GSM331665,0,0.49491995573043823
54,2,GSM331666,0,0.19271333515644073
54,2,GSM331671,0,0.5480512976646423
54,2,GSM331674,0,0.37779471278190613
54,2,GSM331675,0,0.0638127326965332
54,2,GSM331676,0,0.30627796053886414
54,2,GSM331677,0,0.1427065134048462
54,2,GSM331678,0,0.09322620183229446
54,2,GSM331679,0,0.3086550831794739
54,2,GSM331683,0,0.7084475159645081
54,2,GSM331684,0,0.12843520939350128
54,2,GSM331685,0,0.391602098941803
54,2,GSM331687,0,0.13761410117149353
54,2,GSM331691,0,0.6238291263580322
54,2,GSM331692,0,0.22232894599437714
54,2,GSM331697,0,0.29787343740463257
54,2,GSM331699,0,0.5375135540962219
54,2,GSM331700,0,0.3118089735507965
54,2,GSM331702,0,0.2697726786136627
54,2,GSM331704,0,0.5055753588676453
54,2,GSM331706,0,0.8054318428039551
54,2,GSM331708,0,0.8292511105537415
54,2,GSM331712,0,0.16893726587295532
54,2,GSM331713,0,0.30082419514656067
54,2,GSM331714,0,0.6677602529525757
54,2,GSM331715,0,0.13311044871807098
54,2,GSM331716,0,0.8066183924674988
54,2,GSM331718,0,0.6757804751396179
54,2,GSM331721,0,0.7977272868156433
54,2,GSM331722,0,0.5222411751747131
54,2,GSM331723,0,0.5987669825553894
54,2,GSM331725,0,0.42767027020454407
54,2,GSM331727,0,0.35243213176727295
54,2,GSM331728,0,0.21153227984905243
54,2,GSM331729,0,0.19523125886917114
54,2,GSM331377,1,0.9206206202507019
54,2,GSM331378,1,0.9051759839057922
54,2,GSM331380,1,0.8005642294883728
54,2,GSM331385,1,0.2458091527223587
54,2,GSM331386,1,0.6752871870994568
54,2,GSM331388,1,0.8654931783676147
54,2,GSM331390,1,0.40511173009872437
54,2,GSM331393,1,0.5404887199401855
54,2,GSM331396,1,0.9311404228210449
54,2,GSM331397,1,0.33430054783821106
54,2,GSM331399,1,0.732076108455658
54,2,GSM331401,1,0.43221649527549744
54,2,GSM331402,1,0.5760636329650879
54,2,GSM331403,1,0.8674282431602478
54,2,GSM331404,1,0.7933883666992188
54,2,GSM331406,1,0.7897372841835022
54,2,GSM331407,1,0.35576894879341125
54,2,GSM331408,1,0.7435658574104309
54,2,GSM331410,1,0.3542840778827667
54,2,GSM331414,1,0.6783211827278137
54,2,GSM331417,1,0.8673490285873413
54,2,GSM331418,1,0.8358207941055298
54,2,GSM331420,1,0.8072428703308105
54,2,GSM331424,1,0.36594319343566895
54,2,GSM331426,1,0.41226086020469666
54,2,GSM331427,1,0.7276565432548523
54,2,GSM331430,1,0.4713086485862732
54,2,GSM331434,1,0.8504410982131958
54,2,GSM331436,1,0.279572457075119
54,2,GSM331439,1,0.8374990224838257
54,2,GSM331444,1,0.6335176229476929
54,2,GSM331448,1,0.6411620378494263
54,2,GSM331450,1,0.2639140486717224
55,1,GSM331660,0,0.1565772294998169
55,1,GSM331661,0,0.5300213098526001
55,1,GSM331662,0,0.36425670981407166
55,1,GSM331663,0,0.3121287524700165
55,1,GSM331668,0,0.5047064423561096
55,1,GSM331669,0,0.8185415267944336
55,1,GSM331670,0,0.5752478241920471
55,1,GSM331674,0,0.5399405360221863
55,1,GSM331677,0,0.21525773406028748
55,1,GSM331678,0,0.19229720532894135
55,1,GSM331680,0,0.4794401526451111
55,1,GSM331681,0,0.6519399881362915
55,1,GSM331682,0,0.4790157973766327
55,1,GSM331686,0,0.4269588887691498
55,1,GSM331687,0,0.15889114141464233
55,1,GSM331689,0,0.5351385474205017
55,1,GSM331690,0,0.7563096284866333
55,1,GSM331693,0,0.22408895194530487
55,1,GSM331694,0,0.3412337601184845
55,1,GSM331695,0,0.30611759424209595
55,1,GSM331697,0,0.28199252486228943
55,1,GSM331700,0,0.47169557213783264
55,1,GSM331701,0,0.320184588432312
55,1,GSM331705,0,0.30842867493629456
55,1,GSM331708,0,0.7467027902603149
55,1,GSM331709,0,0.2283257693052292
55,1,GSM331710,0,0.18474948406219482
55,1,GSM331711,0,0.5515336990356445
55,1,GSM331712,0,0.35189637541770935
55,1,GSM331714,0,0.568284809589386
55,1,GSM331715,0,0.3184669315814972
55,1,GSM331716,0,0.8533634543418884
55,1,GSM331719,0,0.11143727600574493
55,1,GSM331720,0,0.49884116649627686
55,1,GSM331724,0,0.31893688440322876
55,1,GSM331725,0,0.5418710112571716
55,1,GSM331731,0,0.6895167827606201
55,1,GSM331378,1,0.7318283915519714
55,1,GSM331381,1,0.6128743290901184
55,1,GSM331382,1,0.6322742104530334
55,1,GSM331383,1,0.7563034892082214
55,1,GSM331385,1,0.5096988081932068
55,1,GSM331386,1,0.5024897456169128
55,1,GSM331387,1,0.5293261408805847
55,1,GSM331388,1,0.7934111952781677
55,1,GSM331391,1,0.4717352092266083
55,1,GSM331395,1,0.6248459219932556
55,1,GSM331402,1,0.5032806396484375
55,1,GSM331404,1,0.6184631586074829
55,1,GSM331407,1,0.5709041953086853
55,1,GSM331408,1,0.6924567818641663
55,1,GSM331409,1,0.5417906045913696
55,1,GSM331410,1,0.4277971684932709
55,1,GSM331417,1,0.8441569209098816
55,1,GSM331420,1,0.758289635181427
55,1,GSM331421,1,0.38603588938713074
55,1,GSM331422,1,0.4803840219974518
55,1,GSM331425,1,0.5441892147064209
55,1,GSM331427,1,0.5546982884407043
55,1,GSM331428,1,0.20166225731372833
55,1,GSM331429,1,0.5665848851203918
55,1,GSM331430,1,0.44752609729766846
55,1,GSM331431,1,0.461844265460968
55,1,GSM331434,1,0.6360249519348145
55,1,GSM331439,1,0.7484765648841858
55,1,GSM331441,1,0.6410320997238159
55,1,GSM331443,1,0.3172006905078888
55,1,GSM331444,1,0.7378365993499756
55,1,GSM331447,1,0.4480229616165161
55,1,GSM331450,1,0.5612835884094238
55,2,GSM331638,0,0.4466906785964966
55,2,GSM331664,0,0.285391241312027
55,2,GSM331665,0,0.7093353271484375
55,2,GSM331666,0,0.2734805643558502
55,2,GSM331671,0,0.6463095545768738
55,2,GSM331672,0,0.35443034768104553
55,2,GSM331673,0,0.36822283267974854
55,2,GSM331675,0,0.11034522950649261
55,2,GSM331676,0,0.5097180008888245
55,2,GSM331679,0,0.48946306109428406
55,2,GSM331683,0,0.6203962564468384
55,2,GSM331684,0,0.17180116474628448
55,2,GSM331685,0,0.32592782378196716
55,2,GSM331688,0,0.6032131910324097
55,2,GSM331691,0,0.4677070081233978
55,2,GSM331692,0,0.24061277508735657
55,2,GSM331696,0,0.4977562725543976
55,2,GSM331698,0,0.27364885807037354
55,2,GSM331699,0,0.5026383996009827
55,2,GSM331702,0,0.487051784992218
55,2,GSM331703,0,0.49883899092674255
55,2,GSM331704,0,0.4477091431617737
55,2,GSM331706,0,0.774179220199585
55,2,GSM331707,0,0.49895089864730835
55,2,GSM331713,0,0.3300184905529022
55,2,GSM331717,0,0.5984362959861755
55,2,GSM331718,0,0.6344721913337708
55,2,GSM331721,0,0.7546900510787964
55,2,GSM331722,0,0.36044228076934814
55,2,GSM331723,0,0.717039167881012
55,2,GSM331726,0,0.15285372734069824
55,2,GSM331727,0,0.4477110505104065
55,2,GSM331728,0,0.25843703746795654
55,2,GSM331729,0,0.19130839407444
55,2,GSM331730,0,0.33784863352775574
55,2,GSM331732,0,0.6874075531959534
55,2,GSM331377,1,0.7878203988075256
55,2,GSM331379,1,0.5101646184921265
55,2,GSM331380,1,0.5378812551498413
55,2,GSM331384,1,0.5614716410636902
55,2,GSM331389,1,0.14990071952342987
55,2,GSM331390,1,0.44924700260162354
55,2,GSM331393,1,0.5428562164306641
55,2,GSM331396,1,0.6565261483192444
55,2,GSM331397,1,0.34138476848602295
55,2,GSM331399,1,0.6729274392127991
55,2,GSM331400,1,0.2536109387874603
55,2,GSM331401,1,0.6002678871154785
55,2,GSM331403,1,0.8733554482460022
55,2,GSM331405,1,0.1874055564403534
55,2,GSM331406,1,0.6735777854919434
55,2,GSM331411,1,0.7736903429031372
55,2,GSM331412,1,0.7773667573928833
55,2,GSM331413,1,0.37502971291542053
55,2,GSM331414,1,0.7638478875160217
55,2,GSM331416,1,0.6073195338249207
55,2,GSM331418,1,0.6013997197151184
55,2,GSM331419,1,0.5869856476783752
55,2,GSM331424,1,0.35885170102119446
55,2,GSM331426,1,0.6508909463882446
55,2,GSM331432,1,0.35193026065826416
55,2,GSM331436,1,0.24381837248802185
55,2,GSM331438,1,0.8794670104980469
55,2,GSM331440,1,0.5685126781463623
55,2,GSM331442,1,0.6836602687835693
55,2,GSM331445,1,0.5383906364440918
55,2,GSM331446,1,0.3334479331970215
55,2,GSM331448,1,0.6610721945762634
55,2,GSM331452,1,0.7705588340759277
56,1,GSM331638,0,0.10791826993227005
56,1,GSM331660,0,0.0849088579416275
56,1,GSM331661,0,0.6742362380027771
56,1,GSM331662,0,0.2929103970527649
56,1,GSM331664,0,0.12774667143821716
56,1,GSM331665,0,0.4900189936161041
56,1,GSM331672,0,0.7275452613830566
56,1,GSM331675,0,0.10685558617115021
56,1,GSM331676,0,0.730182945728302
56,1,GSM331677,0,0.4034820795059204
56,1,GSM331679,0,0.15076526999473572
56,1,GSM331681,0,0.7515899538993835
56,1,GSM331686,0,0.7114148139953613
56,1,GSM331687,0,0.3922312259674072
56,1,GSM331690,0,0.8030732274055481
56,1,GSM331691,0,0.48457780480384827
56,1,GSM331692,0,0.17030179500579834
56,1,GSM331693,0,0.49098142981529236
56,1,GSM331695,0,0.2933780550956726
56,1,GSM331696,0,0.31382617354393005
56,1,GSM331698,0,0.5062098503112793
56,1,GSM331700,0,0.45503464341163635
56,1,GSM331701,0,0.35356780886650085
56,1,GSM331703,0,0.5127067565917969
56,1,GSM331704,0,0.6080067157745361
56,1,GSM331707,0,0.32963070273399353
56,1,GSM331710,0,0.08670980483293533
56,1,GSM331711,0,0.7459644675254822
56,1,GSM331712,0,0.396101713180542
56,1,GSM331715,0,0.24160036444664001
56,1,GSM331716,0,0.9363932609558105
56,1,GSM331718,0,0.5078338980674744
56,1,GSM331725,0,0.35589599609375
56,1,GSM331727,0,0.0885583907365799
56,1,GSM331728,0,0.05705353617668152
56,1,GSM331731,0,0.7280817031860352
56,1,GSM331732,0,0.5047131776809692
56,1,GSM331377,1,0.6083652377128601
56,1,GSM331378,1,0.749544620513916
56,1,GSM331380,1,0.7136344909667969
56,1,GSM331381,1,0.5821797251701355
56,1,GSM331385,1,0.48228394985198975
56,1,GSM331388,1,0.8865724802017212
56,1,GSM331389,1,0.1889110952615738
56,1,GSM331390,1,0.49052950739860535
56,1,GSM331391,1,0.3009762465953827
56,1,GSM331393,1,0.8389114141464233
56,1,GSM331396,1,0.340642511844635
56,1,GSM331397,1,0.16682879626750946
56,1,GSM331400,1,0.48218581080436707
56,1,GSM331401,1,0.6382788419723511
56,1,GSM331402,1,0.6654092669487
56,1,GSM331403,1,0.8495280742645264
56,1,GSM331404,1,0.5671659111976624
56,1,GSM331405,1,0.07480499148368835
56,1,GSM331408,1,0.5652762651443481
56,1,GSM331411,1,0.8231346607208252
56,1,GSM331412,1,0.825356662273407
56,1,GSM331417,1,0.8194145560264587
56,1,GSM331418,1,0.6395724415779114
56,1,GSM331420,1,0.7752113938331604
56,1,GSM331421,1,0.37004467844963074
56,1,GSM331425,1,0.49682506918907166
56,1,GSM331427,1,0.824010968208313
56,1,GSM331436,1,0.2678385376930237
56,1,GSM331438,1,0.8542414307594299
56,1,GSM331440,1,0.26158756017684937
56,1,GSM331443,1,0.22989587485790253
56,1,GSM331450,1,0.5628707408905029
56,1,GSM331452,1,0.38236716389656067
56,2,GSM331663,0,0.32865357398986816
56,2,GSM331666,0,0.2608788013458252
56,2,GSM331668,0,0.49571242928504944
56,2,GSM331669,0,0.9016542434692383
56,2,GSM331670,0,0.6159583330154419
56,2,GSM331671,0,0.4864294230937958
56,2,GSM331673,0,0.31848710775375366
56,2,GSM331674,0,0.5882445573806763
56,2,GSM331678,0,0.06570303440093994
56,2,GSM331680,0,0.3988351821899414
56,2,GSM331682,0,0.6624645590782166
56,2,GSM331683,0,0.6328021287918091
56,2,GSM331684,0,0.3339923620223999
56,2,GSM331685,0,0.2297283560037613
56,2,GSM331688,0,0.45777806639671326
56,2,GSM331689,0,0.1881493180990219
56,2,GSM331694,0,0.1451658010482788
56,2,GSM331697,0,0.5510637164115906
56,2,GSM331699,0,0.4725348651409149
56,2,GSM331702,0,0.7681152820587158
56,2,GSM331705,0,0.3842059373855591
56,2,GSM331706,0,0.8946516513824463
56,2,GSM331708,0,0.4639551639556885
56,2,GSM331709,0,0.18118780851364136
56,2,GSM331713,0,0.39577028155326843
56,2,GSM331714,0,0.6700400710105896
56,2,GSM331717,0,0.8304976224899292
56,2,GSM331719,0,0.3288474977016449
56,2,GSM331720,0,0.37830793857574463
56,2,GSM331721,0,0.7521840333938599
56,2,GSM331722,0,0.30850058794021606
56,2,GSM331723,0,0.6895430684089661
56,2,GSM331724,0,0.4663125276565552
56,2,GSM331726,0,0.2115146368741989
56,2,GSM331729,0,0.04834425076842308
56,2,GSM331730,0,0.6953552961349487
56,2,GSM331379,1,0.7094693183898926
56,2,GSM331382,1,0.5317509174346924
56,2,GSM331383,1,0.8279948234558105
56,2,GSM331384,1,0.3803427219390869
56,2,GSM331386,1,0.47776132822036743
56,2,GSM331387,1,0.4075881242752075
56,2,GSM331395,1,0.3041377365589142
56,2,GSM331399,1,0.7715833783149719
56,2,GSM331406,1,0.47741296887397766
56,2,GSM331407,1,0.6420983672142029
56,2,GSM331409,1,0.7296906113624573
56,2,GSM331410,1,0.7423807382583618
56,2,GSM331413,1,0.41527894139289856
56,2,GSM331414,1,0.7845785021781921
56,2,GSM331416,1,0.4418579638004303
56,2,GSM331419,1,0.8260346055030823
56,2,GSM331422,1,0.8600783944129944
56,2,GSM331424,1,0.23156023025512695
56,2,GSM331426,1,0.8373611569404602
56,2,GSM331428,1,0.4210447669029236
56,2,GSM331429,1,0.7278299331665039
56,2,GSM331430,1,0.6707026958465576
56,2,GSM331431,1,0.8101904392242432
56,2,GSM331432,1,0.41568228602409363
56,2,GSM331434,1,0.5886651277542114
56,2,GSM331439,1,0.57906574010849
56,2,GSM331441,1,0.3790760636329651
56,2,GSM331442,1,0.3910040855407715
56,2,GSM331444,1,0.7136683464050293
56,2,GSM331445,1,0.7332255244255066
56,2,GSM331446,1,0.26344233751296997
56,2,GSM331447,1,0.7750438451766968
56,2,GSM331448,1,0.8906366229057312
57,1,GSM331638,0,0.23838584125041962
57,1,GSM331661,0,0.5212460160255432
57,1,GSM331662,0,0.5593757033348083
57,1,GSM331663,0,0.23994050920009613
57,1,GSM331666,0,0.46655839681625366
57,1,GSM331668,0,0.5529173612594604
57,1,GSM331669,0,0.8242200016975403
57,1,GSM331671,0,0.7523230314254761
57,1,GSM331673,0,0.4222142994403839
57,1,GSM331676,0,0.4918272793292999
57,1,GSM331679,0,0.41075465083122253
57,1,GSM331681,0,0.6988871097564697
57,1,GSM331685,0,0.43560683727264404
57,1,GSM331686,0,0.6206836104393005
57,1,GSM331689,0,0.40016430616378784
57,1,GSM331690,0,0.7186731696128845
57,1,GSM331691,0,0.6085473299026489
57,1,GSM331692,0,0.17237770557403564
57,1,GSM331695,0,0.5091544985771179
57,1,GSM331698,0,0.319823294878006
57,1,GSM331699,0,0.3824908137321472
57,1,GSM331700,0,0.6026595830917358
57,1,GSM331703,0,0.49998414516448975
57,1,GSM331704,0,0.4590303897857666
57,1,GSM331708,0,0.6943002343177795
57,1,GSM331709,0,0.15105020999908447
57,1,GSM331713,0,0.4683353900909424
57,1,GSM331714,0,0.7891094088554382
57,1,GSM331715,0,0.3116026520729065
57,1,GSM331720,0,0.6831082701683044
57,1,GSM331721,0,0.678129255771637
57,1,GSM331723,0,0.6572516560554504
57,1,GSM331725,0,0.6752187013626099
57,1,GSM331727,0,0.44364622235298157
57,1,GSM331728,0,0.2777194380760193
57,1,GSM331729,0,0.12182086706161499
57,1,GSM331731,0,0.6530681848526001
57,1,GSM331379,1,0.5635164380073547
57,1,GSM331380,1,0.7914050221443176
57,1,GSM331383,1,0.8615038990974426
57,1,GSM331385,1,0.45113605260849
57,1,GSM331386,1,0.4874192476272583
57,1,GSM331391,1,0.785262405872345
57,1,GSM331393,1,0.7517289519309998
57,1,GSM331396,1,0.7255980372428894
57,1,GSM331399,1,0.7651753425598145
57,1,GSM331400,1,0.4674476385116577
57,1,GSM331404,1,0.8238019943237305
57,1,GSM331405,1,0.2738129794597626
57,1,GSM331406,1,0.752662718296051
57,1,GSM331410,1,0.37392860651016235
57,1,GSM331411,1,0.8599044680595398
57,1,GSM331416,1,0.602898359298706
57,1,GSM331417,1,0.8995470404624939
57,1,GSM331418,1,0.6928253173828125
57,1,GSM331421,1,0.6588929295539856
57,1,GSM331422,1,0.7770671844482422
57,1,GSM331424,1,0.7094826698303223
57,1,GSM331425,1,0.5737496018409729
57,1,GSM331426,1,0.6594291925430298
57,1,GSM331427,1,0.7815077304840088
57,1,GSM331429,1,0.7026355862617493
57,1,GSM331431,1,0.8462756872177124
57,1,GSM331434,1,0.7344847917556763
57,1,GSM331438,1,0.8621913194656372
57,1,GSM331443,1,0.5223545432090759
57,1,GSM331446,1,0.3329797685146332
57,1,GSM331447,1,0.6213271021842957
57,1,GSM331448,1,0.7913967370986938
57,1,GSM331452,1,0.7653176784515381
57,2,GSM331660,0,0.19076988101005554
57,2,GSM331664,0,0.27792564034461975
57,2,GSM331665,0,0.43684932589530945
57,2,GSM331670,0,0.26811856031417847
57,2,GSM331672,0,0.3679213523864746
57,2,GSM331674,0,0.335865318775177
57,2,GSM331675,0,0.08559326827526093
57,2,GSM331677,0,0.20639687776565552
57,2,GSM331678,0,0.09971799701452255
57,2,GSM331680,0,0.32392701506614685
57,2,GSM331682,0,0.4058603048324585
57,2,GSM331683,0,0.6704500317573547
57,2,GSM331684,0,0.09513750672340393
57,2,GSM331687,0,0.23173007369041443
57,2,GSM331688,0,0.47896677255630493
57,2,GSM331693,0,0.2940298616886139
57,2,GSM331694,0,0.1945023536682129
57,2,GSM331696,0,0.22016645967960358
57,2,GSM331697,0,0.17067362368106842
57,2,GSM331701,0,0.2126559019088745
57,2,GSM331702,0,0.397195965051651
57,2,GSM331705,0,0.1730823963880539
57,2,GSM331706,0,0.6511919498443604
57,2,GSM331707,0,0.26406174898147583
57,2,GSM331710,0,0.0632709339261055
57,2,GSM331711,0,0.534577488899231
57,2,GSM331712,0,0.2664406895637512
57,2,GSM331716,0,0.769163191318512
57,2,GSM331717,0,0.4263613522052765
57,2,GSM331718,0,0.5532636046409607
57,2,GSM331719,0,0.08291567116975784
57,2,GSM331722,0,0.25520750880241394
57,2,GSM331724,0,0.24266380071640015
57,2,GSM331726,0,0.11449868977069855
57,2,GSM331730,0,0.3910852372646332
57,2,GSM331732,0,0.39107879996299744
57,2,GSM331377,1,0.7635965943336487
57,2,GSM331378,1,0.6697550415992737
57,2,GSM331381,1,0.6035481095314026
57,2,GSM331382,1,0.4406237006187439
57,2,GSM331384,1,0.31761398911476135
57,2,GSM331387,1,0.47593072056770325
57,2,GSM331388,1,0.835289478302002
57,2,GSM331389,1,0.3565879762172699
57,2,GSM331390,1,0.5362169742584229
57,2,GSM331395,1,0.2896512448787689
57,2,GSM331397,1,0.2642684280872345
57,2,GSM331401,1,0.45253100991249084
57,2,GSM331402,1,0.59958815574646
57,2,GSM331403,1,0.8315664529800415
57,2,GSM331407,1,0.2189345806837082
57,2,GSM331408,1,0.624813973903656
57,2,GSM331409,1,0.5230271220207214
57,2,GSM331412,1,0.7167774438858032
57,2,GSM331413,1,0.1624464988708496
57,2,GSM331414,1,0.6856494545936584
57,2,GSM331419,1,0.5020845532417297
57,2,GSM331420,1,0.6754685044288635
57,2,GSM331428,1,0.3379797637462616
57,2,GSM331430,1,0.49483224749565125
57,2,GSM331432,1,0.1652643233537674
57,2,GSM331436,1,0.1004590168595314
57,2,GSM331439,1,0.7315599918365479
57,2,GSM331440,1,0.6469236612319946
57,2,GSM331441,1,0.5615781545639038
57,2,GSM331442,1,0.19200441241264343
57,2,GSM331444,1,0.5254325270652771
57,2,GSM331445,1,0.337052583694458
57,2,GSM331450,1,0.4331076741218567
58,1,GSM331638,0,0.3189314007759094
58,1,GSM331660,0,0.14655305445194244
58,1,GSM331661,0,0.6278374195098877
58,1,GSM331664,0,0.14640410244464874
58,1,GSM331665,0,0.38351812958717346
58,1,GSM331671,0,0.2758771479129791
58,1,GSM331672,0,0.3572065830230713
58,1,GSM331673,0,0.16460278630256653
58,1,GSM331676,0,0.5289407968521118
58,1,GSM331678,0,0.11263870447874069
58,1,GSM331679,0,0.12925253808498383
58,1,GSM331680,0,0.4896615743637085
58,1,GSM331681,0,0.6665101647377014
58,1,GSM331686,0,0.4305117726325989
58,1,GSM331687,0,0.4207661747932434
58,1,GSM331688,0,0.39889004826545715
58,1,GSM331689,0,0.5211326479911804
58,1,GSM331691,0,0.752182126045227
58,1,GSM331696,0,0.41576510667800903
58,1,GSM331698,0,0.23186631500720978
58,1,GSM331699,0,0.4195461869239807
58,1,GSM331702,0,0.36506643891334534
58,1,GSM331706,0,0.6621749401092529
58,1,GSM331708,0,0.3657096326351166
58,1,GSM331709,0,0.087548166513443
58,1,GSM331710,0,0.3096165359020233
58,1,GSM331712,0,0.3280620574951172
58,1,GSM331713,0,0.21256402134895325
58,1,GSM331715,0,0.28662392497062683
58,1,GSM331717,0,0.3635070323944092
58,1,GSM331718,0,0.5468558669090271
58,1,GSM331720,0,0.4872293472290039
58,1,GSM331723,0,0.6196783781051636
58,1,GSM331728,0,0.11901995539665222
58,1,GSM331729,0,0.10990357398986816
58,1,GSM331731,0,0.6572948694229126
58,1,GSM331732,0,0.5184234976768494
58,1,GSM331378,1,0.6023644804954529
58,1,GSM331379,1,0.4256022274494171
58,1,GSM331380,1,0.4918955862522125
58,1,GSM331381,1,0.5261990427970886
58,1,GSM331383,1,0.6698932647705078
58,1,GSM331384,1,0.4922960102558136
58,1,GSM331385,1,0.38636142015457153
58,1,GSM331386,1,0.46649062633514404
58,1,GSM331391,1,0.29670634865760803
58,1,GSM331393,1,0.41059401631355286
58,1,GSM331396,1,0.5277848243713379
58,1,GSM331401,1,0.5331562161445618
58,1,GSM331404,1,0.5970717072486877
58,1,GSM331405,1,0.14704278111457825
58,1,GSM331407,1,0.48010337352752686
58,1,GSM331408,1,0.5695838928222656
58,1,GSM331409,1,0.49175912141799927
58,1,GSM331410,1,0.37582412362098694
58,1,GSM331411,1,0.7113653421401978
58,1,GSM331412,1,0.7098210453987122
58,1,GSM331414,1,0.6198049783706665
58,1,GSM331416,1,0.4869958162307739
58,1,GSM331418,1,0.5451802015304565
58,1,GSM331419,1,0.4781658947467804
58,1,GSM331421,1,0.3891708552837372
58,1,GSM331428,1,0.23131932318210602
58,1,GSM331431,1,0.35680875182151794
58,1,GSM331434,1,0.44755229353904724
58,1,GSM331439,1,0.6434357166290283
58,1,GSM331442,1,0.46281418204307556
58,1,GSM331446,1,0.2916032075881958
58,1,GSM331448,1,0.5328040719032288
58,1,GSM331452,1,0.53811115026474
58,2,GSM331662,0,0.5214049816131592
58,2,GSM331663,0,0.3559817671775818
58,2,GSM331666,0,0.3420092761516571
58,2,GSM331668,0,0.6465253233909607
58,2,GSM331669,0,0.8453822731971741
58,2,GSM331670,0,0.6460317969322205
58,2,GSM331674,0,0.5331318974494934
58,2,GSM331675,0,0.1758091002702713
58,2,GSM331677,0,0.6281957626342773
58,2,GSM331682,0,0.6295247673988342
58,2,GSM331683,0,0.48759591579437256
58,2,GSM331684,0,0.3088313639163971
58,2,GSM331685,0,0.3641725480556488
58,2,GSM331690,0,0.7759742140769958
58,2,GSM331692,0,0.3039366900920868
58,2,GSM331693,0,0.5662336349487305
58,2,GSM331694,0,0.29076263308525085
58,2,GSM331695,0,0.5447185039520264
58,2,GSM331697,0,0.6310909390449524
58,2,GSM331700,0,0.3932660222053528
58,2,GSM331701,0,0.4655616879463196
58,2,GSM331703,0,0.6678915023803711
58,2,GSM331704,0,0.7152860164642334
58,2,GSM331705,0,0.42666926980018616
58,2,GSM331707,0,0.6606246829032898
58,2,GSM331711,0,0.7769332528114319
58,2,GSM331714,0,0.7987508773803711
58,2,GSM331716,0,0.9069887399673462
58,2,GSM331719,0,0.28187090158462524
58,2,GSM331721,0,0.6916927099227905
58,2,GSM331722,0,0.4156382083892822
58,2,GSM331724,0,0.5088971853256226
58,2,GSM331725,0,0.39550209045410156
58,2,GSM331726,0,0.41328561305999756
58,2,GSM331727,0,0.33088359236717224
58,2,GSM331730,0,0.6274242401123047
58,2,GSM331377,1,0.5930304527282715
58,2,GSM331382,1,0.5242524147033691
58,2,GSM331387,1,0.578108549118042
58,2,GSM331388,1,0.8683879375457764
58,2,GSM331389,1,0.2632913589477539
58,2,GSM331390,1,0.4371698796749115
58,2,GSM331395,1,0.5208728313446045
58,2,GSM331397,1,0.47242218255996704
58,2,GSM331399,1,0.7309753894805908
58,2,GSM331400,1,0.6445308327674866
58,2,GSM331402,1,0.6252471208572388
58,2,GSM331403,1,0.7412423491477966
58,2,GSM331406,1,0.6696849465370178
58,2,GSM331413,1,0.5600318908691406
58,2,GSM331417,1,0.8412003517150879
58,2,GSM331420,1,0.6653704047203064
58,2,GSM331422,1,0.8571491241455078
58,2,GSM331424,1,0.23281767964363098
58,2,GSM331425,1,0.47636666893959045
58,2,GSM331426,1,0.6741328239440918
58,2,GSM331427,1,0.81181800365448
58,2,GSM331429,1,0.6276116371154785
58,2,GSM331430,1,0.6228494048118591
58,2,GSM331432,1,0.4992811381816864
58,2,GSM331436,1,0.6118437051773071
58,2,GSM331438,1,0.8232156038284302
58,2,GSM331440,1,0.4363477826118469
58,2,GSM331441,1,0.6678568720817566
58,2,GSM331443,1,0.21567849814891815
58,2,GSM331444,1,0.5977204442024231
58,2,GSM331445,1,0.8077631592750549
58,2,GSM331447,1,0.7450461387634277
58,2,GSM331450,1,0.5657842755317688
59,1,GSM331638,0,0.1424981951713562
59,1,GSM331660,0,0.1049511730670929
59,1,GSM331664,0,0.0801277756690979
59,1,GSM331665,0,0.8978777527809143
59,1,GSM331666,0,0.2247759997844696
59,1,GSM331669,0,0.9108521938323975
59,1,GSM331671,0,0.7106350660324097
59,1,GSM331673,0,0.23678867518901825
59,1,GSM331674,0,0.7226345539093018
59,1,GSM331675,0,0.13290861248970032
59,1,GSM331678,0,0.0784304141998291
59,1,GSM331679,0,0.33727625012397766
59,1,GSM331682,0,0.7169135212898254
59,1,GSM331684,0,0.13024382293224335
59,1,GSM331685,0,0.25175413489341736
59,1,GSM331686,0,0.6260579824447632
59,1,GSM331688,0,0.42212265729904175
59,1,GSM331694,0,0.20140428841114044
59,1,GSM331695,0,0.34917858242988586
59,1,GSM331696,0,0.257630318403244
59,1,GSM331698,0,0.4651723802089691
59,1,GSM331702,0,0.7144709825515747
59,1,GSM331703,0,0.357118159532547
59,1,GSM331704,0,0.6074221730232239
59,1,GSM331708,0,0.7037433981895447
59,1,GSM331709,0,0.04338274523615837
59,1,GSM331711,0,0.45039835572242737
59,1,GSM331715,0,0.4675038158893585
59,1,GSM331718,0,0.7475642561912537
59,1,GSM331720,0,0.626733124256134
59,1,GSM331721,0,0.8206496834754944
59,1,GSM331723,0,0.7515407800674438
59,1,GSM331724,0,0.3150498867034912
59,1,GSM331725,0,0.6503795385360718
59,1,GSM331726,0,0.0975758284330368
59,1,GSM331727,0,0.09799878299236298
59,1,GSM331728,0,0.040573135018348694
59,1,GSM331377,1,0.6616321802139282
59,1,GSM331379,1,0.7463825941085815
59,1,GSM331380,1,0.7198988199234009
59,1,GSM331381,1,0.7844347953796387
59,1,GSM331385,1,0.36595281958580017
59,1,GSM331386,1,0.3332354724407196
59,1,GSM331390,1,0.3029526174068451
59,1,GSM331393,1,0.7762810587882996
59,1,GSM331395,1,0.10187530517578125
59,1,GSM331396,1,0.6201580762863159
59,1,GSM331397,1,0.17506352066993713
59,1,GSM331400,1,0.20786820352077484
59,1,GSM331401,1,0.7028079032897949
59,1,GSM331402,1,0.6294806003570557
59,1,GSM331404,1,0.5678998827934265
59,1,GSM331405,1,0.2519935369491577
59,1,GSM331407,1,0.5967419743537903
59,1,GSM331408,1,0.729919970035553
59,1,GSM331412,1,0.7900822758674622
59,1,GSM331413,1,0.3767990469932556
59,1,GSM331416,1,0.4757165014743805
59,1,GSM331419,1,0.821735143661499
59,1,GSM331420,1,0.9075435400009155
59,1,GSM331428,1,0.403719961643219
59,1,GSM331431,1,0.6342305541038513
59,1,GSM331432,1,0.3402990698814392
59,1,GSM331434,1,0.6725500822067261
59,1,GSM331440,1,0.35705697536468506
59,1,GSM331442,1,0.5507868528366089
59,1,GSM331445,1,0.8125828504562378
59,1,GSM331447,1,0.6979427337646484
59,1,GSM331450,1,0.7460582852363586
59,1,GSM331452,1,0.6308269500732422
59,2,GSM331661,0,0.8325836658477783
59,2,GSM331662,0,0.4681473970413208
59,2,GSM331663,0,0.28690749406814575
59,2,GSM331668,0,0.6075602173805237
59,2,GSM331670,0,0.673880398273468
59,2,GSM331672,0,0.6391072273254395
59,2,GSM331676,0,0.7046576142311096
59,2,GSM331677,0,0.3263109028339386
59,2,GSM331680,0,0.7165202498435974
59,2,GSM331681,0,0.7615354657173157
59,2,GSM331683,0,0.595681369304657
59,2,GSM331687,0,0.5083827376365662
59,2,GSM331689,0,0.142835333943367
59,2,GSM331690,0,0.8968260884284973
59,2,GSM331691,0,0.5191357731819153
59,2,GSM331692,0,0.11316211521625519
59,2,GSM331693,0,0.5625922679901123
59,2,GSM331697,0,0.20707404613494873
59,2,GSM331699,0,0.740014374256134
59,2,GSM331700,0,0.6254428029060364
59,2,GSM331701,0,0.38631758093833923
59,2,GSM331705,0,0.4113142490386963
59,2,GSM331706,0,0.8077540397644043
59,2,GSM331707,0,0.6775475144386292
59,2,GSM331710,0,0.09223463386297226
59,2,GSM331712,0,0.4019841253757477
59,2,GSM331713,0,0.566310465335846
59,2,GSM331714,0,0.5169138312339783
59,2,GSM331716,0,0.9708248376846313
59,2,GSM331717,0,0.8697941899299622
59,2,GSM331719,0,0.1484423279762268
59,2,GSM331722,0,0.44206294417381287
59,2,GSM331729,0,0.0142242182046175
59,2,GSM331730,0,0.6899250745773315
59,2,GSM331731,0,0.6865301132202148
59,2,GSM331732,0,0.7602337598800659
59,2,GSM331378,1,0.9509169459342957
59,2,GSM331382,1,0.5470848083496094
59,2,GSM331383,1,0.84892338514328
59,2,GSM331384,1,0.6191979050636292
59,2,GSM331387,1,0.6820735335350037
59,2,GSM331388,1,0.946493923664093
59,2,GSM331389,1,0.2188953012228012
59,2,GSM331391,1,0.6491789221763611
59,2,GSM331399,1,0.8666078448295593
59,2,GSM331403,1,0.9369156360626221
59,2,GSM331406,1,0.5051483511924744
59,2,GSM331409,1,0.7485229969024658
59,2,GSM331410,1,0.8079141974449158
59,2,GSM331411,1,0.928184449672699
59,2,GSM331414,1,0.8727202415466309
59,2,GSM331417,1,0.9017534255981445
59,2,GSM331418,1,0.7007225751876831
59,2,GSM331421,1,0.5877459049224854
59,2,GSM331422,1,0.8574491143226624
59,2,GSM331424,1,0.3346889615058899
59,2,GSM331425,1,0.4866577982902527
59,2,GSM331426,1,0.9258028864860535
59,2,GSM331427,1,0.9093011617660522
59,2,GSM331429,1,0.8141353726387024
59,2,GSM331430,1,0.6373841762542725
59,2,GSM331436,1,0.2953885793685913
59,2,GSM331438,1,0.9254025220870972
59,2,GSM331439,1,0.6833537817001343
59,2,GSM331441,1,0.4802757799625397
59,2,GSM331443,1,0.3416788876056671
59,2,GSM331444,1,0.9386172294616699
59,2,GSM331446,1,0.25554776191711426
59,2,GSM331448,1,0.937117338180542
60,1,GSM331638,0,0.553813099861145
60,1,GSM331660,0,0.10014201700687408
60,1,GSM331662,0,0.34402376413345337
60,1,GSM331665,0,0.7830830812454224
60,1,GSM331668,0,0.6982473731040955
60,1,GSM331669,0,0.9357727766036987
60,1,GSM331670,0,0.5001229643821716
60,1,GSM331671,0,0.2998274564743042
60,1,GSM331672,0,0.45793429017066956
60,1,GSM331676,0,0.46110546588897705
60,1,GSM331678,0,0.09830427169799805
60,1,GSM331683,0,0.39457830786705017
60,1,GSM331684,0,0.35284799337387085
60,1,GSM331685,0,0.0838463082909584
60,1,GSM331686,0,0.6254336833953857
60,1,GSM331687,0,0.23225674033164978
60,1,GSM331690,0,0.8729441165924072
60,1,GSM331692,0,0.2014014720916748
60,1,GSM331700,0,0.5353630781173706
60,1,GSM331702,0,0.6654775142669678
60,1,GSM331706,0,0.9250972867012024
60,1,GSM331707,0,0.38081929087638855
60,1,GSM331709,0,0.2840667963027954
60,1,GSM331710,0,0.133639395236969
60,1,GSM331711,0,0.6484091281890869
60,1,GSM331713,0,0.41757261753082275
60,1,GSM331714,0,0.7017787098884583
60,1,GSM331715,0,0.2782045304775238
60,1,GSM331716,0,0.9429369568824768
60,1,GSM331718,0,0.6304019093513489
60,1,GSM331719,0,0.1548159122467041
60,1,GSM331722,0,0.18256506323814392
60,1,GSM331723,0,0.6316013336181641
60,1,GSM331728,0,0.09816817939281464
60,1,GSM331730,0,0.5700902938842773
60,1,GSM331731,0,0.8961278200149536
60,1,GSM331732,0,0.8067691326141357
60,1,GSM331380,1,0.9499818682670593
60,1,GSM331383,1,0.9499210715293884
60,1,GSM331384,1,0.7570070028305054
60,1,GSM331385,1,0.28530171513557434
60,1,GSM331386,1,0.6089805960655212
60,1,GSM331387,1,0.4155272841453552
60,1,GSM331389,1,0.3488142192363739
60,1,GSM331393,1,0.8192170262336731
60,1,GSM331399,1,0.8835898637771606
60,1,GSM331400,1,0.47678741812705994
60,1,GSM331401,1,0.8890776634216309
60,1,GSM331402,1,0.6763309836387634
60,1,GSM331404,1,0.8712431192398071
60,1,GSM331406,1,0.6460487246513367
60,1,GSM331407,1,0.8268433809280396
60,1,GSM331408,1,0.9424462914466858
60,1,GSM331409,1,0.821673572063446
60,1,GSM331410,1,0.7777801156044006
60,1,GSM331411,1,0.9677224159240723
60,1,GSM331412,1,0.9227918386459351
60,1,GSM331416,1,0.6676091551780701
60,1,GSM331417,1,0.8317909240722656
60,1,GSM331421,1,0.535341739654541
60,1,GSM331424,1,0.16170121729373932
60,1,GSM331426,1,0.9048523902893066
60,1,GSM331427,1,0.8611897230148315
60,1,GSM331432,1,0.23880597949028015
60,1,GSM331434,1,0.882686197757721
60,1,GSM331436,1,0.12281374633312225
60,1,GSM331439,1,0.8415976166725159
60,1,GSM331446,1,0.25603950023651123
60,1,GSM331448,1,0.831678569316864
60,1,GSM331452,1,0.8726968169212341
60,2,GSM331661,0,0.5362436175346375
60,2,GSM331663,0,0.15244551002979279
60,2,GSM331664,0,0.06951204687356949
60,2,GSM331666,0,0.2664249837398529
60,2,GSM331673,0,0.2291545867919922
60,2,GSM331674,0,0.36733293533325195
60,2,GSM331675,0,0.06457659602165222
60,2,GSM331677,0,0.1813182234764099
60,2,GSM331679,0,0.09745731204748154
60,2,GSM331680,0,0.6565639972686768
60,2,GSM331681,0,0.26837158203125
60,2,GSM331682,0,0.3256096839904785
60,2,GSM331688,0,0.6004828214645386
60,2,GSM331689,0,0.23936839401721954
60,2,GSM331691,0,0.6831186413764954
60,2,GSM331693,0,0.27797067165374756
60,2,GSM331694,0,0.13120295107364655
60,2,GSM331695,0,0.4540276825428009
60,2,GSM331696,0,0.38709163665771484
60,2,GSM331697,0,0.3264864385128021
60,2,GSM331698,0,0.14565414190292358
60,2,GSM331699,0,0.3394651710987091
60,2,GSM331701,0,0.16290123760700226
60,2,GSM331703,0,0.6052852272987366
60,2,GSM331704,0,0.46855926513671875
60,2,GSM331705,0,0.3375700116157532
60,2,GSM331708,0,0.4948923885822296
60,2,GSM331712,0,0.327045738697052
60,2,GSM331717,0,0.48907098174095154
60,2,GSM331720,0,0.2560349106788635
60,2,GSM331721,0,0.6972079873085022
60,2,GSM331724,0,0.20217032730579376
60,2,GSM331725,0,0.3068087100982666
60,2,GSM331726,0,0.14403919875621796
60,2,GSM331727,0,0.151866152882576
60,2,GSM331729,0,0.052704185247421265
60,2,GSM331377,1,0.8497562408447266
60,2,GSM331378,1,0.9628074169158936
60,2,GSM331379,1,0.614802896976471
60,2,GSM331381,1,0.8034452795982361
60,2,GSM331382,1,0.8005900382995605
60,2,GSM331388,1,0.9583794474601746
60,2,GSM331390,1,0.4763384759426117
60,2,GSM331391,1,0.6872813105583191
60,2,GSM331395,1,0.8146923184394836
60,2,GSM331396,1,0.8092284798622131
60,2,GSM331397,1,0.09119589626789093
60,2,GSM331403,1,0.7915694117546082
60,2,GSM331405,1,0.04377172142267227
60,2,GSM331413,1,0.640584409236908
60,2,GSM331414,1,0.8910427689552307
60,2,GSM331418,1,0.8853205442428589
60,2,GSM331419,1,0.6133934259414673
60,2,GSM331420,1,0.8707097768783569
60,2,GSM331422,1,0.8896833062171936
60,2,GSM331425,1,0.7932422161102295
60,2,GSM331428,1,0.34982120990753174
60,2,GSM331429,1,0.7861379981040955
60,2,GSM331430,1,0.4209910035133362
60,2,GSM331431,1,0.6895321607589722
60,2,GSM331438,1,0.9654030203819275
60,2,GSM331440,1,0.7066301107406616
60,2,GSM331441,1,0.7809689044952393
60,2,GSM331442,1,0.2334134876728058
60,2,GSM331443,1,0.14701753854751587
60,2,GSM331444,1,0.5436891317367554
60,2,GSM331445,1,0.7834689617156982
60,2,GSM331447,1,0.7698646783828735
60,2,GSM331450,1,0.4106721878051758
61,1,GSM331664,0,0.4489431083202362
61,1,GSM331666,0,0.33201277256011963
61,1,GSM331669,0,0.7857593894004822
61,1,GSM331671,0,0.7127401232719421
61,1,GSM331672,0,0.4041321873664856
61,1,GSM331673,0,0.4636235535144806
61,1,GSM331674,0,0.6444790363311768
61,1,GSM331675,0,0.1521247923374176
61,1,GSM331676,0,0.5937795042991638
61,1,GSM331679,0,0.6285734176635742
61,1,GSM331681,0,0.25873249769210815
61,1,GSM331683,0,0.6802859306335449
61,1,GSM331686,0,0.37104880809783936
61,1,GSM331688,0,0.532624363899231
61,1,GSM331691,0,0.3697267174720764
61,1,GSM331692,0,0.22147630155086517
61,1,GSM331693,0,0.2813986539840698
61,1,GSM331694,0,0.3114747107028961
61,1,GSM331697,0,0.3553277552127838
61,1,GSM331699,0,0.46366143226623535
61,1,GSM331702,0,0.34007635712623596
61,1,GSM331705,0,0.2505421042442322
61,1,GSM331707,0,0.5156757831573486
61,1,GSM331709,0,0.2920849025249481
61,1,GSM331711,0,0.6228350400924683
61,1,GSM331712,0,0.2066824585199356
61,1,GSM331715,0,0.26763325929641724
61,1,GSM331718,0,0.7193080186843872
61,1,GSM331719,0,0.11644274741411209
61,1,GSM331723,0,0.44216954708099365
61,1,GSM331724,0,0.27649766206741333
61,1,GSM331725,0,0.6654469966888428
61,1,GSM331726,0,0.35654425621032715
61,1,GSM331727,0,0.508758008480072
61,1,GSM331728,0,0.2968882620334625
61,1,GSM331729,0,0.22224199771881104
61,1,GSM331731,0,0.7671476602554321
61,1,GSM331378,1,0.8050054311752319
61,1,GSM331382,1,0.5470815300941467
61,1,GSM331383,1,0.7397066354751587
61,1,GSM331384,1,0.5193444490432739
61,1,GSM331385,1,0.2552744746208191
61,1,GSM331388,1,0.759026050567627
61,1,GSM331391,1,0.6705313920974731
61,1,GSM331395,1,0.43762511014938354
61,1,GSM331396,1,0.6209952235221863
61,1,GSM331403,1,0.717229425907135
61,1,GSM331405,1,0.3049989342689514
61,1,GSM331406,1,0.7333207130432129
61,1,GSM331409,1,0.4473184645175934
61,1,GSM331410,1,0.3483027517795563
61,1,GSM331411,1,0.7516244649887085
61,1,GSM331413,1,0.26176655292510986
61,1,GSM331414,1,0.7578796148300171
61,1,GSM331417,1,0.43088504672050476
61,1,GSM331418,1,0.4922458827495575
61,1,GSM331419,1,0.41723349690437317
61,1,GSM331420,1,0.6237660646438599
61,1,GSM331422,1,0.6705626845359802
61,1,GSM331424,1,0.5608521699905396
61,1,GSM331425,1,0.33898070454597473
61,1,GSM331428,1,0.48609045147895813
61,1,GSM331431,1,0.6581385731697083
61,1,GSM331432,1,0.23847025632858276
61,1,GSM331436,1,0.17385020852088928
61,1,GSM331439,1,0.8034400939941406
61,1,GSM331441,1,0.677532434463501
61,1,GSM331443,1,0.4060831665992737
61,1,GSM331446,1,0.38599085807800293
61,1,GSM331452,1,0.7195600867271423
61,2,GSM331638,0,0.3527795672416687
61,2,GSM331660,0,0.3421398401260376
61,2,GSM331661,0,0.45957300066947937
61,2,GSM331662,0,0.5408782362937927
61,2,GSM331663,0,0.2914603650569916
61,2,GSM331665,0,0.5943551063537598
61,2,GSM331668,0,0.42853304743766785
61,2,GSM331670,0,0.3720889389514923
61,2,GSM331677,0,0.22450712323188782
61,2,GSM331678,0,0.296404093503952
61,2,GSM331680,0,0.7073330283164978
61,2,GSM331682,0,0.308588445186615
61,2,GSM331684,0,0.2785477042198181
61,2,GSM331685,0,0.5351706147193909
61,2,GSM331687,0,0.23514299094676971
61,2,GSM331689,0,0.3610602915287018
61,2,GSM331690,0,0.7537751197814941
61,2,GSM331695,0,0.3195183575153351
61,2,GSM331696,0,0.34182029962539673
61,2,GSM331698,0,0.11786096543073654
61,2,GSM331700,0,0.47510042786598206
61,2,GSM331701,0,0.27242857217788696
61,2,GSM331703,0,0.3378056287765503
61,2,GSM331704,0,0.4112425446510315
61,2,GSM331706,0,0.5483340620994568
61,2,GSM331708,0,0.6137782335281372
61,2,GSM331710,0,0.2991686463356018
61,2,GSM331713,0,0.45367467403411865
61,2,GSM331714,0,0.5761834383010864
61,2,GSM331716,0,0.55487459897995
61,2,GSM331717,0,0.346661239862442
61,2,GSM331720,0,0.7446901202201843
61,2,GSM331721,0,0.51296067237854
61,2,GSM331722,0,0.5548378229141235
61,2,GSM331730,0,0.27606400847435
61,2,GSM331732,0,0.5273447036743164
61,2,GSM331377,1,0.5514810681343079
61,2,GSM331379,1,0.6542659401893616
61,2,GSM331380,1,0.571536660194397
61,2,GSM331381,1,0.5632794499397278
61,2,GSM331386,1,0.42435717582702637
61,2,GSM331387,1,0.5602186918258667
61,2,GSM331389,1,0.3978339731693268
61,2,GSM331390,1,0.3096124827861786
61,2,GSM331393,1,0.3709476888179779
61,2,GSM331397,1,0.41250866651535034
61,2,GSM331399,1,0.6028324961662292
61,2,GSM331400,1,0.38699182868003845
61,2,GSM331401,1,0.46211227774620056
61,2,GSM331402,1,0.5157844424247742
61,2,GSM331404,1,0.5587595105171204
61,2,GSM331407,1,0.42628756165504456
61,2,GSM331408,1,0.6693849563598633
61,2,GSM331412,1,0.6457588076591492
61,2,GSM331416,1,0.5583159327507019
61,2,GSM331421,1,0.6223353743553162
61,2,GSM331426,1,0.5807168483734131
61,2,GSM331427,1,0.47507545351982117
61,2,GSM331429,1,0.5169035196304321
61,2,GSM331430,1,0.4697588086128235
61,2,GSM331434,1,0.6060200333595276
61,2,GSM331438,1,0.6750633716583252
61,2,GSM331440,1,0.6371865272521973
61,2,GSM331442,1,0.5326014161109924
61,2,GSM331444,1,0.6891960501670837
61,2,GSM331445,1,0.6934843063354492
61,2,GSM331447,1,0.4871133267879486
61,2,GSM331448,1,0.3778727650642395
61,2,GSM331450,1,0.42463064193725586
62,1,GSM331638,0,0.2517589032649994
62,1,GSM331660,0,0.06683095544576645
62,1,GSM331661,0,0.5393607020378113
62,1,GSM331662,0,0.34852319955825806
62,1,GSM331664,0,0.0860966295003891
62,1,GSM331666,0,0.18069976568222046
62,1,GSM331671,0,0.3168545067310333
62,1,GSM331672,0,0.28842684626579285
62,1,GSM331673,0,0.23099486529827118
62,1,GSM331674,0,0.36279022693634033
62,1,GSM331675,0,0.02839663252234459
62,1,GSM331677,0,0.10970146954059601
62,1,GSM331678,0,0.04007861018180847
62,1,GSM331680,0,0.3503981828689575
62,1,GSM331683,0,0.48788610100746155
62,1,GSM331686,0,0.5471001267433167
62,1,GSM331687,0,0.11780807375907898
62,1,GSM331692,0,0.03338273987174034
62,1,GSM331694,0,0.11659829318523407
62,1,GSM331697,0,0.17240361869335175
62,1,GSM331698,0,0.22002694010734558
62,1,GSM331699,0,0.42773452401161194
62,1,GSM331700,0,0.3032835125923157
62,1,GSM331704,0,0.4629013240337372
62,1,GSM331705,0,0.16613465547561646
62,1,GSM331706,0,0.86661297082901
62,1,GSM331708,0,0.6809467673301697
62,1,GSM331710,0,0.04207717254757881
62,1,GSM331711,0,0.5406472682952881
62,1,GSM331712,0,0.20779064297676086
62,1,GSM331713,0,0.2451154589653015
62,1,GSM331716,0,0.9424006342887878
62,1,GSM331718,0,0.4436704218387604
62,1,GSM331720,0,0.2886946499347687
62,1,GSM331726,0,0.08699759840965271
62,1,GSM331727,0,0.16166836023330688
62,1,GSM331729,0,0.035107869654893875
62,1,GSM331377,1,0.8652727603912354
62,1,GSM331378,1,0.9250590801239014
62,1,GSM331379,1,0.5648340582847595
62,1,GSM331382,1,0.5354591012001038
62,1,GSM331383,1,0.8891347646713257
62,1,GSM331386,1,0.2945943772792816
62,1,GSM331388,1,0.8676519393920898
62,1,GSM331389,1,0.24406136572360992
62,1,GSM331393,1,0.7223116159439087
62,1,GSM331397,1,0.16710467636585236
62,1,GSM331399,1,0.680387556552887
62,1,GSM331402,1,0.6711797714233398
62,1,GSM331404,1,0.6451188325881958
62,1,GSM331406,1,0.3397608995437622
62,1,GSM331407,1,0.4785167872905731
62,1,GSM331409,1,0.48629170656204224
62,1,GSM331410,1,0.5198320746421814
62,1,GSM331417,1,0.8048598766326904
62,1,GSM331418,1,0.7230609059333801
62,1,GSM331424,1,0.11239267885684967
62,1,GSM331426,1,0.6850664019584656
62,1,GSM331427,1,0.8239365816116333
62,1,GSM331428,1,0.2515421211719513
62,1,GSM331429,1,0.5720599889755249
62,1,GSM331431,1,0.699641764163971
62,1,GSM331432,1,0.1187458261847496
62,1,GSM331439,1,0.6669018864631653
62,1,GSM331441,1,0.6159818172454834
62,1,GSM331442,1,0.22894002497196198
62,1,GSM331446,1,0.16383273899555206
62,1,GSM331447,1,0.5569350123405457
62,1,GSM331448,1,0.79244464635849
62,1,GSM331450,1,0.3252374529838562
62,2,GSM331663,0,0.23767952620983124
62,2,GSM331665,0,0.7054728269577026
62,2,GSM331668,0,0.5571500062942505
62,2,GSM331669,0,0.940797746181488
62,2,GSM331670,0,0.2774418294429779
62,2,GSM331676,0,0.47791850566864014
62,2,GSM331679,0,0.19744645059108734
62,2,GSM331681,0,0.5343607664108276
62,2,GSM331682,0,0.39267003536224365
62,2,GSM331684,0,0.051625169813632965
62,2,GSM331685,0,0.08073711395263672
62,2,GSM331688,0,0.5180048942565918
62,2,GSM331689,0,0.15736114978790283
62,2,GSM331690,0,0.7269166111946106
62,2,GSM331691,0,0.36801978945732117
62,2,GSM331693,0,0.3514716625213623
62,2,GSM331695,0,0.42075973749160767
62,2,GSM331696,0,0.34497198462486267
62,2,GSM331701,0,0.18556706607341766
62,2,GSM331702,0,0.5589009523391724
62,2,GSM331703,0,0.5507192015647888
62,2,GSM331707,0,0.3258601427078247
62,2,GSM331709,0,0.09822500497102737
62,2,GSM331714,0,0.6922140717506409
62,2,GSM331715,0,0.2178565412759781
62,2,GSM331717,0,0.645237922668457
62,2,GSM331719,0,0.04530851170420647
62,2,GSM331721,0,0.8280081748962402
62,2,GSM331722,0,0.13330142199993134
62,2,GSM331723,0,0.7532600164413452
62,2,GSM331724,0,0.1543470323085785
62,2,GSM331725,0,0.5059012174606323
62,2,GSM331728,0,0.045420944690704346
62,2,GSM331730,0,0.4437785744667053
62,2,GSM331731,0,0.820349931716919
62,2,GSM331732,0,0.615003764629364
62,2,GSM331380,1,0.8007792234420776
62,2,GSM331381,1,0.680730402469635
62,2,GSM331384,1,0.5474478006362915
62,2,GSM331385,1,0.3780515193939209
62,2,GSM331387,1,0.36801478266716003
62,2,GSM331390,1,0.5633628964424133
62,2,GSM331391,1,0.518971860408783
62,2,GSM331395,1,0.3702685832977295
62,2,GSM331396,1,0.5883485078811646
62,2,GSM331400,1,0.2435658872127533
62,2,GSM331401,1,0.6077229976654053
62,2,GSM331403,1,0.938950777053833
62,2,GSM331405,1,0.04020041227340698
62,2,GSM331408,1,0.7357524633407593
62,2,GSM331411,1,0.8932996392250061
62,2,GSM331412,1,0.9153313040733337
62,2,GSM331413,1,0.20690342783927917
62,2,GSM331414,1,0.7646929621696472
62,2,GSM331416,1,0.4595390558242798
62,2,GSM331419,1,0.5104961395263672
62,2,GSM331420,1,0.7859143018722534
62,2,GSM331421,1,0.35738930106163025
62,2,GSM331422,1,0.8176496028900146
62,2,GSM331425,1,0.3961579501628876
62,2,GSM331430,1,0.46637341380119324
62,2,GSM331434,1,0.6743082404136658
62,2,GSM331436,1,0.10328242927789688
62,2,GSM331438,1,0.9176579713821411
62,2,GSM331440,1,0.37361353635787964
62,2,GSM331443,1,0.11258945614099503
62,2,GSM331444,1,0.5975675582885742
62,2,GSM331445,1,0.49328306317329407
62,2,GSM331452,1,0.6239478588104248
63,1,GSM331638,0,0.6190367341041565
63,1,GSM331660,0,0.4013369381427765
63,1,GSM331662,0,0.7217724323272705
63,1,GSM331663,0,0.25471600890159607
63,1,GSM331664,0,0.34805434942245483
63,1,GSM331666,0,0.5310555100440979
63,1,GSM331668,0,0.6305463910102844
63,1,GSM331669,0,0.8048639297485352
63,1,GSM331670,0,0.4976065754890442
63,1,GSM331671,0,0.4107505679130554
63,1,GSM331672,0,0.22460897266864777
63,1,GSM331674,0,0.3147658407688141
63,1,GSM331677,0,0.235592320561409
63,1,GSM331679,0,0.14997710287570953
63,1,GSM331680,0,0.8060272932052612
63,1,GSM331681,0,0.41424763202667236
63,1,GSM331682,0,0.4741041958332062
63,1,GSM331686,0,0.3259417414665222
63,1,GSM331688,0,0.4674493074417114
63,1,GSM331695,0,0.5297006368637085
63,1,GSM331696,0,0.4296691119670868
63,1,GSM331697,0,0.2787628173828125
63,1,GSM331699,0,0.47581732273101807
63,1,GSM331700,0,0.5220074653625488
63,1,GSM331706,0,0.6586911082267761
63,1,GSM331709,0,0.17136351764202118
63,1,GSM331712,0,0.3103654682636261
63,1,GSM331713,0,0.272847443819046
63,1,GSM331714,0,0.922550618648529
63,1,GSM331715,0,0.2828752398490906
63,1,GSM331719,0,0.05688684433698654
63,1,GSM331720,0,0.7220763564109802
63,1,GSM331724,0,0.1715049296617508
63,1,GSM331726,0,0.27790161967277527
63,1,GSM331729,0,0.3134579658508301
63,1,GSM331731,0,0.7881055474281311
63,1,GSM331732,0,0.667417585849762
63,1,GSM331377,1,0.8796802759170532
63,1,GSM331378,1,0.9077569246292114
63,1,GSM331379,1,0.647658109664917
63,1,GSM331381,1,0.8516347408294678
63,1,GSM331382,1,0.7793213725090027
63,1,GSM331384,1,0.7442060112953186
63,1,GSM331385,1,0.2469026893377304
63,1,GSM331387,1,0.43001869320869446
63,1,GSM331388,1,0.8025285601615906
63,1,GSM331393,1,0.4934733510017395
63,1,GSM331395,1,0.39755779504776
63,1,GSM331396,1,0.8068365454673767
63,1,GSM331399,1,0.8489329218864441
63,1,GSM331401,1,0.635818600654602
63,1,GSM331403,1,0.8238585591316223
63,1,GSM331404,1,0.6254349946975708
63,1,GSM331411,1,0.8685926198959351
63,1,GSM331414,1,0.7621720433235168
63,1,GSM331418,1,0.6584910154342651
63,1,GSM331419,1,0.4980805516242981
63,1,GSM331424,1,0.23994001746177673
63,1,GSM331425,1,0.4136441648006439
63,1,GSM331429,1,0.38683590292930603
63,1,GSM331430,1,0.5469486117362976
63,1,GSM331431,1,0.4277724325656891
63,1,GSM331432,1,0.2646814286708832
63,1,GSM331434,1,0.8532316088676453
63,1,GSM331440,1,0.6647703051567078
63,1,GSM331443,1,0.253621369600296
63,1,GSM331444,1,0.29102376103401184
63,1,GSM331445,1,0.6517685651779175
63,1,GSM331448,1,0.49230682849884033
63,1,GSM331452,1,0.8165513277053833
63,2,GSM331661,0,0.5818602442741394
63,2,GSM331665,0,0.1969093531370163
63,2,GSM331673,0,0.2596094608306885
63,2,GSM331675,0,0.062225524336099625
63,2,GSM331676,0,0.17632842063903809
63,2,GSM331678,0,0.15526781976222992
63,2,GSM331683,0,0.6626043319702148
63,2,GSM331684,0,0.1503651738166809
63,2,GSM331685,0,0.44728928804397583
63,2,GSM331687,0,0.08464905619621277
63,2,GSM331689,0,0.279764860868454
63,2,GSM331690,0,0.6578478217124939
63,2,GSM331691,0,0.6927869319915771
63,2,GSM331692,0,0.12233921140432358
63,2,GSM331693,0,0.1424604058265686
63,2,GSM331694,0,0.3903433382511139
63,2,GSM331698,0,0.17767998576164246
63,2,GSM331701,0,0.17771179974079132
63,2,GSM331702,0,0.22513946890830994
63,2,GSM331703,0,0.6530599594116211
63,2,GSM331704,0,0.276898056268692
63,2,GSM331705,0,0.2884499430656433
63,2,GSM331707,0,0.42828816175460815
63,2,GSM331708,0,0.7200977802276611
63,2,GSM331710,0,0.11500224471092224
63,2,GSM331711,0,0.514362633228302
63,2,GSM331716,0,0.596545398235321
63,2,GSM331717,0,0.28958213329315186
63,2,GSM331718,0,0.5704517364501953
63,2,GSM331721,0,0.550157368183136
63,2,GSM331722,0,0.5031861662864685
63,2,GSM331723,0,0.8484271764755249
63,2,GSM331725,0,0.4545939564704895
63,2,GSM331727,0,0.3615582585334778
63,2,GSM331728,0,0.19891712069511414
63,2,GSM331730,0,0.5439085960388184
63,2,GSM331380,1,0.7176240682601929
63,2,GSM331383,1,0.8471746444702148
63,2,GSM331386,1,0.30539727210998535
63,2,GSM331389,1,0.3091345429420471
63,2,GSM331390,1,0.18438243865966797
63,2,GSM331391,1,0.5767754316329956
63,2,GSM331397,1,0.30487874150276184
63,2,GSM331400,1,0.3243948519229889
63,2,GSM331402,1,0.43694940209388733
63,2,GSM331405,1,0.08070818334817886
63,2,GSM331406,1,0.7249214053153992
63,2,GSM331407,1,0.40995392203330994
63,2,GSM331408,1,0.7355197072029114
63,2,GSM331409,1,0.5617337226867676
63,2,GSM331410,1,0.3190453052520752
63,2,GSM331412,1,0.8711562156677246
63,2,GSM331413,1,0.32246631383895874
63,2,GSM331416,1,0.5530183911323547
63,2,GSM331417,1,0.8463194370269775
63,2,GSM331420,1,0.6539194583892822
63,2,GSM331421,1,0.6514508128166199
63,2,GSM331422,1,0.5965012907981873
63,2,GSM331426,1,0.3646078407764435
63,2,GSM331427,1,0.7345399856567383
63,2,GSM331428,1,0.24928103387355804
63,2,GSM331436,1,0.0995115116238594
63,2,GSM331438,1,0.7968524694442749
63,2,GSM331439,1,0.6065190434455872
63,2,GSM331441,1,0.7541704773902893
63,2,GSM331442,1,0.3544001877307892
63,2,GSM331446,1,0.11386492848396301
63,2,GSM331447,1,0.4422399699687958
63,2,GSM331450,1,0.14065860211849213
64,1,GSM331660,0,0.16260550916194916
64,1,GSM331664,0,0.4749166667461395
64,1,GSM331666,0,0.19856368005275726
64,1,GSM331671,0,0.7691536545753479
64,1,GSM331672,0,0.33345380425453186
64,1,GSM331673,0,0.28458157181739807
64,1,GSM331676,0,0.7294222116470337
64,1,GSM331679,0,0.6475908160209656
64,1,GSM331680,0,0.3729197084903717
64,1,GSM331681,0,0.2761561870574951
64,1,GSM331682,0,0.20628666877746582
64,1,GSM331684,0,0.06057632714509964
64,1,GSM331685,0,0.6964524388313293
64,1,GSM331686,0,0.1949193775653839
64,1,GSM331688,0,0.6646853685379028
64,1,GSM331690,0,0.6677899956703186
64,1,GSM331691,0,0.40298283100128174
64,1,GSM331698,0,0.05905505642294884
64,1,GSM331699,0,0.18496370315551758
64,1,GSM331700,0,0.5119724869728088
64,1,GSM331703,0,0.29380637407302856
64,1,GSM331704,0,0.1775485724210739
64,1,GSM331706,0,0.5338189601898193
64,1,GSM331707,0,0.26836031675338745
64,1,GSM331711,0,0.5773004293441772
64,1,GSM331712,0,0.1332087218761444
64,1,GSM331713,0,0.08126235008239746
64,1,GSM331714,0,0.9321367740631104
64,1,GSM331719,0,0.027259770780801773
64,1,GSM331721,0,0.4641478955745697
64,1,GSM331722,0,0.5119288563728333
64,1,GSM331723,0,0.34378740191459656
64,1,GSM331724,0,0.08647087216377258
64,1,GSM331726,0,0.11543106287717819
64,1,GSM331727,0,0.44599559903144836
64,1,GSM331728,0,0.37097445130348206
64,1,GSM331729,0,0.0924183577299118
64,1,GSM331377,1,0.9111196994781494
64,1,GSM331382,1,0.7929821014404297
64,1,GSM331383,1,0.872597336769104
64,1,GSM331384,1,0.5082902312278748
64,1,GSM331386,1,0.6150414943695068
64,1,GSM331387,1,0.7727501392364502
64,1,GSM331388,1,0.8909980058670044
64,1,GSM331389,1,0.6455068588256836
64,1,GSM331390,1,0.5862835049629211
64,1,GSM331395,1,0.43176794052124023
64,1,GSM331399,1,0.9048269391059875
64,1,GSM331401,1,0.2291601151227951
64,1,GSM331402,1,0.5838007926940918
64,1,GSM331405,1,0.1535920798778534
64,1,GSM331406,1,0.8964987397193909
64,1,GSM331407,1,0.0979185476899147
64,1,GSM331408,1,0.7979840636253357
64,1,GSM331409,1,0.40068793296813965
64,1,GSM331411,1,0.9059937000274658
64,1,GSM331412,1,0.9190080165863037
64,1,GSM331416,1,0.24642471969127655
64,1,GSM331419,1,0.2794353663921356
64,1,GSM331425,1,0.5379929542541504
64,1,GSM331426,1,0.38017401099205017
64,1,GSM331431,1,0.8713831305503845
64,1,GSM331434,1,0.7117241024971008
64,1,GSM331436,1,0.02881547436118126
64,1,GSM331438,1,0.8360210061073303
64,1,GSM331444,1,0.3616630733013153
64,1,GSM331445,1,0.2253393828868866
64,1,GSM331446,1,0.32524770498275757
64,1,GSM331448,1,0.6740663647651672
64,1,GSM331452,1,0.9520083069801331
64,2,GSM331638,0,0.2292485535144806
64,2,GSM331661,0,0.3822531998157501
64,2,GSM331662,0,0.8504769206047058
64,2,GSM331663,0,0.3418653905391693
64,2,GSM331665,0,0.5515009760856628
64,2,GSM331668,0,0.651896059513092
64,2,GSM331669,0,0.8111729025840759
64,2,GSM331670,0,0.3817156255245209
64,2,GSM331674,0,0.6660516858100891
64,2,GSM331675,0,0.031293150037527084
64,2,GSM331677,0,0.3268366754055023
64,2,GSM331678,0,0.31724289059638977
64,2,GSM331683,0,0.938140869140625
64,2,GSM331687,0,0.40234243869781494
64,2,GSM331689,0,0.6908644437789917
64,2,GSM331692,0,0.127492293715477
64,2,GSM331693,0,0.25836601853370667
64,2,GSM331694,0,0.49615514278411865
64,2,GSM331695,0,0.4350506663322449
64,2,GSM331696,0,0.643855094909668
64,2,GSM331697,0,0.10210444778203964
64,2,GSM331701,0,0.13011609017848969
64,2,GSM331702,0,0.2224196344614029
64,2,GSM331705,0,0.11206316947937012
64,2,GSM331708,0,0.6398199796676636
64,2,GSM331709,0,0.09051456302404404
64,2,GSM331710,0,0.07210111618041992
64,2,GSM331715,0,0.1668059229850769
64,2,GSM331716,0,0.7924695611000061
64,2,GSM331717,0,0.3129938840866089
64,2,GSM331718,0,0.8730521202087402
64,2,GSM331720,0,0.7368888258934021
64,2,GSM331725,0,0.773759663105011
64,2,GSM331730,0,0.12204116582870483
64,2,GSM331731,0,0.8939720392227173
64,2,GSM331732,0,0.6941763162612915
64,2,GSM331378,1,0.8920919299125671
64,2,GSM331379,1,0.29013732075691223
64,2,GSM331380,1,0.8303128480911255
64,2,GSM331381,1,0.8330056667327881
64,2,GSM331385,1,0.6190096139907837
64,2,GSM331391,1,0.6753608584403992
64,2,GSM331393,1,0.7091918587684631
64,2,GSM331396,1,0.8570762276649475
64,2,GSM331397,1,0.810489296913147
64,2,GSM331400,1,0.5559133887290955
64,2,GSM331403,1,0.8932684659957886
64,2,GSM331404,1,0.8551144599914551
64,2,GSM331410,1,0.06528932601213455
64,2,GSM331413,1,0.07550782710313797
64,2,GSM331414,1,0.8724909424781799
64,2,GSM331417,1,0.6780403256416321
64,2,GSM331418,1,0.9076445698738098
64,2,GSM331420,1,0.9371525049209595
64,2,GSM331421,1,0.7451443076133728
64,2,GSM331422,1,0.836464524269104
64,2,GSM331424,1,0.7291480302810669
64,2,GSM331427,1,0.7339481711387634
64,2,GSM331428,1,0.6101107597351074
64,2,GSM331429,1,0.8662337064743042
64,2,GSM331430,1,0.8376980423927307
64,2,GSM331432,1,0.2351311892271042
64,2,GSM331439,1,0.9215593934059143
64,2,GSM331440,1,0.839413046836853
64,2,GSM331441,1,0.9646387696266174
64,2,GSM331442,1,0.6250935196876526
64,2,GSM331443,1,0.5832598805427551
64,2,GSM331447,1,0.8096683025360107
64,2,GSM331450,1,0.4578079879283905
65,1,GSM331661,0,0.6660448908805847
65,1,GSM331666,0,0.09843027591705322
65,1,GSM331668,0,0.6514937877655029
65,1,GSM331669,0,0.9693663716316223
65,1,GSM331670,0,0.5520893335342407
65,1,GSM331671,0,0.7937936782836914
65,1,GSM331672,0,0.7004379034042358
65,1,GSM331673,0,0.35317060351371765
65,1,GSM331674,0,0.8964903354644775
65,1,GSM331676,0,0.8418149948120117
65,1,GSM331681,0,0.6378341317176819
65,1,GSM331688,0,0.6136611104011536
65,1,GSM331689,0,0.47802433371543884
65,1,GSM331691,0,0.3861921429634094
65,1,GSM331692,0,0.3034111261367798
65,1,GSM331693,0,0.36970415711402893
65,1,GSM331694,0,0.296872615814209
65,1,GSM331695,0,0.27644971013069153
65,1,GSM331697,0,0.247876837849617
65,1,GSM331699,0,0.6626855134963989
65,1,GSM331701,0,0.29000237584114075
65,1,GSM331702,0,0.7022642493247986
65,1,GSM331703,0,0.4915197491645813
65,1,GSM331704,0,0.5683714747428894
65,1,GSM331707,0,0.6884178519248962
65,1,GSM331710,0,0.09336593747138977
65,1,GSM331711,0,0.5335707068443298
65,1,GSM331712,0,0.4011671543121338
65,1,GSM331715,0,0.35839423537254333
65,1,GSM331716,0,0.9798469543457031
65,1,GSM331717,0,0.7104091644287109
65,1,GSM331723,0,0.8335358500480652
65,1,GSM331724,0,0.33644405007362366
65,1,GSM331725,0,0.8435851335525513
65,1,GSM331726,0,0.15804889798164368
65,1,GSM331728,0,0.15709201991558075
65,1,GSM331732,0,0.8601000308990479
65,1,GSM331377,1,0.846153199672699
65,1,GSM331378,1,0.9146834015846252
65,1,GSM331379,1,0.5947989225387573
65,1,GSM331381,1,0.8141738176345825
65,1,GSM331387,1,0.6344518065452576
65,1,GSM331390,1,0.41859182715415955
65,1,GSM331391,1,0.695633053779602
65,1,GSM331393,1,0.6286264061927795
65,1,GSM331399,1,0.8557580709457397
65,1,GSM331402,1,0.5807177424430847
65,1,GSM331403,1,0.9487473964691162
65,1,GSM331405,1,0.15592485666275024
65,1,GSM331409,1,0.44161176681518555
65,1,GSM331412,1,0.879845142364502
65,1,GSM331416,1,0.35025960206985474
65,1,GSM331418,1,0.7806735038757324
65,1,GSM331419,1,0.6305322051048279
65,1,GSM331421,1,0.5826959609985352
65,1,GSM331424,1,0.25116050243377686
65,1,GSM331425,1,0.4783168435096741
65,1,GSM331426,1,0.8023908734321594
65,1,GSM331427,1,0.8254586458206177
65,1,GSM331429,1,0.8548962473869324
65,1,GSM331431,1,0.8454920649528503
65,1,GSM331432,1,0.2513948380947113
65,1,GSM331434,1,0.7620140314102173
65,1,GSM331438,1,0.92177814245224
65,1,GSM331439,1,0.8567112684249878
65,1,GSM331443,1,0.20818983018398285
65,1,GSM331444,1,0.8305516242980957
65,1,GSM331445,1,0.4740060269832611
65,1,GSM331446,1,0.2896879315376282
65,1,GSM331448,1,0.8156280517578125
65,2,GSM331638,0,0.12616212666034698
65,2,GSM331660,0,0.03823687136173248
65,2,GSM331662,0,0.33289897441864014
65,2,GSM331663,0,0.15224584937095642
65,2,GSM331664,0,0.10210370272397995
65,2,GSM331665,0,0.7453669905662537
65,2,GSM331675,0,0.03014625608921051
65,2,GSM331677,0,0.12666557729244232
65,2,GSM331678,0,0.03143772855401039
65,2,GSM331679,0,0.4546069800853729
65,2,GSM331680,0,0.18033654987812042
65,2,GSM331682,0,0.25456514954566956
65,2,GSM331683,0,0.5814782977104187
65,2,GSM331684,0,0.07119252532720566
65,2,GSM331685,0,0.08201320469379425
65,2,GSM331686,0,0.4821111559867859
65,2,GSM331687,0,0.10696321725845337
65,2,GSM331690,0,0.6995976567268372
65,2,GSM331696,0,0.1791863739490509
65,2,GSM331698,0,0.17222943902015686
65,2,GSM331700,0,0.425232857465744
65,2,GSM331705,0,0.12899509072303772
65,2,GSM331706,0,0.7924813032150269
65,2,GSM331708,0,0.4989224672317505
65,2,GSM331709,0,0.07206011563539505
65,2,GSM331713,0,0.1285180151462555
65,2,GSM331714,0,0.3765797019004822
65,2,GSM331718,0,0.4514557719230652
65,2,GSM331719,0,0.05201569199562073
65,2,GSM331720,0,0.1459684669971466
65,2,GSM331721,0,0.7854663729667664
65,2,GSM331722,0,0.21128317713737488
65,2,GSM331727,0,0.20829905569553375
65,2,GSM331729,0,0.030259467661380768
65,2,GSM331730,0,0.11220547556877136
65,2,GSM331731,0,0.5746444463729858
65,2,GSM331380,1,0.459831565618515
65,2,GSM331382,1,0.2961265444755554
65,2,GSM331383,1,0.805891215801239
65,2,GSM331384,1,0.32605797052383423
65,2,GSM331385,1,0.31218573451042175
65,2,GSM331386,1,0.31279489398002625
65,2,GSM331388,1,0.7375001311302185
65,2,GSM331389,1,0.09677229821681976
65,2,GSM331395,1,0.23828338086605072
65,2,GSM331396,1,0.2606273293495178
65,2,GSM331397,1,0.23455971479415894
65,2,GSM331400,1,0.12672534584999084
65,2,GSM331401,1,0.36471492052078247
65,2,GSM331404,1,0.4057411551475525
65,2,GSM331406,1,0.5389400124549866
65,2,GSM331407,1,0.30015507340431213
65,2,GSM331408,1,0.6664737462997437
65,2,GSM331410,1,0.2630661725997925
65,2,GSM331411,1,0.6108744740486145
65,2,GSM331413,1,0.1757463663816452
65,2,GSM331414,1,0.4268873631954193
65,2,GSM331417,1,0.45803165435791016
65,2,GSM331420,1,0.6642077565193176
65,2,GSM331422,1,0.38262104988098145
65,2,GSM331428,1,0.0989755243062973
65,2,GSM331430,1,0.3114176094532013
65,2,GSM331436,1,0.1567598134279251
65,2,GSM331440,1,0.19739682972431183
65,2,GSM331441,1,0.4667748212814331
65,2,GSM331442,1,0.5595594048500061
65,2,GSM331447,1,0.5385821461677551
65,2,GSM331450,1,0.46574822068214417
65,2,GSM331452,1,0.4341377317905426
66,1,GSM331660,0,0.20164556801319122
66,1,GSM331663,0,0.305108904838562
66,1,GSM331665,0,0.7516090273857117
66,1,GSM331668,0,0.38709062337875366
66,1,GSM331673,0,0.5758879780769348
66,1,GSM331674,0,0.7488592863082886
66,1,GSM331676,0,0.46747246384620667
66,1,GSM331679,0,0.6532450318336487
66,1,GSM331680,0,0.6459934115409851
66,1,GSM331681,0,0.4918460249900818
66,1,GSM331683,0,0.7256669402122498
66,1,GSM331684,0,0.3111319839954376
66,1,GSM331685,0,0.599818229675293
66,1,GSM331686,0,0.6261076927185059
66,1,GSM331687,0,0.3132535219192505
66,1,GSM331689,0,0.2627817392349243
66,1,GSM331691,0,0.49178460240364075
66,1,GSM331694,0,0.43140143156051636
66,1,GSM331698,0,0.17474815249443054
66,1,GSM331699,0,0.5184508562088013
66,1,GSM331702,0,0.6308683753013611
66,1,GSM331705,0,0.42444562911987305
66,1,GSM331708,0,0.7875764966011047
66,1,GSM331709,0,0.25855496525764465
66,1,GSM331712,0,0.261172354221344
66,1,GSM331714,0,0.6363149881362915
66,1,GSM331715,0,0.2858436703681946
66,1,GSM331716,0,0.812908411026001
66,1,GSM331717,0,0.6145971417427063
66,1,GSM331720,0,0.6292675137519836
66,1,GSM331721,0,0.6205678582191467
66,1,GSM331722,0,0.4919503331184387
66,1,GSM331723,0,0.6525096893310547
66,1,GSM331724,0,0.3944636881351471
66,1,GSM331726,0,0.2157038450241089
66,1,GSM331727,0,0.3442203402519226
66,1,GSM331731,0,0.5307334065437317
66,1,GSM331380,1,0.4996594786643982
66,1,GSM331381,1,0.49864280223846436
66,1,GSM331382,1,0.4596773684024811
66,1,GSM331383,1,0.6855763792991638
66,1,GSM331384,1,0.51226407289505
66,1,GSM331387,1,0.7166939973831177
66,1,GSM331388,1,0.5406603813171387
66,1,GSM331395,1,0.5181928277015686
66,1,GSM331400,1,0.20264799892902374
66,1,GSM331401,1,0.5177360773086548
66,1,GSM331403,1,0.6894771456718445
66,1,GSM331404,1,0.5176523327827454
66,1,GSM331405,1,0.4345484673976898
66,1,GSM331406,1,0.7618507742881775
66,1,GSM331407,1,0.49554139375686646
66,1,GSM331408,1,0.46609726548194885
66,1,GSM331411,1,0.7712529897689819
66,1,GSM331412,1,0.6742354035377502
66,1,GSM331413,1,0.4484376609325409
66,1,GSM331414,1,0.658622145652771
66,1,GSM331418,1,0.5363149642944336
66,1,GSM331419,1,0.7168728113174438
66,1,GSM331422,1,0.7438611388206482
66,1,GSM331424,1,0.604907751083374
66,1,GSM331427,1,0.7859152555465698
66,1,GSM331429,1,0.6085301637649536
66,1,GSM331432,1,0.24787096679210663
66,1,GSM331436,1,0.17026786506175995
66,1,GSM331438,1,0.6759881973266602
66,1,GSM331439,1,0.6639701128005981
66,1,GSM331440,1,0.5762027502059937
66,1,GSM331443,1,0.22722047567367554
66,1,GSM331450,1,0.6868036985397339
66,2,GSM331638,0,0.19919568300247192
66,2,GSM331661,0,0.642214298248291
66,2,GSM331662,0,0.31066465377807617
66,2,GSM331664,0,0.2057054191827774
66,2,GSM331666,0,0.26899319887161255
66,2,GSM331669,0,0.8072260022163391
66,2,GSM331670,0,0.3577159643173218
66,2,GSM331671,0,0.7724559903144836
66,2,GSM331672,0,0.5439470410346985
66,2,GSM331675,0,0.33462604880332947
66,2,GSM331677,0,0.18472668528556824
66,2,GSM331678,0,0.11991680413484573
66,2,GSM331682,0,0.4415338933467865
66,2,GSM331688,0,0.3718327581882477
66,2,GSM331690,0,0.6404226422309875
66,2,GSM331692,0,0.43476030230522156
66,2,GSM331693,0,0.3917021155357361
66,2,GSM331695,0,0.2053236961364746
66,2,GSM331696,0,0.11973874270915985
66,2,GSM331697,0,0.2880811393260956
66,2,GSM331700,0,0.3047598898410797
66,2,GSM331701,0,0.20316854119300842
66,2,GSM331703,0,0.22964592278003693
66,2,GSM331704,0,0.4891681671142578
66,2,GSM331706,0,0.6244780421257019
66,2,GSM331707,0,0.5929641723632812
66,2,GSM331710,0,0.14987018704414368
66,2,GSM331711,0,0.3023400902748108
66,2,GSM331713,0,0.28130775690078735
66,2,GSM331718,0,0.643836259841919
66,2,GSM331719,0,0.1554575264453888
66,2,GSM331725,0,0.5041871666908264
66,2,GSM331728,0,0.12718281149864197
66,2,GSM331729,0,0.07423514127731323
66,2,GSM331730,0,0.33642280101776123
66,2,GSM331732,0,0.4097256362438202
66,2,GSM331377,1,0.5903007984161377
66,2,GSM331378,1,0.6519913673400879
66,2,GSM331379,1,0.8548358082771301
66,2,GSM331385,1,0.14835506677627563
66,2,GSM331386,1,0.26586654782295227
66,2,GSM331389,1,0.1858164370059967
66,2,GSM331390,1,0.2974853813648224
66,2,GSM331391,1,0.6939748525619507
66,2,GSM331393,1,0.38426563143730164
66,2,GSM331396,1,0.39086198806762695
66,2,GSM331397,1,0.2874131500720978
66,2,GSM331399,1,0.7691522836685181
66,2,GSM331402,1,0.4913215637207031
66,2,GSM331409,1,0.37897685170173645
66,2,GSM331410,1,0.4882664978504181
66,2,GSM331416,1,0.3678726255893707
66,2,GSM331417,1,0.7552785873413086
66,2,GSM331420,1,0.430855929851532
66,2,GSM331421,1,0.5544818639755249
66,2,GSM331425,1,0.5297408699989319
66,2,GSM331426,1,0.6153944134712219
66,2,GSM331428,1,0.2527364492416382
66,2,GSM331430,1,0.26594874262809753
66,2,GSM331431,1,0.3902847170829773
66,2,GSM331434,1,0.33381935954093933
66,2,GSM331441,1,0.47098666429519653
66,2,GSM331442,1,0.4757942259311676
66,2,GSM331444,1,0.7254007458686829
66,2,GSM331445,1,0.6082823276519775
66,2,GSM331446,1,0.12667828798294067
66,2,GSM331447,1,0.4010336399078369
66,2,GSM331448,1,0.7227326035499573
66,2,GSM331452,1,0.5094415545463562
67,1,GSM331638,0,0.4171925485134125
67,1,GSM331663,0,0.5982081294059753
67,1,GSM331664,0,0.35153377056121826
67,1,GSM331665,0,0.7879582643508911
67,1,GSM331666,0,0.32113808393478394
67,1,GSM331668,0,0.5696694254875183
67,1,GSM331669,0,0.9071387052536011
67,1,GSM331674,0,0.8161818981170654
67,1,GSM331675,0,0.14100289344787598
67,1,GSM331677,0,0.5465050339698792
67,1,GSM331678,0,0.28142330050468445
67,1,GSM331680,0,0.5169900059700012
67,1,GSM331683,0,0.743939220905304
67,1,GSM331684,0,0.183829665184021
67,1,GSM331685,0,0.2962310016155243
67,1,GSM331688,0,0.6247709393501282
67,1,GSM331689,0,0.5188705325126648
67,1,GSM331690,0,0.8672316074371338
67,1,GSM331693,0,0.39484351873397827
67,1,GSM331695,0,0.43180879950523376
67,1,GSM331696,0,0.5982927680015564
67,1,GSM331698,0,0.4374348819255829
67,1,GSM331699,0,0.741309404373169
67,1,GSM331700,0,0.5434213876724243
67,1,GSM331702,0,0.5748299360275269
67,1,GSM331704,0,0.6362199187278748
67,1,GSM331705,0,0.4009647071361542
67,1,GSM331710,0,0.22076761722564697
67,1,GSM331711,0,0.49289873242378235
67,1,GSM331714,0,0.7960596084594727
67,1,GSM331716,0,0.9461130499839783
67,1,GSM331720,0,0.46269211173057556
67,1,GSM331721,0,0.8677627444267273
67,1,GSM331727,0,0.3182772099971771
67,1,GSM331729,0,0.16901244223117828
67,1,GSM331730,0,0.42480984330177307
67,1,GSM331731,0,0.844778835773468
67,1,GSM331378,1,0.9119430184364319
67,1,GSM331380,1,0.68734210729599
67,1,GSM331382,1,0.6331493258476257
67,1,GSM331387,1,0.7709338068962097
67,1,GSM331388,1,0.8306860327720642
67,1,GSM331391,1,0.5157180428504944
67,1,GSM331393,1,0.6154714226722717
67,1,GSM331397,1,0.5133846402168274
67,1,GSM331399,1,0.8286154866218567
67,1,GSM331400,1,0.4180485010147095
67,1,GSM331401,1,0.5919629335403442
67,1,GSM331404,1,0.7156097888946533
67,1,GSM331406,1,0.7850323915481567
67,1,GSM331408,1,0.7219445109367371
67,1,GSM331409,1,0.5958223342895508
67,1,GSM331412,1,0.778501570224762
67,1,GSM331416,1,0.6228983998298645
67,1,GSM331418,1,0.8180010318756104
67,1,GSM331420,1,0.823896586894989
67,1,GSM331422,1,0.7595572471618652
67,1,GSM331424,1,0.2256752997636795
67,1,GSM331425,1,0.5449385046958923
67,1,GSM331426,1,0.7098984122276306
67,1,GSM331427,1,0.7620208263397217
67,1,GSM331430,1,0.6155238151550293
67,1,GSM331431,1,0.756225049495697
67,1,GSM331436,1,0.2564466893672943
67,1,GSM331439,1,0.7591472268104553
67,1,GSM331443,1,0.2462814748287201
67,1,GSM331444,1,0.687802255153656
67,1,GSM331445,1,0.5505778193473816
67,1,GSM331447,1,0.7646290063858032
67,1,GSM331448,1,0.8586331605911255
67,2,GSM331660,0,0.20720356702804565
67,2,GSM331661,0,0.6064382791519165
67,2,GSM331662,0,0.3186887800693512
67,2,GSM331670,0,0.4896894693374634
67,2,GSM331671,0,0.5780825614929199
67,2,GSM331672,0,0.4432743191719055
67,2,GSM331673,0,0.4206934869289398
67,2,GSM331676,0,0.503135621547699
67,2,GSM331679,0,0.374746173620224
67,2,GSM331681,0,0.6438076496124268
67,2,GSM331682,0,0.4932263195514679
67,2,GSM331686,0,0.5737192034721375
67,2,GSM331687,0,0.2453766167163849
67,2,GSM331691,0,0.4612487852573395
67,2,GSM331692,0,0.1978408247232437
67,2,GSM331694,0,0.3364884853363037
67,2,GSM331697,0,0.3042396008968353
67,2,GSM331701,0,0.2733403742313385
67,2,GSM331703,0,0.4225650727748871
67,2,GSM331706,0,0.7793788313865662
67,2,GSM331707,0,0.5832300186157227
67,2,GSM331708,0,0.7557884454727173
67,2,GSM331709,0,0.17035838961601257
67,2,GSM331712,0,0.38911858201026917
67,2,GSM331713,0,0.3977806270122528
67,2,GSM331715,0,0.34632718563079834
67,2,GSM331717,0,0.578915536403656
67,2,GSM331718,0,0.6488999128341675
67,2,GSM331719,0,0.17742551863193512
67,2,GSM331722,0,0.3661749064922333
67,2,GSM331723,0,0.7746263742446899
67,2,GSM331724,0,0.38633236289024353
67,2,GSM331725,0,0.6058952808380127
67,2,GSM331726,0,0.1702955961227417
67,2,GSM331728,0,0.20831935107707977
67,2,GSM331732,0,0.7523707747459412
67,2,GSM331377,1,0.6716257929801941
67,2,GSM331379,1,0.5774821043014526
67,2,GSM331381,1,0.3301158845424652
67,2,GSM331383,1,0.796538770198822
67,2,GSM331384,1,0.7270745635032654
67,2,GSM331385,1,0.5493554472923279
67,2,GSM331386,1,0.67632657289505
67,2,GSM331389,1,0.16604605317115784
67,2,GSM331390,1,0.4749726951122284
67,2,GSM331395,1,0.4611973464488983
67,2,GSM331396,1,0.5027742385864258
67,2,GSM331402,1,0.6901063919067383
67,2,GSM331403,1,0.8313825130462646
67,2,GSM331405,1,0.23114612698554993
67,2,GSM331407,1,0.47369590401649475
67,2,GSM331410,1,0.4092111885547638
67,2,GSM331411,1,0.762220561504364
67,2,GSM331413,1,0.41180339455604553
67,2,GSM331414,1,0.5008191466331482
67,2,GSM331417,1,0.7150847911834717
67,2,GSM331419,1,0.5238277316093445
67,2,GSM331421,1,0.4069483280181885
67,2,GSM331428,1,0.20570841431617737
67,2,GSM331429,1,0.6060348749160767
67,2,GSM331432,1,0.3871138095855713
67,2,GSM331434,1,0.516608476638794
67,2,GSM331438,1,0.750401496887207
67,2,GSM331440,1,0.39452093839645386
67,2,GSM331441,1,0.5840129852294922
67,2,GSM331442,1,0.6629546880722046
67,2,GSM331446,1,0.3585408627986908
67,2,GSM331450,1,0.4330209493637085
67,2,GSM331452,1,0.6840014457702637
68,1,GSM331638,0,0.24984416365623474
68,1,GSM331660,0,0.2407551407814026
68,1,GSM331661,0,0.4176799952983856
68,1,GSM331662,0,0.7192359566688538
68,1,GSM331663,0,0.17926788330078125
68,1,GSM331668,0,0.6651355028152466
68,1,GSM331669,0,0.8595401644706726
68,1,GSM331670,0,0.22940869629383087
68,1,GSM331671,0,0.6173471808433533
68,1,GSM331672,0,0.4402269423007965
68,1,GSM331674,0,0.6362479329109192
68,1,GSM331675,0,0.03577742725610733
68,1,GSM331680,0,0.38462597131729126
68,1,GSM331688,0,0.6436634659767151
68,1,GSM331689,0,0.2829168736934662
68,1,GSM331690,0,0.643073558807373
68,1,GSM331691,0,0.5132023096084595
68,1,GSM331692,0,0.1355552226305008
68,1,GSM331694,0,0.19056814908981323
68,1,GSM331696,0,0.48128947615623474
68,1,GSM331699,0,0.5652156472206116
68,1,GSM331704,0,0.2548598051071167
68,1,GSM331705,0,0.23615768551826477
68,1,GSM331706,0,0.41305309534072876
68,1,GSM331708,0,0.7153307199478149
68,1,GSM331709,0,0.16752055287361145
68,1,GSM331711,0,0.7656221985816956
68,1,GSM331714,0,0.851983904838562
68,1,GSM331716,0,0.7901232838630676
68,1,GSM331717,0,0.38005608320236206
68,1,GSM331719,0,0.04358171299099922
68,1,GSM331721,0,0.7027332782745361
68,1,GSM331724,0,0.10602352023124695
68,1,GSM331727,0,0.4148564040660858
68,1,GSM331729,0,0.11860200762748718
68,1,GSM331730,0,0.30186009407043457
68,1,GSM331731,0,0.8184102177619934
68,1,GSM331377,1,0.8411735892295837
68,1,GSM331378,1,0.8705514669418335
68,1,GSM331380,1,0.7748448252677917
68,1,GSM331381,1,0.8004894852638245
68,1,GSM331384,1,0.43457090854644775
68,1,GSM331386,1,0.5485961437225342
68,1,GSM331389,1,0.6332302093505859
68,1,GSM331390,1,0.4246433973312378
68,1,GSM331393,1,0.5447781682014465
68,1,GSM331395,1,0.6383219957351685
68,1,GSM331396,1,0.7950782775878906
68,1,GSM331397,1,0.4272744655609131
68,1,GSM331399,1,0.7991811633110046
68,1,GSM331400,1,0.2835325598716736
68,1,GSM331401,1,0.24440473318099976
68,1,GSM331404,1,0.5841341018676758
68,1,GSM331409,1,0.2625965178012848
68,1,GSM331413,1,0.08331406116485596
68,1,GSM331416,1,0.1576048731803894
68,1,GSM331417,1,0.6563350558280945
68,1,GSM331418,1,0.8349167704582214
68,1,GSM331421,1,0.5983652472496033
68,1,GSM331422,1,0.7559115290641785
68,1,GSM331424,1,0.32335343956947327
68,1,GSM331425,1,0.595831573009491
68,1,GSM331426,1,0.5299374461174011
68,1,GSM331427,1,0.8459305763244629
68,1,GSM331429,1,0.7864218950271606
68,1,GSM331434,1,0.69718998670578
68,1,GSM331443,1,0.2112005352973938
68,1,GSM331447,1,0.7319631576538086
68,1,GSM331448,1,0.7919498085975647
68,1,GSM331452,1,0.7275257110595703
68,2,GSM331664,0,0.39536505937576294
68,2,GSM331665,0,0.5277056097984314
68,2,GSM331666,0,0.25945618748664856
68,2,GSM331673,0,0.1595718413591385
68,2,GSM331676,0,0.6328276991844177
68,2,GSM331677,0,0.2216154932975769
68,2,GSM331678,0,0.162005215883255
68,2,GSM331679,0,0.2734970450401306
68,2,GSM331681,0,0.22904759645462036
68,2,GSM331682,0,0.27503374218940735
68,2,GSM331683,0,0.7670294046401978
68,2,GSM331684,0,0.10989595949649811
68,2,GSM331685,0,0.4477773904800415
68,2,GSM331686,0,0.3866225481033325
68,2,GSM331687,0,0.3277587890625
68,2,GSM331693,0,0.2407362312078476
68,2,GSM331695,0,0.5393216609954834
68,2,GSM331697,0,0.2853905260562897
68,2,GSM331698,0,0.07270164787769318
68,2,GSM331700,0,0.374367356300354
68,2,GSM331701,0,0.12638366222381592
68,2,GSM331702,0,0.23620468378067017
68,2,GSM331703,0,0.5525548458099365
68,2,GSM331707,0,0.48511138558387756
68,2,GSM331710,0,0.06833557784557343
68,2,GSM331712,0,0.15350393950939178
68,2,GSM331713,0,0.18399445712566376
68,2,GSM331715,0,0.1771211475133896
68,2,GSM331718,0,0.6017953157424927
68,2,GSM331720,0,0.37892284989356995
68,2,GSM331722,0,0.3607308268547058
68,2,GSM331723,0,0.656585156917572
68,2,GSM331725,0,0.3290458619594574
68,2,GSM331726,0,0.24585570394992828
68,2,GSM331728,0,0.20034338533878326
68,2,GSM331732,0,0.408926397562027
68,2,GSM331379,1,0.412483274936676
68,2,GSM331382,1,0.47548192739486694
68,2,GSM331383,1,0.8245334029197693
68,2,GSM331385,1,0.3615742623806
68,2,GSM331387,1,0.5720745325088501
68,2,GSM331388,1,0.8013165593147278
68,2,GSM331391,1,0.6814486384391785
68,2,GSM331402,1,0.4851503074169159
68,2,GSM331403,1,0.6974146962165833
68,2,GSM331405,1,0.2556581497192383
68,2,GSM331406,1,0.8401904702186584
68,2,GSM331407,1,0.12907537817955017
68,2,GSM331408,1,0.5898420214653015
68,2,GSM331410,1,0.10556889325380325
68,2,GSM331411,1,0.8277512192726135
68,2,GSM331412,1,0.8677884340286255
68,2,GSM331414,1,0.7211015224456787
68,2,GSM331419,1,0.3318864703178406
68,2,GSM331420,1,0.6016224026679993
68,2,GSM331428,1,0.3360908329486847
68,2,GSM331430,1,0.6150848269462585
68,2,GSM331431,1,0.6753482222557068
68,2,GSM331432,1,0.24072451889514923
68,2,GSM331436,1,0.17597100138664246
68,2,GSM331438,1,0.7214733362197876
68,2,GSM331439,1,0.7731161117553711
68,2,GSM331440,1,0.46069052815437317
68,2,GSM331441,1,0.7797210812568665
68,2,GSM331442,1,0.6273864507675171
68,2,GSM331444,1,0.3281523585319519
68,2,GSM331445,1,0.40094614028930664
68,2,GSM331446,1,0.16951042413711548
68,2,GSM331450,1,0.3591141104698181
69,1,GSM331638,0,0.16451667249202728
69,1,GSM331660,0,0.06294912099838257
69,1,GSM331663,0,0.3031423091888428
69,1,GSM331665,0,0.7116697430610657
69,1,GSM331668,0,0.39001214504241943
69,1,GSM331669,0,0.9115637540817261
69,1,GSM331670,0,0.41592925786972046
69,1,GSM331671,0,0.6484483480453491
69,1,GSM331674,0,0.640663743019104
69,1,GSM331675,0,0.17622758448123932
69,1,GSM331676,0,0.759070098400116
69,1,GSM331678,0,0.059475626796483994
69,1,GSM331680,0,0.4900345206260681
69,1,GSM331681,0,0.6186020970344543
69,1,GSM331682,0,0.5170606374740601
69,1,GSM331683,0,0.6921680569648743
69,1,GSM331684,0,0.1547313779592514
69,1,GSM331685,0,0.20711426436901093
69,1,GSM331687,0,0.2745470404624939
69,1,GSM331688,0,0.4086117446422577
69,1,GSM331691,0,0.46547597646713257
69,1,GSM331696,0,0.1964091807603836
69,1,GSM331699,0,0.3969043493270874
69,1,GSM331700,0,0.543490469455719
69,1,GSM331705,0,0.2364422231912613
69,1,GSM331706,0,0.9248427152633667
69,1,GSM331709,0,0.07402993738651276
69,1,GSM331711,0,0.41254332661628723
69,1,GSM331716,0,0.9529136419296265
69,1,GSM331718,0,0.6969250440597534
69,1,GSM331721,0,0.537753164768219
69,1,GSM331724,0,0.3888506591320038
69,1,GSM331726,0,0.13883554935455322
69,1,GSM331727,0,0.1736154705286026
69,1,GSM331728,0,0.04909975081682205
69,1,GSM331731,0,0.7980252504348755
69,1,GSM331732,0,0.6826593279838562
69,1,GSM331377,1,0.8291748762130737
69,1,GSM331378,1,0.9161789417266846
69,1,GSM331380,1,0.7277737259864807
69,1,GSM331381,1,0.6222665309906006
69,1,GSM331383,1,0.8935183882713318
69,1,GSM331384,1,0.5370831489562988
69,1,GSM331385,1,0.29568755626678467
69,1,GSM331387,1,0.5634419322013855
69,1,GSM331389,1,0.11288037151098251
69,1,GSM331390,1,0.5496934056282043
69,1,GSM331393,1,0.869879424571991
69,1,GSM331395,1,0.2913111448287964
69,1,GSM331396,1,0.6257500648498535
69,1,GSM331401,1,0.6308231353759766
69,1,GSM331404,1,0.3731205463409424
69,1,GSM331406,1,0.7157206535339355
69,1,GSM331409,1,0.6014382243156433
69,1,GSM331410,1,0.4460993707180023
69,1,GSM331412,1,0.8700014352798462
69,1,GSM331413,1,0.3529853820800781
69,1,GSM331419,1,0.5825628638267517
69,1,GSM331420,1,0.7088650465011597
69,1,GSM331422,1,0.849810779094696
69,1,GSM331424,1,0.10316300392150879
69,1,GSM331430,1,0.687554657459259
69,1,GSM331431,1,0.5822781920433044
69,1,GSM331438,1,0.802360475063324
69,1,GSM331440,1,0.41457366943359375
69,1,GSM331441,1,0.5195308327674866
69,1,GSM331445,1,0.7723824381828308
69,1,GSM331447,1,0.8123693466186523
69,1,GSM331450,1,0.501787543296814
69,1,GSM331452,1,0.5053821206092834
69,2,GSM331661,0,0.6718164086341858
69,2,GSM331662,0,0.4322345554828644
69,2,GSM331664,0,0.07967768609523773
69,2,GSM331666,0,0.2297825664281845
69,2,GSM331672,0,0.6701292395591736
69,2,GSM331673,0,0.38203442096710205
69,2,GSM331677,0,0.21126414835453033
69,2,GSM331679,0,0.22784322500228882
69,2,GSM331686,0,0.7013292908668518
69,2,GSM331689,0,0.1613302081823349
69,2,GSM331690,0,0.918384850025177
69,2,GSM331692,0,0.2553512752056122
69,2,GSM331693,0,0.36312609910964966
69,2,GSM331694,0,0.18171587586402893
69,2,GSM331695,0,0.34854447841644287
69,2,GSM331697,0,0.157243549823761
69,2,GSM331698,0,0.26269811391830444
69,2,GSM331701,0,0.15215955674648285
69,2,GSM331702,0,0.608707845211029
69,2,GSM331703,0,0.5122414827346802
69,2,GSM331704,0,0.5208553671836853
69,2,GSM331707,0,0.4266318380832672
69,2,GSM331708,0,0.46770617365837097
69,2,GSM331710,0,0.12097860127687454
69,2,GSM331712,0,0.20203852653503418
69,2,GSM331713,0,0.2793627679347992
69,2,GSM331714,0,0.5749371647834778
69,2,GSM331715,0,0.2170497477054596
69,2,GSM331717,0,0.6212599277496338
69,2,GSM331719,0,0.1755702793598175
69,2,GSM331720,0,0.5296213030815125
69,2,GSM331722,0,0.3087027370929718
69,2,GSM331723,0,0.6697219014167786
69,2,GSM331725,0,0.39784806966781616
69,2,GSM331729,0,0.035037461668252945
69,2,GSM331730,0,0.3585340976715088
69,2,GSM331379,1,0.7308360934257507
69,2,GSM331382,1,0.578829288482666
69,2,GSM331386,1,0.25712278485298157
69,2,GSM331388,1,0.8601892590522766
69,2,GSM331391,1,0.45534324645996094
69,2,GSM331397,1,0.2238861620426178
69,2,GSM331399,1,0.8849897980690002
69,2,GSM331400,1,0.2568320035934448
69,2,GSM331402,1,0.5398270487785339
69,2,GSM331403,1,0.8634830117225647
69,2,GSM331405,1,0.10487211495637894
69,2,GSM331407,1,0.6884427070617676
69,2,GSM331408,1,0.6255284547805786
69,2,GSM331411,1,0.8616843223571777
69,2,GSM331414,1,0.5792214274406433
69,2,GSM331416,1,0.4248182773590088
69,2,GSM331417,1,0.8111163377761841
69,2,GSM331418,1,0.6983526349067688
69,2,GSM331421,1,0.4068433344364166
69,2,GSM331425,1,0.6469747424125671
69,2,GSM331426,1,0.8047131299972534
69,2,GSM331427,1,0.8184332251548767
69,2,GSM331428,1,0.2866654098033905
69,2,GSM331429,1,0.6561053991317749
69,2,GSM331432,1,0.19447340071201324
69,2,GSM331434,1,0.3811899423599243
69,2,GSM331436,1,0.34530842304229736
69,2,GSM331439,1,0.2613351345062256
69,2,GSM331442,1,0.23534002900123596
69,2,GSM331443,1,0.2285861372947693
69,2,GSM331444,1,0.7055127024650574
69,2,GSM331446,1,0.1966177076101303
69,2,GSM331448,1,0.870673656463623
70,1,GSM331661,0,0.5718700885772705
70,1,GSM331662,0,0.7981403470039368
70,1,GSM331663,0,0.10883025079965591
70,1,GSM331664,0,0.22571884095668793
70,1,GSM331666,0,0.30801382660865784
70,1,GSM331668,0,0.8381850719451904
70,1,GSM331670,0,0.4784013032913208
70,1,GSM331671,0,0.4116232991218567
70,1,GSM331672,0,0.2737533450126648
70,1,GSM331673,0,0.19654402136802673
70,1,GSM331678,0,0.07307504117488861
70,1,GSM331680,0,0.8246850967407227
70,1,GSM331684,0,0.07821287214756012
70,1,GSM331685,0,0.2356276959180832
70,1,GSM331686,0,0.42427536845207214
70,1,GSM331690,0,0.8807014226913452
70,1,GSM331694,0,0.5618563890457153
70,1,GSM331696,0,0.260065495967865
70,1,GSM331697,0,0.040381308645009995
70,1,GSM331699,0,0.4538739025592804
70,1,GSM331700,0,0.41194552183151245
70,1,GSM331709,0,0.05734783783555031
70,1,GSM331710,0,0.08313371241092682
70,1,GSM331714,0,0.8565528988838196
70,1,GSM331715,0,0.14442020654678345
70,1,GSM331716,0,0.9690422415733337
70,1,GSM331717,0,0.6965408325195312
70,1,GSM331719,0,0.05004783347249031
70,1,GSM331720,0,0.6269572377204895
70,1,GSM331722,0,0.6086559891700745
70,1,GSM331723,0,0.8598133325576782
70,1,GSM331724,0,0.06652887165546417
70,1,GSM331725,0,0.4314964711666107
70,1,GSM331726,0,0.05390705540776253
70,1,GSM331729,0,0.03490559011697769
70,1,GSM331730,0,0.3374572992324829
70,1,GSM331731,0,0.8423972725868225
70,1,GSM331377,1,0.8904758095741272
70,1,GSM331378,1,0.9444840550422668
70,1,GSM331381,1,0.9272882342338562
70,1,GSM331383,1,0.9166052341461182
70,1,GSM331384,1,0.7878597974777222
70,1,GSM331386,1,0.28931236267089844
70,1,GSM331387,1,0.33672940731048584
70,1,GSM331388,1,0.9232698082923889
70,1,GSM331389,1,0.6559954881668091
70,1,GSM331393,1,0.4380102753639221
70,1,GSM331395,1,0.609647810459137
70,1,GSM331396,1,0.8569192886352539
70,1,GSM331400,1,0.18748007714748383
70,1,GSM331401,1,0.6274727582931519
70,1,GSM331404,1,0.7574521899223328
70,1,GSM331405,1,0.11727332323789597
70,1,GSM331406,1,0.8116291165351868
70,1,GSM331407,1,0.44162148237228394
70,1,GSM331410,1,0.30806973576545715
70,1,GSM331411,1,0.8670384287834167
70,1,GSM331412,1,0.923159658908844
70,1,GSM331413,1,0.11948135495185852
70,1,GSM331414,1,0.6934818029403687
70,1,GSM331418,1,0.7135355472564697
70,1,GSM331420,1,0.8571046590805054
70,1,GSM331422,1,0.5815746188163757
70,1,GSM331430,1,0.5128011703491211
70,1,GSM331436,1,0.17863397300243378
70,1,GSM331438,1,0.8298476934432983
70,1,GSM331440,1,0.6288191080093384
70,1,GSM331441,1,0.8073133230209351
70,1,GSM331448,1,0.37529003620147705
70,1,GSM331450,1,0.25857415795326233
70,2,GSM331638,0,0.2830670475959778
70,2,GSM331660,0,0.08404204249382019
70,2,GSM331665,0,0.796455442905426
70,2,GSM331669,0,0.9497057795524597
70,2,GSM331674,0,0.4750307500362396
70,2,GSM331675,0,0.03202465921640396
70,2,GSM331676,0,0.6718822717666626
70,2,GSM331677,0,0.09859178215265274
70,2,GSM331679,0,0.40257421135902405
70,2,GSM331681,0,0.5637089014053345
70,2,GSM331682,0,0.5766551494598389
70,2,GSM331683,0,0.7384501695632935
70,2,GSM331687,0,0.15127767622470856
70,2,GSM331688,0,0.6729404330253601
70,2,GSM331689,0,0.4208609163761139
70,2,GSM331691,0,0.5390287041664124
70,2,GSM331692,0,0.17631688714027405
70,2,GSM331693,0,0.38883769512176514
70,2,GSM331695,0,0.3039538562297821
70,2,GSM331698,0,0.2522522509098053
70,2,GSM331701,0,0.1474612057209015
70,2,GSM331702,0,0.4987516701221466
70,2,GSM331703,0,0.4277569353580475
70,2,GSM331704,0,0.7328833937644958
70,2,GSM331705,0,0.23303136229515076
70,2,GSM331706,0,0.9609770774841309
70,2,GSM331707,0,0.4224340617656708
70,2,GSM331708,0,0.7972995042800903
70,2,GSM331711,0,0.4508107006549835
70,2,GSM331712,0,0.370150625705719
70,2,GSM331713,0,0.17828771471977234
70,2,GSM331718,0,0.7236759066581726
70,2,GSM331721,0,0.8607702255249023
70,2,GSM331727,0,0.4060734212398529
70,2,GSM331728,0,0.05012093111872673
70,2,GSM331732,0,0.6142518520355225
70,2,GSM331379,1,0.5984071493148804
70,2,GSM331380,1,0.835608184337616
70,2,GSM331382,1,0.4248296916484833
70,2,GSM331385,1,0.43098050355911255
70,2,GSM331390,1,0.2856680452823639
70,2,GSM331391,1,0.6318984031677246
70,2,GSM331397,1,0.3345157206058502
70,2,GSM331399,1,0.8620136380195618
70,2,GSM331402,1,0.429097980260849
70,2,GSM331403,1,0.9521071910858154
70,2,GSM331408,1,0.7984198927879333
70,2,GSM331409,1,0.3531077206134796
70,2,GSM331416,1,0.3155324459075928
70,2,GSM331417,1,0.7979063987731934
70,2,GSM331419,1,0.46078401803970337
70,2,GSM331421,1,0.474427729845047
70,2,GSM331424,1,0.21553023159503937
70,2,GSM331425,1,0.4715856909751892
70,2,GSM331426,1,0.7087778449058533
70,2,GSM331427,1,0.7905895113945007
70,2,GSM331428,1,0.12208165973424911
70,2,GSM331429,1,0.8623207211494446
70,2,GSM331431,1,0.745856761932373
70,2,GSM331432,1,0.10443753004074097
70,2,GSM331434,1,0.8382763266563416
70,2,GSM331439,1,0.8324184417724609
70,2,GSM331442,1,0.4960472881793976
70,2,GSM331443,1,0.06074153259396553
70,2,GSM331444,1,0.6739045977592468
70,2,GSM331445,1,0.5187133550643921
70,2,GSM331446,1,0.07702245563268661
70,2,GSM331447,1,0.6632965803146362
70,2,GSM331452,1,0.8083081841468811
71,1,GSM331638,0,0.10003497451543808
71,1,GSM331662,0,0.6358832120895386
71,1,GSM331664,0,0.37223219871520996
71,1,GSM331665,0,0.531051754951477
71,1,GSM331666,0,0.3298395276069641
71,1,GSM331668,0,0.5578708648681641
71,1,GSM331670,0,0.352211594581604
71,1,GSM331671,0,0.8696548342704773
71,1,GSM331676,0,0.4998868703842163
71,1,GSM331680,0,0.47490251064300537
71,1,GSM331681,0,0.7743408679962158
71,1,GSM331683,0,0.7346421480178833
71,1,GSM331685,0,0.33745962381362915
71,1,GSM331688,0,0.3763211965560913
71,1,GSM331690,0,0.8326637744903564
71,1,GSM331691,0,0.6686860918998718
71,1,GSM331692,0,0.12016356736421585
71,1,GSM331695,0,0.18575626611709595
71,1,GSM331700,0,0.5204244256019592
71,1,GSM331701,0,0.14733389019966125
71,1,GSM331702,0,0.4903638958930969
71,1,GSM331703,0,0.2560272812843323
71,1,GSM331704,0,0.5190103650093079
71,1,GSM331705,0,0.1476011872291565
71,1,GSM331706,0,0.9094708561897278
71,1,GSM331708,0,0.7515945434570312
71,1,GSM331711,0,0.6469118595123291
71,1,GSM331712,0,0.22112542390823364
71,1,GSM331714,0,0.8140087127685547
71,1,GSM331715,0,0.06895486265420914
71,1,GSM331718,0,0.7496572136878967
71,1,GSM331719,0,0.059924863278865814
71,1,GSM331720,0,0.5762143731117249
71,1,GSM331721,0,0.8948215246200562
71,1,GSM331722,0,0.5022241473197937
71,1,GSM331728,0,0.023884622380137444
71,1,GSM331731,0,0.7204050421714783
71,1,GSM331378,1,0.8614460825920105
71,1,GSM331379,1,0.641766369342804
71,1,GSM331380,1,0.8751915097236633
71,1,GSM331381,1,0.6718364953994751
71,1,GSM331385,1,0.15398307144641876
71,1,GSM331386,1,0.3108215034008026
71,1,GSM331387,1,0.2994448244571686
71,1,GSM331390,1,0.4374237060546875
71,1,GSM331393,1,0.5721067786216736
71,1,GSM331399,1,0.8617189526557922
71,1,GSM331407,1,0.335864394903183
71,1,GSM331408,1,0.7240563631057739
71,1,GSM331411,1,0.9024826884269714
71,1,GSM331412,1,0.8485517501831055
71,1,GSM331413,1,0.06570684164762497
71,1,GSM331416,1,0.24026532471179962
71,1,GSM331418,1,0.5558667182922363
71,1,GSM331419,1,0.527319610118866
71,1,GSM331420,1,0.9110685586929321
71,1,GSM331421,1,0.6295372843742371
71,1,GSM331422,1,0.7757874131202698
71,1,GSM331424,1,0.6175872087478638
71,1,GSM331425,1,0.7596114277839661
71,1,GSM331428,1,0.16348877549171448
71,1,GSM331429,1,0.7082378268241882
71,1,GSM331431,1,0.826116144657135
71,1,GSM331434,1,0.7424802184104919
71,1,GSM331438,1,0.9181177020072937
71,1,GSM331442,1,0.3083113729953766
71,1,GSM331445,1,0.6217376589775085
71,1,GSM331446,1,0.10778266936540604
71,1,GSM331448,1,0.8412364721298218
71,1,GSM331450,1,0.4363372325897217
71,2,GSM331660,0,0.07138633728027344
71,2,GSM331661,0,0.6691901087760925
71,2,GSM331663,0,0.13970091938972473
71,2,GSM331669,0,0.9624728560447693
71,2,GSM331672,0,0.48959487676620483
71,2,GSM331673,0,0.20735418796539307
71,2,GSM331674,0,0.4590485990047455
71,2,GSM331675,0,0.04377162083983421
71,2,GSM331677,0,0.129670649766922
71,2,GSM331678,0,0.030279427766799927
71,2,GSM331679,0,0.5563952922821045
71,2,GSM331682,0,0.48685726523399353
71,2,GSM331684,0,0.10525524616241455
71,2,GSM331686,0,0.574463427066803
71,2,GSM331687,0,0.23381450772285461
71,2,GSM331689,0,0.14421877264976501
71,2,GSM331693,0,0.18471845984458923
71,2,GSM331694,0,0.19069230556488037
71,2,GSM331696,0,0.1627068817615509
71,2,GSM331697,0,0.11285696923732758
71,2,GSM331698,0,0.10732371360063553
71,2,GSM331699,0,0.1362515687942505
71,2,GSM331707,0,0.5546202659606934
71,2,GSM331709,0,0.060722678899765015
71,2,GSM331710,0,0.022663526237010956
71,2,GSM331713,0,0.17408336699008942
71,2,GSM331716,0,0.9688833951950073
71,2,GSM331717,0,0.6717185974121094
71,2,GSM331723,0,0.6194875836372375
71,2,GSM331724,0,0.17200998961925507
71,2,GSM331725,0,0.6899095773696899
71,2,GSM331726,0,0.07458096742630005
71,2,GSM331727,0,0.19365400075912476
71,2,GSM331729,0,0.012608981691300869
71,2,GSM331730,0,0.2900126576423645
71,2,GSM331732,0,0.4542413353919983
71,2,GSM331377,1,0.8640826940536499
71,2,GSM331382,1,0.335873544216156
71,2,GSM331383,1,0.8624740242958069
71,2,GSM331384,1,0.4820488393306732
71,2,GSM331388,1,0.8953621983528137
71,2,GSM331389,1,0.15415729582309723
71,2,GSM331391,1,0.7522047758102417
71,2,GSM331395,1,0.32992300391197205
71,2,GSM331396,1,0.6191994547843933
71,2,GSM331397,1,0.3514079451560974
71,2,GSM331400,1,0.1912441849708557
71,2,GSM331401,1,0.39388787746429443
71,2,GSM331402,1,0.49358120560646057
71,2,GSM331403,1,0.9437073469161987
71,2,GSM331404,1,0.7149587273597717
71,2,GSM331405,1,0.19066068530082703
71,2,GSM331406,1,0.6936633586883545
71,2,GSM331409,1,0.3605765402317047
71,2,GSM331410,1,0.23967626690864563
71,2,GSM331414,1,0.7915384769439697
71,2,GSM331417,1,0.6779018044471741
71,2,GSM331426,1,0.6599942445755005
71,2,GSM331427,1,0.7800347805023193
71,2,GSM331430,1,0.6434977054595947
71,2,GSM331432,1,0.10321127623319626
71,2,GSM331436,1,0.03154435381293297
71,2,GSM331439,1,0.8499403595924377
71,2,GSM331440,1,0.49665015935897827
71,2,GSM331441,1,0.5539605617523193
71,2,GSM331443,1,0.1443515121936798
71,2,GSM331444,1,0.6453806161880493
71,2,GSM331447,1,0.6366020441055298
71,2,GSM331452,1,0.6445918679237366
72,1,GSM331660,0,0.18945468962192535
72,1,GSM331666,0,0.2863430082798004
72,1,GSM331668,0,0.6328966021537781
72,1,GSM331669,0,0.8145037293434143
72,1,GSM331670,0,0.33471354842185974
72,1,GSM331671,0,0.4822089970111847
72,1,GSM331673,0,0.2652401924133301
72,1,GSM331675,0,0.0681227594614029
72,1,GSM331677,0,0.11084304749965668
72,1,GSM331681,0,0.2435213178396225
72,1,GSM331685,0,0.5984268188476562
72,1,GSM331686,0,0.24401366710662842
72,1,GSM331693,0,0.29313409328460693
72,1,GSM331694,0,0.2910235524177551
72,1,GSM331695,0,0.2180057168006897
72,1,GSM331697,0,0.12963812053203583
72,1,GSM331699,0,0.2310481071472168
72,1,GSM331700,0,0.6650425791740417
72,1,GSM331701,0,0.3137539029121399
72,1,GSM331702,0,0.27514034509658813
72,1,GSM331704,0,0.3643658459186554
72,1,GSM331706,0,0.7835149168968201
72,1,GSM331707,0,0.23579899966716766
72,1,GSM331708,0,0.6113296747207642
72,1,GSM331709,0,0.1112031415104866
72,1,GSM331710,0,0.08697366714477539
72,1,GSM331711,0,0.6132439374923706
72,1,GSM331714,0,0.7909529209136963
72,1,GSM331716,0,0.7324890494346619
72,1,GSM331719,0,0.05967146158218384
72,1,GSM331722,0,0.4579511284828186
72,1,GSM331724,0,0.18639908730983734
72,1,GSM331725,0,0.46379080414772034
72,1,GSM331728,0,0.19316691160202026
72,1,GSM331729,0,0.10351158678531647
72,1,GSM331730,0,0.16386310756206512
72,1,GSM331732,0,0.45084965229034424
72,1,GSM331377,1,0.7971760630607605
72,1,GSM331378,1,0.9013980031013489
72,1,GSM331381,1,0.7793686389923096
72,1,GSM331382,1,0.6546843647956848
72,1,GSM331383,1,0.840910792350769
72,1,GSM331386,1,0.27591168880462646
72,1,GSM331388,1,0.9012090563774109
72,1,GSM331391,1,0.6128565073013306
72,1,GSM331395,1,0.3665263056755066
72,1,GSM331402,1,0.6000730395317078
72,1,GSM331404,1,0.7338597178459167
72,1,GSM331405,1,0.3628329634666443
72,1,GSM331406,1,0.781141459941864
72,1,GSM331407,1,0.6229628920555115
72,1,GSM331410,1,0.4028007686138153
72,1,GSM331411,1,0.8466713428497314
72,1,GSM331412,1,0.9130837321281433
72,1,GSM331414,1,0.7189513444900513
72,1,GSM331416,1,0.4875182807445526
72,1,GSM331418,1,0.5026880502700806
72,1,GSM331420,1,0.8113185167312622
72,1,GSM331421,1,0.668052077293396
72,1,GSM331424,1,0.7119315266609192
72,1,GSM331425,1,0.680404782295227
72,1,GSM331426,1,0.6097771525382996
72,1,GSM331427,1,0.6766934990882874
72,1,GSM331428,1,0.4815743863582611
72,1,GSM331430,1,0.46126505732536316
72,1,GSM331431,1,0.7009908556938171
72,1,GSM331436,1,0.18476460874080658
72,1,GSM331439,1,0.7421059608459473
72,1,GSM331444,1,0.6993618607521057
72,1,GSM331447,1,0.5699441432952881
72,2,GSM331638,0,0.3335396945476532
72,2,GSM331661,0,0.4124726355075836
72,2,GSM331662,0,0.5185356140136719
72,2,GSM331663,0,0.1606176793575287
72,2,GSM331664,0,0.5656567811965942
72,2,GSM331665,0,0.6050113439559937
72,2,GSM331672,0,0.3182084262371063
72,2,GSM331674,0,0.45348337292671204
72,2,GSM331676,0,0.5278907418251038
72,2,GSM331678,0,0.27548468112945557
72,2,GSM331679,0,0.4347406327724457
72,2,GSM331680,0,0.6588773727416992
72,2,GSM331682,0,0.2790999114513397
72,2,GSM331683,0,0.7170185446739197
72,2,GSM331684,0,0.16080646216869354
72,2,GSM331687,0,0.139596089720726
72,2,GSM331688,0,0.3832123279571533
72,2,GSM331689,0,0.4870653748512268
72,2,GSM331690,0,0.8009327054023743
72,2,GSM331691,0,0.5883461833000183
72,2,GSM331692,0,0.22586539387702942
72,2,GSM331696,0,0.2563396990299225
72,2,GSM331698,0,0.09948794543743134
72,2,GSM331703,0,0.22534377872943878
72,2,GSM331705,0,0.18040339648723602
72,2,GSM331712,0,0.14232075214385986
72,2,GSM331713,0,0.3107835650444031
72,2,GSM331715,0,0.16033653914928436
72,2,GSM331717,0,0.4503452479839325
72,2,GSM331718,0,0.7158563733100891
72,2,GSM331720,0,0.39458194375038147
72,2,GSM331721,0,0.4884224534034729
72,2,GSM331723,0,0.4903761148452759
72,2,GSM331726,0,0.10024891048669815
72,2,GSM331727,0,0.40618768334388733
72,2,GSM331731,0,0.6890645027160645
72,2,GSM331379,1,0.7304676175117493
72,2,GSM331380,1,0.7585750222206116
72,2,GSM331384,1,0.6033324599266052
72,2,GSM331385,1,0.26983344554901123
72,2,GSM331387,1,0.5370090007781982
72,2,GSM331389,1,0.5866008400917053
72,2,GSM331390,1,0.4368707537651062
72,2,GSM331393,1,0.5035406947135925
72,2,GSM331396,1,0.8530712127685547
72,2,GSM331397,1,0.5439587235450745
72,2,GSM331399,1,0.8287436366081238
72,2,GSM331400,1,0.41965845227241516
72,2,GSM331401,1,0.6642987728118896
72,2,GSM331403,1,0.8724901080131531
72,2,GSM331408,1,0.8407943844795227
72,2,GSM331409,1,0.6582068800926208
72,2,GSM331413,1,0.4444213807582855
72,2,GSM331417,1,0.8403863906860352
72,2,GSM331419,1,0.5260111093521118
72,2,GSM331422,1,0.7048494815826416
72,2,GSM331429,1,0.7330213189125061
72,2,GSM331432,1,0.18400602042675018
72,2,GSM331434,1,0.8336673974990845
72,2,GSM331438,1,0.8050640821456909
72,2,GSM331440,1,0.7511298060417175
72,2,GSM331441,1,0.7699445486068726
72,2,GSM331442,1,0.40332305431365967
72,2,GSM331443,1,0.3738658130168915
72,2,GSM331445,1,0.6691809892654419
72,2,GSM331446,1,0.2398243397474289
72,2,GSM331448,1,0.6933448910713196
72,2,GSM331450,1,0.3760637044906616
72,2,GSM331452,1,0.8303166627883911
73,1,GSM331662,0,0.5235986113548279
73,1,GSM331664,0,0.13960982859134674
73,1,GSM331665,0,0.9324700832366943
73,1,GSM331670,0,0.6478453874588013
73,1,GSM331672,0,0.798427164554596
73,1,GSM331674,0,0.8884557485580444
73,1,GSM331676,0,0.8853590488433838
73,1,GSM331677,0,0.2545793354511261
73,1,GSM331680,0,0.6428775787353516
73,1,GSM331681,0,0.7891181111335754
73,1,GSM331686,0,0.8878136873245239
73,1,GSM331688,0,0.6198939681053162
73,1,GSM331689,0,0.43951666355133057
73,1,GSM331690,0,0.8415611982345581
73,1,GSM331691,0,0.47601884603500366
73,1,GSM331693,0,0.5806061029434204
73,1,GSM331696,0,0.3619374930858612
73,1,GSM331701,0,0.27584564685821533
73,1,GSM331703,0,0.7026630640029907
73,1,GSM331705,0,0.5600675940513611
73,1,GSM331706,0,0.9396083354949951
73,1,GSM331708,0,0.8443071842193604
73,1,GSM331710,0,0.23158247768878937
73,1,GSM331711,0,0.560151994228363
73,1,GSM331712,0,0.6054618954658508
73,1,GSM331716,0,0.9784573912620544
73,1,GSM331718,0,0.8755015134811401
73,1,GSM331719,0,0.17840950191020966
73,1,GSM331720,0,0.5946981906890869
73,1,GSM331723,0,0.879103422164917
73,1,GSM331724,0,0.40671586990356445
73,1,GSM331725,0,0.8810622096061707
73,1,GSM331726,0,0.30338364839553833
73,1,GSM331729,0,0.06925071030855179
73,1,GSM331730,0,0.6291918158531189
73,1,GSM331731,0,0.8473072648048401
73,1,GSM331732,0,0.8369357585906982
73,1,GSM331377,1,0.8831460475921631
73,1,GSM331378,1,0.9366358518600464
73,1,GSM331379,1,0.7732254266738892
73,1,GSM331385,1,0.564526379108429
73,1,GSM331386,1,0.47515785694122314
73,1,GSM331389,1,0.30128058791160583
73,1,GSM331395,1,0.3771671950817108
73,1,GSM331401,1,0.6968491673469543
73,1,GSM331403,1,0.9399638772010803
73,1,GSM331405,1,0.1622331589460373
73,1,GSM331408,1,0.8735589385032654
73,1,GSM331409,1,0.5475559830665588
73,1,GSM331410,1,0.6170783042907715
73,1,GSM331411,1,0.9102190732955933
73,1,GSM331414,1,0.7830233573913574
73,1,GSM331416,1,0.4518880248069763
73,1,GSM331417,1,0.8249852657318115
73,1,GSM331418,1,0.6461541056632996
73,1,GSM331420,1,0.7707087993621826
73,1,GSM331422,1,0.8359808921813965
73,1,GSM331425,1,0.524617612361908
73,1,GSM331427,1,0.8895902037620544
73,1,GSM331428,1,0.3572373688220978
73,1,GSM331429,1,0.8758385181427002
73,1,GSM331431,1,0.7747253179550171
73,1,GSM331434,1,0.7523654103279114
73,1,GSM331436,1,0.43143633008003235
73,1,GSM331438,1,0.8478522896766663
73,1,GSM331439,1,0.8999956250190735
73,1,GSM331441,1,0.5751748085021973
73,1,GSM331443,1,0.2666752338409424
73,1,GSM331447,1,0.8387296795845032
73,1,GSM331452,1,0.7839834690093994
73,2,GSM331638,0,0.4113107919692993
73,2,GSM331660,0,0.1208123043179512
73,2,GSM331661,0,0.7903857827186584
73,2,GSM331663,0,0.31722182035446167
73,2,GSM331666,0,0.2322453409433365
73,2,GSM331668,0,0.5169863104820251
73,2,GSM331669,0,0.9508625268936157
73,2,GSM331671,0,0.5480607151985168
73,2,GSM331673,0,0.37287428975105286
73,2,GSM331675,0,0.16612757742404938
73,2,GSM331678,0,0.08700653910636902
73,2,GSM331679,0,0.5811471343040466
73,2,GSM331682,0,0.644866406917572
73,2,GSM331683,0,0.5723457336425781
73,2,GSM331684,0,0.31296223402023315
73,2,GSM331685,0,0.2671559751033783
73,2,GSM331687,0,0.2576194405555725
73,2,GSM331692,0,0.4472396671772003
73,2,GSM331694,0,0.2295120358467102
73,2,GSM331695,0,0.37314385175704956
73,2,GSM331697,0,0.2692621946334839
73,2,GSM331698,0,0.23852117359638214
73,2,GSM331699,0,0.5288828015327454
73,2,GSM331700,0,0.6753907203674316
73,2,GSM331702,0,0.7411267757415771
73,2,GSM331704,0,0.6033792495727539
73,2,GSM331707,0,0.5653974413871765
73,2,GSM331709,0,0.10995892435312271
73,2,GSM331713,0,0.44832348823547363
73,2,GSM331714,0,0.7628211975097656
73,2,GSM331715,0,0.2694285213947296
73,2,GSM331717,0,0.8575701713562012
73,2,GSM331721,0,0.8058035969734192
73,2,GSM331722,0,0.2935621440410614
73,2,GSM331727,0,0.40368878841400146
73,2,GSM331728,0,0.10954008996486664
73,2,GSM331380,1,0.6580031514167786
73,2,GSM331381,1,0.6459349989891052
73,2,GSM331382,1,0.5271016955375671
73,2,GSM331383,1,0.8688991665840149
73,2,GSM331384,1,0.49759340286254883
73,2,GSM331387,1,0.270276814699173
73,2,GSM331388,1,0.7611202001571655
73,2,GSM331390,1,0.3842717707157135
73,2,GSM331391,1,0.5417640805244446
73,2,GSM331393,1,0.5921768546104431
73,2,GSM331396,1,0.505140483379364
73,2,GSM331397,1,0.23538289964199066
73,2,GSM331399,1,0.8540167212486267
73,2,GSM331400,1,0.18765166401863098
73,2,GSM331402,1,0.4073706865310669
73,2,GSM331404,1,0.5468145608901978
73,2,GSM331406,1,0.6481921672821045
73,2,GSM331407,1,0.5355112552642822
73,2,GSM331412,1,0.8679891228675842
73,2,GSM331413,1,0.19836919009685516
73,2,GSM331419,1,0.6375177502632141
73,2,GSM331421,1,0.45888978242874146
73,2,GSM331424,1,0.3056719899177551
73,2,GSM331426,1,0.813838005065918
73,2,GSM331430,1,0.5108300447463989
73,2,GSM331432,1,0.22331899404525757
73,2,GSM331440,1,0.3639279305934906
73,2,GSM331442,1,0.46119850873947144
73,2,GSM331444,1,0.7026162147521973
73,2,GSM331445,1,0.7735661864280701
73,2,GSM331446,1,0.13404762744903564
73,2,GSM331448,1,0.6249456405639648
73,2,GSM331450,1,0.4618507921695709
74,1,GSM331638,0,0.32831528782844543
74,1,GSM331661,0,0.7701947689056396
74,1,GSM331664,0,0.202610045671463
74,1,GSM331665,0,0.7332971692085266
74,1,GSM331666,0,0.4570326805114746
74,1,GSM331668,0,0.44122570753097534
74,1,GSM331670,0,0.4329124093055725
74,1,GSM331674,0,0.588849663734436
74,1,GSM331677,0,0.09481482952833176
74,1,GSM331679,0,0.4301437437534332
74,1,GSM331680,0,0.779276967048645
74,1,GSM331682,0,0.2328328937292099
74,1,GSM331686,0,0.39321795105934143
74,1,GSM331688,0,0.3537656366825104
74,1,GSM331689,0,0.26556581258773804
74,1,GSM331691,0,0.6635883450508118
74,1,GSM331692,0,0.26114532351493835
74,1,GSM331698,0,0.10426366329193115
74,1,GSM331699,0,0.35471969842910767
74,1,GSM331700,0,0.4658443331718445
74,1,GSM331701,0,0.25811392068862915
74,1,GSM331703,0,0.23068958520889282
74,1,GSM331704,0,0.3002272844314575
74,1,GSM331705,0,0.2436402291059494
74,1,GSM331706,0,0.5246007442474365
74,1,GSM331708,0,0.8481214642524719
74,1,GSM331709,0,0.14498810470104218
74,1,GSM331711,0,0.5124320387840271
74,1,GSM331712,0,0.1677669733762741
74,1,GSM331714,0,0.5209686160087585
74,1,GSM331715,0,0.3606691062450409
74,1,GSM331716,0,0.6640871167182922
74,1,GSM331719,0,0.16756713390350342
74,1,GSM331723,0,0.6049720048904419
74,1,GSM331724,0,0.3660653829574585
74,1,GSM331729,0,0.17290475964546204
74,1,GSM331730,0,0.38367581367492676
74,1,GSM331379,1,0.8051056861877441
74,1,GSM331382,1,0.7351792454719543
74,1,GSM331383,1,0.7506045699119568
74,1,GSM331385,1,0.1867780238389969
74,1,GSM331386,1,0.3013148307800293
74,1,GSM331387,1,0.494426965713501
74,1,GSM331390,1,0.4306647479534149
74,1,GSM331393,1,0.29712435603141785
74,1,GSM331396,1,0.8083149790763855
74,1,GSM331397,1,0.3197990655899048
74,1,GSM331401,1,0.6494041085243225
74,1,GSM331402,1,0.4180237650871277
74,1,GSM331406,1,0.725637674331665
74,1,GSM331409,1,0.7678319811820984
74,1,GSM331411,1,0.8107017278671265
74,1,GSM331413,1,0.5687580704689026
74,1,GSM331418,1,0.45888397097587585
74,1,GSM331419,1,0.6942498683929443
74,1,GSM331421,1,0.6135063767433167
74,1,GSM331422,1,0.6206210255622864
74,1,GSM331424,1,0.4407110810279846
74,1,GSM331425,1,0.608998715877533
74,1,GSM331431,1,0.3587380647659302
74,1,GSM331432,1,0.2482118159532547
74,1,GSM331434,1,0.7426248788833618
74,1,GSM331439,1,0.7045789361000061
74,1,GSM331440,1,0.7001548409461975
74,1,GSM331442,1,0.43646684288978577
74,1,GSM331445,1,0.8301676511764526
74,1,GSM331446,1,0.5356864333152771
74,1,GSM331447,1,0.5175173282623291
74,1,GSM331450,1,0.4532397389411926
74,1,GSM331452,1,0.770546019077301
74,2,GSM331660,0,0.20808951556682587
74,2,GSM331662,0,0.23921522498130798
74,2,GSM331663,0,0.4398464560508728
74,2,GSM331669,0,0.8820253014564514
74,2,GSM331671,0,0.6088149547576904
74,2,GSM331672,0,0.24481315910816193
74,2,GSM331673,0,0.5379143357276917
74,2,GSM331675,0,0.18643510341644287
74,2,GSM331676,0,0.27887964248657227
74,2,GSM331678,0,0.22277309000492096
74,2,GSM331681,0,0.47558921575546265
74,2,GSM331683,0,0.4995550215244293
74,2,GSM331684,0,0.17774580419063568
74,2,GSM331685,0,0.30602213740348816
74,2,GSM331687,0,0.11781582981348038
74,2,GSM331690,0,0.8151096701622009
74,2,GSM331693,0,0.2747195363044739
74,2,GSM331694,0,0.23729822039604187
74,2,GSM331695,0,0.19507788121700287
74,2,GSM331696,0,0.4061487019062042
74,2,GSM331697,0,0.1603764295578003
74,2,GSM331702,0,0.41235288977622986
74,2,GSM331707,0,0.38013121485710144
74,2,GSM331710,0,0.07684922963380814
74,2,GSM331713,0,0.6134092807769775
74,2,GSM331717,0,0.610205888748169
74,2,GSM331718,0,0.7336751818656921
74,2,GSM331720,0,0.4709439277648926
74,2,GSM331721,0,0.7350502610206604
74,2,GSM331722,0,0.4220646619796753
74,2,GSM331725,0,0.6146939992904663
74,2,GSM331726,0,0.1496230661869049
74,2,GSM331727,0,0.32457777857780457
74,2,GSM331728,0,0.17292195558547974
74,2,GSM331731,0,0.8085448145866394
74,2,GSM331732,0,0.7129920125007629
74,2,GSM331377,1,0.8692032098770142
74,2,GSM331378,1,0.887553334236145
74,2,GSM331380,1,0.6424921154975891
74,2,GSM331381,1,0.717219889163971
74,2,GSM331384,1,0.7935155034065247
74,2,GSM331388,1,0.8803971409797668
74,2,GSM331389,1,0.33958929777145386
74,2,GSM331391,1,0.8049538731575012
74,2,GSM331395,1,0.6689330339431763
74,2,GSM331399,1,0.8495630621910095
74,2,GSM331400,1,0.3056528866291046
74,2,GSM331403,1,0.704724133014679
74,2,GSM331404,1,0.7265682220458984
74,2,GSM331405,1,0.2819337546825409
74,2,GSM331407,1,0.657430112361908
74,2,GSM331408,1,0.8375613689422607
74,2,GSM331410,1,0.6670621037483215
74,2,GSM331412,1,0.8297093510627747
74,2,GSM331414,1,0.5812281966209412
74,2,GSM331416,1,0.6840327978134155
74,2,GSM331417,1,0.7949458956718445
74,2,GSM331420,1,0.7706624269485474
74,2,GSM331426,1,0.7737336158752441
74,2,GSM331427,1,0.6363881826400757
74,2,GSM331428,1,0.29868653416633606
74,2,GSM331429,1,0.45637932419776917
74,2,GSM331430,1,0.4126802682876587
74,2,GSM331436,1,0.11669650673866272
74,2,GSM331438,1,0.9011442065238953
74,2,GSM331441,1,0.7033538222312927
74,2,GSM331443,1,0.3137242794036865
74,2,GSM331444,1,0.8555367588996887
74,2,GSM331448,1,0.5991114974021912
75,1,GSM331661,0,0.6237009167671204
75,1,GSM331664,0,0.2764756381511688
75,1,GSM331665,0,0.757900059223175
75,1,GSM331666,0,0.11545245349407196
75,1,GSM331668,0,0.5727934241294861
75,1,GSM331672,0,0.4616301357746124
75,1,GSM331673,0,0.3058578073978424
75,1,GSM331674,0,0.6280001997947693
75,1,GSM331675,0,0.023597953841090202
75,1,GSM331676,0,0.7011590600013733
75,1,GSM331679,0,0.3225666582584381
75,1,GSM331681,0,0.511749804019928
75,1,GSM331683,0,0.8194314241409302
75,1,GSM331684,0,0.10530270636081696
75,1,GSM331692,0,0.1154777929186821
75,1,GSM331693,0,0.21501775085926056
75,1,GSM331695,0,0.2813040316104889
75,1,GSM331699,0,0.3988964557647705
75,1,GSM331700,0,0.5853374004364014
75,1,GSM331702,0,0.5352782607078552
75,1,GSM331703,0,0.39868664741516113
75,1,GSM331705,0,0.20777937769889832
75,1,GSM331706,0,0.9203662872314453
75,1,GSM331707,0,0.43128636479377747
75,1,GSM331708,0,0.7070100903511047
75,1,GSM331709,0,0.1514665186405182
75,1,GSM331713,0,0.18088996410369873
75,1,GSM331714,0,0.799435555934906
75,1,GSM331716,0,0.9705537557601929
75,1,GSM331720,0,0.37576696276664734
75,1,GSM331721,0,0.9114989042282104
75,1,GSM331723,0,0.7471047639846802
75,1,GSM331724,0,0.13762231171131134
75,1,GSM331726,0,0.049794752150774
75,1,GSM331727,0,0.26363635063171387
75,1,GSM331729,0,0.056126534938812256
75,1,GSM331731,0,0.8528256416320801
75,1,GSM331377,1,0.9089734554290771
75,1,GSM331378,1,0.9537584781646729
75,1,GSM331379,1,0.6603275537490845
75,1,GSM331383,1,0.9411088824272156
75,1,GSM331385,1,0.4670560657978058
75,1,GSM331387,1,0.3759167492389679
75,1,GSM331393,1,0.6967106461524963
75,1,GSM331397,1,0.4445926547050476
75,1,GSM331400,1,0.2702188193798065
75,1,GSM331401,1,0.6310057640075684
75,1,GSM331402,1,0.5544165372848511
75,1,GSM331404,1,0.7919503450393677
75,1,GSM331406,1,0.7692577838897705
75,1,GSM331407,1,0.4393822252750397
75,1,GSM331409,1,0.5764041543006897
75,1,GSM331410,1,0.37936004996299744
75,1,GSM331414,1,0.7346789836883545
75,1,GSM331416,1,0.5606101751327515
75,1,GSM331418,1,0.804036557674408
75,1,GSM331419,1,0.6428754925727844
75,1,GSM331420,1,0.9169502258300781
75,1,GSM331421,1,0.5241819024085999
75,1,GSM331428,1,0.1794120818376541
75,1,GSM331431,1,0.7311654090881348
75,1,GSM331434,1,0.827723503112793
75,1,GSM331436,1,0.07548170536756516
75,1,GSM331438,1,0.9263912439346313
75,1,GSM331440,1,0.5475543737411499
75,1,GSM331443,1,0.2958793342113495
75,1,GSM331445,1,0.43742722272872925
75,1,GSM331446,1,0.2816866338253021
75,1,GSM331448,1,0.6550491452217102
75,1,GSM331450,1,0.45445048809051514
75,2,GSM331638,0,0.2732068598270416
75,2,GSM331660,0,0.13735786080360413
75,2,GSM331662,0,0.4623870849609375
75,2,GSM331663,0,0.2851981818675995
75,2,GSM331669,0,0.9587123990058899
75,2,GSM331670,0,0.4344181716442108
75,2,GSM331671,0,0.5148060321807861
75,2,GSM331677,0,0.16923244297504425
75,2,GSM331678,0,0.07346422225236893
75,2,GSM331680,0,0.37592613697052
75,2,GSM331682,0,0.49897512793540955
75,2,GSM331685,0,0.1728983074426651
75,2,GSM331686,0,0.48710644245147705
75,2,GSM331687,0,0.1094714030623436
75,2,GSM331688,0,0.6177318096160889
75,2,GSM331689,0,0.3300490081310272
75,2,GSM331690,0,0.8733806610107422
75,2,GSM331691,0,0.4564889967441559
75,2,GSM331694,0,0.17380695044994354
75,2,GSM331696,0,0.4608171284198761
75,2,GSM331697,0,0.18021854758262634
75,2,GSM331698,0,0.22699707746505737
75,2,GSM331701,0,0.21140645444393158
75,2,GSM331704,0,0.5440303683280945
75,2,GSM331710,0,0.05459465831518173
75,2,GSM331711,0,0.6047081351280212
75,2,GSM331712,0,0.4037229120731354
75,2,GSM331715,0,0.22190427780151367
75,2,GSM331717,0,0.6328485012054443
75,2,GSM331718,0,0.6697790622711182
75,2,GSM331719,0,0.04503936693072319
75,2,GSM331722,0,0.4184158742427826
75,2,GSM331725,0,0.7129051685333252
75,2,GSM331728,0,0.08341152966022491
75,2,GSM331730,0,0.29230982065200806
75,2,GSM331732,0,0.7524995803833008
75,2,GSM331380,1,0.8108300566673279
75,2,GSM331381,1,0.7905880212783813
75,2,GSM331382,1,0.6907941699028015
75,2,GSM331384,1,0.6414332985877991
75,2,GSM331386,1,0.47384923696517944
75,2,GSM331388,1,0.9359598755836487
75,2,GSM331389,1,0.2739303708076477
75,2,GSM331390,1,0.4393390417098999
75,2,GSM331391,1,0.5518336296081543
75,2,GSM331395,1,0.43411242961883545
75,2,GSM331396,1,0.7084564566612244
75,2,GSM331399,1,0.8209136724472046
75,2,GSM331403,1,0.9263508319854736
75,2,GSM331405,1,0.10014050453901291
75,2,GSM331408,1,0.8855621814727783
75,2,GSM331411,1,0.8759543895721436
75,2,GSM331412,1,0.9414030313491821
75,2,GSM331413,1,0.18287163972854614
75,2,GSM331417,1,0.8103946447372437
75,2,GSM331422,1,0.7352755069732666
75,2,GSM331424,1,0.1876213252544403
75,2,GSM331425,1,0.5190937519073486
75,2,GSM331426,1,0.7586658596992493
75,2,GSM331427,1,0.7286512851715088
75,2,GSM331429,1,0.7816869616508484
75,2,GSM331430,1,0.6506074070930481
75,2,GSM331432,1,0.2737627923488617
75,2,GSM331439,1,0.8228141665458679
75,2,GSM331441,1,0.773130476474762
75,2,GSM331442,1,0.46352046728134155
75,2,GSM331444,1,0.770026445388794
75,2,GSM331447,1,0.7478947043418884
75,2,GSM331452,1,0.8144524693489075
76,1,GSM331638,0,0.1661180555820465
76,1,GSM331663,0,0.14112171530723572
76,1,GSM331670,0,0.15802985429763794
76,1,GSM331674,0,0.6343438029289246
76,1,GSM331676,0,0.35830628871917725
76,1,GSM331677,0,0.11653382331132889
76,1,GSM331678,0,0.05565842241048813
76,1,GSM331681,0,0.3048067092895508
76,1,GSM331682,0,0.3415098488330841
76,1,GSM331684,0,0.15728917717933655
76,1,GSM331686,0,0.666189432144165
76,1,GSM331690,0,0.7005822658538818
76,1,GSM331691,0,0.4534737169742584
76,1,GSM331693,0,0.29714348912239075
76,1,GSM331695,0,0.20604434609413147
76,1,GSM331696,0,0.13723556697368622
76,1,GSM331698,0,0.0773947536945343
76,1,GSM331701,0,0.18599487841129303
76,1,GSM331702,0,0.417963445186615
76,1,GSM331704,0,0.5468042492866516
76,1,GSM331705,0,0.32736796140670776
76,1,GSM331706,0,0.8050380945205688
76,1,GSM331708,0,0.6792155504226685
76,1,GSM331710,0,0.09389539062976837
76,1,GSM331712,0,0.17093941569328308
76,1,GSM331714,0,0.6327687501907349
76,1,GSM331716,0,0.9293590784072876
76,1,GSM331717,0,0.4547211229801178
76,1,GSM331718,0,0.5259737372398376
76,1,GSM331724,0,0.323224276304245
76,1,GSM331725,0,0.5083622336387634
76,1,GSM331727,0,0.13677014410495758
76,1,GSM331728,0,0.10972904413938522
76,1,GSM331729,0,0.08461251109838486
76,1,GSM331730,0,0.4215538501739502
76,1,GSM331731,0,0.5510934591293335
76,1,GSM331732,0,0.5367302298545837
76,1,GSM331380,1,0.7586444020271301
76,1,GSM331381,1,0.3740607500076294
76,1,GSM331383,1,0.820358157157898
76,1,GSM331384,1,0.5601320266723633
76,1,GSM331387,1,0.5327719449996948
76,1,GSM331388,1,0.7639129757881165
76,1,GSM331389,1,0.24928846955299377
76,1,GSM331393,1,0.25646060705184937
76,1,GSM331399,1,0.8221526145935059
76,1,GSM331401,1,0.47273996472358704
76,1,GSM331403,1,0.9039915800094604
76,1,GSM331404,1,0.3934735655784607
76,1,GSM331405,1,0.229973703622818
76,1,GSM331406,1,0.5563642382621765
76,1,GSM331407,1,0.5243548154830933
76,1,GSM331409,1,0.7192505598068237
76,1,GSM331414,1,0.7415154576301575
76,1,GSM331417,1,0.7703452110290527
76,1,GSM331419,1,0.5231630206108093
76,1,GSM331420,1,0.65562903881073
76,1,GSM331424,1,0.35211336612701416
76,1,GSM331427,1,0.6987136602401733
76,1,GSM331428,1,0.28373461961746216
76,1,GSM331431,1,0.42973628640174866
76,1,GSM331432,1,0.11781010031700134
76,1,GSM331434,1,0.6422688364982605
76,1,GSM331436,1,0.0846928209066391
76,1,GSM331438,1,0.8229285478591919
76,1,GSM331443,1,0.10628149658441544
76,1,GSM331444,1,0.7318700551986694
76,1,GSM331445,1,0.5047990679740906
76,1,GSM331446,1,0.19579313695430756
76,1,GSM331447,1,0.5764711499214172
76,2,GSM331660,0,0.13400276005268097
76,2,GSM331661,0,0.5024857521057129
76,2,GSM331662,0,0.6347509026527405
76,2,GSM331664,0,0.5434769988059998
76,2,GSM331665,0,0.587384045124054
76,2,GSM331666,0,0.39795979857444763
76,2,GSM331668,0,0.4181535840034485
76,2,GSM331669,0,0.8627410531044006
76,2,GSM331671,0,0.7338050603866577
76,2,GSM331672,0,0.3103353679180145
76,2,GSM331673,0,0.5032259225845337
76,2,GSM331675,0,0.09721826016902924
76,2,GSM331679,0,0.21580298244953156
76,2,GSM331680,0,0.6276131868362427
76,2,GSM331683,0,0.5106104016304016
76,2,GSM331685,0,0.511115312576294
76,2,GSM331687,0,0.18057680130004883
76,2,GSM331688,0,0.4820343255996704
76,2,GSM331689,0,0.31138330698013306
76,2,GSM331692,0,0.17743277549743652
76,2,GSM331694,0,0.2711867690086365
76,2,GSM331697,0,0.1922970563173294
76,2,GSM331699,0,0.5351605415344238
76,2,GSM331700,0,0.5990281701087952
76,2,GSM331703,0,0.565549910068512
76,2,GSM331707,0,0.5952321887016296
76,2,GSM331709,0,0.1598099023103714
76,2,GSM331711,0,0.649175226688385
76,2,GSM331713,0,0.5150811672210693
76,2,GSM331715,0,0.1705630123615265
76,2,GSM331719,0,0.08352193236351013
76,2,GSM331720,0,0.7245377898216248
76,2,GSM331721,0,0.8267037868499756
76,2,GSM331722,0,0.2986128628253937
76,2,GSM331723,0,0.5136647820472717
76,2,GSM331726,0,0.20580102503299713
76,2,GSM331377,1,0.6583638787269592
76,2,GSM331378,1,0.8453016877174377
76,2,GSM331379,1,0.7129800319671631
76,2,GSM331382,1,0.7622867822647095
76,2,GSM331385,1,0.24838878214359283
76,2,GSM331386,1,0.48464685678482056
76,2,GSM331390,1,0.4895695447921753
76,2,GSM331391,1,0.7774129509925842
76,2,GSM331395,1,0.6379457116127014
76,2,GSM331396,1,0.7702878713607788
76,2,GSM331397,1,0.2447906881570816
76,2,GSM331400,1,0.3929941654205322
76,2,GSM331402,1,0.7430472373962402
76,2,GSM331408,1,0.7495251893997192
76,2,GSM331410,1,0.2781190574169159
76,2,GSM331411,1,0.8434552550315857
76,2,GSM331412,1,0.8108454346656799
76,2,GSM331413,1,0.3113689720630646
76,2,GSM331416,1,0.35885998606681824
76,2,GSM331418,1,0.5545002222061157
76,2,GSM331421,1,0.617999792098999
76,2,GSM331422,1,0.7024115920066833
76,2,GSM331425,1,0.8065521121025085
76,2,GSM331426,1,0.6838973164558411
76,2,GSM331429,1,0.4704483449459076
76,2,GSM331430,1,0.5350167155265808
76,2,GSM331439,1,0.7778608798980713
76,2,GSM331440,1,0.8330844640731812
76,2,GSM331441,1,0.7545686960220337
76,2,GSM331442,1,0.6273704767227173
76,2,GSM331448,1,0.7281787395477295
76,2,GSM331450,1,0.6710965633392334
76,2,GSM331452,1,0.734487771987915
77,1,GSM331663,0,0.20866674184799194
77,1,GSM331668,0,0.35458803176879883
77,1,GSM331669,0,0.8213914632797241
77,1,GSM331672,0,0.4462667405605316
77,1,GSM331673,0,0.40102696418762207
77,1,GSM331674,0,0.3075789511203766
77,1,GSM331675,0,0.1530321091413498
77,1,GSM331676,0,0.4357307255268097
77,1,GSM331677,0,0.16570433974266052
77,1,GSM331678,0,0.08650119602680206
77,1,GSM331679,0,0.3123444616794586
77,1,GSM331680,0,0.46647921204566956
77,1,GSM331681,0,0.6158316135406494
77,1,GSM331685,0,0.20530059933662415
77,1,GSM331686,0,0.7093874216079712
77,1,GSM331692,0,0.2012062668800354
77,1,GSM331693,0,0.3694194257259369
77,1,GSM331695,0,0.16990350186824799
77,1,GSM331698,0,0.18308983743190765
77,1,GSM331699,0,0.29613208770751953
77,1,GSM331701,0,0.25246086716651917
77,1,GSM331704,0,0.6519409418106079
77,1,GSM331705,0,0.44099515676498413
77,1,GSM331706,0,0.8697991371154785
77,1,GSM331707,0,0.3546757102012634
77,1,GSM331709,0,0.08488956838846207
77,1,GSM331712,0,0.35971659421920776
77,1,GSM331719,0,0.16219620406627655
77,1,GSM331721,0,0.4863661527633667
77,1,GSM331723,0,0.6797475218772888
77,1,GSM331724,0,0.34704089164733887
77,1,GSM331726,0,0.14281333982944489
77,1,GSM331728,0,0.05616232007741928
77,1,GSM331729,0,0.059597648680210114
77,1,GSM331730,0,0.47469183802604675
77,1,GSM331731,0,0.702953577041626
77,1,GSM331732,0,0.6002614498138428
77,1,GSM331377,1,0.69121915102005
77,1,GSM331379,1,0.8827050924301147
77,1,GSM331383,1,0.8511059880256653
77,1,GSM331386,1,0.28899750113487244
77,1,GSM331387,1,0.3353433907032013
77,1,GSM331389,1,0.09193998575210571
77,1,GSM331390,1,0.42337566614151
77,1,GSM331399,1,0.7763478755950928
77,1,GSM331401,1,0.7872739434242249
77,1,GSM331402,1,0.42719560861587524
77,1,GSM331403,1,0.8039100170135498
77,1,GSM331404,1,0.6061623692512512
77,1,GSM331405,1,0.0801977887749672
77,1,GSM331406,1,0.6892433166503906
77,1,GSM331409,1,0.5360710620880127
77,1,GSM331412,1,0.5692204833030701
77,1,GSM331413,1,0.5586646795272827
77,1,GSM331414,1,0.5111240148544312
77,1,GSM331417,1,0.7997105121612549
77,1,GSM331419,1,0.6522680521011353
77,1,GSM331422,1,0.6757588982582092
77,1,GSM331424,1,0.1729855090379715
77,1,GSM331426,1,0.723269522190094
77,1,GSM331427,1,0.7644352316856384
77,1,GSM331429,1,0.42814695835113525
77,1,GSM331430,1,0.34150591492652893
77,1,GSM331431,1,0.4099012315273285
77,1,GSM331432,1,0.15559294819831848
77,1,GSM331439,1,0.592054545879364
77,1,GSM331440,1,0.5778793692588806
77,1,GSM331445,1,0.7074713110923767
77,1,GSM331448,1,0.6559081077575684
77,1,GSM331452,1,0.6465921401977539
77,2,GSM331638,0,0.242764413356781
77,2,GSM331660,0,0.11607781797647476
77,2,GSM331661,0,0.6552283763885498
77,2,GSM331662,0,0.3318250775337219
77,2,GSM331664,0,0.22017797827720642
77,2,GSM331665,0,0.6389757990837097
77,2,GSM331666,0,0.28757813572883606
77,2,GSM331670,0,0.5095878839492798
77,2,GSM331671,0,0.6171754002571106
77,2,GSM331682,0,0.4888070821762085
77,2,GSM331683,0,0.5607097148895264
77,2,GSM331684,0,0.10055195540189743
77,2,GSM331687,0,0.186773419380188
77,2,GSM331688,0,0.4686697721481323
77,2,GSM331689,0,0.20429882407188416
77,2,GSM331690,0,0.6219503879547119
77,2,GSM331691,0,0.4125572741031647
77,2,GSM331694,0,0.16780108213424683
77,2,GSM331696,0,0.3889911472797394
77,2,GSM331697,0,0.21391837298870087
77,2,GSM331700,0,0.43611419200897217
77,2,GSM331702,0,0.6690450310707092
77,2,GSM331703,0,0.44081464409828186
77,2,GSM331708,0,0.7383882999420166
77,2,GSM331710,0,0.06328854709863663
77,2,GSM331711,0,0.5250644683837891
77,2,GSM331713,0,0.3639775216579437
77,2,GSM331714,0,0.7425122261047363
77,2,GSM331715,0,0.18545407056808472
77,2,GSM331716,0,0.9625277519226074
77,2,GSM331717,0,0.6614219546318054
77,2,GSM331718,0,0.742921769618988
77,2,GSM331720,0,0.41018348932266235
77,2,GSM331722,0,0.1943701058626175
77,2,GSM331725,0,0.6716086268424988
77,2,GSM331727,0,0.30377617478370667
77,2,GSM331378,1,0.8813844323158264
77,2,GSM331380,1,0.6355611681938171
77,2,GSM331381,1,0.7857403755187988
77,2,GSM331382,1,0.5747519135475159
77,2,GSM331384,1,0.5877101421356201
77,2,GSM331385,1,0.3195270597934723
77,2,GSM331388,1,0.8969126343727112
77,2,GSM331391,1,0.752170205116272
77,2,GSM331393,1,0.6958972215652466
77,2,GSM331395,1,0.42433175444602966
77,2,GSM331396,1,0.6334030628204346
77,2,GSM331397,1,0.24102286994457245
77,2,GSM331400,1,0.30742695927619934
77,2,GSM331407,1,0.5759199857711792
77,2,GSM331408,1,0.7972617745399475
77,2,GSM331410,1,0.4866792559623718
77,2,GSM331411,1,0.8189101219177246
77,2,GSM331416,1,0.5326862335205078
77,2,GSM331418,1,0.43305036425590515
77,2,GSM331420,1,0.6921367645263672
77,2,GSM331421,1,0.6481878161430359
77,2,GSM331425,1,0.3988014757633209
77,2,GSM331428,1,0.3412383198738098
77,2,GSM331434,1,0.7625994682312012
77,2,GSM331436,1,0.19157135486602783
77,2,GSM331438,1,0.8291234970092773
77,2,GSM331441,1,0.6229375600814819
77,2,GSM331442,1,0.3585415184497833
77,2,GSM331443,1,0.1550653725862503
77,2,GSM331444,1,0.819709300994873
77,2,GSM331446,1,0.14828930795192719
77,2,GSM331447,1,0.7505673766136169
77,2,GSM331450,1,0.47603586316108704
78,1,GSM331638,0,0.335122287273407
78,1,GSM331660,0,0.2262285053730011
78,1,GSM331666,0,0.2918785512447357
78,1,GSM331669,0,0.806655764579773
78,1,GSM331670,0,0.6326407194137573
78,1,GSM331672,0,0.4400516748428345
78,1,GSM331673,0,0.4467476010322571
78,1,GSM331674,0,0.5852358341217041
78,1,GSM331675,0,0.16622698307037354
78,1,GSM331679,0,0.32393476366996765
78,1,GSM331680,0,0.46204325556755066
78,1,GSM331682,0,0.42632579803466797
78,1,GSM331688,0,0.4051068425178528
78,1,GSM331689,0,0.18306051194667816
78,1,GSM331692,0,0.16556350886821747
78,1,GSM331693,0,0.36662331223487854
78,1,GSM331694,0,0.2266084998846054
78,1,GSM331696,0,0.40891245007514954
78,1,GSM331698,0,0.3123266100883484
78,1,GSM331699,0,0.4923470914363861
78,1,GSM331701,0,0.5878981351852417
78,1,GSM331702,0,0.6183328032493591
78,1,GSM331703,0,0.2994020879268646
78,1,GSM331707,0,0.51792973279953
78,1,GSM331712,0,0.3137834370136261
78,1,GSM331714,0,0.5973986983299255
78,1,GSM331715,0,0.4103051722049713
78,1,GSM331716,0,0.920059323310852
78,1,GSM331718,0,0.8152797818183899
78,1,GSM331720,0,0.49375608563423157
78,1,GSM331721,0,0.8370665311813354
78,1,GSM331723,0,0.8235226273536682
78,1,GSM331724,0,0.4079384505748749
78,1,GSM331725,0,0.584805965423584
78,1,GSM331727,0,0.29557284712791443
78,1,GSM331729,0,0.12862913310527802
78,1,GSM331732,0,0.6199898719787598
78,1,GSM331377,1,0.7282060980796814
78,1,GSM331378,1,0.8334961533546448
78,1,GSM331379,1,0.8782352209091187
78,1,GSM331382,1,0.5480426549911499
78,1,GSM331384,1,0.6259078979492188
78,1,GSM331385,1,0.44716644287109375
78,1,GSM331386,1,0.4042137861251831
78,1,GSM331390,1,0.6020832657814026
78,1,GSM331395,1,0.46045249700546265
78,1,GSM331396,1,0.630352795124054
78,1,GSM331397,1,0.2363111972808838
78,1,GSM331400,1,0.40206411480903625
78,1,GSM331402,1,0.49708855152130127
78,1,GSM331404,1,0.6280943155288696
78,1,GSM331408,1,0.8318748474121094
78,1,GSM331409,1,0.5388809442520142
78,1,GSM331412,1,0.691542387008667
78,1,GSM331414,1,0.65712571144104
78,1,GSM331417,1,0.811553418636322
78,1,GSM331418,1,0.6009687781333923
78,1,GSM331419,1,0.8454100489616394
78,1,GSM331420,1,0.7694936990737915
78,1,GSM331421,1,0.6891019344329834
78,1,GSM331422,1,0.7610443830490112
78,1,GSM331426,1,0.8109652996063232
78,1,GSM331429,1,0.5331449508666992
78,1,GSM331432,1,0.3232644200325012
78,1,GSM331438,1,0.7727400660514832
78,1,GSM331442,1,0.5280687212944031
78,1,GSM331444,1,0.8142511248588562
78,1,GSM331445,1,0.8069869875907898
78,1,GSM331446,1,0.3795704245567322
78,1,GSM331448,1,0.763699471950531
78,2,GSM331661,0,0.5666115880012512
78,2,GSM331662,0,0.20043230056762695
78,2,GSM331663,0,0.2412761151790619
78,2,GSM331664,0,0.2042941153049469
78,2,GSM331665,0,0.5692638158798218
78,2,GSM331668,0,0.5131570100784302
78,2,GSM331671,0,0.5581501126289368
78,2,GSM331676,0,0.2939870357513428
78,2,GSM331677,0,0.14383196830749512
78,2,GSM331678,0,0.08106514811515808
78,2,GSM331681,0,0.7262892127037048
78,2,GSM331683,0,0.314443439245224
78,2,GSM331684,0,0.22766944766044617
78,2,GSM331685,0,0.16379255056381226
78,2,GSM331686,0,0.5870318412780762
78,2,GSM331687,0,0.20140627026557922
78,2,GSM331690,0,0.7344649434089661
78,2,GSM331691,0,0.5391700863838196
78,2,GSM331695,0,0.28831660747528076
78,2,GSM331697,0,0.15378165245056152
78,2,GSM331700,0,0.39537081122398376
78,2,GSM331704,0,0.5426214337348938
78,2,GSM331705,0,0.30321037769317627
78,2,GSM331706,0,0.7358517050743103
78,2,GSM331708,0,0.7355279326438904
78,2,GSM331709,0,0.16673187911510468
78,2,GSM331710,0,0.15637622773647308
78,2,GSM331711,0,0.36728227138519287
78,2,GSM331713,0,0.4868161082267761
78,2,GSM331717,0,0.7203370928764343
78,2,GSM331719,0,0.15517766773700714
78,2,GSM331722,0,0.29450154304504395
78,2,GSM331726,0,0.10694681853055954
78,2,GSM331728,0,0.06842119246721268
78,2,GSM331730,0,0.610948383808136
78,2,GSM331731,0,0.6552549004554749
78,2,GSM331380,1,0.6741492748260498
78,2,GSM331381,1,0.648250937461853
78,2,GSM331383,1,0.8153436779975891
78,2,GSM331387,1,0.47431471943855286
78,2,GSM331388,1,0.7048262357711792
78,2,GSM331389,1,0.27824491262435913
78,2,GSM331391,1,0.6960923075675964
78,2,GSM331393,1,0.519378662109375
78,2,GSM331399,1,0.8314662575721741
78,2,GSM331401,1,0.787681519985199
78,2,GSM331403,1,0.8907800912857056
78,2,GSM331405,1,0.21264316141605377
78,2,GSM331406,1,0.4633236527442932
78,2,GSM331407,1,0.7549121975898743
78,2,GSM331410,1,0.77521151304245
78,2,GSM331411,1,0.7651194930076599
78,2,GSM331413,1,0.45122745633125305
78,2,GSM331416,1,0.7330437302589417
78,2,GSM331424,1,0.20385681092739105
78,2,GSM331425,1,0.5077199935913086
78,2,GSM331427,1,0.7109836935997009
78,2,GSM331428,1,0.28988927602767944
78,2,GSM331430,1,0.4218948483467102
78,2,GSM331431,1,0.5106805562973022
78,2,GSM331434,1,0.7361378073692322
78,2,GSM331436,1,0.19950765371322632
78,2,GSM331439,1,0.7091318964958191
78,2,GSM331440,1,0.49132564663887024
78,2,GSM331441,1,0.3581465482711792
78,2,GSM331443,1,0.19192524254322052
78,2,GSM331447,1,0.5070856809616089
78,2,GSM331450,1,0.6100464463233948
78,2,GSM331452,1,0.6704392433166504
79,1,GSM331660,0,0.16832344233989716
79,1,GSM331663,0,0.18922100961208344
79,1,GSM331664,0,0.194992795586586
79,1,GSM331671,0,0.3824723958969116
79,1,GSM331673,0,0.21281549334526062
79,1,GSM331674,0,0.37041330337524414
79,1,GSM331675,0,0.13748225569725037
79,1,GSM331678,0,0.11275956779718399
79,1,GSM331679,0,0.3671950697898865
79,1,GSM331680,0,0.4557839035987854
79,1,GSM331681,0,0.43601447343826294
79,1,GSM331683,0,0.7764965891838074
79,1,GSM331686,0,0.3026089668273926
79,1,GSM331688,0,0.4516751170158386
79,1,GSM331690,0,0.6740180253982544
79,1,GSM331693,0,0.18323403596878052
79,1,GSM331699,0,0.26124534010887146
79,1,GSM331700,0,0.40913286805152893
79,1,GSM331701,0,0.18274714052677155
79,1,GSM331706,0,0.6930797100067139
79,1,GSM331708,0,0.4566664397716522
79,1,GSM331709,0,0.0913897231221199
79,1,GSM331710,0,0.12390361726284027
79,1,GSM331713,0,0.1776185780763626
79,1,GSM331715,0,0.1710328459739685
79,1,GSM331716,0,0.747309684753418
79,1,GSM331717,0,0.28273651003837585
79,1,GSM331719,0,0.1407058984041214
79,1,GSM331720,0,0.3920886218547821
79,1,GSM331721,0,0.4428672790527344
79,1,GSM331722,0,0.2949122488498688
79,1,GSM331723,0,0.39284029603004456
79,1,GSM331726,0,0.3357972502708435
79,1,GSM331727,0,0.2685445249080658
79,1,GSM331728,0,0.12469810247421265
79,1,GSM331729,0,0.0953817293047905
79,1,GSM331731,0,0.6795239448547363
79,1,GSM331377,1,0.7140438556671143
79,1,GSM331378,1,0.7330315113067627
79,1,GSM331381,1,0.5767709612846375
79,1,GSM331382,1,0.27393364906311035
79,1,GSM331383,1,0.5953730940818787
79,1,GSM331384,1,0.4000457227230072
79,1,GSM331385,1,0.15130141377449036
79,1,GSM331393,1,0.36860546469688416
79,1,GSM331397,1,0.393406480550766
79,1,GSM331400,1,0.23027917742729187
79,1,GSM331404,1,0.3773142397403717
79,1,GSM331406,1,0.8361034393310547
79,1,GSM331408,1,0.437930166721344
79,1,GSM331409,1,0.3292677104473114
79,1,GSM331411,1,0.6400842666625977
79,1,GSM331413,1,0.21833789348602295
79,1,GSM331416,1,0.30942288041114807
79,1,GSM331417,1,0.703303873538971
79,1,GSM331418,1,0.3271140456199646
79,1,GSM331422,1,0.6236551403999329
79,1,GSM331424,1,0.3343755602836609
79,1,GSM331425,1,0.47414663434028625
79,1,GSM331426,1,0.3183199167251587
79,1,GSM331429,1,0.6208945512771606
79,1,GSM331431,1,0.29553601145744324
79,1,GSM331432,1,0.3053876459598541
79,1,GSM331439,1,0.547639787197113
79,1,GSM331441,1,0.4227072298526764
79,1,GSM331442,1,0.27875831723213196
79,1,GSM331444,1,0.4535122215747833
79,1,GSM331445,1,0.5686326622962952
79,1,GSM331446,1,0.23592334985733032
79,1,GSM331448,1,0.4843652844429016
79,2,GSM331638,0,0.2282341718673706
79,2,GSM331661,0,0.5083031058311462
79,2,GSM331662,0,0.5992433428764343
79,2,GSM331665,0,0.48406264185905457
79,2,GSM331666,0,0.3335346579551697
79,2,GSM331668,0,0.4783383905887604
79,2,GSM331669,0,0.8073329329490662
79,2,GSM331670,0,0.46335795521736145
79,2,GSM331672,0,0.4393203556537628
79,2,GSM331676,0,0.557910680770874
79,2,GSM331677,0,0.27435562014579773
79,2,GSM331682,0,0.3337274491786957
79,2,GSM331684,0,0.2537990212440491
79,2,GSM331685,0,0.34357914328575134
79,2,GSM331687,0,0.2576720714569092
79,2,GSM331689,0,0.3443473279476166
79,2,GSM331691,0,0.736649215221405
79,2,GSM331692,0,0.21483995020389557
79,2,GSM331694,0,0.2971430718898773
79,2,GSM331695,0,0.29879871010780334
79,2,GSM331696,0,0.31181564927101135
79,2,GSM331697,0,0.3875392973423004
79,2,GSM331698,0,0.2351304441690445
79,2,GSM331702,0,0.4883245527744293
79,2,GSM331703,0,0.32481807470321655
79,2,GSM331704,0,0.5538333058357239
79,2,GSM331705,0,0.27412888407707214
79,2,GSM331707,0,0.39721548557281494
79,2,GSM331711,0,0.5694974660873413
79,2,GSM331712,0,0.2776668071746826
79,2,GSM331714,0,0.7155631184577942
79,2,GSM331718,0,0.6130185127258301
79,2,GSM331724,0,0.2883266806602478
79,2,GSM331725,0,0.4831289052963257
79,2,GSM331730,0,0.3150993585586548
79,2,GSM331732,0,0.477024108171463
79,2,GSM331379,1,0.6260489821434021
79,2,GSM331380,1,0.7256996035575867
79,2,GSM331386,1,0.5931311845779419
79,2,GSM331387,1,0.3635307252407074
79,2,GSM331388,1,0.7881829142570496
79,2,GSM331389,1,0.5859506130218506
79,2,GSM331390,1,0.3132542073726654
79,2,GSM331391,1,0.5026493072509766
79,2,GSM331395,1,0.40986594557762146
79,2,GSM331396,1,0.7738364338874817
79,2,GSM331399,1,0.7114367485046387
79,2,GSM331401,1,0.4882119596004486
79,2,GSM331402,1,0.304908812046051
79,2,GSM331403,1,0.7270681858062744
79,2,GSM331405,1,0.1710437387228012
79,2,GSM331407,1,0.35555097460746765
79,2,GSM331410,1,0.33873990178108215
79,2,GSM331412,1,0.7121186852455139
79,2,GSM331414,1,0.6348398327827454
79,2,GSM331419,1,0.5586617588996887
79,2,GSM331420,1,0.6143695712089539
79,2,GSM331421,1,0.639858067035675
79,2,GSM331427,1,0.658822238445282
79,2,GSM331428,1,0.32916510105133057
79,2,GSM331430,1,0.5269722938537598
79,2,GSM331434,1,0.6190128326416016
79,2,GSM331436,1,0.22793039679527283
79,2,GSM331438,1,0.7724514007568359
79,2,GSM331440,1,0.4392220973968506
79,2,GSM331443,1,0.3051426410675049
79,2,GSM331447,1,0.609500527381897
79,2,GSM331450,1,0.2693079710006714
79,2,GSM331452,1,0.8466039299964905
80,1,GSM331660,0,0.3543207049369812
80,1,GSM331668,0,0.5591939687728882
80,1,GSM331669,0,0.8085013628005981
80,1,GSM331670,0,0.7214003801345825
80,1,GSM331671,0,0.7455346584320068
80,1,GSM331673,0,0.560492753982544
80,1,GSM331674,0,0.5933607816696167
80,1,GSM331676,0,0.3559429347515106
80,1,GSM331677,0,0.39705726504325867
80,1,GSM331679,0,0.46380001306533813
80,1,GSM331682,0,0.4758817255496979
80,1,GSM331683,0,0.6859962344169617
80,1,GSM331684,0,0.2598247826099396
80,1,GSM331686,0,0.5888638496398926
80,1,GSM331687,0,0.292255163192749
80,1,GSM331689,0,0.4449566602706909
80,1,GSM331691,0,0.37296074628829956
80,1,GSM331693,0,0.30575811862945557
80,1,GSM331694,0,0.4247424304485321
80,1,GSM331695,0,0.5760647654533386
80,1,GSM331696,0,0.5170403718948364
80,1,GSM331697,0,0.4219081699848175
80,1,GSM331698,0,0.4162176251411438
80,1,GSM331701,0,0.39864224195480347
80,1,GSM331704,0,0.5048304796218872
80,1,GSM331705,0,0.4570451080799103
80,1,GSM331713,0,0.3800506293773651
80,1,GSM331714,0,0.6643423438072205
80,1,GSM331716,0,0.8054765462875366
80,1,GSM331721,0,0.7677783370018005
80,1,GSM331722,0,0.45341622829437256
80,1,GSM331724,0,0.40401893854141235
80,1,GSM331726,0,0.2678580582141876
80,1,GSM331727,0,0.4012027382850647
80,1,GSM331728,0,0.28986501693725586
80,1,GSM331729,0,0.1850859671831131
80,1,GSM331731,0,0.7633184790611267
80,1,GSM331381,1,0.771282970905304
80,1,GSM331382,1,0.6203568577766418
80,1,GSM331384,1,0.6911916732788086
80,1,GSM331385,1,0.4499117136001587
80,1,GSM331386,1,0.5730869770050049
80,1,GSM331387,1,0.7542064189910889
80,1,GSM331390,1,0.45553719997406006
80,1,GSM331396,1,0.6488723754882812
80,1,GSM331400,1,0.39871424436569214
80,1,GSM331402,1,0.5463521480560303
80,1,GSM331403,1,0.7437716722488403
80,1,GSM331404,1,0.6887223720550537
80,1,GSM331405,1,0.2997240424156189
80,1,GSM331406,1,0.793408215045929
80,1,GSM331407,1,0.578842282295227
80,1,GSM331408,1,0.7643943428993225
80,1,GSM331411,1,0.8453606367111206
80,1,GSM331412,1,0.7132761478424072
80,1,GSM331416,1,0.7438256740570068
80,1,GSM331419,1,0.5422646999359131
80,1,GSM331420,1,0.6868531107902527
80,1,GSM331421,1,0.6910626888275146
80,1,GSM331422,1,0.7840070128440857
80,1,GSM331424,1,0.25971606373786926
80,1,GSM331425,1,0.36606577038764954
80,1,GSM331436,1,0.19176970422267914
80,1,GSM331438,1,0.877488911151886
80,1,GSM331441,1,0.7271251082420349
80,1,GSM331442,1,0.6902203559875488
80,1,GSM331443,1,0.2489718347787857
80,1,GSM331446,1,0.4072433114051819
80,1,GSM331450,1,0.6267310976982117
80,1,GSM331452,1,0.7351323366165161
80,2,GSM331638,0,0.3846784830093384
80,2,GSM331661,0,0.5132509469985962
80,2,GSM331662,0,0.506829559803009
80,2,GSM331663,0,0.156190425157547
80,2,GSM331664,0,0.2852669358253479
80,2,GSM331665,0,0.6567155122756958
80,2,GSM331666,0,0.33946892619132996
80,2,GSM331672,0,0.27747365832328796
80,2,GSM331675,0,0.1334276795387268
80,2,GSM331678,0,0.26226121187210083
80,2,GSM331680,0,0.833037793636322
80,2,GSM331681,0,0.49366676807403564
80,2,GSM331685,0,0.46383991837501526
80,2,GSM331688,0,0.372776061296463
80,2,GSM331690,0,0.8155364394187927
80,2,GSM331692,0,0.09300145506858826
80,2,GSM331699,0,0.668485701084137
80,2,GSM331700,0,0.4164149761199951
80,2,GSM331702,0,0.3042248785495758
80,2,GSM331703,0,0.45653679966926575
80,2,GSM331706,0,0.7199771404266357
80,2,GSM331707,0,0.4502485692501068
80,2,GSM331708,0,0.7348849773406982
80,2,GSM331709,0,0.19726397097110748
80,2,GSM331710,0,0.11789911240339279
80,2,GSM331711,0,0.5234597325325012
80,2,GSM331712,0,0.2203679233789444
80,2,GSM331715,0,0.24174590408802032
80,2,GSM331717,0,0.4225165545940399
80,2,GSM331718,0,0.5155664086341858
80,2,GSM331719,0,0.14642435312271118
80,2,GSM331720,0,0.7310167551040649
80,2,GSM331723,0,0.6727468371391296
80,2,GSM331725,0,0.5524085164070129
80,2,GSM331730,0,0.3579155206680298
80,2,GSM331732,0,0.5620520114898682
80,2,GSM331377,1,0.7418106198310852
80,2,GSM331378,1,0.7698553204536438
80,2,GSM331379,1,0.7914766669273376
80,2,GSM331380,1,0.5338184833526611
80,2,GSM331383,1,0.6933955550193787
80,2,GSM331388,1,0.6720411777496338
80,2,GSM331389,1,0.18946701288223267
80,2,GSM331391,1,0.6242876052856445
80,2,GSM331393,1,0.45390912890434265
80,2,GSM331395,1,0.777637779712677
80,2,GSM331397,1,0.3383958041667938
80,2,GSM331399,1,0.7035402655601501
80,2,GSM331401,1,0.6768136024475098
80,2,GSM331409,1,0.5065186619758606
80,2,GSM331410,1,0.4923229515552521
80,2,GSM331413,1,0.5340474247932434
80,2,GSM331414,1,0.6226289868354797
80,2,GSM331417,1,0.7209845185279846
80,2,GSM331418,1,0.5015731453895569
80,2,GSM331426,1,0.575774073600769
80,2,GSM331427,1,0.6127603650093079
80,2,GSM331428,1,0.25553831458091736
80,2,GSM331429,1,0.3114713430404663
80,2,GSM331430,1,0.3449322581291199
80,2,GSM331431,1,0.47640058398246765
80,2,GSM331432,1,0.39619722962379456
80,2,GSM331434,1,0.7367792129516602
80,2,GSM331439,1,0.7134459018707275
80,2,GSM331440,1,0.7204766869544983
80,2,GSM331444,1,0.6136190295219421
80,2,GSM331445,1,0.7478863596916199
80,2,GSM331447,1,0.4742538630962372
80,2,GSM331448,1,0.5599142909049988
