Repeat,Fold,Sample,True_label,Predicted_probability
1,1,GSM331638,0,0.6767361760139465
1,1,GSM331662,0,0.543303370475769
1,1,GSM331663,0,0.45004987716674805
1,1,GSM331665,0,0.4288842976093292
1,1,GSM331666,0,0.3884401023387909
1,1,GSM331669,0,0.5912582874298096
1,1,GSM331671,0,0.3337903618812561
1,1,GSM331673,0,0.4343315362930298
1,1,GSM331677,0,0.35852617025375366
1,1,GSM331679,0,0.18660934269428253
1,1,GSM331680,0,0.716505765914917
1,1,GSM331681,0,0.6268202066421509
1,1,GSM331682,0,0.5374610424041748
1,1,GSM331683,0,0.5889795422554016
1,1,GSM331686,0,0.6458550691604614
1,1,GSM331687,0,0.24019372463226318
1,1,GSM331691,0,0.6151313781738281
1,1,GSM331692,0,0.34614554047584534
1,1,GSM331693,0,0.619571328163147
1,1,GSM331696,0,0.42647719383239746
1,1,GSM331697,0,0.6438169479370117
1,1,GSM331698,0,0.2485640048980713
1,1,GSM331700,0,0.26915451884269714
1,1,GSM331704,0,0.7488322854042053
1,1,GSM331705,0,0.5876719951629639
1,1,GSM331711,0,0.8036996722221375
1,1,GSM331712,0,0.5679631233215332
1,1,GSM331714,0,0.576741099357605
1,1,GSM331718,0,0.35168924927711487
1,1,GSM331719,0,0.4420727491378784
1,1,GSM331720,0,0.4605830907821655
1,1,GSM331721,0,0.5803121328353882
1,1,GSM331722,0,0.47895124554634094
1,1,GSM331724,0,0.46864601969718933
1,1,GSM331725,0,0.37340840697288513
1,1,GSM331727,0,0.4566054046154022
1,1,GSM331731,0,0.42310166358947754
1,1,GSM331454,1,0.608786940574646
1,1,GSM331455,1,0.42952847480773926
1,1,GSM331456,1,0.8289259672164917
1,1,GSM331464,1,0.6732604503631592
1,1,GSM331466,1,0.3111352026462555
1,1,GSM331467,1,0.5127434134483337
1,1,GSM331471,1,0.36736103892326355
1,1,GSM331472,1,0.6475757360458374
1,1,GSM331473,1,0.35312774777412415
1,1,GSM331474,1,0.3267562985420227
1,1,GSM331475,1,0.3958326578140259
1,1,GSM331476,1,0.37430691719055176
1,1,GSM331477,1,0.6053275465965271
1,1,GSM331478,1,0.817561686038971
1,1,GSM331479,1,0.4427121877670288
1,1,GSM331480,1,0.5239879488945007
1,1,GSM331481,1,0.7248214483261108
1,1,GSM331486,1,0.33844614028930664
1,1,GSM331487,1,0.5791739821434021
1,1,GSM331488,1,0.6168031692504883
1,1,GSM331491,1,0.5972557663917542
1,1,GSM331494,1,0.7701342105865479
1,1,GSM331495,1,0.6577176451683044
1,1,GSM331497,1,0.272280752658844
1,1,GSM331504,1,0.5330222845077515
1,1,GSM331507,1,0.20476305484771729
1,1,GSM331508,1,0.5950020551681519
1,1,GSM331511,1,0.8081989288330078
1,1,GSM331512,1,0.5657344460487366
1,1,GSM331515,1,0.6139302849769592
1,1,GSM331520,1,0.37994828820228577
1,1,GSM331521,1,0.1771339476108551
1,1,GSM331522,1,0.5206167101860046
1,1,GSM331524,1,0.4984115958213806
1,1,GSM331529,1,0.3146917521953583
1,1,GSM331530,1,0.7480407953262329
1,1,GSM331532,1,0.335252046585083
1,1,GSM331533,1,0.47350698709487915
1,1,GSM331534,1,0.7886819839477539
1,1,GSM331536,1,0.5603458285331726
1,1,GSM331537,1,0.811556339263916
1,1,GSM331539,1,0.5653106570243835
1,1,GSM331541,1,0.4162531793117523
1,1,GSM331545,1,0.48662424087524414
1,1,GSM331546,1,0.6301015615463257
1,1,GSM331547,1,0.45427754521369934
1,1,GSM331550,1,0.2639847993850708
1,1,GSM331551,1,0.5614710450172424
1,1,GSM331553,1,0.6647245287895203
1,1,GSM331556,1,0.34320077300071716
1,1,GSM331557,1,0.5759232640266418
1,1,GSM331558,1,0.5404719114303589
1,1,GSM331560,1,0.3643758296966553
1,1,GSM331561,1,0.3653032183647156
1,1,GSM331562,1,0.4411367177963257
1,1,GSM331563,1,0.4031294584274292
1,1,GSM331564,1,0.5638444423675537
1,1,GSM331568,1,0.4298262298107147
1,1,GSM331569,1,0.5353865027427673
1,1,GSM331570,1,0.40985777974128723
1,1,GSM331572,1,0.6526435017585754
1,1,GSM331573,1,0.5685540437698364
1,1,GSM331575,1,0.5789377689361572
1,1,GSM331577,1,0.39554038643836975
1,1,GSM331581,1,0.5074505805969238
1,1,GSM331584,1,0.20471443235874176
1,1,GSM331587,1,0.4268954396247864
1,1,GSM331591,1,0.5706393122673035
1,1,GSM331594,1,0.4947353005409241
1,1,GSM331595,1,0.49479079246520996
1,1,GSM331597,1,0.5159712433815002
1,1,GSM331599,1,0.8134468793869019
1,1,GSM331604,1,0.46768927574157715
1,1,GSM331605,1,0.7283454537391663
1,1,GSM331610,1,0.40555495023727417
1,1,GSM331611,1,0.7376379370689392
1,1,GSM331612,1,0.32040417194366455
1,1,GSM331615,1,0.8002179861068726
1,1,GSM331616,1,0.6410265564918518
1,1,GSM331617,1,0.6221562027931213
1,1,GSM331618,1,0.4922157824039459
1,1,GSM331619,1,0.5135104656219482
1,1,GSM331620,1,0.6716635823249817
1,1,GSM331621,1,0.7431159615516663
1,1,GSM331623,1,0.35709965229034424
1,1,GSM331625,1,0.503217875957489
1,1,GSM331627,1,0.5415059924125671
1,1,GSM331628,1,0.5756136775016785
1,1,GSM331629,1,0.33841460943222046
1,1,GSM331632,1,0.4402567446231842
1,1,GSM331634,1,0.5922088623046875
1,1,GSM331635,1,0.5483607053756714
1,1,GSM331637,1,0.45716866850852966
1,1,GSM331639,1,0.6881532073020935
1,1,GSM331642,1,0.665173351764679
1,1,GSM331643,1,0.7804171442985535
1,1,GSM331645,1,0.5322801470756531
1,1,GSM331646,1,0.3291870653629303
1,1,GSM331649,1,0.7299610376358032
1,1,GSM331650,1,0.643468976020813
1,1,GSM331654,1,0.9003632068634033
1,1,GSM331656,1,0.486592173576355
1,1,GSM331659,1,0.4130702316761017
1,2,GSM331660,0,0.5726282000541687
1,2,GSM331661,0,0.4992474913597107
1,2,GSM331664,0,0.13021598756313324
1,2,GSM331668,0,0.5415725111961365
1,2,GSM331670,0,0.336093932390213
1,2,GSM331672,0,0.5955073237419128
1,2,GSM331674,0,0.34303802251815796
1,2,GSM331675,0,0.3060441315174103
1,2,GSM331676,0,0.4177393615245819
1,2,GSM331678,0,0.29080986976623535
1,2,GSM331684,0,0.36398929357528687
1,2,GSM331685,0,0.17551402747631073
1,2,GSM331688,0,0.675598680973053
1,2,GSM331689,0,0.33335044980049133
1,2,GSM331690,0,0.5442625284194946
1,2,GSM331694,0,0.39687928557395935
1,2,GSM331695,0,0.4151114225387573
1,2,GSM331699,0,0.26033294200897217
1,2,GSM331701,0,0.312970906496048
1,2,GSM331702,0,0.4041832387447357
1,2,GSM331703,0,0.73270183801651
1,2,GSM331706,0,0.7199156284332275
1,2,GSM331707,0,0.18930703401565552
1,2,GSM331708,0,0.4039272367954254
1,2,GSM331709,0,0.6440293192863464
1,2,GSM331710,0,0.4880600869655609
1,2,GSM331713,0,0.36734750866889954
1,2,GSM331715,0,0.4023275375366211
1,2,GSM331716,0,0.8549124002456665
1,2,GSM331717,0,0.6594076156616211
1,2,GSM331723,0,0.43234455585479736
1,2,GSM331726,0,0.5029763579368591
1,2,GSM331728,0,0.22567430138587952
1,2,GSM331729,0,0.2688959240913391
1,2,GSM331730,0,0.7437912225723267
1,2,GSM331732,0,0.4345388114452362
1,2,GSM331453,1,0.5820773839950562
1,2,GSM331457,1,0.6117425560951233
1,2,GSM331458,1,0.5418457984924316
1,2,GSM331459,1,0.4917609691619873
1,2,GSM331460,1,0.2919321656227112
1,2,GSM331461,1,0.5437148809432983
1,2,GSM331462,1,0.2777630686759949
1,2,GSM331463,1,0.7818056344985962
1,2,GSM331465,1,0.7287026643753052
1,2,GSM331468,1,0.7215366363525391
1,2,GSM331469,1,0.35023847222328186
1,2,GSM331470,1,0.6138440370559692
1,2,GSM331482,1,0.31272196769714355
1,2,GSM331483,1,0.40177223086357117
1,2,GSM331484,1,0.23248307406902313
1,2,GSM331485,1,0.7582853436470032
1,2,GSM331489,1,0.7191864252090454
1,2,GSM331490,1,0.5177199244499207
1,2,GSM331492,1,0.4562840163707733
1,2,GSM331493,1,0.6718719005584717
1,2,GSM331496,1,0.269307404756546
1,2,GSM331498,1,0.5391644239425659
1,2,GSM331499,1,0.5687950849533081
1,2,GSM331500,1,0.6826532483100891
1,2,GSM331501,1,0.44708359241485596
1,2,GSM331502,1,0.8742864727973938
1,2,GSM331503,1,0.37863534688949585
1,2,GSM331505,1,0.4034568667411804
1,2,GSM331506,1,0.4649840295314789
1,2,GSM331509,1,0.32229870557785034
1,2,GSM331510,1,0.5123382806777954
1,2,GSM331513,1,0.7900057435035706
1,2,GSM331514,1,0.7860791683197021
1,2,GSM331516,1,0.600597083568573
1,2,GSM331517,1,0.5379873514175415
1,2,GSM331518,1,0.2862435281276703
1,2,GSM331519,1,0.6929068565368652
1,2,GSM331523,1,0.8553317785263062
1,2,GSM331525,1,0.2732486128807068
1,2,GSM331526,1,0.54353266954422
1,2,GSM331527,1,0.33845388889312744
1,2,GSM331528,1,0.5595625042915344
1,2,GSM331531,1,0.3851821720600128
1,2,GSM331535,1,0.4786008894443512
1,2,GSM331538,1,0.47454243898391724
1,2,GSM331540,1,0.6291654706001282
1,2,GSM331542,1,0.6377125978469849
1,2,GSM331543,1,0.45735594630241394
1,2,GSM331544,1,0.2729514241218567
1,2,GSM331548,1,0.36061403155326843
1,2,GSM331549,1,0.5996860861778259
1,2,GSM331552,1,0.6044018268585205
1,2,GSM331554,1,0.3053891360759735
1,2,GSM331555,1,0.20006626844406128
1,2,GSM331559,1,0.7846484184265137
1,2,GSM331565,1,0.5827044248580933
1,2,GSM331566,1,0.5330151915550232
1,2,GSM331567,1,0.6580326557159424
1,2,GSM331571,1,0.4780174493789673
1,2,GSM331574,1,0.4706987142562866
1,2,GSM331576,1,0.6972341537475586
1,2,GSM331578,1,0.3898111581802368
1,2,GSM331579,1,0.3686255216598511
1,2,GSM331580,1,0.4379271864891052
1,2,GSM331582,1,0.2718700170516968
1,2,GSM331583,1,0.31964927911758423
1,2,GSM331585,1,0.4631502032279968
1,2,GSM331586,1,0.24996685981750488
1,2,GSM331588,1,0.37211328744888306
1,2,GSM331589,1,0.6158705353736877
1,2,GSM331590,1,0.566923201084137
1,2,GSM331592,1,0.8102092146873474
1,2,GSM331593,1,0.41554826498031616
1,2,GSM331596,1,0.448592871427536
1,2,GSM331598,1,0.6860668063163757
1,2,GSM331600,1,0.7889037132263184
1,2,GSM331601,1,0.6459110379219055
1,2,GSM331602,1,0.6356601715087891
1,2,GSM331603,1,0.2549901306629181
1,2,GSM331606,1,0.22950661182403564
1,2,GSM331607,1,0.31744837760925293
1,2,GSM331608,1,0.15070149302482605
1,2,GSM331609,1,0.8223771452903748
1,2,GSM331613,1,0.49879899621009827
1,2,GSM331614,1,0.6374562978744507
1,2,GSM331622,1,0.673143208026886
1,2,GSM331624,1,0.41952788829803467
1,2,GSM331626,1,0.5033389925956726
1,2,GSM331630,1,0.42318007349967957
1,2,GSM331631,1,0.43983593583106995
1,2,GSM331633,1,0.7434241771697998
1,2,GSM331636,1,0.4170266091823578
1,2,GSM331640,1,0.30042141675949097
1,2,GSM331641,1,0.44574636220932007
1,2,GSM331644,1,0.21388894319534302
1,2,GSM331647,1,0.41952916979789734
1,2,GSM331648,1,0.45777761936187744
1,2,GSM331651,1,0.5213368535041809
1,2,GSM331652,1,0.6425825357437134
1,2,GSM331653,1,0.3451870083808899
1,2,GSM331655,1,0.6709777116775513
1,2,GSM331657,1,0.5731955766677856
1,2,GSM331658,1,0.4469827711582184
2,1,GSM331660,0,0.4231942594051361
2,1,GSM331663,0,0.347892165184021
2,1,GSM331668,0,0.6626176238059998
2,1,GSM331669,0,0.6307918429374695
2,1,GSM331672,0,0.5548369288444519
2,1,GSM331673,0,0.4467982351779938
2,1,GSM331674,0,0.2401273250579834
2,1,GSM331675,0,0.2929002642631531
2,1,GSM331677,0,0.31698277592658997
2,1,GSM331678,0,0.25978145003318787
2,1,GSM331683,0,0.7177213430404663
2,1,GSM331684,0,0.46596407890319824
2,1,GSM331686,0,0.5508389472961426
2,1,GSM331688,0,0.731220006942749
2,1,GSM331690,0,0.42998480796813965
2,1,GSM331691,0,0.48634278774261475
2,1,GSM331693,0,0.6642850637435913
2,1,GSM331701,0,0.4161489009857178
2,1,GSM331703,0,0.5568996071815491
2,1,GSM331705,0,0.4798961281776428
2,1,GSM331706,0,0.8330217003822327
2,1,GSM331707,0,0.3634694516658783
2,1,GSM331708,0,0.6271710395812988
2,1,GSM331709,0,0.43691742420196533
2,1,GSM331712,0,0.46282824873924255
2,1,GSM331714,0,0.7501186728477478
2,1,GSM331716,0,0.890934407711029
2,1,GSM331718,0,0.7511773705482483
2,1,GSM331720,0,0.3906722366809845
2,1,GSM331721,0,0.6941587924957275
2,1,GSM331722,0,0.6650106310844421
2,1,GSM331724,0,0.3933067321777344
2,1,GSM331726,0,0.39869725704193115
2,1,GSM331727,0,0.48472732305526733
2,1,GSM331728,0,0.36717140674591064
2,1,GSM331729,0,0.39139020442962646
2,1,GSM331732,0,0.5001392960548401
2,1,GSM331453,1,0.5035563707351685
2,1,GSM331454,1,0.38214772939682007
2,1,GSM331455,1,0.20107923448085785
2,1,GSM331456,1,0.7097808718681335
2,1,GSM331457,1,0.6452775597572327
2,1,GSM331459,1,0.6577968597412109
2,1,GSM331463,1,0.4221947491168976
2,1,GSM331465,1,0.4972729980945587
2,1,GSM331466,1,0.5541864633560181
2,1,GSM331467,1,0.33457279205322266
2,1,GSM331470,1,0.46769365668296814
2,1,GSM331476,1,0.5336774587631226
2,1,GSM331478,1,0.6096228957176208
2,1,GSM331479,1,0.5652605891227722
2,1,GSM331480,1,0.7343343496322632
2,1,GSM331483,1,0.8278590440750122
2,1,GSM331484,1,0.2176828682422638
2,1,GSM331486,1,0.49546676874160767
2,1,GSM331490,1,0.3525773882865906
2,1,GSM331491,1,0.5650234818458557
2,1,GSM331492,1,0.3995656669139862
2,1,GSM331494,1,0.7628905773162842
2,1,GSM331495,1,0.5802066326141357
2,1,GSM331496,1,0.27178025245666504
2,1,GSM331497,1,0.37535157799720764
2,1,GSM331500,1,0.4014890789985657
2,1,GSM331504,1,0.2721669673919678
2,1,GSM331505,1,0.5282819867134094
2,1,GSM331506,1,0.5158747434616089
2,1,GSM331507,1,0.2408875972032547
2,1,GSM331508,1,0.7053197622299194
2,1,GSM331509,1,0.40460073947906494
2,1,GSM331514,1,0.4551934003829956
2,1,GSM331518,1,0.45940396189689636
2,1,GSM331519,1,0.352388858795166
2,1,GSM331520,1,0.5876127481460571
2,1,GSM331522,1,0.5646370649337769
2,1,GSM331524,1,0.6290661096572876
2,1,GSM331525,1,0.503934383392334
2,1,GSM331526,1,0.4795382618904114
2,1,GSM331528,1,0.45567062497138977
2,1,GSM331529,1,0.4357864260673523
2,1,GSM331532,1,0.47542107105255127
2,1,GSM331537,1,0.7784604430198669
2,1,GSM331538,1,0.23391282558441162
2,1,GSM331540,1,0.48146921396255493
2,1,GSM331541,1,0.5989097356796265
2,1,GSM331543,1,0.7642630338668823
2,1,GSM331545,1,0.3612748980522156
2,1,GSM331549,1,0.6866912841796875
2,1,GSM331550,1,0.5074964165687561
2,1,GSM331552,1,0.32612210512161255
2,1,GSM331553,1,0.8294613361358643
2,1,GSM331554,1,0.3948991298675537
2,1,GSM331555,1,0.2685237228870392
2,1,GSM331557,1,0.6237412095069885
2,1,GSM331558,1,0.22253550589084625
2,1,GSM331559,1,0.7151641249656677
2,1,GSM331564,1,0.4915354251861572
2,1,GSM331566,1,0.47337251901626587
2,1,GSM331571,1,0.47031110525131226
2,1,GSM331572,1,0.5515192151069641
2,1,GSM331574,1,0.5944303274154663
2,1,GSM331575,1,0.4819166660308838
2,1,GSM331576,1,0.7480735778808594
2,1,GSM331578,1,0.506406307220459
2,1,GSM331580,1,0.6043583750724792
2,1,GSM331581,1,0.4896240830421448
2,1,GSM331582,1,0.38343241810798645
2,1,GSM331583,1,0.5014528036117554
2,1,GSM331584,1,0.2637130916118622
2,1,GSM331585,1,0.6106150150299072
2,1,GSM331588,1,0.517955482006073
2,1,GSM331592,1,0.5752368569374084
2,1,GSM331594,1,0.47181639075279236
2,1,GSM331596,1,0.6959963440895081
2,1,GSM331598,1,0.3403167724609375
2,1,GSM331600,1,0.7629601359367371
2,1,GSM331601,1,0.563300371170044
2,1,GSM331603,1,0.4880545735359192
2,1,GSM331606,1,0.25782310962677
2,1,GSM331608,1,0.20368924736976624
2,1,GSM331609,1,0.45189931988716125
2,1,GSM331611,1,0.7520039081573486
2,1,GSM331612,1,0.5024363994598389
2,1,GSM331614,1,0.37358662486076355
2,1,GSM331617,1,0.7187355160713196
2,1,GSM331621,1,0.4508340656757355
2,1,GSM331622,1,0.6779299378395081
2,1,GSM331623,1,0.40140554308891296
2,1,GSM331626,1,0.3393605947494507
2,1,GSM331627,1,0.5109924077987671
2,1,GSM331628,1,0.44196760654449463
2,1,GSM331629,1,0.3143962621688843
2,1,GSM331633,1,0.3865974247455597
2,1,GSM331634,1,0.4154994487762451
2,1,GSM331641,1,0.38341331481933594
2,1,GSM331642,1,0.5503777861595154
2,1,GSM331644,1,0.379977285861969
2,1,GSM331650,1,0.5157753229141235
2,1,GSM331654,1,0.7173898816108704
2,1,GSM331655,1,0.34843939542770386
2,1,GSM331656,1,0.31280791759490967
2,2,GSM331638,0,0.5980719923973083
2,2,GSM331661,0,0.5572622418403625
2,2,GSM331662,0,0.5241336226463318
2,2,GSM331664,0,0.4809828996658325
2,2,GSM331665,0,0.5336106419563293
2,2,GSM331666,0,0.49490097165107727
2,2,GSM331670,0,0.6258780360221863
2,2,GSM331671,0,0.631293535232544
2,2,GSM331676,0,0.5392250418663025
2,2,GSM331679,0,0.5185722708702087
2,2,GSM331680,0,0.7152532935142517
2,2,GSM331681,0,0.4317372739315033
2,2,GSM331682,0,0.5726546049118042
2,2,GSM331685,0,0.35104259848594666
2,2,GSM331687,0,0.3549865186214447
2,2,GSM331689,0,0.44059473276138306
2,2,GSM331692,0,0.2681664824485779
2,2,GSM331694,0,0.5113943815231323
2,2,GSM331695,0,0.38520899415016174
2,2,GSM331696,0,0.5044733285903931
2,2,GSM331697,0,0.46774154901504517
2,2,GSM331698,0,0.21075573563575745
2,2,GSM331699,0,0.37814533710479736
2,2,GSM331700,0,0.36102089285850525
2,2,GSM331702,0,0.5981914401054382
2,2,GSM331704,0,0.6805230975151062
2,2,GSM331710,0,0.46692925691604614
2,2,GSM331711,0,0.6661312580108643
2,2,GSM331713,0,0.6064029932022095
2,2,GSM331715,0,0.30973660945892334
2,2,GSM331717,0,0.8190471529960632
2,2,GSM331719,0,0.35727810859680176
2,2,GSM331723,0,0.49744072556495667
2,2,GSM331725,0,0.508973240852356
2,2,GSM331730,0,0.7011768221855164
2,2,GSM331731,0,0.7601751089096069
2,2,GSM331458,1,0.44931524991989136
2,2,GSM331460,1,0.38076135516166687
2,2,GSM331461,1,0.5000385642051697
2,2,GSM331462,1,0.44639793038368225
2,2,GSM331464,1,0.34134751558303833
2,2,GSM331468,1,0.5578558444976807
2,2,GSM331469,1,0.3523336350917816
2,2,GSM331471,1,0.514809250831604
2,2,GSM331472,1,0.5524516105651855
2,2,GSM331473,1,0.5212658047676086
2,2,GSM331474,1,0.48481035232543945
2,2,GSM331475,1,0.5692461133003235
2,2,GSM331477,1,0.2916039526462555
2,2,GSM331481,1,0.4596230089664459
2,2,GSM331482,1,0.33765631914138794
2,2,GSM331485,1,0.6063989996910095
2,2,GSM331487,1,0.7539225816726685
2,2,GSM331488,1,0.5315282940864563
2,2,GSM331489,1,0.4305890202522278
2,2,GSM331493,1,0.2463698536157608
2,2,GSM331498,1,0.3289512097835541
2,2,GSM331499,1,0.7133785486221313
2,2,GSM331501,1,0.5000601410865784
2,2,GSM331502,1,0.7858591675758362
2,2,GSM331503,1,0.491344690322876
2,2,GSM331510,1,0.5453965663909912
2,2,GSM331511,1,0.6431676745414734
2,2,GSM331512,1,0.7958084940910339
2,2,GSM331513,1,0.6581193804740906
2,2,GSM331515,1,0.4692859351634979
2,2,GSM331516,1,0.6282167434692383
2,2,GSM331517,1,0.6526486873626709
2,2,GSM331521,1,0.3735831677913666
2,2,GSM331523,1,0.5959682464599609
2,2,GSM331527,1,0.29202353954315186
2,2,GSM331530,1,0.5156589150428772
2,2,GSM331531,1,0.605282187461853
2,2,GSM331533,1,0.5531755685806274
2,2,GSM331534,1,0.47235792875289917
2,2,GSM331535,1,0.3142715096473694
2,2,GSM331536,1,0.41253378987312317
2,2,GSM331539,1,0.3569585978984833
2,2,GSM331542,1,0.4572617709636688
2,2,GSM331544,1,0.1459260880947113
2,2,GSM331546,1,0.4863942861557007
2,2,GSM331547,1,0.5277147889137268
2,2,GSM331548,1,0.5504662990570068
2,2,GSM331551,1,0.5247743129730225
2,2,GSM331556,1,0.4489455223083496
2,2,GSM331560,1,0.3011736571788788
2,2,GSM331561,1,0.5561953186988831
2,2,GSM331562,1,0.5580675601959229
2,2,GSM331563,1,0.4517076313495636
2,2,GSM331565,1,0.47607457637786865
2,2,GSM331567,1,0.3301823139190674
2,2,GSM331568,1,0.6018553972244263
2,2,GSM331569,1,0.43352773785591125
2,2,GSM331570,1,0.5608497858047485
2,2,GSM331573,1,0.5930776596069336
2,2,GSM331577,1,0.5640422701835632
2,2,GSM331579,1,0.5387415885925293
2,2,GSM331586,1,0.33306071162223816
2,2,GSM331587,1,0.7162225842475891
2,2,GSM331589,1,0.4387253522872925
2,2,GSM331590,1,0.3792247474193573
2,2,GSM331591,1,0.49842366576194763
2,2,GSM331593,1,0.5091650485992432
2,2,GSM331595,1,0.3008129298686981
2,2,GSM331597,1,0.5737889409065247
2,2,GSM331599,1,0.7574363946914673
2,2,GSM331602,1,0.4408728778362274
2,2,GSM331604,1,0.20500464737415314
2,2,GSM331605,1,0.4613325893878937
2,2,GSM331607,1,0.7412214875221252
2,2,GSM331610,1,0.4033447802066803
2,2,GSM331613,1,0.37009596824645996
2,2,GSM331615,1,0.5549494028091431
2,2,GSM331616,1,0.49834010004997253
2,2,GSM331618,1,0.700451135635376
2,2,GSM331619,1,0.3482237160205841
2,2,GSM331620,1,0.5248876810073853
2,2,GSM331624,1,0.6016970872879028
2,2,GSM331625,1,0.5158814191818237
2,2,GSM331630,1,0.6102913618087769
2,2,GSM331631,1,0.18358978629112244
2,2,GSM331632,1,0.32024309039115906
2,2,GSM331635,1,0.3019773066043854
2,2,GSM331636,1,0.3558974862098694
2,2,GSM331637,1,0.43969640135765076
2,2,GSM331639,1,0.367718905210495
2,2,GSM331640,1,0.21221543848514557
2,2,GSM331643,1,0.7768008708953857
2,2,GSM331645,1,0.516678512096405
2,2,GSM331646,1,0.23383572697639465
2,2,GSM331647,1,0.4667300283908844
2,2,GSM331648,1,0.24549852311611176
2,2,GSM331649,1,0.5458178520202637
2,2,GSM331651,1,0.7056779861450195
2,2,GSM331652,1,0.6460606455802917
2,2,GSM331653,1,0.39386940002441406
2,2,GSM331657,1,0.6122696995735168
2,2,GSM331658,1,0.4583955407142639
2,2,GSM331659,1,0.5269957780838013
3,1,GSM331638,0,0.24835480749607086
3,1,GSM331664,0,0.2153337299823761
3,1,GSM331666,0,0.10304654389619827
3,1,GSM331668,0,0.6678572297096252
3,1,GSM331669,0,0.972499668598175
3,1,GSM331670,0,0.45822134613990784
3,1,GSM331673,0,0.4966014623641968
3,1,GSM331674,0,0.9257609844207764
3,1,GSM331677,0,0.48468050360679626
3,1,GSM331679,0,0.7056227326393127
3,1,GSM331681,0,0.8980121612548828
3,1,GSM331682,0,0.8430984020233154
3,1,GSM331683,0,0.9458273649215698
3,1,GSM331684,0,0.298478364944458
3,1,GSM331686,0,0.9603855013847351
3,1,GSM331691,0,0.5545606017112732
3,1,GSM331693,0,0.6872031092643738
3,1,GSM331694,0,0.24522575736045837
3,1,GSM331695,0,0.29393285512924194
3,1,GSM331698,0,0.3060673177242279
3,1,GSM331699,0,0.5970359444618225
3,1,GSM331700,0,0.3929426074028015
3,1,GSM331701,0,0.14885981380939484
3,1,GSM331703,0,0.48967352509498596
3,1,GSM331704,0,0.849372386932373
3,1,GSM331705,0,0.6029593348503113
3,1,GSM331707,0,0.6443377733230591
3,1,GSM331709,0,0.5390191078186035
3,1,GSM331710,0,0.312787801027298
3,1,GSM331712,0,0.8626233339309692
3,1,GSM331715,0,0.21560807526111603
3,1,GSM331722,0,0.5409249067306519
3,1,GSM331727,0,0.3479618430137634
3,1,GSM331728,0,0.09936434030532837
3,1,GSM331729,0,0.15438662469387054
3,1,GSM331731,0,0.8015409111976624
3,1,GSM331732,0,0.8770048022270203
3,1,GSM331456,1,0.6541680693626404
3,1,GSM331460,1,0.45032790303230286
3,1,GSM331463,1,0.2043405920267105
3,1,GSM331464,1,0.24997615814208984
3,1,GSM331466,1,0.42561742663383484
3,1,GSM331468,1,0.9014118313789368
3,1,GSM331474,1,0.2861965596675873
3,1,GSM331476,1,0.382190465927124
3,1,GSM331477,1,0.7670308351516724
3,1,GSM331479,1,0.41098514199256897
3,1,GSM331480,1,0.891938328742981
3,1,GSM331481,1,0.4524489641189575
3,1,GSM331482,1,0.6235013008117676
3,1,GSM331483,1,0.7345313429832458
3,1,GSM331485,1,0.8914671540260315
3,1,GSM331486,1,0.619432270526886
3,1,GSM331489,1,0.5890762209892273
3,1,GSM331490,1,0.35337042808532715
3,1,GSM331492,1,0.29227012395858765
3,1,GSM331493,1,0.09148693829774857
3,1,GSM331494,1,0.9272602200508118
3,1,GSM331495,1,0.11583617329597473
3,1,GSM331496,1,0.24696026742458344
3,1,GSM331498,1,0.38912227749824524
3,1,GSM331499,1,0.28460749983787537
3,1,GSM331500,1,0.6919830441474915
3,1,GSM331502,1,0.7189850211143494
3,1,GSM331503,1,0.2813580334186554
3,1,GSM331505,1,0.8645193576812744
3,1,GSM331508,1,0.3605909049510956
3,1,GSM331510,1,0.5690842866897583
3,1,GSM331515,1,0.2843100428581238
3,1,GSM331519,1,0.5462848544120789
3,1,GSM331525,1,0.5960316061973572
3,1,GSM331529,1,0.08932197093963623
3,1,GSM331530,1,0.3346969485282898
3,1,GSM331532,1,0.17652904987335205
3,1,GSM331533,1,0.7163055539131165
3,1,GSM331534,1,0.9167921543121338
3,1,GSM331535,1,0.45463818311691284
3,1,GSM331538,1,0.1725785732269287
3,1,GSM331541,1,0.6816332340240479
3,1,GSM331542,1,0.18301896750926971
3,1,GSM331544,1,0.16486409306526184
3,1,GSM331546,1,0.5514058470726013
3,1,GSM331550,1,0.20427383482456207
3,1,GSM331551,1,0.26205411553382874
3,1,GSM331552,1,0.42678406834602356
3,1,GSM331555,1,0.08661116659641266
3,1,GSM331559,1,0.9594581723213196
3,1,GSM331560,1,0.29120904207229614
3,1,GSM331561,1,0.6859903335571289
3,1,GSM331564,1,0.4556759297847748
3,1,GSM331565,1,0.5832076668739319
3,1,GSM331568,1,0.6963843107223511
3,1,GSM331570,1,0.5633938312530518
3,1,GSM331572,1,0.8167704343795776
3,1,GSM331573,1,0.898186445236206
3,1,GSM331574,1,0.2512412369251251
3,1,GSM331575,1,0.8782146573066711
3,1,GSM331576,1,0.9172406792640686
3,1,GSM331577,1,0.6158209443092346
3,1,GSM331579,1,0.4440130591392517
3,1,GSM331581,1,0.3661673963069916
3,1,GSM331583,1,0.42198237776756287
3,1,GSM331585,1,0.8458565473556519
3,1,GSM331587,1,0.5916318297386169
3,1,GSM331588,1,0.5865781307220459
3,1,GSM331589,1,0.7323034405708313
3,1,GSM331590,1,0.34522709250450134
3,1,GSM331592,1,0.6944065093994141
3,1,GSM331593,1,0.4640537202358246
3,1,GSM331594,1,0.1343831866979599
3,1,GSM331598,1,0.34832337498664856
3,1,GSM331599,1,0.9685202836990356
3,1,GSM331602,1,0.5139387249946594
3,1,GSM331604,1,0.7255844473838806
3,1,GSM331605,1,0.7686680555343628
3,1,GSM331606,1,0.30789652466773987
3,1,GSM331607,1,0.9331558346748352
3,1,GSM331608,1,0.22588801383972168
3,1,GSM331609,1,0.2698136866092682
3,1,GSM331612,1,0.30404427647590637
3,1,GSM331614,1,0.45094379782676697
3,1,GSM331617,1,0.8982934951782227
3,1,GSM331619,1,0.16362346708774567
3,1,GSM331620,1,0.4011062979698181
3,1,GSM331621,1,0.4594804644584656
3,1,GSM331624,1,0.39495494961738586
3,1,GSM331625,1,0.9249923825263977
3,1,GSM331631,1,0.10332801938056946
3,1,GSM331635,1,0.298143208026886
3,1,GSM331637,1,0.6201057434082031
3,1,GSM331639,1,0.2110445201396942
3,1,GSM331642,1,0.5960800051689148
3,1,GSM331644,1,0.4336014986038208
3,1,GSM331645,1,0.42000606656074524
3,1,GSM331647,1,0.25979340076446533
3,1,GSM331651,1,0.3665712773799896
3,1,GSM331652,1,0.7538266181945801
3,1,GSM331653,1,0.5966059565544128
3,1,GSM331655,1,0.25858578085899353
3,1,GSM331659,1,0.6847929954528809
3,2,GSM331660,0,0.1405145674943924
3,2,GSM331661,0,0.7420563697814941
3,2,GSM331662,0,0.27100664377212524
3,2,GSM331663,0,0.47101902961730957
3,2,GSM331665,0,0.8222935199737549
3,2,GSM331671,0,0.7803140878677368
3,2,GSM331672,0,0.9556119441986084
3,2,GSM331675,0,0.1701863408088684
3,2,GSM331676,0,0.8583109974861145
3,2,GSM331678,0,0.056089792400598526
3,2,GSM331680,0,0.13815166056156158
3,2,GSM331685,0,0.047723714262247086
3,2,GSM331687,0,0.4471263587474823
3,2,GSM331688,0,0.8201484084129333
3,2,GSM331689,0,0.20411810278892517
3,2,GSM331690,0,0.48880547285079956
3,2,GSM331692,0,0.3742925822734833
3,2,GSM331696,0,0.38903623819351196
3,2,GSM331697,0,0.3447036147117615
3,2,GSM331702,0,0.7582399845123291
3,2,GSM331706,0,0.9574360847473145
3,2,GSM331708,0,0.5190220475196838
3,2,GSM331711,0,0.67974853515625
3,2,GSM331713,0,0.241668239235878
3,2,GSM331714,0,0.8262356519699097
3,2,GSM331716,0,0.9913433194160461
3,2,GSM331717,0,0.920644998550415
3,2,GSM331718,0,0.703955888748169
3,2,GSM331719,0,0.2005021870136261
3,2,GSM331720,0,0.09783622622489929
3,2,GSM331721,0,0.9580757021903992
3,2,GSM331723,0,0.8297761082649231
3,2,GSM331724,0,0.2685745060443878
3,2,GSM331725,0,0.465901255607605
3,2,GSM331726,0,0.09202881902456284
3,2,GSM331730,0,0.4540943205356598
3,2,GSM331453,1,0.2587035000324249
3,2,GSM331454,1,0.47579723596572876
3,2,GSM331455,1,0.209376722574234
3,2,GSM331457,1,0.7275407910346985
3,2,GSM331458,1,0.5601158142089844
3,2,GSM331459,1,0.6436713933944702
3,2,GSM331461,1,0.09690652042627335
3,2,GSM331462,1,0.5119969248771667
3,2,GSM331465,1,0.41655999422073364
3,2,GSM331467,1,0.6144309043884277
3,2,GSM331469,1,0.59694504737854
3,2,GSM331470,1,0.6416067481040955
3,2,GSM331471,1,0.8609316945075989
3,2,GSM331472,1,0.11939417570829391
3,2,GSM331473,1,0.5482228398323059
3,2,GSM331475,1,0.23837898671627045
3,2,GSM331478,1,0.3917025625705719
3,2,GSM331484,1,0.09962537884712219
3,2,GSM331487,1,0.9264001846313477
3,2,GSM331488,1,0.5097417831420898
3,2,GSM331491,1,0.44643449783325195
3,2,GSM331497,1,0.22251828014850616
3,2,GSM331501,1,0.3974619507789612
3,2,GSM331504,1,0.673775851726532
3,2,GSM331506,1,0.6066128611564636
3,2,GSM331507,1,0.07283241301774979
3,2,GSM331509,1,0.12227442860603333
3,2,GSM331511,1,0.7098650336265564
3,2,GSM331512,1,0.2797977328300476
3,2,GSM331513,1,0.9261044859886169
3,2,GSM331514,1,0.1919538676738739
3,2,GSM331516,1,0.5279508233070374
3,2,GSM331517,1,0.5739620327949524
3,2,GSM331518,1,0.22941620647907257
3,2,GSM331520,1,0.4274314045906067
3,2,GSM331521,1,0.21683208644390106
3,2,GSM331522,1,0.11399037390947342
3,2,GSM331523,1,0.6693649291992188
3,2,GSM331524,1,0.6060925722122192
3,2,GSM331526,1,0.538025975227356
3,2,GSM331527,1,0.3664279282093048
3,2,GSM331528,1,0.8024566173553467
3,2,GSM331531,1,0.5108723640441895
3,2,GSM331536,1,0.3582382798194885
3,2,GSM331537,1,0.706910252571106
3,2,GSM331539,1,0.5182840824127197
3,2,GSM331540,1,0.19839081168174744
3,2,GSM331543,1,0.6547269225120544
3,2,GSM331545,1,0.722123384475708
3,2,GSM331547,1,0.18596258759498596
3,2,GSM331548,1,0.4630742371082306
3,2,GSM331549,1,0.5576180219650269
3,2,GSM331553,1,0.9439732432365417
3,2,GSM331554,1,0.24966906011104584
3,2,GSM331556,1,0.44928258657455444
3,2,GSM331557,1,0.43680864572525024
3,2,GSM331558,1,0.2808495759963989
3,2,GSM331562,1,0.2436589151620865
3,2,GSM331563,1,0.8504202961921692
3,2,GSM331566,1,0.8291497826576233
3,2,GSM331567,1,0.39338165521621704
3,2,GSM331569,1,0.7275727391242981
3,2,GSM331571,1,0.128827303647995
3,2,GSM331578,1,0.6886829137802124
3,2,GSM331580,1,0.34146296977996826
3,2,GSM331582,1,0.4776943027973175
3,2,GSM331584,1,0.16017840802669525
3,2,GSM331586,1,0.360628604888916
3,2,GSM331591,1,0.922650158405304
3,2,GSM331595,1,0.8524572253227234
3,2,GSM331596,1,0.6736497282981873
3,2,GSM331597,1,0.3238796591758728
3,2,GSM331600,1,0.9275440573692322
3,2,GSM331601,1,0.24888767302036285
3,2,GSM331603,1,0.2755068838596344
3,2,GSM331610,1,0.8549207448959351
3,2,GSM331611,1,0.6359631419181824
3,2,GSM331613,1,0.2625181972980499
3,2,GSM331615,1,0.4274311363697052
3,2,GSM331616,1,0.8234227895736694
3,2,GSM331618,1,0.5527567863464355
3,2,GSM331622,1,0.8390138149261475
3,2,GSM331623,1,0.3478393852710724
3,2,GSM331626,1,0.29340240359306335
3,2,GSM331627,1,0.4070468544960022
3,2,GSM331628,1,0.4333115220069885
3,2,GSM331629,1,0.07015141099691391
3,2,GSM331630,1,0.3245972990989685
3,2,GSM331632,1,0.20760637521743774
3,2,GSM331633,1,0.2738681733608246
3,2,GSM331634,1,0.34520941972732544
3,2,GSM331636,1,0.2575153112411499
3,2,GSM331640,1,0.15514443814754486
3,2,GSM331641,1,0.554439127445221
3,2,GSM331643,1,0.8282303810119629
3,2,GSM331646,1,0.20507723093032837
3,2,GSM331648,1,0.40211060643196106
3,2,GSM331649,1,0.6050008535385132
3,2,GSM331650,1,0.43726029992103577
3,2,GSM331654,1,0.8996501564979553
3,2,GSM331656,1,0.35419759154319763
3,2,GSM331657,1,0.8106310367584229
3,2,GSM331658,1,0.5506295561790466
4,1,GSM331638,0,0.47119641304016113
4,1,GSM331660,0,0.2949293553829193
4,1,GSM331669,0,0.6216140389442444
4,1,GSM331671,0,0.44481033086776733
4,1,GSM331673,0,0.31578510999679565
4,1,GSM331674,0,0.4910755753517151
4,1,GSM331675,0,0.21033824980258942
4,1,GSM331677,0,0.28823843598365784
4,1,GSM331678,0,0.1809610277414322
4,1,GSM331679,0,0.31007832288742065
4,1,GSM331680,0,0.3918762505054474
4,1,GSM331681,0,0.6481872797012329
4,1,GSM331683,0,0.8028936386108398
4,1,GSM331684,0,0.2501717507839203
4,1,GSM331686,0,0.538028359413147
4,1,GSM331688,0,0.7270363569259644
4,1,GSM331689,0,0.5544559955596924
4,1,GSM331691,0,0.6595109105110168
4,1,GSM331692,0,0.36311107873916626
4,1,GSM331694,0,0.46915337443351746
4,1,GSM331695,0,0.4814682602882385
4,1,GSM331697,0,0.267948180437088
4,1,GSM331698,0,0.14122618734836578
4,1,GSM331699,0,0.2977800667285919
4,1,GSM331700,0,0.19801244139671326
4,1,GSM331701,0,0.21239730715751648
4,1,GSM331703,0,0.523033857345581
4,1,GSM331705,0,0.2849782407283783
4,1,GSM331707,0,0.31802359223365784
4,1,GSM331719,0,0.16192327439785004
4,1,GSM331722,0,0.5338847041130066
4,1,GSM331724,0,0.14899057149887085
4,1,GSM331725,0,0.2748001217842102
4,1,GSM331727,0,0.5510466694831848
4,1,GSM331729,0,0.268899142742157
4,1,GSM331731,0,0.7617964744567871
4,1,GSM331732,0,0.4727054536342621
4,1,GSM331454,1,0.49279192090034485
4,1,GSM331460,1,0.28698891401290894
4,1,GSM331461,1,0.3520926237106323
4,1,GSM331463,1,0.31894317269325256
4,1,GSM331464,1,0.31685155630111694
4,1,GSM331466,1,0.3325764834880829
4,1,GSM331467,1,0.592677116394043
4,1,GSM331471,1,0.6236516833305359
4,1,GSM331473,1,0.44561415910720825
4,1,GSM331475,1,0.4714107811450958
4,1,GSM331476,1,0.35148271918296814
4,1,GSM331477,1,0.5400329232215881
4,1,GSM331478,1,0.518212616443634
4,1,GSM331480,1,0.7400432229042053
4,1,GSM331482,1,0.4146750867366791
4,1,GSM331486,1,0.4344596564769745
4,1,GSM331487,1,0.8343789577484131
4,1,GSM331489,1,0.34021279215812683
4,1,GSM331490,1,0.21264958381652832
4,1,GSM331492,1,0.39733779430389404
4,1,GSM331493,1,0.16211985051631927
4,1,GSM331494,1,0.8020464181900024
4,1,GSM331498,1,0.2408280074596405
4,1,GSM331499,1,0.39506515860557556
4,1,GSM331500,1,0.4568677842617035
4,1,GSM331501,1,0.192657470703125
4,1,GSM331503,1,0.30027514696121216
4,1,GSM331504,1,0.40089529752731323
4,1,GSM331505,1,0.5196149945259094
4,1,GSM331507,1,0.23590676486492157
4,1,GSM331509,1,0.23685696721076965
4,1,GSM331510,1,0.6258549094200134
4,1,GSM331511,1,0.7398085594177246
4,1,GSM331513,1,0.5595811605453491
4,1,GSM331514,1,0.28884175419807434
4,1,GSM331521,1,0.1188364252448082
4,1,GSM331522,1,0.35593000054359436
4,1,GSM331527,1,0.34015953540802
4,1,GSM331532,1,0.23045362532138824
4,1,GSM331534,1,0.6461388468742371
4,1,GSM331535,1,0.24782627820968628
4,1,GSM331537,1,0.5040679574012756
4,1,GSM331542,1,0.26004457473754883
4,1,GSM331543,1,0.4658924639225006
4,1,GSM331544,1,0.13167013227939606
4,1,GSM331545,1,0.33107495307922363
4,1,GSM331546,1,0.4170548617839813
4,1,GSM331547,1,0.4460139870643616
4,1,GSM331549,1,0.5630027651786804
4,1,GSM331550,1,0.1796586811542511
4,1,GSM331553,1,0.8050398826599121
4,1,GSM331554,1,0.4067457914352417
4,1,GSM331561,1,0.5101116299629211
4,1,GSM331564,1,0.559510350227356
4,1,GSM331565,1,0.3732838034629822
4,1,GSM331567,1,0.31637439131736755
4,1,GSM331570,1,0.33750882744789124
4,1,GSM331573,1,0.7256985306739807
4,1,GSM331574,1,0.31558957695961
4,1,GSM331579,1,0.21577556431293488
4,1,GSM331580,1,0.4710734188556671
4,1,GSM331584,1,0.19844961166381836
4,1,GSM331586,1,0.2495235949754715
4,1,GSM331587,1,0.5963053703308105
4,1,GSM331588,1,0.6308064460754395
4,1,GSM331589,1,0.5377371311187744
4,1,GSM331592,1,0.4613611102104187
4,1,GSM331594,1,0.3922436535358429
4,1,GSM331595,1,0.7261210083961487
4,1,GSM331596,1,0.6055765151977539
4,1,GSM331599,1,0.7531651258468628
4,1,GSM331601,1,0.35849225521087646
4,1,GSM331603,1,0.33625316619873047
4,1,GSM331604,1,0.3871840834617615
4,1,GSM331607,1,0.881806492805481
4,1,GSM331610,1,0.37063848972320557
4,1,GSM331611,1,0.7534869313240051
4,1,GSM331612,1,0.3296659290790558
4,1,GSM331613,1,0.3639097213745117
4,1,GSM331616,1,0.5038632750511169
4,1,GSM331617,1,0.610427975654602
4,1,GSM331618,1,0.3885381817817688
4,1,GSM331620,1,0.47872066497802734
4,1,GSM331623,1,0.5915901064872742
4,1,GSM331624,1,0.5221617817878723
4,1,GSM331626,1,0.2230478823184967
4,1,GSM331627,1,0.3944900631904602
4,1,GSM331631,1,0.15960730612277985
4,1,GSM331637,1,0.41841912269592285
4,1,GSM331640,1,0.11647399514913559
4,1,GSM331641,1,0.27560606598854065
4,1,GSM331642,1,0.5816238522529602
4,1,GSM331643,1,0.6618085503578186
4,1,GSM331646,1,0.32900986075401306
4,1,GSM331647,1,0.47856953740119934
4,1,GSM331649,1,0.6259948015213013
4,1,GSM331650,1,0.4096287190914154
4,1,GSM331651,1,0.46601513028144836
4,1,GSM331652,1,0.731808602809906
4,1,GSM331654,1,0.7579947113990784
4,1,GSM331655,1,0.34897661209106445
4,1,GSM331656,1,0.2878696620464325
4,1,GSM331657,1,0.49984195828437805
4,2,GSM331661,0,0.6349779963493347
4,2,GSM331662,0,0.7432949542999268
4,2,GSM331663,0,0.46895766258239746
4,2,GSM331664,0,0.3485659956932068
4,2,GSM331665,0,0.4444825351238251
4,2,GSM331666,0,0.2266913503408432
4,2,GSM331668,0,0.7380995750427246
4,2,GSM331670,0,0.48154476284980774
4,2,GSM331672,0,0.8039076924324036
4,2,GSM331676,0,0.7552818655967712
4,2,GSM331682,0,0.5953623652458191
4,2,GSM331685,0,0.24113893508911133
4,2,GSM331687,0,0.42372190952301025
4,2,GSM331690,0,0.5041515231132507
4,2,GSM331693,0,0.5289850831031799
4,2,GSM331696,0,0.5691171288490295
4,2,GSM331702,0,0.5112416744232178
4,2,GSM331704,0,0.5984829664230347
4,2,GSM331706,0,0.7189819812774658
4,2,GSM331708,0,0.4774117171764374
4,2,GSM331709,0,0.6238165497779846
4,2,GSM331710,0,0.45884862542152405
4,2,GSM331711,0,0.7900536060333252
4,2,GSM331712,0,0.7073679566383362
4,2,GSM331713,0,0.2856890857219696
4,2,GSM331714,0,0.9138699769973755
4,2,GSM331715,0,0.3815038800239563
4,2,GSM331716,0,0.8673365712165833
4,2,GSM331717,0,0.7475395798683167
4,2,GSM331718,0,0.7766734957695007
4,2,GSM331720,0,0.25730475783348083
4,2,GSM331721,0,0.7074412703514099
4,2,GSM331723,0,0.6663597226142883
4,2,GSM331726,0,0.4699667692184448
4,2,GSM331728,0,0.3925769329071045
4,2,GSM331730,0,0.5827243328094482
4,2,GSM331453,1,0.46084320545196533
4,2,GSM331455,1,0.2589127719402313
4,2,GSM331456,1,0.593029797077179
4,2,GSM331457,1,0.5418018102645874
4,2,GSM331458,1,0.6389707326889038
4,2,GSM331459,1,0.566556990146637
4,2,GSM331462,1,0.23248893022537231
4,2,GSM331465,1,0.493976354598999
4,2,GSM331468,1,0.724480152130127
4,2,GSM331469,1,0.46530020236968994
4,2,GSM331470,1,0.861227810382843
4,2,GSM331472,1,0.512608528137207
4,2,GSM331474,1,0.3192756474018097
4,2,GSM331479,1,0.2562425136566162
4,2,GSM331481,1,0.5676326751708984
4,2,GSM331483,1,0.5525409579277039
4,2,GSM331484,1,0.23685750365257263
4,2,GSM331485,1,0.8910266757011414
4,2,GSM331488,1,0.6454396843910217
4,2,GSM331491,1,0.5448815822601318
4,2,GSM331495,1,0.5253164172172546
4,2,GSM331496,1,0.2771777808666229
4,2,GSM331497,1,0.3910883069038391
4,2,GSM331502,1,0.8223696947097778
4,2,GSM331506,1,0.7505735158920288
4,2,GSM331508,1,0.6217882633209229
4,2,GSM331512,1,0.6376354098320007
4,2,GSM331515,1,0.47431424260139465
4,2,GSM331516,1,0.6879737973213196
4,2,GSM331517,1,0.5398496985435486
4,2,GSM331518,1,0.5376278162002563
4,2,GSM331519,1,0.45628976821899414
4,2,GSM331520,1,0.43630629777908325
4,2,GSM331523,1,0.746673047542572
4,2,GSM331524,1,0.565263032913208
4,2,GSM331525,1,0.6273074150085449
4,2,GSM331526,1,0.5046018362045288
4,2,GSM331528,1,0.7521178126335144
4,2,GSM331529,1,0.33622458577156067
4,2,GSM331530,1,0.6114223599433899
4,2,GSM331531,1,0.37612083554267883
4,2,GSM331533,1,0.5400636792182922
4,2,GSM331536,1,0.4388197362422943
4,2,GSM331538,1,0.36359483003616333
4,2,GSM331539,1,0.6779907941818237
4,2,GSM331540,1,0.4246583580970764
4,2,GSM331541,1,0.5486210584640503
4,2,GSM331548,1,0.5492276549339294
4,2,GSM331551,1,0.4181461036205292
4,2,GSM331552,1,0.4589620530605316
4,2,GSM331555,1,0.24736668169498444
4,2,GSM331556,1,0.46996766328811646
4,2,GSM331557,1,0.5209829211235046
4,2,GSM331558,1,0.4770943820476532
4,2,GSM331559,1,0.8834391832351685
4,2,GSM331560,1,0.3003336787223816
4,2,GSM331562,1,0.58506178855896
4,2,GSM331563,1,0.5995764136314392
4,2,GSM331566,1,0.6148751974105835
4,2,GSM331568,1,0.5778437852859497
4,2,GSM331569,1,0.7072432637214661
4,2,GSM331571,1,0.4449216425418854
4,2,GSM331572,1,0.7594751119613647
4,2,GSM331575,1,0.44387373328208923
4,2,GSM331576,1,0.8681332468986511
4,2,GSM331577,1,0.4476129114627838
4,2,GSM331578,1,0.5753723382949829
4,2,GSM331581,1,0.35373011231422424
4,2,GSM331582,1,0.28444287180900574
4,2,GSM331583,1,0.41031694412231445
4,2,GSM331585,1,0.5629391074180603
4,2,GSM331590,1,0.3077515959739685
4,2,GSM331591,1,0.8005777597427368
4,2,GSM331593,1,0.2838597893714905
4,2,GSM331597,1,0.5803511738777161
4,2,GSM331598,1,0.384693443775177
4,2,GSM331600,1,0.8779717087745667
4,2,GSM331602,1,0.46832817792892456
4,2,GSM331605,1,0.7906863689422607
4,2,GSM331606,1,0.34219202399253845
4,2,GSM331608,1,0.20023572444915771
4,2,GSM331609,1,0.47638845443725586
4,2,GSM331614,1,0.5789494514465332
4,2,GSM331615,1,0.5615173578262329
4,2,GSM331619,1,0.3174315094947815
4,2,GSM331621,1,0.4700931906700134
4,2,GSM331622,1,0.7891877293586731
4,2,GSM331625,1,0.6084778308868408
4,2,GSM331628,1,0.5862693786621094
4,2,GSM331629,1,0.16780784726142883
4,2,GSM331630,1,0.5826341509819031
4,2,GSM331632,1,0.3468630611896515
4,2,GSM331633,1,0.43610814213752747
4,2,GSM331634,1,0.4165028929710388
4,2,GSM331635,1,0.31924211978912354
4,2,GSM331636,1,0.4651203751564026
4,2,GSM331639,1,0.5329580903053284
4,2,GSM331644,1,0.2670522630214691
4,2,GSM331645,1,0.4953650236129761
4,2,GSM331648,1,0.3043874204158783
4,2,GSM331653,1,0.6153556108474731
4,2,GSM331658,1,0.6739305257797241
4,2,GSM331659,1,0.4888814389705658
5,1,GSM331638,0,0.7527047991752625
5,1,GSM331662,0,0.32535696029663086
5,1,GSM331663,0,0.4137207567691803
5,1,GSM331665,0,0.43579038977622986
5,1,GSM331666,0,0.3278440535068512
5,1,GSM331668,0,0.7390902638435364
5,1,GSM331671,0,0.3353421986103058
5,1,GSM331672,0,0.5814771056175232
5,1,GSM331673,0,0.4734312891960144
5,1,GSM331674,0,0.3222198486328125
5,1,GSM331675,0,0.2916005849838257
5,1,GSM331676,0,0.35853153467178345
5,1,GSM331679,0,0.32897207140922546
5,1,GSM331684,0,0.552335798740387
5,1,GSM331687,0,0.3391972482204437
5,1,GSM331688,0,0.6214776635169983
5,1,GSM331691,0,0.4304145872592926
5,1,GSM331692,0,0.32510367035865784
5,1,GSM331693,0,0.5231809616088867
5,1,GSM331696,0,0.5064864754676819
5,1,GSM331697,0,0.3999209702014923
5,1,GSM331699,0,0.3919157385826111
5,1,GSM331701,0,0.482530802488327
5,1,GSM331705,0,0.5856579542160034
5,1,GSM331707,0,0.403093159198761
5,1,GSM331710,0,0.36604493856430054
5,1,GSM331711,0,0.6066206097602844
5,1,GSM331714,0,0.7060344219207764
5,1,GSM331715,0,0.3681966960430145
5,1,GSM331716,0,0.8349100947380066
5,1,GSM331717,0,0.7423720359802246
5,1,GSM331719,0,0.19737736880779266
5,1,GSM331724,0,0.4047529697418213
5,1,GSM331728,0,0.30860498547554016
5,1,GSM331729,0,0.4697456657886505
5,1,GSM331731,0,0.7363035082817078
5,1,GSM331732,0,0.7007277011871338
5,1,GSM331454,1,0.5967366099357605
5,1,GSM331457,1,0.6646552085876465
5,1,GSM331458,1,0.5723111629486084
5,1,GSM331459,1,0.6667656302452087
5,1,GSM331460,1,0.3405808210372925
5,1,GSM331464,1,0.29653218388557434
5,1,GSM331465,1,0.48234108090400696
5,1,GSM331467,1,0.402225136756897
5,1,GSM331469,1,0.4101870059967041
5,1,GSM331470,1,0.730720579624176
5,1,GSM331472,1,0.6804449558258057
5,1,GSM331473,1,0.42375344038009644
5,1,GSM331476,1,0.46869397163391113
5,1,GSM331478,1,0.7252129316329956
5,1,GSM331481,1,0.3105844557285309
5,1,GSM331484,1,0.11335168033838272
5,1,GSM331485,1,0.655907392501831
5,1,GSM331487,1,0.7457492351531982
5,1,GSM331491,1,0.6052661538124084
5,1,GSM331498,1,0.38736194372177124
5,1,GSM331500,1,0.669132649898529
5,1,GSM331501,1,0.27000680565834045
5,1,GSM331502,1,0.8569534420967102
5,1,GSM331503,1,0.4917204976081848
5,1,GSM331508,1,0.6713446378707886
5,1,GSM331512,1,0.8750132918357849
5,1,GSM331513,1,0.8002392053604126
5,1,GSM331515,1,0.46429574489593506
5,1,GSM331516,1,0.6752735376358032
5,1,GSM331517,1,0.7221866846084595
5,1,GSM331519,1,0.5647560954093933
5,1,GSM331521,1,0.16543972492218018
5,1,GSM331522,1,0.6698315143585205
5,1,GSM331524,1,0.3604736626148224
5,1,GSM331527,1,0.5540705919265747
5,1,GSM331529,1,0.3508993983268738
5,1,GSM331530,1,0.5124311447143555
5,1,GSM331532,1,0.5106925368309021
5,1,GSM331536,1,0.31832823157310486
5,1,GSM331537,1,0.8371028900146484
5,1,GSM331542,1,0.3994998335838318
5,1,GSM331545,1,0.37657374143600464
5,1,GSM331547,1,0.3676953613758087
5,1,GSM331549,1,0.8606277108192444
5,1,GSM331550,1,0.2748030424118042
5,1,GSM331554,1,0.4583989381790161
5,1,GSM331557,1,0.5839580297470093
5,1,GSM331558,1,0.3855708837509155
5,1,GSM331559,1,0.7607095837593079
5,1,GSM331560,1,0.5532559156417847
5,1,GSM331561,1,0.6383788585662842
5,1,GSM331568,1,0.5469925403594971
5,1,GSM331569,1,0.6364564895629883
5,1,GSM331571,1,0.4136739671230316
5,1,GSM331573,1,0.7169516682624817
5,1,GSM331574,1,0.6316801905632019
5,1,GSM331575,1,0.4911139905452728
5,1,GSM331576,1,0.8762245178222656
5,1,GSM331577,1,0.412129282951355
5,1,GSM331578,1,0.49166229367256165
5,1,GSM331579,1,0.6437953114509583
5,1,GSM331580,1,0.4248674511909485
5,1,GSM331584,1,0.46139174699783325
5,1,GSM331585,1,0.5559772253036499
5,1,GSM331591,1,0.5442554950714111
5,1,GSM331592,1,0.5118398070335388
5,1,GSM331596,1,0.7967379093170166
5,1,GSM331597,1,0.758331835269928
5,1,GSM331601,1,0.6643895506858826
5,1,GSM331602,1,0.5647817254066467
5,1,GSM331603,1,0.5089728236198425
5,1,GSM331605,1,0.6063217520713806
5,1,GSM331606,1,0.22817440330982208
5,1,GSM331609,1,0.3891583979129791
5,1,GSM331610,1,0.29867082834243774
5,1,GSM331611,1,0.6410441398620605
5,1,GSM331612,1,0.6007481217384338
5,1,GSM331613,1,0.4551626741886139
5,1,GSM331616,1,0.5786432027816772
5,1,GSM331620,1,0.6562908291816711
5,1,GSM331625,1,0.5419830083847046
5,1,GSM331627,1,0.6140537858009338
5,1,GSM331628,1,0.3228037655353546
5,1,GSM331629,1,0.3601938486099243
5,1,GSM331630,1,0.638920783996582
5,1,GSM331631,1,0.2714887261390686
5,1,GSM331634,1,0.6973472833633423
5,1,GSM331637,1,0.5408373475074768
5,1,GSM331639,1,0.47858089208602905
5,1,GSM331640,1,0.25419557094573975
5,1,GSM331642,1,0.5315801501274109
5,1,GSM331643,1,0.6651501655578613
5,1,GSM331646,1,0.2326149046421051
5,1,GSM331647,1,0.6530618667602539
5,1,GSM331648,1,0.372874915599823
5,1,GSM331649,1,0.5048612952232361
5,1,GSM331650,1,0.4323359727859497
5,1,GSM331651,1,0.5748597979545593
5,1,GSM331654,1,0.7696729302406311
5,1,GSM331655,1,0.5118628144264221
5,1,GSM331656,1,0.34838101267814636
5,1,GSM331658,1,0.6591566205024719
5,1,GSM331659,1,0.43500658869743347
5,2,GSM331660,0,0.26449716091156006
5,2,GSM331661,0,0.6554352641105652
5,2,GSM331664,0,0.31774774193763733
5,2,GSM331669,0,0.8001717329025269
5,2,GSM331670,0,0.675629198551178
5,2,GSM331677,0,0.12213271111249924
5,2,GSM331678,0,0.2470262348651886
5,2,GSM331680,0,0.7428982853889465
5,2,GSM331681,0,0.7532316446304321
5,2,GSM331682,0,0.7054272294044495
5,2,GSM331683,0,0.8371282815933228
5,2,GSM331685,0,0.09526199102401733
5,2,GSM331686,0,0.4597521424293518
5,2,GSM331689,0,0.606231689453125
5,2,GSM331690,0,0.5884595513343811
5,2,GSM331694,0,0.5940062403678894
5,2,GSM331695,0,0.24281074106693268
5,2,GSM331698,0,0.1909945011138916
5,2,GSM331700,0,0.4256948232650757
5,2,GSM331702,0,0.5938524603843689
5,2,GSM331703,0,0.2648026943206787
5,2,GSM331704,0,0.6965119242668152
5,2,GSM331706,0,0.886813759803772
5,2,GSM331708,0,0.6111930012702942
5,2,GSM331709,0,0.36411231756210327
5,2,GSM331712,0,0.5885116457939148
5,2,GSM331713,0,0.4970960319042206
5,2,GSM331718,0,0.7609464526176453
5,2,GSM331720,0,0.35233405232429504
5,2,GSM331721,0,0.7983017563819885
5,2,GSM331722,0,0.6962326765060425
5,2,GSM331723,0,0.7863892912864685
5,2,GSM331725,0,0.4085276424884796
5,2,GSM331726,0,0.12201850116252899
5,2,GSM331727,0,0.5106036067008972
5,2,GSM331730,0,0.6024227738380432
5,2,GSM331453,1,0.5653263926506042
5,2,GSM331455,1,0.14049501717090607
5,2,GSM331456,1,0.3818790018558502
5,2,GSM331461,1,0.39213117957115173
5,2,GSM331462,1,0.33554163575172424
5,2,GSM331463,1,0.15236057341098785
5,2,GSM331466,1,0.19760257005691528
5,2,GSM331468,1,0.542815625667572
5,2,GSM331471,1,0.6484028697013855
5,2,GSM331474,1,0.1690778285264969
5,2,GSM331475,1,0.5301612615585327
5,2,GSM331477,1,0.35265645384788513
5,2,GSM331479,1,0.371586412191391
5,2,GSM331480,1,0.7398799061775208
5,2,GSM331482,1,0.46277639269828796
5,2,GSM331483,1,0.4913038909435272
5,2,GSM331486,1,0.6858946681022644
5,2,GSM331488,1,0.6981359720230103
5,2,GSM331489,1,0.4851793348789215
5,2,GSM331490,1,0.536092221736908
5,2,GSM331492,1,0.26717138290405273
5,2,GSM331493,1,0.08217263966798782
5,2,GSM331494,1,0.7853114008903503
5,2,GSM331495,1,0.32419803738594055
5,2,GSM331496,1,0.22531211376190186
5,2,GSM331497,1,0.392660915851593
5,2,GSM331499,1,0.4806663990020752
5,2,GSM331504,1,0.3408597707748413
5,2,GSM331505,1,0.3171755373477936
5,2,GSM331506,1,0.5831196904182434
5,2,GSM331507,1,0.3072271943092346
5,2,GSM331509,1,0.28605517745018005
5,2,GSM331510,1,0.24238266050815582
5,2,GSM331511,1,0.6343790888786316
5,2,GSM331514,1,0.2213834971189499
5,2,GSM331518,1,0.46942323446273804
5,2,GSM331520,1,0.5672563314437866
5,2,GSM331523,1,0.5324238538742065
5,2,GSM331525,1,0.4796891510486603
5,2,GSM331526,1,0.5176906585693359
5,2,GSM331528,1,0.3728778064250946
5,2,GSM331531,1,0.32851460576057434
5,2,GSM331533,1,0.588728129863739
5,2,GSM331534,1,0.39793312549591064
5,2,GSM331535,1,0.3020983934402466
5,2,GSM331538,1,0.19882673025131226
5,2,GSM331539,1,0.44978317618370056
5,2,GSM331540,1,0.5068395733833313
5,2,GSM331541,1,0.5675246119499207
5,2,GSM331543,1,0.5900936722755432
5,2,GSM331544,1,0.24581068754196167
5,2,GSM331546,1,0.4497673511505127
5,2,GSM331548,1,0.3650765120983124
5,2,GSM331551,1,0.45582839846611023
5,2,GSM331552,1,0.4058360457420349
5,2,GSM331553,1,0.8115647435188293
5,2,GSM331555,1,0.30048903822898865
5,2,GSM331556,1,0.1801387518644333
5,2,GSM331562,1,0.2304375171661377
5,2,GSM331563,1,0.5073429346084595
5,2,GSM331564,1,0.4578569531440735
5,2,GSM331565,1,0.5934504866600037
5,2,GSM331566,1,0.45471465587615967
5,2,GSM331567,1,0.29196619987487793
5,2,GSM331570,1,0.7580859065055847
5,2,GSM331572,1,0.7296809554100037
5,2,GSM331581,1,0.3053857684135437
5,2,GSM331582,1,0.18164865672588348
5,2,GSM331583,1,0.22090640664100647
5,2,GSM331586,1,0.4553076922893524
5,2,GSM331587,1,0.4697747528553009
5,2,GSM331588,1,0.7292444109916687
5,2,GSM331589,1,0.5937227606773376
5,2,GSM331590,1,0.2421550154685974
5,2,GSM331593,1,0.28037723898887634
5,2,GSM331594,1,0.44636082649230957
5,2,GSM331595,1,0.20886142551898956
5,2,GSM331598,1,0.4325777292251587
5,2,GSM331599,1,0.7490381002426147
5,2,GSM331600,1,0.837096095085144
5,2,GSM331604,1,0.0865977331995964
5,2,GSM331607,1,0.8770204782485962
5,2,GSM331608,1,0.2182723432779312
5,2,GSM331614,1,0.42055413126945496
5,2,GSM331615,1,0.18336039781570435
5,2,GSM331617,1,0.730161726474762
5,2,GSM331618,1,0.6771685481071472
5,2,GSM331619,1,0.3085402250289917
5,2,GSM331621,1,0.5024596452713013
5,2,GSM331622,1,0.8308877944946289
5,2,GSM331623,1,0.4158475399017334
5,2,GSM331624,1,0.689920961856842
5,2,GSM331626,1,0.20748628675937653
5,2,GSM331632,1,0.12242437154054642
5,2,GSM331633,1,0.17378297448158264
5,2,GSM331635,1,0.17848870158195496
5,2,GSM331636,1,0.3846222460269928
5,2,GSM331641,1,0.5354560017585754
5,2,GSM331644,1,0.39388689398765564
5,2,GSM331645,1,0.5815140604972839
5,2,GSM331652,1,0.5596325993537903
5,2,GSM331653,1,0.4878285527229309
5,2,GSM331657,1,0.5007080435752869
6,1,GSM331666,0,0.33476322889328003
6,1,GSM331670,0,0.6531113982200623
6,1,GSM331672,0,0.7944573163986206
6,1,GSM331673,0,0.491682231426239
6,1,GSM331674,0,0.6328826546669006
6,1,GSM331677,0,0.4991482198238373
6,1,GSM331679,0,0.4646477699279785
6,1,GSM331683,0,0.8307022452354431
6,1,GSM331685,0,0.3043508529663086
6,1,GSM331688,0,0.6123229265213013
6,1,GSM331689,0,0.4421335458755493
6,1,GSM331690,0,0.7020027041435242
6,1,GSM331692,0,0.2714623808860779
6,1,GSM331693,0,0.5323412418365479
6,1,GSM331694,0,0.42141979932785034
6,1,GSM331698,0,0.38601192831993103
6,1,GSM331700,0,0.5312969088554382
6,1,GSM331701,0,0.43562984466552734
6,1,GSM331704,0,0.6543401479721069
6,1,GSM331705,0,0.4827371835708618
6,1,GSM331706,0,0.6621290445327759
6,1,GSM331707,0,0.48191601037979126
6,1,GSM331709,0,0.5697994232177734
6,1,GSM331711,0,0.7446131706237793
6,1,GSM331713,0,0.35380998253822327
6,1,GSM331714,0,0.712219774723053
6,1,GSM331716,0,0.8537347316741943
6,1,GSM331718,0,0.749325156211853
6,1,GSM331721,0,0.6995198130607605
6,1,GSM331722,0,0.5654261112213135
6,1,GSM331723,0,0.570539116859436
6,1,GSM331724,0,0.4171331822872162
6,1,GSM331727,0,0.5659087300300598
6,1,GSM331729,0,0.3016514182090759
6,1,GSM331730,0,0.5973464846611023
6,1,GSM331731,0,0.6224159598350525
6,1,GSM331732,0,0.6205161213874817
6,1,GSM331455,1,0.3362311124801636
6,1,GSM331456,1,0.5625011920928955
6,1,GSM331458,1,0.5864372253417969
6,1,GSM331460,1,0.5504859685897827
6,1,GSM331461,1,0.44783324003219604
6,1,GSM331465,1,0.5242772102355957
6,1,GSM331466,1,0.5807371139526367
6,1,GSM331469,1,0.5512095093727112
6,1,GSM331470,1,0.5634391903877258
6,1,GSM331471,1,0.5246819853782654
6,1,GSM331472,1,0.5104399919509888
6,1,GSM331473,1,0.5750852227210999
6,1,GSM331474,1,0.4859061539173126
6,1,GSM331475,1,0.5673825740814209
6,1,GSM331476,1,0.4715135395526886
6,1,GSM331477,1,0.41858455538749695
6,1,GSM331479,1,0.495853066444397
6,1,GSM331480,1,0.6845346689224243
6,1,GSM331482,1,0.2544901371002197
6,1,GSM331484,1,0.45520496368408203
6,1,GSM331491,1,0.6558200120925903
6,1,GSM331492,1,0.3113535940647125
6,1,GSM331493,1,0.5491213798522949
6,1,GSM331494,1,0.8201837539672852
6,1,GSM331498,1,0.5578517913818359
6,1,GSM331502,1,0.8293914794921875
6,1,GSM331504,1,0.754579484462738
6,1,GSM331506,1,0.5475113391876221
6,1,GSM331508,1,0.5144546031951904
6,1,GSM331511,1,0.7539106607437134
6,1,GSM331512,1,0.6115027666091919
6,1,GSM331514,1,0.6525384187698364
6,1,GSM331517,1,0.546440064907074
6,1,GSM331518,1,0.5842651128768921
6,1,GSM331521,1,0.35538119077682495
6,1,GSM331525,1,0.6733996868133545
6,1,GSM331527,1,0.48304757475852966
6,1,GSM331528,1,0.7104589939117432
6,1,GSM331533,1,0.6509333252906799
6,1,GSM331534,1,0.8224143981933594
6,1,GSM331536,1,0.5568007826805115
6,1,GSM331537,1,0.6520494818687439
6,1,GSM331539,1,0.5650225281715393
6,1,GSM331542,1,0.5996902585029602
6,1,GSM331545,1,0.5628029108047485
6,1,GSM331547,1,0.5498028993606567
6,1,GSM331548,1,0.4667060375213623
6,1,GSM331551,1,0.4135265648365021
6,1,GSM331552,1,0.6280409097671509
6,1,GSM331553,1,0.7095850706100464
6,1,GSM331556,1,0.4770825505256653
6,1,GSM331560,1,0.4362581670284271
6,1,GSM331562,1,0.3836057484149933
6,1,GSM331564,1,0.502223789691925
6,1,GSM331566,1,0.63255774974823
6,1,GSM331567,1,0.5218709707260132
6,1,GSM331569,1,0.6197628974914551
6,1,GSM331570,1,0.5398130416870117
6,1,GSM331571,1,0.4349057376384735
6,1,GSM331574,1,0.5639335513114929
6,1,GSM331575,1,0.600371241569519
6,1,GSM331576,1,0.7127335071563721
6,1,GSM331577,1,0.45148658752441406
6,1,GSM331578,1,0.44458720088005066
6,1,GSM331579,1,0.4801892340183258
6,1,GSM331581,1,0.5514717698097229
6,1,GSM331582,1,0.44006597995758057
6,1,GSM331583,1,0.47429344058036804
6,1,GSM331585,1,0.7954140305519104
6,1,GSM331593,1,0.37929973006248474
6,1,GSM331595,1,0.6344343423843384
6,1,GSM331596,1,0.612341046333313
6,1,GSM331597,1,0.6354245543479919
6,1,GSM331601,1,0.643361508846283
6,1,GSM331603,1,0.5023450255393982
6,1,GSM331604,1,0.6420277953147888
6,1,GSM331607,1,0.738580584526062
6,1,GSM331608,1,0.36878812313079834
6,1,GSM331610,1,0.6514366269111633
6,1,GSM331611,1,0.6095783710479736
6,1,GSM331614,1,0.4877828359603882
6,1,GSM331615,1,0.5886284112930298
6,1,GSM331616,1,0.6665759682655334
6,1,GSM331618,1,0.4308626353740692
6,1,GSM331619,1,0.4531940817832947
6,1,GSM331621,1,0.6537293791770935
6,1,GSM331623,1,0.37040698528289795
6,1,GSM331625,1,0.5138154625892639
6,1,GSM331626,1,0.48795998096466064
6,1,GSM331628,1,0.5015420913696289
6,1,GSM331631,1,0.3694151043891907
6,1,GSM331633,1,0.6213756799697876
6,1,GSM331639,1,0.5389576554298401
6,1,GSM331640,1,0.30574357509613037
6,1,GSM331646,1,0.19145183265209198
6,1,GSM331649,1,0.5322373509407043
6,1,GSM331650,1,0.5816895365715027
6,1,GSM331651,1,0.5212523937225342
6,1,GSM331654,1,0.9094455242156982
6,1,GSM331655,1,0.5526342391967773
6,1,GSM331656,1,0.3410663902759552
6,1,GSM331657,1,0.6295159459114075
6,1,GSM331659,1,0.7284966111183167
6,2,GSM331638,0,0.5066657662391663
6,2,GSM331660,0,0.3354546129703522
6,2,GSM331661,0,0.4784422218799591
6,2,GSM331662,0,0.3876340389251709
6,2,GSM331663,0,0.3918088674545288
6,2,GSM331664,0,0.3044308125972748
6,2,GSM331665,0,0.5486056804656982
6,2,GSM331668,0,0.5342766046524048
6,2,GSM331669,0,0.5927849411964417
6,2,GSM331671,0,0.46525880694389343
6,2,GSM331675,0,0.302947461605072
6,2,GSM331676,0,0.5077724456787109
6,2,GSM331678,0,0.3721379339694977
6,2,GSM331680,0,0.6990317702293396
6,2,GSM331681,0,0.6271003484725952
6,2,GSM331682,0,0.44983774423599243
6,2,GSM331684,0,0.35238707065582275
6,2,GSM331686,0,0.5838415026664734
6,2,GSM331687,0,0.4154033064842224
6,2,GSM331691,0,0.6506719589233398
6,2,GSM331695,0,0.44025084376335144
6,2,GSM331696,0,0.447222501039505
6,2,GSM331697,0,0.48542600870132446
6,2,GSM331699,0,0.359852135181427
6,2,GSM331702,0,0.47227591276168823
6,2,GSM331703,0,0.4342355728149414
6,2,GSM331708,0,0.41763490438461304
6,2,GSM331710,0,0.39521658420562744
6,2,GSM331712,0,0.6116918921470642
6,2,GSM331715,0,0.28760746121406555
6,2,GSM331717,0,0.5893057584762573
6,2,GSM331719,0,0.37330278754234314
6,2,GSM331720,0,0.37765660881996155
6,2,GSM331725,0,0.40367114543914795
6,2,GSM331726,0,0.25243163108825684
6,2,GSM331728,0,0.32324761152267456
6,2,GSM331453,1,0.43928250670433044
6,2,GSM331454,1,0.5381798148155212
6,2,GSM331457,1,0.6122302412986755
6,2,GSM331459,1,0.5817822813987732
6,2,GSM331462,1,0.3360600769519806
6,2,GSM331463,1,0.5405170917510986
6,2,GSM331464,1,0.5821985006332397
6,2,GSM331467,1,0.43991610407829285
6,2,GSM331468,1,0.5973837375640869
6,2,GSM331478,1,0.6461355090141296
6,2,GSM331481,1,0.47330403327941895
6,2,GSM331483,1,0.4412296712398529
6,2,GSM331485,1,0.8096901774406433
6,2,GSM331486,1,0.4833439290523529
6,2,GSM331487,1,0.6781696081161499
6,2,GSM331488,1,0.4885784685611725
6,2,GSM331489,1,0.6041466593742371
6,2,GSM331490,1,0.4775523543357849
6,2,GSM331495,1,0.4270850419998169
6,2,GSM331496,1,0.36598533391952515
6,2,GSM331497,1,0.3150262236595154
6,2,GSM331499,1,0.4510493278503418
6,2,GSM331500,1,0.6281960010528564
6,2,GSM331501,1,0.39770859479904175
6,2,GSM331503,1,0.3609814941883087
6,2,GSM331505,1,0.5429517030715942
6,2,GSM331507,1,0.24319937825202942
6,2,GSM331509,1,0.33366185426712036
6,2,GSM331510,1,0.48337456583976746
6,2,GSM331513,1,0.6817612648010254
6,2,GSM331515,1,0.3208252489566803
6,2,GSM331516,1,0.6658869385719299
6,2,GSM331519,1,0.5406973958015442
6,2,GSM331520,1,0.5221408605575562
6,2,GSM331522,1,0.3074616491794586
6,2,GSM331523,1,0.7879621386528015
6,2,GSM331524,1,0.39461472630500793
6,2,GSM331526,1,0.47024181485176086
6,2,GSM331529,1,0.31635063886642456
6,2,GSM331530,1,0.46364569664001465
6,2,GSM331531,1,0.6007047891616821
6,2,GSM331532,1,0.3775227963924408
6,2,GSM331535,1,0.5526955723762512
6,2,GSM331538,1,0.32750335335731506
6,2,GSM331540,1,0.5264297723770142
6,2,GSM331541,1,0.47513502836227417
6,2,GSM331543,1,0.6093289256095886
6,2,GSM331544,1,0.3050849735736847
6,2,GSM331546,1,0.6290736198425293
6,2,GSM331549,1,0.582001268863678
6,2,GSM331550,1,0.3646024167537689
6,2,GSM331554,1,0.33545437455177307
6,2,GSM331555,1,0.28399744629859924
6,2,GSM331557,1,0.6168524622917175
6,2,GSM331558,1,0.39177531003952026
6,2,GSM331559,1,0.7449362874031067
6,2,GSM331561,1,0.3759019374847412
6,2,GSM331563,1,0.6194208264350891
6,2,GSM331565,1,0.5153390765190125
6,2,GSM331568,1,0.5185428261756897
6,2,GSM331572,1,0.6190226674079895
6,2,GSM331573,1,0.7824453115463257
6,2,GSM331580,1,0.445636123418808
6,2,GSM331584,1,0.39885711669921875
6,2,GSM331586,1,0.31578776240348816
6,2,GSM331587,1,0.46640992164611816
6,2,GSM331588,1,0.49465739727020264
6,2,GSM331589,1,0.609947681427002
6,2,GSM331590,1,0.39259815216064453
6,2,GSM331591,1,0.5925898551940918
6,2,GSM331592,1,0.5446237921714783
6,2,GSM331594,1,0.4173062741756439
6,2,GSM331598,1,0.5508294701576233
6,2,GSM331599,1,0.6861242651939392
6,2,GSM331600,1,0.7066162824630737
6,2,GSM331602,1,0.42991188168525696
6,2,GSM331605,1,0.6682190895080566
6,2,GSM331606,1,0.24681609869003296
6,2,GSM331609,1,0.6493504643440247
6,2,GSM331612,1,0.425300270318985
6,2,GSM331613,1,0.312228262424469
6,2,GSM331617,1,0.6396556496620178
6,2,GSM331620,1,0.5738101601600647
6,2,GSM331622,1,0.6288777589797974
6,2,GSM331624,1,0.4459739625453949
6,2,GSM331627,1,0.4103933870792389
6,2,GSM331629,1,0.3091617822647095
6,2,GSM331630,1,0.3756008744239807
6,2,GSM331632,1,0.5040268301963806
6,2,GSM331634,1,0.5158664584159851
6,2,GSM331635,1,0.3345182538032532
6,2,GSM331636,1,0.5051324963569641
6,2,GSM331637,1,0.38122063875198364
6,2,GSM331641,1,0.4945126473903656
6,2,GSM331642,1,0.5433915853500366
6,2,GSM331643,1,0.7543349862098694
6,2,GSM331644,1,0.4475645422935486
6,2,GSM331645,1,0.40503719449043274
6,2,GSM331647,1,0.4378942549228668
6,2,GSM331648,1,0.537436306476593
6,2,GSM331652,1,0.6588736772537231
6,2,GSM331653,1,0.3400629162788391
6,2,GSM331658,1,0.5651427507400513
7,1,GSM331666,0,0.2673306465148926
7,1,GSM331668,0,0.8725979328155518
7,1,GSM331672,0,0.8159602880477905
7,1,GSM331675,0,0.1715727001428604
7,1,GSM331679,0,0.6135398149490356
7,1,GSM331680,0,0.4685291647911072
7,1,GSM331681,0,0.6174418330192566
7,1,GSM331685,0,0.23197321593761444
7,1,GSM331687,0,0.5015628337860107
7,1,GSM331688,0,0.8884601593017578
7,1,GSM331689,0,0.6553710103034973
7,1,GSM331691,0,0.5647886395454407
7,1,GSM331692,0,0.2681863307952881
7,1,GSM331693,0,0.6151243448257446
7,1,GSM331694,0,0.4141921103000641
7,1,GSM331695,0,0.471195787191391
7,1,GSM331697,0,0.5894173979759216
7,1,GSM331699,0,0.4988865554332733
7,1,GSM331700,0,0.3171936571598053
7,1,GSM331701,0,0.2563064694404602
7,1,GSM331702,0,0.5458765029907227
7,1,GSM331706,0,0.9383206963539124
7,1,GSM331708,0,0.7013858556747437
7,1,GSM331709,0,0.6779077649116516
7,1,GSM331710,0,0.3566746413707733
7,1,GSM331711,0,0.8721523880958557
7,1,GSM331712,0,0.5678537487983704
7,1,GSM331713,0,0.21534140408039093
7,1,GSM331714,0,0.9031263589859009
7,1,GSM331715,0,0.4916987121105194
7,1,GSM331716,0,0.9553197026252747
7,1,GSM331717,0,0.6914798617362976
7,1,GSM331722,0,0.6942684650421143
7,1,GSM331725,0,0.5328917503356934
7,1,GSM331726,0,0.30864280462265015
7,1,GSM331730,0,0.584809422492981
7,1,GSM331731,0,0.9485019445419312
7,1,GSM331453,1,0.26439598202705383
7,1,GSM331454,1,0.508842408657074
7,1,GSM331456,1,0.4491853415966034
7,1,GSM331459,1,0.6397131681442261
7,1,GSM331464,1,0.30783700942993164
7,1,GSM331466,1,0.5608177781105042
7,1,GSM331469,1,0.7086567282676697
7,1,GSM331470,1,0.7947738170623779
7,1,GSM331472,1,0.19580736756324768
7,1,GSM331473,1,0.5052697658538818
7,1,GSM331475,1,0.6525962352752686
7,1,GSM331477,1,0.3623031973838806
7,1,GSM331478,1,0.35657262802124023
7,1,GSM331480,1,0.9630452990531921
7,1,GSM331481,1,0.5630618333816528
7,1,GSM331482,1,0.3393498659133911
7,1,GSM331483,1,0.7475912570953369
7,1,GSM331484,1,0.3615797460079193
7,1,GSM331485,1,0.7391149997711182
7,1,GSM331487,1,0.8967517614364624
7,1,GSM331489,1,0.5099881291389465
7,1,GSM331491,1,0.6303982734680176
7,1,GSM331492,1,0.6436759829521179
7,1,GSM331495,1,0.37924841046333313
7,1,GSM331496,1,0.28513407707214355
7,1,GSM331497,1,0.4584428668022156
7,1,GSM331499,1,0.6567288637161255
7,1,GSM331502,1,0.8269820213317871
7,1,GSM331503,1,0.38428765535354614
7,1,GSM331508,1,0.7034206390380859
7,1,GSM331509,1,0.5203899145126343
7,1,GSM331513,1,0.8214882016181946
7,1,GSM331517,1,0.7808598875999451
7,1,GSM331519,1,0.47158634662628174
7,1,GSM331520,1,0.4462732970714569
7,1,GSM331521,1,0.2937302589416504
7,1,GSM331525,1,0.5675207376480103
7,1,GSM331527,1,0.4328882098197937
7,1,GSM331530,1,0.66661536693573
7,1,GSM331531,1,0.44626331329345703
7,1,GSM331533,1,0.8612261414527893
7,1,GSM331534,1,0.6913444995880127
7,1,GSM331535,1,0.3295501172542572
7,1,GSM331536,1,0.5439209342002869
7,1,GSM331538,1,0.19382262229919434
7,1,GSM331539,1,0.553862988948822
7,1,GSM331542,1,0.3699154555797577
7,1,GSM331544,1,0.1568913608789444
7,1,GSM331545,1,0.3489166498184204
7,1,GSM331546,1,0.4437513053417206
7,1,GSM331547,1,0.7280469536781311
7,1,GSM331548,1,0.6804029941558838
7,1,GSM331549,1,0.7322450280189514
7,1,GSM331550,1,0.26608461141586304
7,1,GSM331551,1,0.7101600766181946
7,1,GSM331552,1,0.4204234480857849
7,1,GSM331554,1,0.6318507790565491
7,1,GSM331558,1,0.3114631474018097
7,1,GSM331559,1,0.892099916934967
7,1,GSM331560,1,0.28398582339286804
7,1,GSM331563,1,0.733201801776886
7,1,GSM331564,1,0.7705783247947693
7,1,GSM331566,1,0.7525346279144287
7,1,GSM331568,1,0.6094579100608826
7,1,GSM331569,1,0.5901079177856445
7,1,GSM331572,1,0.7444613575935364
7,1,GSM331576,1,0.8988593220710754
7,1,GSM331578,1,0.49157077074050903
7,1,GSM331579,1,0.5687633156776428
7,1,GSM331581,1,0.3519405126571655
7,1,GSM331583,1,0.42213526368141174
7,1,GSM331585,1,0.5515784025192261
7,1,GSM331586,1,0.3615453839302063
7,1,GSM331587,1,0.8951972723007202
7,1,GSM331588,1,0.7494977712631226
7,1,GSM331594,1,0.44243675470352173
7,1,GSM331598,1,0.35952916741371155
7,1,GSM331600,1,0.8311601281166077
7,1,GSM331607,1,0.9461935758590698
7,1,GSM331612,1,0.4352622330188751
7,1,GSM331619,1,0.6468042135238647
7,1,GSM331620,1,0.5380025506019592
7,1,GSM331621,1,0.4569752514362335
7,1,GSM331623,1,0.6120069026947021
7,1,GSM331624,1,0.7642343640327454
7,1,GSM331625,1,0.7148416638374329
7,1,GSM331626,1,0.2552575469017029
7,1,GSM331627,1,0.5161272287368774
7,1,GSM331628,1,0.5257161855697632
7,1,GSM331629,1,0.21700280904769897
7,1,GSM331630,1,0.45838555693626404
7,1,GSM331631,1,0.1469462662935257
7,1,GSM331633,1,0.3856717646121979
7,1,GSM331636,1,0.5409754514694214
7,1,GSM331639,1,0.24778510630130768
7,1,GSM331642,1,0.7493996620178223
7,1,GSM331647,1,0.5976487994194031
7,1,GSM331648,1,0.4082946479320526
7,1,GSM331650,1,0.26366984844207764
7,1,GSM331653,1,0.8321748375892639
7,1,GSM331657,1,0.5732821226119995
7,1,GSM331658,1,0.6204987168312073
7,1,GSM331659,1,0.6678997874259949
7,2,GSM331638,0,0.36700594425201416
7,2,GSM331660,0,0.3679635524749756
7,2,GSM331661,0,0.43028733134269714
7,2,GSM331662,0,0.3447806239128113
7,2,GSM331663,0,0.3974573612213135
7,2,GSM331664,0,0.4501156806945801
7,2,GSM331665,0,0.29854366183280945
7,2,GSM331669,0,0.6785432696342468
7,2,GSM331670,0,0.4784160256385803
7,2,GSM331671,0,0.5822106003761292
7,2,GSM331673,0,0.2867417633533478
7,2,GSM331674,0,0.6766723394393921
7,2,GSM331676,0,0.7957656979560852
7,2,GSM331677,0,0.508915364742279
7,2,GSM331678,0,0.22760124504566193
7,2,GSM331682,0,0.47890952229499817
7,2,GSM331683,0,0.8861498236656189
7,2,GSM331684,0,0.2459896206855774
7,2,GSM331686,0,0.527746319770813
7,2,GSM331690,0,0.6261955499649048
7,2,GSM331696,0,0.5101113319396973
7,2,GSM331698,0,0.22524020075798035
7,2,GSM331703,0,0.36570703983306885
7,2,GSM331704,0,0.5741930603981018
7,2,GSM331705,0,0.202675923705101
7,2,GSM331707,0,0.5405939221382141
7,2,GSM331718,0,0.6149037480354309
7,2,GSM331719,0,0.2200840711593628
7,2,GSM331720,0,0.2724582850933075
7,2,GSM331721,0,0.7843844294548035
7,2,GSM331723,0,0.4999399781227112
7,2,GSM331724,0,0.2821957468986511
7,2,GSM331727,0,0.6898478865623474
7,2,GSM331728,0,0.41535279154777527
7,2,GSM331729,0,0.2909269630908966
7,2,GSM331732,0,0.7152385711669922
7,2,GSM331455,1,0.17569708824157715
7,2,GSM331457,1,0.6486693620681763
7,2,GSM331458,1,0.38208436965942383
7,2,GSM331460,1,0.5230744481086731
7,2,GSM331461,1,0.3334968388080597
7,2,GSM331462,1,0.3208516240119934
7,2,GSM331463,1,0.16965728998184204
7,2,GSM331465,1,0.406262069940567
7,2,GSM331467,1,0.4120664894580841
7,2,GSM331468,1,0.8634843230247498
7,2,GSM331471,1,0.7124866247177124
7,2,GSM331474,1,0.31189683079719543
7,2,GSM331476,1,0.4722597301006317
7,2,GSM331479,1,0.46430233120918274
7,2,GSM331486,1,0.3260548710823059
7,2,GSM331488,1,0.5230887532234192
7,2,GSM331490,1,0.29007476568222046
7,2,GSM331493,1,0.1634581834077835
7,2,GSM331494,1,0.8855393528938293
7,2,GSM331498,1,0.29050108790397644
7,2,GSM331500,1,0.310797780752182
7,2,GSM331501,1,0.2754361927509308
7,2,GSM331504,1,0.4112905263900757
7,2,GSM331505,1,0.7971410155296326
7,2,GSM331506,1,0.467349112033844
7,2,GSM331507,1,0.4116609990596771
7,2,GSM331510,1,0.6425042152404785
7,2,GSM331511,1,0.8159973621368408
7,2,GSM331512,1,0.7272117137908936
7,2,GSM331514,1,0.27612558007240295
7,2,GSM331515,1,0.3789125084877014
7,2,GSM331516,1,0.6983759999275208
7,2,GSM331518,1,0.5964348912239075
7,2,GSM331522,1,0.27416983246803284
7,2,GSM331523,1,0.4845160245895386
7,2,GSM331524,1,0.6455215811729431
7,2,GSM331526,1,0.2887241542339325
7,2,GSM331528,1,0.747428834438324
7,2,GSM331529,1,0.3405875265598297
7,2,GSM331532,1,0.48712584376335144
7,2,GSM331537,1,0.5296688675880432
7,2,GSM331540,1,0.31359368562698364
7,2,GSM331541,1,0.4832571744918823
7,2,GSM331543,1,0.5409284234046936
7,2,GSM331553,1,0.7607675194740295
7,2,GSM331555,1,0.2171771228313446
7,2,GSM331556,1,0.4042818546295166
7,2,GSM331557,1,0.4759100675582886
7,2,GSM331561,1,0.5681576728820801
7,2,GSM331562,1,0.5992303490638733
7,2,GSM331565,1,0.5216939449310303
7,2,GSM331567,1,0.3153211176395416
7,2,GSM331570,1,0.2786065936088562
7,2,GSM331571,1,0.3156292140483856
7,2,GSM331573,1,0.7188175320625305
7,2,GSM331574,1,0.6374354958534241
7,2,GSM331575,1,0.40181198716163635
7,2,GSM331577,1,0.3768579661846161
7,2,GSM331580,1,0.6269212961196899
7,2,GSM331582,1,0.4085313677787781
7,2,GSM331584,1,0.37679606676101685
7,2,GSM331589,1,0.5475296974182129
7,2,GSM331590,1,0.3343856632709503
7,2,GSM331591,1,0.8747749924659729
7,2,GSM331592,1,0.6304677724838257
7,2,GSM331593,1,0.4532873034477234
7,2,GSM331595,1,0.4555231034755707
7,2,GSM331596,1,0.8132508397102356
7,2,GSM331597,1,0.4569018483161926
7,2,GSM331599,1,0.7468489408493042
7,2,GSM331601,1,0.4534739553928375
7,2,GSM331602,1,0.5709154605865479
7,2,GSM331603,1,0.4158753752708435
7,2,GSM331604,1,0.1948554515838623
7,2,GSM331605,1,0.6722269058227539
7,2,GSM331606,1,0.37917155027389526
7,2,GSM331608,1,0.23441776633262634
7,2,GSM331609,1,0.17389528453350067
7,2,GSM331610,1,0.4899388253688812
7,2,GSM331611,1,0.80366051197052
7,2,GSM331613,1,0.3563649356365204
7,2,GSM331614,1,0.24274227023124695
7,2,GSM331615,1,0.4117037057876587
7,2,GSM331616,1,0.6802250742912292
7,2,GSM331617,1,0.7905457615852356
7,2,GSM331618,1,0.5229189991950989
7,2,GSM331622,1,0.5251994132995605
7,2,GSM331632,1,0.18328967690467834
7,2,GSM331634,1,0.39584633708000183
7,2,GSM331635,1,0.3155193626880646
7,2,GSM331637,1,0.33577027916908264
7,2,GSM331640,1,0.26503604650497437
7,2,GSM331641,1,0.5014593601226807
7,2,GSM331643,1,0.7496612668037415
7,2,GSM331644,1,0.29173457622528076
7,2,GSM331645,1,0.6185066103935242
7,2,GSM331646,1,0.2525007426738739
7,2,GSM331649,1,0.5570291876792908
7,2,GSM331651,1,0.6486430168151855
7,2,GSM331652,1,0.8001299500465393
7,2,GSM331654,1,0.7680417895317078
7,2,GSM331655,1,0.31064659357070923
7,2,GSM331656,1,0.3043043315410614
8,1,GSM331638,0,0.46027693152427673
8,1,GSM331660,0,0.4121565818786621
8,1,GSM331661,0,0.6603063344955444
8,1,GSM331663,0,0.4140615463256836
8,1,GSM331664,0,0.5180221796035767
8,1,GSM331665,0,0.7639691233634949
8,1,GSM331668,0,0.6546796560287476
8,1,GSM331671,0,0.661062479019165
8,1,GSM331673,0,0.5826647281646729
8,1,GSM331675,0,0.28250089287757874
8,1,GSM331676,0,0.6498558521270752
8,1,GSM331678,0,0.35426828265190125
8,1,GSM331679,0,0.6635156273841858
8,1,GSM331683,0,0.7568907737731934
8,1,GSM331684,0,0.37607207894325256
8,1,GSM331685,0,0.232815220952034
8,1,GSM331686,0,0.706216037273407
8,1,GSM331689,0,0.5749555826187134
8,1,GSM331690,0,0.6080239415168762
8,1,GSM331693,0,0.5782067775726318
8,1,GSM331694,0,0.46353286504745483
8,1,GSM331700,0,0.5343083739280701
8,1,GSM331701,0,0.37386947870254517
8,1,GSM331704,0,0.6845855116844177
8,1,GSM331707,0,0.5436593294143677
8,1,GSM331708,0,0.7089516520500183
8,1,GSM331709,0,0.5061841011047363
8,1,GSM331710,0,0.40682005882263184
8,1,GSM331712,0,0.5853077173233032
8,1,GSM331717,0,0.7902754545211792
8,1,GSM331719,0,0.24375301599502563
8,1,GSM331721,0,0.8160210847854614
8,1,GSM331724,0,0.3650771379470825
8,1,GSM331725,0,0.734975278377533
8,1,GSM331726,0,0.21511349081993103
8,1,GSM331727,0,0.5049645304679871
8,1,GSM331731,0,0.6818806529045105
8,1,GSM331453,1,0.4516577124595642
8,1,GSM331456,1,0.5037798285484314
8,1,GSM331460,1,0.554654061794281
8,1,GSM331461,1,0.4034598171710968
8,1,GSM331463,1,0.2414730042219162
8,1,GSM331464,1,0.2886006832122803
8,1,GSM331467,1,0.3394196331501007
8,1,GSM331468,1,0.6729640960693359
8,1,GSM331469,1,0.5565255880355835
8,1,GSM331471,1,0.7253804206848145
8,1,GSM331475,1,0.373547226190567
8,1,GSM331480,1,0.7315320372581482
8,1,GSM331482,1,0.42128443717956543
8,1,GSM331483,1,0.6340476870536804
8,1,GSM331488,1,0.7005682587623596
8,1,GSM331489,1,0.43883204460144043
8,1,GSM331491,1,0.5708918571472168
8,1,GSM331493,1,0.24627622961997986
8,1,GSM331494,1,0.6765730381011963
8,1,GSM331495,1,0.3830921947956085
8,1,GSM331496,1,0.4589995741844177
8,1,GSM331499,1,0.5247809886932373
8,1,GSM331500,1,0.5577604174613953
8,1,GSM331501,1,0.5639082193374634
8,1,GSM331502,1,0.7423118352890015
8,1,GSM331503,1,0.3837335407733917
8,1,GSM331504,1,0.4375125467777252
8,1,GSM331505,1,0.5716125965118408
8,1,GSM331508,1,0.4771048426628113
8,1,GSM331509,1,0.46806761622428894
8,1,GSM331510,1,0.4209575355052948
8,1,GSM331513,1,0.5668131709098816
8,1,GSM331516,1,0.6012556552886963
8,1,GSM331518,1,0.3905596137046814
8,1,GSM331520,1,0.40995222330093384
8,1,GSM331521,1,0.37680500745773315
8,1,GSM331522,1,0.4871863126754761
8,1,GSM331524,1,0.525692343711853
8,1,GSM331526,1,0.5636577606201172
8,1,GSM331528,1,0.7071177959442139
8,1,GSM331529,1,0.4182968735694885
8,1,GSM331533,1,0.6567985415458679
8,1,GSM331534,1,0.6274154186248779
8,1,GSM331536,1,0.6368891000747681
8,1,GSM331538,1,0.2051399201154709
8,1,GSM331539,1,0.5003470778465271
8,1,GSM331540,1,0.4851848781108856
8,1,GSM331543,1,0.528568685054779
8,1,GSM331550,1,0.4919705390930176
8,1,GSM331554,1,0.33630746603012085
8,1,GSM331555,1,0.34072548151016235
8,1,GSM331556,1,0.5324868559837341
8,1,GSM331557,1,0.695659339427948
8,1,GSM331558,1,0.29784703254699707
8,1,GSM331559,1,0.8062201142311096
8,1,GSM331561,1,0.6271209120750427
8,1,GSM331562,1,0.37183815240859985
8,1,GSM331563,1,0.7245717644691467
8,1,GSM331564,1,0.4146662950515747
8,1,GSM331566,1,0.6555260419845581
8,1,GSM331569,1,0.5833940505981445
8,1,GSM331570,1,0.47087499499320984
8,1,GSM331572,1,0.6892374157905579
8,1,GSM331573,1,0.7429842352867126
8,1,GSM331574,1,0.5394300222396851
8,1,GSM331575,1,0.6491948962211609
8,1,GSM331582,1,0.5160927772521973
8,1,GSM331583,1,0.49776211380958557
8,1,GSM331585,1,0.6213886141777039
8,1,GSM331588,1,0.6382182240486145
8,1,GSM331589,1,0.6283073425292969
8,1,GSM331592,1,0.5785796046257019
8,1,GSM331594,1,0.342737078666687
8,1,GSM331596,1,0.6758573651313782
8,1,GSM331597,1,0.5364804863929749
8,1,GSM331599,1,0.867822527885437
8,1,GSM331601,1,0.6021289229393005
8,1,GSM331603,1,0.4947706162929535
8,1,GSM331607,1,0.8250913619995117
8,1,GSM331608,1,0.4944206774234772
8,1,GSM331609,1,0.3589634299278259
8,1,GSM331610,1,0.7187979817390442
8,1,GSM331613,1,0.4676831364631653
8,1,GSM331615,1,0.3262900710105896
8,1,GSM331616,1,0.5252253413200378
8,1,GSM331617,1,0.8464842438697815
8,1,GSM331619,1,0.3087209463119507
8,1,GSM331621,1,0.44402822852134705
8,1,GSM331624,1,0.6526497006416321
8,1,GSM331625,1,0.7958542704582214
8,1,GSM331626,1,0.22441141307353973
8,1,GSM331627,1,0.35776829719543457
8,1,GSM331629,1,0.3133094608783722
8,1,GSM331633,1,0.2924487888813019
8,1,GSM331636,1,0.32425057888031006
8,1,GSM331641,1,0.5825825333595276
8,1,GSM331642,1,0.5251348614692688
8,1,GSM331646,1,0.24832120537757874
8,1,GSM331648,1,0.3313509225845337
8,1,GSM331649,1,0.48975053429603577
8,1,GSM331653,1,0.5668590664863586
8,1,GSM331654,1,0.7956016063690186
8,1,GSM331656,1,0.35386577248573303
8,2,GSM331662,0,0.374396950006485
8,2,GSM331666,0,0.22637388110160828
8,2,GSM331669,0,0.8002521991729736
8,2,GSM331670,0,0.49093660712242126
8,2,GSM331672,0,0.6012166738510132
8,2,GSM331674,0,0.7279056906700134
8,2,GSM331677,0,0.30655819177627563
8,2,GSM331680,0,0.4651830494403839
8,2,GSM331681,0,0.6378892064094543
8,2,GSM331682,0,0.5116675496101379
8,2,GSM331687,0,0.3793676495552063
8,2,GSM331688,0,0.5702027678489685
8,2,GSM331691,0,0.5044671893119812
8,2,GSM331692,0,0.40206775069236755
8,2,GSM331695,0,0.2681276798248291
8,2,GSM331696,0,0.3183569312095642
8,2,GSM331697,0,0.26075616478919983
8,2,GSM331698,0,0.2707647979259491
8,2,GSM331699,0,0.47460922598838806
8,2,GSM331702,0,0.5426656603813171
8,2,GSM331703,0,0.2999141812324524
8,2,GSM331705,0,0.44883549213409424
8,2,GSM331706,0,0.7123531103134155
8,2,GSM331711,0,0.5355737805366516
8,2,GSM331713,0,0.4005568027496338
8,2,GSM331714,0,0.718665361404419
8,2,GSM331715,0,0.22481602430343628
8,2,GSM331716,0,0.8498505353927612
8,2,GSM331718,0,0.6875507831573486
8,2,GSM331720,0,0.2632462978363037
8,2,GSM331722,0,0.5723389983177185
8,2,GSM331723,0,0.6677477955818176
8,2,GSM331728,0,0.2142421454191208
8,2,GSM331729,0,0.22886140644550323
8,2,GSM331730,0,0.4974721372127533
8,2,GSM331732,0,0.6396459937095642
8,2,GSM331454,1,0.41634196043014526
8,2,GSM331455,1,0.1575240194797516
8,2,GSM331457,1,0.5746545195579529
8,2,GSM331458,1,0.5150268077850342
8,2,GSM331459,1,0.5587928891181946
8,2,GSM331462,1,0.5398182272911072
8,2,GSM331465,1,0.37872543931007385
8,2,GSM331466,1,0.4025191366672516
8,2,GSM331470,1,0.5824297666549683
8,2,GSM331472,1,0.3312157094478607
8,2,GSM331473,1,0.5579726696014404
8,2,GSM331474,1,0.3443087637424469
8,2,GSM331476,1,0.5578286647796631
8,2,GSM331477,1,0.49581438302993774
8,2,GSM331478,1,0.44275471568107605
8,2,GSM331479,1,0.4944711923599243
8,2,GSM331481,1,0.4516683518886566
8,2,GSM331484,1,0.2130144089460373
8,2,GSM331485,1,0.6089340448379517
8,2,GSM331486,1,0.6101173162460327
8,2,GSM331487,1,0.7152420282363892
8,2,GSM331490,1,0.3463747203350067
8,2,GSM331492,1,0.3545434772968292
8,2,GSM331497,1,0.43114206194877625
8,2,GSM331498,1,0.22890694439411163
8,2,GSM331506,1,0.4637836515903473
8,2,GSM331507,1,0.2161497324705124
8,2,GSM331511,1,0.4567648470401764
8,2,GSM331512,1,0.6783913373947144
8,2,GSM331514,1,0.25124242901802063
8,2,GSM331515,1,0.3566482663154602
8,2,GSM331517,1,0.6215183138847351
8,2,GSM331519,1,0.39733272790908813
8,2,GSM331523,1,0.3994775414466858
8,2,GSM331525,1,0.4957980811595917
8,2,GSM331527,1,0.3798752725124359
8,2,GSM331530,1,0.37759867310523987
8,2,GSM331531,1,0.44531363248825073
8,2,GSM331532,1,0.16870269179344177
8,2,GSM331535,1,0.408199667930603
8,2,GSM331537,1,0.5169990062713623
8,2,GSM331541,1,0.5727390050888062
8,2,GSM331542,1,0.3055984079837799
8,2,GSM331544,1,0.17607863247394562
8,2,GSM331545,1,0.5937473773956299
8,2,GSM331546,1,0.39667174220085144
8,2,GSM331547,1,0.36254724860191345
8,2,GSM331548,1,0.49211835861206055
8,2,GSM331549,1,0.6849652528762817
8,2,GSM331551,1,0.41023892164230347
8,2,GSM331552,1,0.261807382106781
8,2,GSM331553,1,0.754761278629303
8,2,GSM331560,1,0.2880018353462219
8,2,GSM331565,1,0.4030413031578064
8,2,GSM331567,1,0.28017449378967285
8,2,GSM331568,1,0.637470543384552
8,2,GSM331571,1,0.4867933392524719
8,2,GSM331576,1,0.7189816832542419
8,2,GSM331577,1,0.3922205865383148
8,2,GSM331578,1,0.45374348759651184
8,2,GSM331579,1,0.3804776072502136
8,2,GSM331580,1,0.4494132697582245
8,2,GSM331581,1,0.2531440258026123
8,2,GSM331584,1,0.3081488013267517
8,2,GSM331586,1,0.3895796537399292
8,2,GSM331587,1,0.44056451320648193
8,2,GSM331590,1,0.4099251329898834
8,2,GSM331591,1,0.564328670501709
8,2,GSM331593,1,0.3923836350440979
8,2,GSM331595,1,0.3670785427093506
8,2,GSM331598,1,0.2867412269115448
8,2,GSM331600,1,0.776405394077301
8,2,GSM331602,1,0.3804767429828644
8,2,GSM331604,1,0.31125327944755554
8,2,GSM331605,1,0.5800702571868896
8,2,GSM331606,1,0.31056758761405945
8,2,GSM331611,1,0.5745992660522461
8,2,GSM331612,1,0.5840906500816345
8,2,GSM331614,1,0.4074341654777527
8,2,GSM331618,1,0.44216620922088623
8,2,GSM331620,1,0.36416223645210266
8,2,GSM331622,1,0.6165379881858826
8,2,GSM331623,1,0.3629625141620636
8,2,GSM331628,1,0.3798803389072418
8,2,GSM331630,1,0.3896549940109253
8,2,GSM331631,1,0.21432597935199738
8,2,GSM331632,1,0.14978155493736267
8,2,GSM331634,1,0.32815951108932495
8,2,GSM331635,1,0.2966831624507904
8,2,GSM331637,1,0.39679282903671265
8,2,GSM331639,1,0.23264263570308685
8,2,GSM331640,1,0.19460242986679077
8,2,GSM331643,1,0.7223974466323853
8,2,GSM331644,1,0.18877236545085907
8,2,GSM331645,1,0.41548824310302734
8,2,GSM331647,1,0.529066264629364
8,2,GSM331650,1,0.35322657227516174
8,2,GSM331651,1,0.45952048897743225
8,2,GSM331652,1,0.5377355813980103
8,2,GSM331655,1,0.3862408697605133
8,2,GSM331657,1,0.6692992448806763
8,2,GSM331658,1,0.4219212532043457
8,2,GSM331659,1,0.5627405047416687
9,1,GSM331661,0,0.3303084671497345
9,1,GSM331663,0,0.24195151031017303
9,1,GSM331666,0,0.3236304819583893
9,1,GSM331668,0,0.8836227059364319
9,1,GSM331669,0,0.7501735091209412
9,1,GSM331670,0,0.7533087134361267
9,1,GSM331671,0,0.843233048915863
9,1,GSM331672,0,0.7224739789962769
9,1,GSM331673,0,0.27850496768951416
9,1,GSM331675,0,0.06451774388551712
9,1,GSM331678,0,0.3698410093784332
9,1,GSM331680,0,0.6492757201194763
9,1,GSM331682,0,0.5308794379234314
9,1,GSM331683,0,0.9755094647407532
9,1,GSM331684,0,0.18336281180381775
9,1,GSM331686,0,0.6121913194656372
9,1,GSM331687,0,0.5180036425590515
9,1,GSM331688,0,0.8825674653053284
9,1,GSM331692,0,0.08967771381139755
9,1,GSM331693,0,0.16449002921581268
9,1,GSM331694,0,0.7537112832069397
9,1,GSM331698,0,0.1302340179681778
9,1,GSM331703,0,0.5985147356987
9,1,GSM331704,0,0.556304931640625
9,1,GSM331706,0,0.7605409026145935
9,1,GSM331708,0,0.9115273952484131
9,1,GSM331709,0,0.36868521571159363
9,1,GSM331714,0,0.9782407283782959
9,1,GSM331715,0,0.3806402385234833
9,1,GSM331718,0,0.9463123083114624
9,1,GSM331719,0,0.049723945558071136
9,1,GSM331720,0,0.5982478260993958
9,1,GSM331723,0,0.6193077564239502
9,1,GSM331727,0,0.7992773056030273
9,1,GSM331728,0,0.5137122273445129
9,1,GSM331729,0,0.295775830745697
9,1,GSM331730,0,0.5466358065605164
9,1,GSM331453,1,0.14844690263271332
9,1,GSM331455,1,0.0666719526052475
9,1,GSM331456,1,0.4344101846218109
9,1,GSM331457,1,0.7509244084358215
9,1,GSM331460,1,0.4741063416004181
9,1,GSM331461,1,0.7872791886329651
9,1,GSM331462,1,0.2760397791862488
9,1,GSM331464,1,0.20949968695640564
9,1,GSM331467,1,0.15680958330631256
9,1,GSM331470,1,0.8153825402259827
9,1,GSM331471,1,0.8276997804641724
9,1,GSM331474,1,0.7034284472465515
9,1,GSM331478,1,0.1885582059621811
9,1,GSM331483,1,0.924257755279541
9,1,GSM331484,1,0.1987931728363037
9,1,GSM331485,1,0.6844619512557983
9,1,GSM331486,1,0.6053119897842407
9,1,GSM331487,1,0.9213337898254395
9,1,GSM331488,1,0.7343491911888123
9,1,GSM331489,1,0.15448534488677979
9,1,GSM331494,1,0.7684148550033569
9,1,GSM331496,1,0.3838440477848053
9,1,GSM331501,1,0.44688495993614197
9,1,GSM331502,1,0.9156081676483154
9,1,GSM331505,1,0.7833155989646912
9,1,GSM331506,1,0.5022885203361511
9,1,GSM331510,1,0.9312288165092468
9,1,GSM331511,1,0.8209003210067749
9,1,GSM331512,1,0.9479383230209351
9,1,GSM331513,1,0.7278493642807007
9,1,GSM331519,1,0.2284456193447113
9,1,GSM331521,1,0.4461224377155304
9,1,GSM331522,1,0.5579497814178467
9,1,GSM331523,1,0.5841647386550903
9,1,GSM331530,1,0.6899778246879578
9,1,GSM331532,1,0.4097166061401367
9,1,GSM331534,1,0.4410349130630493
9,1,GSM331536,1,0.5995434522628784
9,1,GSM331538,1,0.12895993888378143
9,1,GSM331540,1,0.760059654712677
9,1,GSM331541,1,0.6984459757804871
9,1,GSM331543,1,0.5249873399734497
9,1,GSM331544,1,0.037374574691057205
9,1,GSM331545,1,0.21545596420764923
9,1,GSM331546,1,0.29810798168182373
9,1,GSM331547,1,0.7809122800827026
9,1,GSM331548,1,0.9205109477043152
9,1,GSM331550,1,0.7424067258834839
9,1,GSM331552,1,0.13122859597206116
9,1,GSM331553,1,0.9228169322013855
9,1,GSM331554,1,0.9291138648986816
9,1,GSM331556,1,0.8103997111320496
9,1,GSM331558,1,0.13512282073497772
9,1,GSM331561,1,0.9264177680015564
9,1,GSM331563,1,0.6754804253578186
9,1,GSM331565,1,0.4498203694820404
9,1,GSM331568,1,0.7657252550125122
9,1,GSM331569,1,0.45464858412742615
9,1,GSM331571,1,0.46727216243743896
9,1,GSM331572,1,0.41507047414779663
9,1,GSM331573,1,0.5748940706253052
9,1,GSM331578,1,0.5788847208023071
9,1,GSM331579,1,0.3051672875881195
9,1,GSM331581,1,0.2917908728122711
9,1,GSM331584,1,0.4382508099079132
9,1,GSM331585,1,0.5320664048194885
9,1,GSM331586,1,0.10009238123893738
9,1,GSM331588,1,0.6008080244064331
9,1,GSM331591,1,0.6842073202133179
9,1,GSM331593,1,0.8832750916481018
9,1,GSM331594,1,0.518538773059845
9,1,GSM331595,1,0.4307076930999756
9,1,GSM331596,1,0.6626570224761963
9,1,GSM331597,1,0.763709545135498
9,1,GSM331600,1,0.8162933588027954
9,1,GSM331601,1,0.7487745881080627
9,1,GSM331603,1,0.8790513873100281
9,1,GSM331607,1,0.9493798017501831
9,1,GSM331611,1,0.9168065190315247
9,1,GSM331613,1,0.8209412097930908
9,1,GSM331615,1,0.3791823089122772
9,1,GSM331616,1,0.5573394298553467
9,1,GSM331618,1,0.4035513401031494
9,1,GSM331619,1,0.15212763845920563
9,1,GSM331621,1,0.2619890570640564
9,1,GSM331623,1,0.834834635257721
9,1,GSM331625,1,0.614922046661377
9,1,GSM331626,1,0.21319782733917236
9,1,GSM331630,1,0.9288061857223511
9,1,GSM331633,1,0.10851114988327026
9,1,GSM331634,1,0.5530136227607727
9,1,GSM331636,1,0.23270078003406525
9,1,GSM331637,1,0.18338505923748016
9,1,GSM331639,1,0.18686352670192719
9,1,GSM331640,1,0.14492323994636536
9,1,GSM331641,1,0.2140032947063446
9,1,GSM331644,1,0.08719522505998611
9,1,GSM331648,1,0.0796966403722763
9,1,GSM331650,1,0.23186790943145752
9,1,GSM331652,1,0.901907742023468
9,1,GSM331654,1,0.5805191993713379
9,1,GSM331658,1,0.21897505223751068
9,1,GSM331659,1,0.38199546933174133
9,2,GSM331638,0,0.5779240727424622
9,2,GSM331660,0,0.4634806215763092
9,2,GSM331662,0,0.8511858582496643
9,2,GSM331664,0,0.8397703766822815
9,2,GSM331665,0,0.621824324131012
9,2,GSM331674,0,0.628900945186615
9,2,GSM331676,0,0.7957766056060791
9,2,GSM331677,0,0.2838563323020935
9,2,GSM331679,0,0.8068332076072693
9,2,GSM331681,0,0.2670545279979706
9,2,GSM331685,0,0.4912272095680237
9,2,GSM331689,0,0.657642662525177
9,2,GSM331690,0,0.37256044149398804
9,2,GSM331691,0,0.5056561827659607
9,2,GSM331695,0,0.5513966083526611
9,2,GSM331696,0,0.6243020296096802
9,2,GSM331697,0,0.16947537660598755
9,2,GSM331699,0,0.5503875613212585
9,2,GSM331700,0,0.37315526604652405
9,2,GSM331701,0,0.2500081956386566
9,2,GSM331702,0,0.5733384490013123
9,2,GSM331705,0,0.15553273260593414
9,2,GSM331707,0,0.5129846334457397
9,2,GSM331710,0,0.23201113939285278
9,2,GSM331711,0,0.8275699019432068
9,2,GSM331712,0,0.4982052147388458
9,2,GSM331713,0,0.2928225100040436
9,2,GSM331716,0,0.8740193843841553
9,2,GSM331717,0,0.7342537045478821
9,2,GSM331721,0,0.8177569508552551
9,2,GSM331722,0,0.8931915163993835
9,2,GSM331724,0,0.17093800008296967
9,2,GSM331725,0,0.873945415019989
9,2,GSM331726,0,0.26818323135375977
9,2,GSM331731,0,0.8815202116966248
9,2,GSM331732,0,0.655344545841217
9,2,GSM331454,1,0.1275297999382019
9,2,GSM331458,1,0.389860063791275
9,2,GSM331459,1,0.4687734842300415
9,2,GSM331463,1,0.15755915641784668
9,2,GSM331465,1,0.3532060384750366
9,2,GSM331466,1,0.8881171345710754
9,2,GSM331468,1,0.9067622423171997
9,2,GSM331469,1,0.6415714025497437
9,2,GSM331472,1,0.13772420585155487
9,2,GSM331473,1,0.7810380458831787
9,2,GSM331475,1,0.6711320281028748
9,2,GSM331476,1,0.8240661025047302
9,2,GSM331477,1,0.4803313910961151
9,2,GSM331479,1,0.7404176592826843
9,2,GSM331480,1,0.9671809673309326
9,2,GSM331481,1,0.451204389333725
9,2,GSM331482,1,0.12219103425741196
9,2,GSM331490,1,0.13134397566318512
9,2,GSM331491,1,0.4141388535499573
9,2,GSM331492,1,0.6454785466194153
9,2,GSM331493,1,0.0708390474319458
9,2,GSM331495,1,0.6881298422813416
9,2,GSM331497,1,0.7125511169433594
9,2,GSM331498,1,0.07598411291837692
9,2,GSM331499,1,0.9269371032714844
9,2,GSM331500,1,0.47417911887168884
9,2,GSM331503,1,0.33148637413978577
9,2,GSM331504,1,0.13456842303276062
9,2,GSM331507,1,0.6733582019805908
9,2,GSM331508,1,0.9005796313285828
9,2,GSM331509,1,0.7055101990699768
9,2,GSM331514,1,0.06639296561479568
9,2,GSM331515,1,0.28846433758735657
9,2,GSM331516,1,0.932016909122467
9,2,GSM331517,1,0.6845575571060181
9,2,GSM331518,1,0.8112489581108093
9,2,GSM331520,1,0.4901280403137207
9,2,GSM331524,1,0.5470649600028992
9,2,GSM331525,1,0.9056788086891174
9,2,GSM331526,1,0.40229615569114685
9,2,GSM331527,1,0.17481090128421783
9,2,GSM331528,1,0.7575383186340332
9,2,GSM331529,1,0.673500120639801
9,2,GSM331531,1,0.7003961205482483
9,2,GSM331533,1,0.5904616117477417
9,2,GSM331535,1,0.14750277996063232
9,2,GSM331537,1,0.4383237361907959
9,2,GSM331539,1,0.4244714677333832
9,2,GSM331542,1,0.10620583593845367
9,2,GSM331549,1,0.9241275787353516
9,2,GSM331551,1,0.3262488842010498
9,2,GSM331555,1,0.22324249148368835
9,2,GSM331557,1,0.4774511158466339
9,2,GSM331559,1,0.9297216534614563
9,2,GSM331560,1,0.07275094091892242
9,2,GSM331562,1,0.7959749102592468
9,2,GSM331564,1,0.5108983516693115
9,2,GSM331566,1,0.8829741477966309
9,2,GSM331567,1,0.3217344284057617
9,2,GSM331570,1,0.19996581971645355
9,2,GSM331574,1,0.4714321792125702
9,2,GSM331575,1,0.4373794496059418
9,2,GSM331576,1,0.7513660192489624
9,2,GSM331577,1,0.3323845863342285
9,2,GSM331580,1,0.7948753237724304
9,2,GSM331582,1,0.8760029673576355
9,2,GSM331583,1,0.7804020643234253
9,2,GSM331587,1,0.9261600971221924
9,2,GSM331589,1,0.30845320224761963
9,2,GSM331590,1,0.42285627126693726
9,2,GSM331592,1,0.493802011013031
9,2,GSM331598,1,0.04164338484406471
9,2,GSM331599,1,0.8813886046409607
9,2,GSM331602,1,0.5548208951950073
9,2,GSM331604,1,0.10816062241792679
9,2,GSM331605,1,0.6508658528327942
9,2,GSM331606,1,0.15755335986614227
9,2,GSM331608,1,0.552028238773346
9,2,GSM331609,1,0.12566085159778595
9,2,GSM331610,1,0.6145273447036743
9,2,GSM331612,1,0.8791118264198303
9,2,GSM331614,1,0.24062637984752655
9,2,GSM331617,1,0.7469680309295654
9,2,GSM331620,1,0.5186296701431274
9,2,GSM331622,1,0.6206560134887695
9,2,GSM331624,1,0.7254248857498169
9,2,GSM331627,1,0.2834899425506592
9,2,GSM331628,1,0.5118548274040222
9,2,GSM331629,1,0.2874724268913269
9,2,GSM331631,1,0.057495877146720886
9,2,GSM331632,1,0.046660199761390686
9,2,GSM331635,1,0.21046948432922363
9,2,GSM331642,1,0.4989549219608307
9,2,GSM331643,1,0.9135944843292236
9,2,GSM331645,1,0.3611970841884613
9,2,GSM331646,1,0.5132811665534973
9,2,GSM331647,1,0.8106613755226135
9,2,GSM331649,1,0.8154868483543396
9,2,GSM331651,1,0.8864910006523132
9,2,GSM331653,1,0.6704354882240295
9,2,GSM331655,1,0.3830142617225647
9,2,GSM331656,1,0.21724176406860352
9,2,GSM331657,1,0.6490815877914429
10,1,GSM331638,0,0.6307094693183899
10,1,GSM331660,0,0.5090402960777283
10,1,GSM331661,0,0.6040999293327332
10,1,GSM331662,0,0.4509792923927307
10,1,GSM331663,0,0.24840667843818665
10,1,GSM331664,0,0.14477618038654327
10,1,GSM331670,0,0.6000522971153259
10,1,GSM331672,0,0.7218201756477356
10,1,GSM331673,0,0.5352985262870789
10,1,GSM331674,0,0.17702272534370422
10,1,GSM331677,0,0.17909257113933563
10,1,GSM331683,0,0.7455245852470398
10,1,GSM331684,0,0.5709706544876099
10,1,GSM331685,0,0.19040746986865997
10,1,GSM331688,0,0.7233743071556091
10,1,GSM331690,0,0.4119926989078522
10,1,GSM331691,0,0.5821444392204285
10,1,GSM331692,0,0.39314186573028564
10,1,GSM331693,0,0.42990243434906006
10,1,GSM331695,0,0.33805257081985474
10,1,GSM331697,0,0.655840277671814
10,1,GSM331699,0,0.20311947166919708
10,1,GSM331702,0,0.44013503193855286
10,1,GSM331704,0,0.6770751476287842
10,1,GSM331706,0,0.7444747686386108
10,1,GSM331707,0,0.12257346510887146
10,1,GSM331708,0,0.5053961873054504
10,1,GSM331709,0,0.3851349353790283
10,1,GSM331715,0,0.2429804652929306
10,1,GSM331718,0,0.4411437213420868
10,1,GSM331719,0,0.43830111622810364
10,1,GSM331721,0,0.4904440641403198
10,1,GSM331724,0,0.5269491076469421
10,1,GSM331725,0,0.23927804827690125
10,1,GSM331726,0,0.48520565032958984
10,1,GSM331727,0,0.27475622296333313
10,1,GSM331729,0,0.3048928678035736
10,1,GSM331454,1,0.38990911841392517
10,1,GSM331455,1,0.3298705518245697
10,1,GSM331457,1,0.47327348589897156
10,1,GSM331458,1,0.46954262256622314
10,1,GSM331459,1,0.47860923409461975
10,1,GSM331460,1,0.18219098448753357
10,1,GSM331461,1,0.5860023498535156
10,1,GSM331462,1,0.19094790518283844
10,1,GSM331464,1,0.6663191914558411
10,1,GSM331469,1,0.11782030761241913
10,1,GSM331471,1,0.3972555994987488
10,1,GSM331475,1,0.38776734471321106
10,1,GSM331478,1,0.6709901690483093
10,1,GSM331479,1,0.4516761004924774
10,1,GSM331480,1,0.708347499370575
10,1,GSM331482,1,0.5054495334625244
10,1,GSM331487,1,0.769603431224823
10,1,GSM331492,1,0.3333059251308441
10,1,GSM331494,1,0.42761120200157166
10,1,GSM331495,1,0.6201693415641785
10,1,GSM331499,1,0.5813100337982178
10,1,GSM331500,1,0.6623457670211792
10,1,GSM331506,1,0.45251065492630005
10,1,GSM331508,1,0.6843891739845276
10,1,GSM331510,1,0.2918192744255066
10,1,GSM331511,1,0.7366842031478882
10,1,GSM331512,1,0.7051846385002136
10,1,GSM331516,1,0.7044402956962585
10,1,GSM331517,1,0.5741634964942932
10,1,GSM331519,1,0.4690103828907013
10,1,GSM331520,1,0.44207170605659485
10,1,GSM331522,1,0.5417240858078003
10,1,GSM331524,1,0.3313372731208801
10,1,GSM331525,1,0.33248424530029297
10,1,GSM331526,1,0.5767056941986084
10,1,GSM331527,1,0.3462485074996948
10,1,GSM331528,1,0.4304446876049042
10,1,GSM331530,1,0.6580933928489685
10,1,GSM331531,1,0.39205142855644226
10,1,GSM331532,1,0.47479113936424255
10,1,GSM331535,1,0.43058010935783386
10,1,GSM331536,1,0.4857853651046753
10,1,GSM331537,1,0.8006784319877625
10,1,GSM331540,1,0.6795111298561096
10,1,GSM331543,1,0.6225851774215698
10,1,GSM331544,1,0.302059531211853
10,1,GSM331545,1,0.4016043245792389
10,1,GSM331548,1,0.25815343856811523
10,1,GSM331549,1,0.6771487593650818
10,1,GSM331551,1,0.4332970380783081
10,1,GSM331553,1,0.5501366257667542
10,1,GSM331555,1,0.12769843637943268
10,1,GSM331556,1,0.3106902837753296
10,1,GSM331560,1,0.3024425506591797
10,1,GSM331563,1,0.3125273883342743
10,1,GSM331564,1,0.6359586119651794
10,1,GSM331565,1,0.3811202943325043
10,1,GSM331566,1,0.19321906566619873
10,1,GSM331570,1,0.5119996666908264
10,1,GSM331572,1,0.5996451377868652
10,1,GSM331573,1,0.45926201343536377
10,1,GSM331575,1,0.5524375438690186
10,1,GSM331577,1,0.3464791774749756
10,1,GSM331578,1,0.3609893321990967
10,1,GSM331580,1,0.3331162929534912
10,1,GSM331583,1,0.2047896832227707
10,1,GSM331584,1,0.2467358410358429
10,1,GSM331589,1,0.47329607605934143
10,1,GSM331590,1,0.270955353975296
10,1,GSM331593,1,0.3682563900947571
10,1,GSM331597,1,0.7528008818626404
10,1,GSM331598,1,0.39512917399406433
10,1,GSM331600,1,0.686697244644165
10,1,GSM331602,1,0.3621649444103241
10,1,GSM331603,1,0.4551570415496826
10,1,GSM331605,1,0.46384817361831665
10,1,GSM331606,1,0.48135754466056824
10,1,GSM331607,1,0.46875086426734924
10,1,GSM331608,1,0.28112125396728516
10,1,GSM331617,1,0.5510360598564148
10,1,GSM331618,1,0.632537841796875
10,1,GSM331619,1,0.26118168234825134
10,1,GSM331620,1,0.5808286070823669
10,1,GSM331622,1,0.6475947499275208
10,1,GSM331624,1,0.44649967551231384
10,1,GSM331625,1,0.5630039572715759
10,1,GSM331626,1,0.5408914685249329
10,1,GSM331629,1,0.3821139335632324
10,1,GSM331631,1,0.29867497086524963
10,1,GSM331632,1,0.29786428809165955
10,1,GSM331633,1,0.5508152842521667
10,1,GSM331640,1,0.2171410173177719
10,1,GSM331641,1,0.696346640586853
10,1,GSM331645,1,0.7352675199508667
10,1,GSM331648,1,0.2976357638835907
10,1,GSM331650,1,0.645581841468811
10,1,GSM331652,1,0.5177338719367981
10,1,GSM331653,1,0.3876958191394806
10,1,GSM331654,1,0.7309926152229309
10,1,GSM331655,1,0.44747236371040344
10,1,GSM331656,1,0.5474486351013184
10,1,GSM331657,1,0.5519375205039978
10,1,GSM331658,1,0.38065305352211
10,2,GSM331665,0,0.3531765043735504
10,2,GSM331666,0,0.30012625455856323
10,2,GSM331668,0,0.4030399024486542
10,2,GSM331669,0,0.5613368153572083
10,2,GSM331671,0,0.36244523525238037
10,2,GSM331675,0,0.5077193379402161
10,2,GSM331676,0,0.48111215233802795
10,2,GSM331678,0,0.18129660189151764
10,2,GSM331679,0,0.21476887166500092
10,2,GSM331680,0,0.7906388640403748
10,2,GSM331681,0,0.7499579191207886
10,2,GSM331682,0,0.7521883249282837
10,2,GSM331686,0,0.6888138055801392
10,2,GSM331687,0,0.14771714806556702
10,2,GSM331689,0,0.5111280679702759
10,2,GSM331694,0,0.5700433254241943
10,2,GSM331696,0,0.4233931005001068
10,2,GSM331698,0,0.19136272370815277
10,2,GSM331700,0,0.16716784238815308
10,2,GSM331701,0,0.3297671377658844
10,2,GSM331703,0,0.5514261722564697
10,2,GSM331705,0,0.6979387402534485
10,2,GSM331710,0,0.6465275287628174
10,2,GSM331711,0,0.7942360043525696
10,2,GSM331712,0,0.7050291299819946
10,2,GSM331713,0,0.46314212679862976
10,2,GSM331714,0,0.7232877612113953
10,2,GSM331716,0,0.858522891998291
10,2,GSM331717,0,0.7846130132675171
10,2,GSM331720,0,0.5898103713989258
10,2,GSM331722,0,0.717507004737854
10,2,GSM331723,0,0.4505034387111664
10,2,GSM331728,0,0.30245253443717957
10,2,GSM331730,0,0.8379096984863281
10,2,GSM331731,0,0.5057887434959412
10,2,GSM331732,0,0.5691168904304504
10,2,GSM331453,1,0.6702746748924255
10,2,GSM331456,1,0.7987973690032959
10,2,GSM331463,1,0.8466675877571106
10,2,GSM331465,1,0.743377149105072
10,2,GSM331466,1,0.5588346719741821
10,2,GSM331467,1,0.4599096179008484
10,2,GSM331468,1,0.7150874733924866
10,2,GSM331470,1,0.5292868614196777
10,2,GSM331472,1,0.6694881916046143
10,2,GSM331473,1,0.4769202768802643
10,2,GSM331474,1,0.29528626799583435
10,2,GSM331476,1,0.5015949606895447
10,2,GSM331477,1,0.787097692489624
10,2,GSM331481,1,0.4913559854030609
10,2,GSM331483,1,0.5586504340171814
10,2,GSM331484,1,0.10506809502840042
10,2,GSM331485,1,0.7301278114318848
10,2,GSM331486,1,0.24529008567333221
10,2,GSM331488,1,0.5535714030265808
10,2,GSM331489,1,0.6309027671813965
10,2,GSM331490,1,0.48235249519348145
10,2,GSM331491,1,0.6924976110458374
10,2,GSM331493,1,0.31979426741600037
10,2,GSM331496,1,0.2188408523797989
10,2,GSM331497,1,0.5782997012138367
10,2,GSM331498,1,0.44524750113487244
10,2,GSM331501,1,0.4311404228210449
10,2,GSM331502,1,0.905042290687561
10,2,GSM331503,1,0.5582374334335327
10,2,GSM331504,1,0.41686952114105225
10,2,GSM331505,1,0.3799130618572235
10,2,GSM331507,1,0.4122556149959564
10,2,GSM331509,1,0.31073465943336487
10,2,GSM331513,1,0.8160264492034912
10,2,GSM331514,1,0.6147416830062866
10,2,GSM331515,1,0.3470797836780548
10,2,GSM331518,1,0.491472452878952
10,2,GSM331521,1,0.37995684146881104
10,2,GSM331523,1,0.7515049576759338
10,2,GSM331529,1,0.2997443675994873
10,2,GSM331533,1,0.3974079489707947
10,2,GSM331534,1,0.5961981415748596
10,2,GSM331538,1,0.4153800308704376
10,2,GSM331539,1,0.45712122321128845
10,2,GSM331541,1,0.5950250029563904
10,2,GSM331542,1,0.5872177481651306
10,2,GSM331546,1,0.7092657089233398
10,2,GSM331547,1,0.46148425340652466
10,2,GSM331550,1,0.27300116419792175
10,2,GSM331552,1,0.4596920609474182
10,2,GSM331554,1,0.4640834927558899
10,2,GSM331557,1,0.6658120155334473
10,2,GSM331558,1,0.675267219543457
10,2,GSM331559,1,0.7251211404800415
10,2,GSM331561,1,0.4071815609931946
10,2,GSM331562,1,0.34798434376716614
10,2,GSM331567,1,0.45515120029449463
10,2,GSM331568,1,0.7018755078315735
10,2,GSM331569,1,0.5823260545730591
10,2,GSM331571,1,0.5079956650733948
10,2,GSM331574,1,0.626941978931427
10,2,GSM331576,1,0.7874329686164856
10,2,GSM331579,1,0.6585802435874939
10,2,GSM331581,1,0.6889984607696533
10,2,GSM331582,1,0.2904072105884552
10,2,GSM331585,1,0.5371443629264832
10,2,GSM331586,1,0.2608257234096527
10,2,GSM331587,1,0.40007495880126953
10,2,GSM331588,1,0.41902226209640503
10,2,GSM331591,1,0.4870089292526245
10,2,GSM331592,1,0.6829706430435181
10,2,GSM331594,1,0.5463902950286865
10,2,GSM331595,1,0.3560250997543335
10,2,GSM331596,1,0.6371543407440186
10,2,GSM331599,1,0.7108142375946045
10,2,GSM331601,1,0.6643261313438416
10,2,GSM331604,1,0.18957386910915375
10,2,GSM331609,1,0.5657130479812622
10,2,GSM331610,1,0.3166714310646057
10,2,GSM331611,1,0.7423071265220642
10,2,GSM331612,1,0.4415830671787262
10,2,GSM331613,1,0.3852757215499878
10,2,GSM331614,1,0.6695993542671204
10,2,GSM331615,1,0.842244029045105
10,2,GSM331616,1,0.7181187272071838
10,2,GSM331621,1,0.6924980282783508
10,2,GSM331623,1,0.6497721672058105
10,2,GSM331627,1,0.5744178891181946
10,2,GSM331628,1,0.4445415735244751
10,2,GSM331630,1,0.6532763838768005
10,2,GSM331634,1,0.7726420760154724
10,2,GSM331635,1,0.5830467343330383
10,2,GSM331636,1,0.3619840145111084
10,2,GSM331637,1,0.5344011783599854
10,2,GSM331639,1,0.655252993106842
10,2,GSM331642,1,0.6488310098648071
10,2,GSM331643,1,0.6477148532867432
10,2,GSM331644,1,0.3855033218860626
10,2,GSM331646,1,0.34730806946754456
10,2,GSM331647,1,0.6304776072502136
10,2,GSM331649,1,0.7780489325523376
10,2,GSM331651,1,0.656685471534729
10,2,GSM331659,1,0.27136558294296265
11,1,GSM331638,0,0.45635536313056946
11,1,GSM331660,0,0.11610059440135956
11,1,GSM331663,0,0.46137765049934387
11,1,GSM331665,0,0.5556240677833557
11,1,GSM331666,0,0.3498690128326416
11,1,GSM331669,0,0.8857684135437012
11,1,GSM331671,0,0.7012209296226501
11,1,GSM331673,0,0.4936642646789551
11,1,GSM331676,0,0.4385060667991638
11,1,GSM331678,0,0.07866781204938889
11,1,GSM331679,0,0.45292729139328003
11,1,GSM331681,0,0.8569044470787048
11,1,GSM331682,0,0.8179194331169128
11,1,GSM331683,0,0.8162223100662231
11,1,GSM331688,0,0.6843827366828918
11,1,GSM331689,0,0.40163829922676086
11,1,GSM331691,0,0.6041194200515747
11,1,GSM331692,0,0.4748823046684265
11,1,GSM331693,0,0.5965368747711182
11,1,GSM331695,0,0.40158119797706604
11,1,GSM331698,0,0.3557230234146118
11,1,GSM331699,0,0.4352008104324341
11,1,GSM331700,0,0.42782843112945557
11,1,GSM331701,0,0.44974038004875183
11,1,GSM331704,0,0.6755362153053284
11,1,GSM331706,0,0.8726508617401123
11,1,GSM331707,0,0.49575576186180115
11,1,GSM331709,0,0.3824038505554199
11,1,GSM331710,0,0.3445929288864136
11,1,GSM331711,0,0.5476098656654358
11,1,GSM331712,0,0.7757366299629211
11,1,GSM331715,0,0.2979015111923218
11,1,GSM331718,0,0.7805160880088806
11,1,GSM331721,0,0.9253171682357788
11,1,GSM331722,0,0.6765610575675964
11,1,GSM331724,0,0.4051889479160309
11,1,GSM331725,0,0.5547434091567993
11,1,GSM331453,1,0.5252231359481812
11,1,GSM331454,1,0.6052232384681702
11,1,GSM331456,1,0.5731956362724304
11,1,GSM331459,1,0.6073535084724426
11,1,GSM331461,1,0.39570069313049316
11,1,GSM331462,1,0.438618004322052
11,1,GSM331464,1,0.18348929286003113
11,1,GSM331466,1,0.2997379004955292
11,1,GSM331471,1,0.7711250185966492
11,1,GSM331473,1,0.4047110378742218
11,1,GSM331477,1,0.5849148631095886
11,1,GSM331483,1,0.7768908739089966
11,1,GSM331484,1,0.1290518045425415
11,1,GSM331485,1,0.6786164045333862
11,1,GSM331486,1,0.5559500455856323
11,1,GSM331489,1,0.4958810806274414
11,1,GSM331494,1,0.6782852411270142
11,1,GSM331497,1,0.37892240285873413
11,1,GSM331498,1,0.22398991882801056
11,1,GSM331499,1,0.48290613293647766
11,1,GSM331501,1,0.3627821207046509
11,1,GSM331503,1,0.5035884976387024
11,1,GSM331504,1,0.4901971220970154
11,1,GSM331508,1,0.39067667722702026
11,1,GSM331512,1,0.5230620503425598
11,1,GSM331514,1,0.2783419191837311
11,1,GSM331515,1,0.38528913259506226
11,1,GSM331518,1,0.13983650505542755
11,1,GSM331519,1,0.34837043285369873
11,1,GSM331520,1,0.5047785639762878
11,1,GSM331521,1,0.2746069133281708
11,1,GSM331522,1,0.4016196131706238
11,1,GSM331524,1,0.4929247796535492
11,1,GSM331525,1,0.5065935254096985
11,1,GSM331526,1,0.6349731087684631
11,1,GSM331527,1,0.4550817906856537
11,1,GSM331529,1,0.2143583595752716
11,1,GSM331530,1,0.3967035114765167
11,1,GSM331532,1,0.39362025260925293
11,1,GSM331534,1,0.5961279273033142
11,1,GSM331536,1,0.3953123092651367
11,1,GSM331539,1,0.5017138719558716
11,1,GSM331540,1,0.32872286438941956
11,1,GSM331541,1,0.5254099369049072
11,1,GSM331542,1,0.23464979231357574
11,1,GSM331546,1,0.43476733565330505
11,1,GSM331547,1,0.30367225408554077
11,1,GSM331548,1,0.4596070349216461
11,1,GSM331550,1,0.33458441495895386
11,1,GSM331553,1,0.866788387298584
11,1,GSM331555,1,0.20339012145996094
11,1,GSM331557,1,0.4147643446922302
11,1,GSM331559,1,0.8193992376327515
11,1,GSM331560,1,0.46943777799606323
11,1,GSM331562,1,0.4694511592388153
11,1,GSM331565,1,0.44417616724967957
11,1,GSM331567,1,0.31654003262519836
11,1,GSM331570,1,0.6930238008499146
11,1,GSM331571,1,0.2970426380634308
11,1,GSM331574,1,0.3369256854057312
11,1,GSM331576,1,0.772830069065094
11,1,GSM331577,1,0.700855553150177
11,1,GSM331578,1,0.7736197710037231
11,1,GSM331579,1,0.4493902623653412
11,1,GSM331580,1,0.3564734160900116
11,1,GSM331582,1,0.45243850350379944
11,1,GSM331585,1,0.8405239582061768
11,1,GSM331586,1,0.5308474898338318
11,1,GSM331587,1,0.3506823778152466
11,1,GSM331588,1,0.5782712697982788
11,1,GSM331589,1,0.6360639333724976
11,1,GSM331591,1,0.707940399646759
11,1,GSM331592,1,0.5315654873847961
11,1,GSM331597,1,0.44610175490379333
11,1,GSM331602,1,0.3560052812099457
11,1,GSM331603,1,0.609514057636261
11,1,GSM331605,1,0.3645496368408203
11,1,GSM331606,1,0.3544009327888489
11,1,GSM331611,1,0.7041462063789368
11,1,GSM331614,1,0.3782375454902649
11,1,GSM331618,1,0.7910457849502563
11,1,GSM331621,1,0.40720272064208984
11,1,GSM331624,1,0.5307636260986328
11,1,GSM331626,1,0.3678949475288391
11,1,GSM331627,1,0.6433034539222717
11,1,GSM331629,1,0.21299152076244354
11,1,GSM331631,1,0.1763312667608261
11,1,GSM331632,1,0.1855710744857788
11,1,GSM331633,1,0.22448411583900452
11,1,GSM331635,1,0.28824955224990845
11,1,GSM331636,1,0.46704819798469543
11,1,GSM331641,1,0.47125279903411865
11,1,GSM331642,1,0.4878018796443939
11,1,GSM331643,1,0.9086204171180725
11,1,GSM331647,1,0.27780699729919434
11,1,GSM331650,1,0.43656206130981445
11,1,GSM331651,1,0.21873566508293152
11,1,GSM331653,1,0.4179289638996124
11,1,GSM331654,1,0.7735401391983032
11,1,GSM331655,1,0.43761250376701355
11,1,GSM331656,1,0.607932448387146
11,1,GSM331657,1,0.8849058747291565
11,1,GSM331658,1,0.5104799270629883
11,2,GSM331661,0,0.7781873941421509
11,2,GSM331662,0,0.2651824951171875
11,2,GSM331664,0,0.37362679839134216
11,2,GSM331668,0,0.47224804759025574
11,2,GSM331670,0,0.626794695854187
11,2,GSM331672,0,0.8233232498168945
11,2,GSM331674,0,0.6446003317832947
11,2,GSM331675,0,0.29121583700180054
11,2,GSM331677,0,0.23555994033813477
11,2,GSM331680,0,0.3354632556438446
11,2,GSM331684,0,0.4819773733615875
11,2,GSM331685,0,0.12201143056154251
11,2,GSM331686,0,0.7781022191047668
11,2,GSM331687,0,0.2539503574371338
11,2,GSM331690,0,0.5100705623626709
11,2,GSM331694,0,0.32176437973976135
11,2,GSM331696,0,0.4399935007095337
11,2,GSM331697,0,0.24404376745224
11,2,GSM331702,0,0.7476854920387268
11,2,GSM331703,0,0.36643216013908386
11,2,GSM331705,0,0.6044127941131592
11,2,GSM331708,0,0.3244858682155609
11,2,GSM331713,0,0.51997309923172
11,2,GSM331714,0,0.7835906744003296
11,2,GSM331716,0,0.9714156985282898
11,2,GSM331717,0,0.9015401005744934
11,2,GSM331719,0,0.26881352066993713
11,2,GSM331720,0,0.20454144477844238
11,2,GSM331723,0,0.7583830952644348
11,2,GSM331726,0,0.09209950268268585
11,2,GSM331727,0,0.23735123872756958
11,2,GSM331728,0,0.08182871341705322
11,2,GSM331729,0,0.10537952184677124
11,2,GSM331730,0,0.6217568516731262
11,2,GSM331731,0,0.3184790313243866
11,2,GSM331732,0,0.5883021950721741
11,2,GSM331455,1,0.2318621128797531
11,2,GSM331457,1,0.5415417551994324
11,2,GSM331458,1,0.5109191536903381
11,2,GSM331460,1,0.5139297842979431
11,2,GSM331463,1,0.14388646185398102
11,2,GSM331465,1,0.2759462594985962
11,2,GSM331467,1,0.45766258239746094
11,2,GSM331468,1,0.7085158824920654
11,2,GSM331469,1,0.3599894940853119
11,2,GSM331470,1,0.4009820222854614
11,2,GSM331472,1,0.2754219174385071
11,2,GSM331474,1,0.2573699951171875
11,2,GSM331475,1,0.29534482955932617
11,2,GSM331476,1,0.45733505487442017
11,2,GSM331478,1,0.5383818745613098
11,2,GSM331479,1,0.3862435817718506
11,2,GSM331480,1,0.5655011534690857
11,2,GSM331481,1,0.3943498134613037
11,2,GSM331482,1,0.4740076959133148
11,2,GSM331487,1,0.7754124999046326
11,2,GSM331488,1,0.6347134709358215
11,2,GSM331490,1,0.438617080450058
11,2,GSM331491,1,0.6252847909927368
11,2,GSM331492,1,0.1972949504852295
11,2,GSM331493,1,0.32418516278266907
11,2,GSM331495,1,0.19018952548503876
11,2,GSM331496,1,0.19932346045970917
11,2,GSM331500,1,0.625397264957428
11,2,GSM331502,1,0.36568593978881836
11,2,GSM331505,1,0.6436441540718079
11,2,GSM331506,1,0.7338443398475647
11,2,GSM331507,1,0.06486073136329651
11,2,GSM331509,1,0.1445697396993637
11,2,GSM331510,1,0.41954419016838074
11,2,GSM331511,1,0.3508712649345398
11,2,GSM331513,1,0.6058236956596375
11,2,GSM331516,1,0.3305225670337677
11,2,GSM331517,1,0.46605443954467773
11,2,GSM331523,1,0.5452260971069336
11,2,GSM331528,1,0.4355931580066681
11,2,GSM331531,1,0.4454396069049835
11,2,GSM331533,1,0.5757701396942139
11,2,GSM331535,1,0.3475465774536133
11,2,GSM331537,1,0.5706790685653687
11,2,GSM331538,1,0.19479919970035553
11,2,GSM331543,1,0.6081351041793823
11,2,GSM331544,1,0.2172520011663437
11,2,GSM331545,1,0.6417821645736694
11,2,GSM331549,1,0.4681863784790039
11,2,GSM331551,1,0.38840338587760925
11,2,GSM331552,1,0.2720957100391388
11,2,GSM331554,1,0.18442371487617493
11,2,GSM331556,1,0.37497085332870483
11,2,GSM331558,1,0.2981550693511963
11,2,GSM331561,1,0.675213098526001
11,2,GSM331563,1,0.6509125232696533
11,2,GSM331564,1,0.22662995755672455
11,2,GSM331566,1,0.6051625609397888
11,2,GSM331568,1,0.6634976267814636
11,2,GSM331569,1,0.4569542407989502
11,2,GSM331572,1,0.7641758322715759
11,2,GSM331573,1,0.8202190399169922
11,2,GSM331575,1,0.7253202795982361
11,2,GSM331581,1,0.29498305916786194
11,2,GSM331583,1,0.560126543045044
11,2,GSM331584,1,0.20879222452640533
11,2,GSM331590,1,0.31931379437446594
11,2,GSM331593,1,0.3811718225479126
11,2,GSM331594,1,0.17972466349601746
11,2,GSM331595,1,0.5552524924278259
11,2,GSM331596,1,0.49056577682495117
11,2,GSM331598,1,0.2410762757062912
11,2,GSM331599,1,0.8715069890022278
11,2,GSM331600,1,0.7985439896583557
11,2,GSM331601,1,0.21324241161346436
11,2,GSM331604,1,0.38434725999832153
11,2,GSM331607,1,0.696265459060669
11,2,GSM331608,1,0.1113932877779007
11,2,GSM331609,1,0.2538768947124481
11,2,GSM331610,1,0.7707720994949341
11,2,GSM331612,1,0.3162490725517273
11,2,GSM331613,1,0.34823793172836304
11,2,GSM331615,1,0.281470388174057
11,2,GSM331616,1,0.6377826929092407
11,2,GSM331617,1,0.8308508396148682
11,2,GSM331619,1,0.1949799358844757
11,2,GSM331620,1,0.41024091839790344
11,2,GSM331622,1,0.8601278066635132
11,2,GSM331623,1,0.19936716556549072
11,2,GSM331625,1,0.6578917503356934
11,2,GSM331628,1,0.2613934278488159
11,2,GSM331630,1,0.4824197590351105
11,2,GSM331634,1,0.4105466604232788
11,2,GSM331637,1,0.632819652557373
11,2,GSM331639,1,0.37023594975471497
11,2,GSM331640,1,0.16281971335411072
11,2,GSM331644,1,0.45661094784736633
11,2,GSM331645,1,0.5382099747657776
11,2,GSM331646,1,0.18375517427921295
11,2,GSM331648,1,0.450143963098526
11,2,GSM331649,1,0.3937193751335144
11,2,GSM331652,1,0.5478688478469849
11,2,GSM331659,1,0.6303439140319824
12,1,GSM331660,0,0.2783695459365845
12,1,GSM331662,0,0.390121191740036
12,1,GSM331664,0,0.13991989195346832
12,1,GSM331670,0,0.40844660997390747
12,1,GSM331671,0,0.5899600982666016
12,1,GSM331672,0,0.738524317741394
12,1,GSM331674,0,0.5889219641685486
12,1,GSM331676,0,0.5232126712799072
12,1,GSM331677,0,0.2850252687931061
12,1,GSM331679,0,0.20618033409118652
12,1,GSM331681,0,0.8118441104888916
12,1,GSM331682,0,0.7519428133964539
12,1,GSM331683,0,0.6805846691131592
12,1,GSM331686,0,0.8198206424713135
12,1,GSM331689,0,0.4386195242404938
12,1,GSM331691,0,0.635854959487915
12,1,GSM331694,0,0.5002426505088806
12,1,GSM331695,0,0.3867497146129608
12,1,GSM331698,0,0.39158380031585693
12,1,GSM331700,0,0.17547480762004852
12,1,GSM331701,0,0.4063442051410675
12,1,GSM331705,0,0.6512149572372437
12,1,GSM331706,0,0.915669858455658
12,1,GSM331709,0,0.3625858724117279
12,1,GSM331711,0,0.7409456968307495
12,1,GSM331712,0,0.7416682839393616
12,1,GSM331713,0,0.4031319320201874
12,1,GSM331717,0,0.8477434515953064
12,1,GSM331720,0,0.30154672265052795
12,1,GSM331721,0,0.8860622048377991
12,1,GSM331722,0,0.5717636942863464
12,1,GSM331723,0,0.8122192025184631
12,1,GSM331724,0,0.24844121932983398
12,1,GSM331726,0,0.14402106404304504
12,1,GSM331728,0,0.1632053256034851
12,1,GSM331729,0,0.1312711238861084
12,1,GSM331732,0,0.6584985256195068
12,1,GSM331453,1,0.5814845561981201
12,1,GSM331454,1,0.5526529550552368
12,1,GSM331456,1,0.6928112506866455
12,1,GSM331462,1,0.4007245898246765
12,1,GSM331465,1,0.6893938183784485
12,1,GSM331466,1,0.4590891897678375
12,1,GSM331470,1,0.48063531517982483
12,1,GSM331471,1,0.8414930701255798
12,1,GSM331473,1,0.3893283009529114
12,1,GSM331474,1,0.2242143303155899
12,1,GSM331480,1,0.8069443106651306
12,1,GSM331481,1,0.3903975188732147
12,1,GSM331483,1,0.5964798927307129
12,1,GSM331486,1,0.46750766038894653
12,1,GSM331488,1,0.6848133206367493
12,1,GSM331491,1,0.6023455858230591
12,1,GSM331494,1,0.7692972421646118
12,1,GSM331495,1,0.4761473536491394
12,1,GSM331496,1,0.19869785010814667
12,1,GSM331497,1,0.29017388820648193
12,1,GSM331499,1,0.5756988525390625
12,1,GSM331501,1,0.42210400104522705
12,1,GSM331504,1,0.6703807711601257
12,1,GSM331506,1,0.7444326281547546
12,1,GSM331507,1,0.100753054022789
12,1,GSM331508,1,0.7256920337677002
12,1,GSM331510,1,0.36316195130348206
12,1,GSM331512,1,0.6702672839164734
12,1,GSM331513,1,0.8106971979141235
12,1,GSM331514,1,0.2913427948951721
12,1,GSM331516,1,0.7235760688781738
12,1,GSM331517,1,0.5548886656761169
12,1,GSM331520,1,0.5936891436576843
12,1,GSM331522,1,0.41155770421028137
12,1,GSM331524,1,0.5467841625213623
12,1,GSM331526,1,0.7218425869941711
12,1,GSM331528,1,0.40257835388183594
12,1,GSM331530,1,0.6238724589347839
12,1,GSM331531,1,0.4319462180137634
12,1,GSM331532,1,0.2670004665851593
12,1,GSM331534,1,0.6604506969451904
12,1,GSM331539,1,0.5268747210502625
12,1,GSM331542,1,0.25213563442230225
12,1,GSM331543,1,0.6413643956184387
12,1,GSM331545,1,0.457436203956604
12,1,GSM331547,1,0.2120027095079422
12,1,GSM331548,1,0.35824674367904663
12,1,GSM331550,1,0.1877758502960205
12,1,GSM331551,1,0.5225964188575745
12,1,GSM331553,1,0.9210644960403442
12,1,GSM331554,1,0.3008290231227875
12,1,GSM331555,1,0.27222785353660583
12,1,GSM331560,1,0.48065972328186035
12,1,GSM331561,1,0.7964926362037659
12,1,GSM331565,1,0.6756927371025085
12,1,GSM331566,1,0.6847516894340515
12,1,GSM331568,1,0.6507861018180847
12,1,GSM331569,1,0.8006874322891235
12,1,GSM331570,1,0.5949312448501587
12,1,GSM331571,1,0.3930153250694275
12,1,GSM331575,1,0.6794223785400391
12,1,GSM331576,1,0.8564273118972778
12,1,GSM331578,1,0.6418821811676025
12,1,GSM331579,1,0.4361805021762848
12,1,GSM331580,1,0.37708714604377747
12,1,GSM331582,1,0.3682946264743805
12,1,GSM331587,1,0.5637214183807373
12,1,GSM331588,1,0.5205507278442383
12,1,GSM331592,1,0.5496593713760376
12,1,GSM331593,1,0.4929220676422119
12,1,GSM331595,1,0.6212793588638306
12,1,GSM331596,1,0.7008100748062134
12,1,GSM331597,1,0.7183189392089844
12,1,GSM331600,1,0.8985929489135742
12,1,GSM331603,1,0.4155215919017792
12,1,GSM331606,1,0.3148390054702759
12,1,GSM331607,1,0.7921810746192932
12,1,GSM331610,1,0.7670535445213318
12,1,GSM331611,1,0.7320993542671204
12,1,GSM331613,1,0.49917012453079224
12,1,GSM331615,1,0.5847892761230469
12,1,GSM331616,1,0.7178447842597961
12,1,GSM331617,1,0.7033448219299316
12,1,GSM331618,1,0.7127246260643005
12,1,GSM331620,1,0.6252188682556152
12,1,GSM331621,1,0.6472181081771851
12,1,GSM331624,1,0.5431631803512573
12,1,GSM331625,1,0.8087577223777771
12,1,GSM331626,1,0.36376404762268066
12,1,GSM331629,1,0.2503047585487366
12,1,GSM331631,1,0.2147381603717804
12,1,GSM331632,1,0.14969420433044434
12,1,GSM331633,1,0.3073674142360687
12,1,GSM331634,1,0.6978690028190613
12,1,GSM331635,1,0.3369794487953186
12,1,GSM331636,1,0.5109947323799133
12,1,GSM331637,1,0.5419065356254578
12,1,GSM331646,1,0.5400281548500061
12,1,GSM331649,1,0.7018201351165771
12,1,GSM331653,1,0.5110647082328796
12,1,GSM331654,1,0.85429847240448
12,1,GSM331657,1,0.8174225687980652
12,1,GSM331659,1,0.42869940400123596
12,2,GSM331638,0,0.5797921419143677
12,2,GSM331661,0,0.7392163872718811
12,2,GSM331663,0,0.2673042416572571
12,2,GSM331665,0,0.5178826451301575
12,2,GSM331666,0,0.29645052552223206
12,2,GSM331668,0,0.45959797501564026
12,2,GSM331669,0,0.8326473832130432
12,2,GSM331673,0,0.49633023142814636
12,2,GSM331675,0,0.1631014496088028
12,2,GSM331678,0,0.08292928338050842
12,2,GSM331680,0,0.3527626693248749
12,2,GSM331684,0,0.34270942211151123
12,2,GSM331685,0,0.1044352799654007
12,2,GSM331687,0,0.18750819563865662
12,2,GSM331688,0,0.7703438997268677
12,2,GSM331690,0,0.520954430103302
12,2,GSM331692,0,0.3407076597213745
12,2,GSM331693,0,0.4418623149394989
12,2,GSM331696,0,0.36971789598464966
12,2,GSM331697,0,0.14091269671916962
12,2,GSM331699,0,0.3075064718723297
12,2,GSM331702,0,0.594913899898529
12,2,GSM331703,0,0.5954102277755737
12,2,GSM331704,0,0.6789287328720093
12,2,GSM331707,0,0.3247336149215698
12,2,GSM331708,0,0.38547924160957336
12,2,GSM331710,0,0.3360205292701721
12,2,GSM331714,0,0.6990051865577698
12,2,GSM331715,0,0.2930978238582611
12,2,GSM331716,0,0.9591825008392334
12,2,GSM331718,0,0.6102368831634521
12,2,GSM331719,0,0.15115800499916077
12,2,GSM331725,0,0.5086578726768494
12,2,GSM331727,0,0.401737242937088
12,2,GSM331730,0,0.810836136341095
12,2,GSM331731,0,0.678864061832428
12,2,GSM331455,1,0.18125197291374207
12,2,GSM331457,1,0.5324578285217285
12,2,GSM331458,1,0.635820746421814
12,2,GSM331459,1,0.5331748723983765
12,2,GSM331460,1,0.45430248975753784
12,2,GSM331461,1,0.48226112127304077
12,2,GSM331463,1,0.39635252952575684
12,2,GSM331464,1,0.21784549951553345
12,2,GSM331467,1,0.3956528306007385
12,2,GSM331468,1,0.7490103244781494
12,2,GSM331469,1,0.3929726779460907
12,2,GSM331472,1,0.38719475269317627
12,2,GSM331475,1,0.529242992401123
12,2,GSM331476,1,0.2846779525279999
12,2,GSM331477,1,0.7048624753952026
12,2,GSM331478,1,0.5789675712585449
12,2,GSM331479,1,0.28422048687934875
12,2,GSM331482,1,0.5441693067550659
12,2,GSM331484,1,0.08329132199287415
12,2,GSM331485,1,0.824465274810791
12,2,GSM331487,1,0.8795680403709412
12,2,GSM331489,1,0.5860832929611206
12,2,GSM331490,1,0.4024743139743805
12,2,GSM331492,1,0.35127320885658264
12,2,GSM331493,1,0.15473194420337677
12,2,GSM331498,1,0.21008162200450897
12,2,GSM331500,1,0.6759893894195557
12,2,GSM331502,1,0.7350457310676575
12,2,GSM331503,1,0.4614047110080719
12,2,GSM331505,1,0.6601356267929077
12,2,GSM331509,1,0.24135500192642212
12,2,GSM331511,1,0.5753422975540161
12,2,GSM331515,1,0.4157043993473053
12,2,GSM331518,1,0.25115373730659485
12,2,GSM331519,1,0.4136042892932892
12,2,GSM331521,1,0.2521325647830963
12,2,GSM331523,1,0.6693724989891052
12,2,GSM331525,1,0.42838650941848755
12,2,GSM331527,1,0.3893629312515259
12,2,GSM331529,1,0.1661255657672882
12,2,GSM331533,1,0.4600742757320404
12,2,GSM331535,1,0.38074231147766113
12,2,GSM331536,1,0.4462805986404419
12,2,GSM331537,1,0.6908065676689148
12,2,GSM331538,1,0.25098276138305664
12,2,GSM331540,1,0.5333724021911621
12,2,GSM331541,1,0.6380844116210938
12,2,GSM331544,1,0.19448734819889069
12,2,GSM331546,1,0.3106968402862549
12,2,GSM331549,1,0.5986397862434387
12,2,GSM331552,1,0.23830509185791016
12,2,GSM331556,1,0.4454698860645294
12,2,GSM331557,1,0.425202339887619
12,2,GSM331558,1,0.3192940652370453
12,2,GSM331559,1,0.8666133880615234
12,2,GSM331562,1,0.18705447018146515
12,2,GSM331563,1,0.5333687663078308
12,2,GSM331564,1,0.3705160915851593
12,2,GSM331567,1,0.38624367117881775
12,2,GSM331572,1,0.7924602627754211
12,2,GSM331573,1,0.808734655380249
12,2,GSM331574,1,0.32560625672340393
12,2,GSM331577,1,0.3749943971633911
12,2,GSM331581,1,0.39063963294029236
12,2,GSM331583,1,0.3478544354438782
12,2,GSM331584,1,0.14873269200325012
12,2,GSM331585,1,0.6392633318901062
12,2,GSM331586,1,0.3526386022567749
12,2,GSM331589,1,0.5679548978805542
12,2,GSM331590,1,0.4093207120895386
12,2,GSM331591,1,0.8355547785758972
12,2,GSM331594,1,0.23193632066249847
12,2,GSM331598,1,0.2521926760673523
12,2,GSM331599,1,0.8485380411148071
12,2,GSM331601,1,0.305701345205307
12,2,GSM331602,1,0.2532837986946106
12,2,GSM331604,1,0.3919583857059479
12,2,GSM331605,1,0.605228841304779
12,2,GSM331608,1,0.12645430862903595
12,2,GSM331609,1,0.35463783144950867
12,2,GSM331612,1,0.5014000535011292
12,2,GSM331614,1,0.42725419998168945
12,2,GSM331619,1,0.15227597951889038
12,2,GSM331622,1,0.862481951713562
12,2,GSM331623,1,0.3007633686065674
12,2,GSM331627,1,0.47091495990753174
12,2,GSM331628,1,0.48323914408683777
12,2,GSM331630,1,0.6685175895690918
12,2,GSM331639,1,0.4403122663497925
12,2,GSM331640,1,0.14863920211791992
12,2,GSM331641,1,0.4684409201145172
12,2,GSM331642,1,0.5134710073471069
12,2,GSM331643,1,0.8029038310050964
12,2,GSM331644,1,0.29393497109413147
12,2,GSM331645,1,0.46937084197998047
12,2,GSM331647,1,0.5657163262367249
12,2,GSM331648,1,0.18979041278362274
12,2,GSM331650,1,0.47976893186569214
12,2,GSM331651,1,0.40518584847450256
12,2,GSM331652,1,0.5630475878715515
12,2,GSM331655,1,0.5165908932685852
12,2,GSM331656,1,0.40370702743530273
12,2,GSM331658,1,0.6366392374038696
13,1,GSM331662,0,0.43797367811203003
13,1,GSM331665,0,0.4876425266265869
13,1,GSM331666,0,0.44412264227867126
13,1,GSM331668,0,0.551262617111206
13,1,GSM331670,0,0.5836778283119202
13,1,GSM331671,0,0.4496701955795288
13,1,GSM331672,0,0.6003467440605164
13,1,GSM331673,0,0.6089609265327454
13,1,GSM331676,0,0.4615870416164398
13,1,GSM331678,0,0.3530381917953491
13,1,GSM331680,0,0.7924695014953613
13,1,GSM331681,0,0.6363999843597412
13,1,GSM331686,0,0.4669044017791748
13,1,GSM331688,0,0.6948058009147644
13,1,GSM331689,0,0.5246605277061462
13,1,GSM331694,0,0.7082479596138
13,1,GSM331695,0,0.31322944164276123
13,1,GSM331697,0,0.5511196255683899
13,1,GSM331699,0,0.294243723154068
13,1,GSM331703,0,0.38125553727149963
13,1,GSM331704,0,0.5019071698188782
13,1,GSM331705,0,0.4705062508583069
13,1,GSM331706,0,0.6094237565994263
13,1,GSM331709,0,0.4928472340106964
13,1,GSM331710,0,0.5668760538101196
13,1,GSM331712,0,0.4960956275463104
13,1,GSM331716,0,0.6278780102729797
13,1,GSM331717,0,0.6419093012809753
13,1,GSM331718,0,0.5977047085762024
13,1,GSM331719,0,0.37283560633659363
13,1,GSM331722,0,0.6739081740379333
13,1,GSM331723,0,0.5084143877029419
13,1,GSM331724,0,0.522833526134491
13,1,GSM331725,0,0.5081601142883301
13,1,GSM331727,0,0.6686937808990479
13,1,GSM331730,0,0.4720972776412964
13,1,GSM331732,0,0.6989750266075134
13,1,GSM331453,1,0.5009229779243469
13,1,GSM331454,1,0.42041629552841187
13,1,GSM331456,1,0.6177099943161011
13,1,GSM331461,1,0.6453031897544861
13,1,GSM331462,1,0.43978554010391235
13,1,GSM331464,1,0.48973560333251953
13,1,GSM331465,1,0.5698469281196594
13,1,GSM331467,1,0.5406355857849121
13,1,GSM331471,1,0.4112655818462372
13,1,GSM331472,1,0.6396056413650513
13,1,GSM331474,1,0.509650707244873
13,1,GSM331475,1,0.5890366435050964
13,1,GSM331476,1,0.485857218503952
13,1,GSM331477,1,0.4440285265445709
13,1,GSM331479,1,0.5988052487373352
13,1,GSM331482,1,0.5367072224617004
13,1,GSM331483,1,0.57701575756073
13,1,GSM331485,1,0.6887800097465515
13,1,GSM331489,1,0.6280307769775391
13,1,GSM331492,1,0.3146017789840698
13,1,GSM331496,1,0.3982842266559601
13,1,GSM331498,1,0.3478393256664276
13,1,GSM331502,1,0.8207026124000549
13,1,GSM331504,1,0.4762061834335327
13,1,GSM331507,1,0.34444859623908997
13,1,GSM331511,1,0.7431091070175171
13,1,GSM331512,1,0.7277277708053589
13,1,GSM331513,1,0.6737748980522156
13,1,GSM331516,1,0.8084220290184021
13,1,GSM331517,1,0.697260320186615
13,1,GSM331519,1,0.5450813174247742
13,1,GSM331520,1,0.3987191617488861
13,1,GSM331521,1,0.3039064109325409
13,1,GSM331522,1,0.5885366201400757
13,1,GSM331523,1,0.6234346628189087
13,1,GSM331524,1,0.3519551157951355
13,1,GSM331529,1,0.443281888961792
13,1,GSM331534,1,0.6594361662864685
13,1,GSM331535,1,0.5218434929847717
13,1,GSM331536,1,0.46318119764328003
13,1,GSM331540,1,0.6270149946212769
13,1,GSM331541,1,0.6192153692245483
13,1,GSM331543,1,0.5897523164749146
13,1,GSM331544,1,0.3117705285549164
13,1,GSM331548,1,0.36301422119140625
13,1,GSM331550,1,0.46409672498703003
13,1,GSM331551,1,0.4817575514316559
13,1,GSM331553,1,0.525438666343689
13,1,GSM331555,1,0.3975342810153961
13,1,GSM331556,1,0.3582809567451477
13,1,GSM331557,1,0.5958099961280823
13,1,GSM331560,1,0.34482717514038086
13,1,GSM331561,1,0.4072229266166687
13,1,GSM331565,1,0.614568293094635
13,1,GSM331566,1,0.3697621822357178
13,1,GSM331567,1,0.3878481686115265
13,1,GSM331568,1,0.5804639458656311
13,1,GSM331570,1,0.7077046036720276
13,1,GSM331571,1,0.5027313828468323
13,1,GSM331572,1,0.632819652557373
13,1,GSM331574,1,0.5900682210922241
13,1,GSM331575,1,0.516312837600708
13,1,GSM331577,1,0.3718009889125824
13,1,GSM331578,1,0.4115016758441925
13,1,GSM331580,1,0.4656738042831421
13,1,GSM331586,1,0.31111642718315125
13,1,GSM331589,1,0.4957183301448822
13,1,GSM331591,1,0.41351449489593506
13,1,GSM331592,1,0.5190754532814026
13,1,GSM331594,1,0.5391944646835327
13,1,GSM331599,1,0.6446112990379333
13,1,GSM331601,1,0.6607550382614136
13,1,GSM331602,1,0.4255278706550598
13,1,GSM331603,1,0.4640660285949707
13,1,GSM331605,1,0.4842455983161926
13,1,GSM331607,1,0.6751117706298828
13,1,GSM331608,1,0.2711679935455322
13,1,GSM331609,1,0.5851645469665527
13,1,GSM331613,1,0.3541739881038666
13,1,GSM331614,1,0.606005072593689
13,1,GSM331617,1,0.5624017715454102
13,1,GSM331618,1,0.5547645092010498
13,1,GSM331620,1,0.5444891452789307
13,1,GSM331621,1,0.6137334108352661
13,1,GSM331624,1,0.5512792468070984
13,1,GSM331626,1,0.39872312545776367
13,1,GSM331628,1,0.3875640630722046
13,1,GSM331630,1,0.6318078637123108
13,1,GSM331631,1,0.35413235425949097
13,1,GSM331635,1,0.4336339831352234
13,1,GSM331637,1,0.3397640287876129
13,1,GSM331640,1,0.30750465393066406
13,1,GSM331641,1,0.5481812953948975
13,1,GSM331642,1,0.4764477014541626
13,1,GSM331643,1,0.6450764536857605
13,1,GSM331645,1,0.6149295568466187
13,1,GSM331646,1,0.3780606985092163
13,1,GSM331647,1,0.6998113989830017
13,1,GSM331648,1,0.3309634327888489
13,1,GSM331653,1,0.45653223991394043
13,1,GSM331655,1,0.39027920365333557
13,1,GSM331656,1,0.3524998426437378
13,1,GSM331657,1,0.4095265865325928
13,2,GSM331638,0,0.6088538765907288
13,2,GSM331660,0,0.43144404888153076
13,2,GSM331661,0,0.433325856924057
13,2,GSM331663,0,0.44379836320877075
13,2,GSM331664,0,0.2647482454776764
13,2,GSM331669,0,0.49764660000801086
13,2,GSM331674,0,0.4347144365310669
13,2,GSM331675,0,0.40657317638397217
13,2,GSM331677,0,0.29013386368751526
13,2,GSM331679,0,0.46117958426475525
13,2,GSM331682,0,0.42494627833366394
13,2,GSM331683,0,0.8280944228172302
13,2,GSM331684,0,0.440276175737381
13,2,GSM331685,0,0.47775620222091675
13,2,GSM331687,0,0.26377272605895996
13,2,GSM331690,0,0.5499622821807861
13,2,GSM331691,0,0.5885404944419861
13,2,GSM331692,0,0.42539122700691223
13,2,GSM331693,0,0.6037014722824097
13,2,GSM331696,0,0.2774966061115265
13,2,GSM331698,0,0.3160802721977234
13,2,GSM331700,0,0.3757774531841278
13,2,GSM331701,0,0.42077991366386414
13,2,GSM331702,0,0.38267266750335693
13,2,GSM331707,0,0.32901468873023987
13,2,GSM331708,0,0.6812576651573181
13,2,GSM331711,0,0.5491285920143127
13,2,GSM331713,0,0.526671826839447
13,2,GSM331714,0,0.6514759659767151
13,2,GSM331715,0,0.3658696413040161
13,2,GSM331720,0,0.5605520009994507
13,2,GSM331721,0,0.4790659546852112
13,2,GSM331726,0,0.3426453471183777
13,2,GSM331728,0,0.5041917562484741
13,2,GSM331729,0,0.4459320604801178
13,2,GSM331731,0,0.5929660797119141
13,2,GSM331455,1,0.25030946731567383
13,2,GSM331457,1,0.4969509541988373
13,2,GSM331458,1,0.4546641409397125
13,2,GSM331459,1,0.7581530213356018
13,2,GSM331460,1,0.3892897069454193
13,2,GSM331463,1,0.5252159833908081
13,2,GSM331466,1,0.4727277159690857
13,2,GSM331468,1,0.47407644987106323
13,2,GSM331469,1,0.3244220018386841
13,2,GSM331470,1,0.615821123123169
13,2,GSM331473,1,0.4513297379016876
13,2,GSM331478,1,0.7490536570549011
13,2,GSM331480,1,0.704666018486023
13,2,GSM331481,1,0.4758547842502594
13,2,GSM331484,1,0.4214942753314972
13,2,GSM331486,1,0.42839229106903076
13,2,GSM331487,1,0.6420514583587646
13,2,GSM331488,1,0.582642674446106
13,2,GSM331490,1,0.3962371349334717
13,2,GSM331491,1,0.5871819257736206
13,2,GSM331493,1,0.34577780961990356
13,2,GSM331494,1,0.5952437520027161
13,2,GSM331495,1,0.5122514963150024
13,2,GSM331497,1,0.5920625925064087
13,2,GSM331499,1,0.49426114559173584
13,2,GSM331500,1,0.5287234783172607
13,2,GSM331501,1,0.4975772798061371
13,2,GSM331503,1,0.4352586567401886
13,2,GSM331505,1,0.28861868381500244
13,2,GSM331506,1,0.4295077621936798
13,2,GSM331508,1,0.629827618598938
13,2,GSM331509,1,0.3941611051559448
13,2,GSM331510,1,0.32562315464019775
13,2,GSM331514,1,0.48223015666007996
13,2,GSM331515,1,0.2930270731449127
13,2,GSM331518,1,0.5039033889770508
13,2,GSM331525,1,0.4963201880455017
13,2,GSM331526,1,0.3670998215675354
13,2,GSM331527,1,0.30580952763557434
13,2,GSM331528,1,0.615355908870697
13,2,GSM331530,1,0.5014377236366272
13,2,GSM331531,1,0.5574373602867126
13,2,GSM331532,1,0.5162549614906311
13,2,GSM331533,1,0.5628941059112549
13,2,GSM331537,1,0.6675968170166016
13,2,GSM331538,1,0.33182889223098755
13,2,GSM331539,1,0.41386446356773376
13,2,GSM331542,1,0.5675912499427795
13,2,GSM331545,1,0.4650905728340149
13,2,GSM331546,1,0.6395477056503296
13,2,GSM331547,1,0.5475598573684692
13,2,GSM331549,1,0.6663762331008911
13,2,GSM331552,1,0.42320525646209717
13,2,GSM331554,1,0.48144206404685974
13,2,GSM331558,1,0.5336440205574036
13,2,GSM331559,1,0.6068862080574036
13,2,GSM331562,1,0.4562705159187317
13,2,GSM331563,1,0.5046219825744629
13,2,GSM331564,1,0.5366725325584412
13,2,GSM331569,1,0.39382579922676086
13,2,GSM331573,1,0.6090547442436218
13,2,GSM331576,1,0.7330514192581177
13,2,GSM331579,1,0.5133129358291626
13,2,GSM331581,1,0.38737189769744873
13,2,GSM331582,1,0.3723045289516449
13,2,GSM331583,1,0.3902856707572937
13,2,GSM331584,1,0.47282108664512634
13,2,GSM331585,1,0.585859477519989
13,2,GSM331587,1,0.4800213575363159
13,2,GSM331588,1,0.6180583834648132
13,2,GSM331590,1,0.39054909348487854
13,2,GSM331593,1,0.3523564040660858
13,2,GSM331595,1,0.3228778541088104
13,2,GSM331596,1,0.6934685707092285
13,2,GSM331597,1,0.5801224708557129
13,2,GSM331598,1,0.5947056412696838
13,2,GSM331600,1,0.5150494575500488
13,2,GSM331604,1,0.3260463774204254
13,2,GSM331606,1,0.37572407722473145
13,2,GSM331610,1,0.3520694971084595
13,2,GSM331611,1,0.7098209857940674
13,2,GSM331612,1,0.4228173494338989
13,2,GSM331615,1,0.5464446544647217
13,2,GSM331616,1,0.5044178366661072
13,2,GSM331619,1,0.4264737665653229
13,2,GSM331622,1,0.7208639979362488
13,2,GSM331623,1,0.6309919953346252
13,2,GSM331625,1,0.4947965145111084
13,2,GSM331627,1,0.41096851229667664
13,2,GSM331629,1,0.6225324273109436
13,2,GSM331632,1,0.3658633828163147
13,2,GSM331633,1,0.4583134353160858
13,2,GSM331634,1,0.46815773844718933
13,2,GSM331636,1,0.5439728498458862
13,2,GSM331639,1,0.4906714856624603
13,2,GSM331644,1,0.4539737105369568
13,2,GSM331649,1,0.3087884187698364
13,2,GSM331650,1,0.6125752925872803
13,2,GSM331651,1,0.6249661445617676
13,2,GSM331652,1,0.5708374381065369
13,2,GSM331654,1,0.7501508593559265
13,2,GSM331658,1,0.5278106927871704
13,2,GSM331659,1,0.3335641324520111
14,1,GSM331660,0,0.25892147421836853
14,1,GSM331661,0,0.6834201812744141
14,1,GSM331666,0,0.2626192569732666
14,1,GSM331668,0,0.45746445655822754
14,1,GSM331669,0,0.8055277466773987
14,1,GSM331670,0,0.6032180786132812
14,1,GSM331671,0,0.6847301721572876
14,1,GSM331673,0,0.49263259768486023
14,1,GSM331674,0,0.7770713567733765
14,1,GSM331676,0,0.6637747883796692
14,1,GSM331677,0,0.3348056674003601
14,1,GSM331679,0,0.4376182556152344
14,1,GSM331680,0,0.5714961290359497
14,1,GSM331681,0,0.6271952986717224
14,1,GSM331687,0,0.2686912715435028
14,1,GSM331688,0,0.684149444103241
14,1,GSM331689,0,0.438397616147995
14,1,GSM331690,0,0.46327486634254456
14,1,GSM331691,0,0.5897266268730164
14,1,GSM331692,0,0.6335963606834412
14,1,GSM331694,0,0.6264184713363647
14,1,GSM331696,0,0.2972368896007538
14,1,GSM331697,0,0.18589133024215698
14,1,GSM331698,0,0.2591453492641449
14,1,GSM331699,0,0.4489765167236328
14,1,GSM331700,0,0.2059919387102127
14,1,GSM331704,0,0.5913270115852356
14,1,GSM331710,0,0.40763482451438904
14,1,GSM331711,0,0.5664093494415283
14,1,GSM331713,0,0.37061944603919983
14,1,GSM331714,0,0.7098217606544495
14,1,GSM331716,0,0.9163547158241272
14,1,GSM331717,0,0.7457230687141418
14,1,GSM331718,0,0.6578099131584167
14,1,GSM331721,0,0.7670742869377136
14,1,GSM331726,0,0.1319713592529297
14,1,GSM331728,0,0.2807368040084839
14,1,GSM331455,1,0.3547428846359253
14,1,GSM331460,1,0.36805540323257446
14,1,GSM331465,1,0.6931374073028564
14,1,GSM331466,1,0.46319180727005005
14,1,GSM331468,1,0.663795530796051
14,1,GSM331473,1,0.3835398256778717
14,1,GSM331474,1,0.32386887073516846
14,1,GSM331475,1,0.5086266994476318
14,1,GSM331476,1,0.36417627334594727
14,1,GSM331477,1,0.5468249917030334
14,1,GSM331481,1,0.37824544310569763
14,1,GSM331482,1,0.5581669807434082
14,1,GSM331484,1,0.09138408303260803
14,1,GSM331485,1,0.8315320014953613
14,1,GSM331489,1,0.6002023220062256
14,1,GSM331490,1,0.5747281312942505
14,1,GSM331492,1,0.4593908488750458
14,1,GSM331493,1,0.16917824745178223
14,1,GSM331495,1,0.3049764037132263
14,1,GSM331496,1,0.38456305861473083
14,1,GSM331499,1,0.5400617718696594
14,1,GSM331502,1,0.6665840148925781
14,1,GSM331503,1,0.3525361120700836
14,1,GSM331506,1,0.5764334797859192
14,1,GSM331507,1,0.20998801290988922
14,1,GSM331508,1,0.5773250460624695
14,1,GSM331509,1,0.31118425726890564
14,1,GSM331510,1,0.4236537218093872
14,1,GSM331511,1,0.7646254897117615
14,1,GSM331513,1,0.7843467593193054
14,1,GSM331515,1,0.23335228860378265
14,1,GSM331516,1,0.6972257494926453
14,1,GSM331518,1,0.4478902518749237
14,1,GSM331519,1,0.6380789875984192
14,1,GSM331520,1,0.4013396203517914
14,1,GSM331524,1,0.32505524158477783
14,1,GSM331525,1,0.43461886048316956
14,1,GSM331527,1,0.6256076693534851
14,1,GSM331529,1,0.17342129349708557
14,1,GSM331530,1,0.34506848454475403
14,1,GSM331531,1,0.4719720184803009
14,1,GSM331532,1,0.24357053637504578
14,1,GSM331533,1,0.4413285553455353
14,1,GSM331534,1,0.6181973814964294
14,1,GSM331536,1,0.5031636953353882
14,1,GSM331542,1,0.2567964196205139
14,1,GSM331543,1,0.461309552192688
14,1,GSM331547,1,0.2817074656486511
14,1,GSM331552,1,0.4542996287345886
14,1,GSM331553,1,0.8589045405387878
14,1,GSM331560,1,0.40364158153533936
14,1,GSM331561,1,0.5704095363616943
14,1,GSM331562,1,0.2835625410079956
14,1,GSM331564,1,0.35126951336860657
14,1,GSM331565,1,0.5690245032310486
14,1,GSM331567,1,0.43078094720840454
14,1,GSM331569,1,0.6231439709663391
14,1,GSM331572,1,0.6344384551048279
14,1,GSM331577,1,0.31826916337013245
14,1,GSM331578,1,0.4969331920146942
14,1,GSM331585,1,0.45860639214515686
14,1,GSM331588,1,0.5119827389717102
14,1,GSM331589,1,0.6269455552101135
14,1,GSM331590,1,0.33687564730644226
14,1,GSM331593,1,0.31807583570480347
14,1,GSM331594,1,0.3316015601158142
14,1,GSM331596,1,0.6090654134750366
14,1,GSM331597,1,0.5673903226852417
14,1,GSM331598,1,0.42962101101875305
14,1,GSM331599,1,0.814363956451416
14,1,GSM331600,1,0.9187381863594055
14,1,GSM331605,1,0.6547218561172485
14,1,GSM331607,1,0.8908289074897766
14,1,GSM331608,1,0.19303804636001587
14,1,GSM331609,1,0.45512405037879944
14,1,GSM331610,1,0.6871397495269775
14,1,GSM331611,1,0.7388522624969482
14,1,GSM331615,1,0.3255916237831116
14,1,GSM331617,1,0.5600989460945129
14,1,GSM331618,1,0.3866810202598572
14,1,GSM331621,1,0.48315930366516113
14,1,GSM331623,1,0.5363295674324036
14,1,GSM331625,1,0.8132439851760864
14,1,GSM331626,1,0.22515742480754852
14,1,GSM331627,1,0.5453976392745972
14,1,GSM331631,1,0.39452287554740906
14,1,GSM331634,1,0.7831709384918213
14,1,GSM331635,1,0.37236613035202026
14,1,GSM331636,1,0.6156032681465149
14,1,GSM331637,1,0.3570921719074249
14,1,GSM331639,1,0.4748165011405945
14,1,GSM331640,1,0.3871687948703766
14,1,GSM331641,1,0.7036773562431335
14,1,GSM331645,1,0.4044826626777649
14,1,GSM331646,1,0.39695996046066284
14,1,GSM331647,1,0.687134325504303
14,1,GSM331648,1,0.46784818172454834
14,1,GSM331649,1,0.4674260914325714
14,1,GSM331652,1,0.5685544610023499
14,1,GSM331655,1,0.7348669171333313
14,1,GSM331656,1,0.4323277175426483
14,1,GSM331658,1,0.4747505187988281
14,1,GSM331659,1,0.46698877215385437
14,2,GSM331638,0,0.6339232921600342
14,2,GSM331662,0,0.3696203827857971
14,2,GSM331663,0,0.601100504398346
14,2,GSM331664,0,0.16930536925792694
14,2,GSM331665,0,0.5881451368331909
14,2,GSM331672,0,0.8086763024330139
14,2,GSM331675,0,0.31404992938041687
14,2,GSM331678,0,0.2004096359014511
14,2,GSM331682,0,0.6835525631904602
14,2,GSM331683,0,0.8148959279060364
14,2,GSM331684,0,0.48341497778892517
14,2,GSM331685,0,0.10928723216056824
14,2,GSM331686,0,0.7167877554893494
14,2,GSM331693,0,0.4798411726951599
14,2,GSM331695,0,0.36748531460762024
14,2,GSM331701,0,0.269057959318161
14,2,GSM331702,0,0.47518888115882874
14,2,GSM331703,0,0.5564680695533752
14,2,GSM331705,0,0.7123289108276367
14,2,GSM331706,0,0.6533313393592834
14,2,GSM331707,0,0.4401801824569702
14,2,GSM331708,0,0.35483381152153015
14,2,GSM331709,0,0.44615745544433594
14,2,GSM331712,0,0.7098158597946167
14,2,GSM331715,0,0.30377447605133057
14,2,GSM331719,0,0.19283026456832886
14,2,GSM331720,0,0.32252237200737
14,2,GSM331722,0,0.409057080745697
14,2,GSM331723,0,0.8803257346153259
14,2,GSM331724,0,0.23231403529644012
14,2,GSM331725,0,0.4469054937362671
14,2,GSM331727,0,0.3935604691505432
14,2,GSM331729,0,0.22014015913009644
14,2,GSM331730,0,0.43367597460746765
14,2,GSM331731,0,0.6429325342178345
14,2,GSM331732,0,0.7864125967025757
14,2,GSM331453,1,0.5404222011566162
14,2,GSM331454,1,0.385272741317749
14,2,GSM331456,1,0.4560548961162567
14,2,GSM331457,1,0.6347319483757019
14,2,GSM331458,1,0.6686644554138184
14,2,GSM331459,1,0.4390420615673065
14,2,GSM331461,1,0.5179927349090576
14,2,GSM331462,1,0.25346094369888306
14,2,GSM331463,1,0.2880764603614807
14,2,GSM331464,1,0.358411967754364
14,2,GSM331467,1,0.6571881175041199
14,2,GSM331469,1,0.3544425666332245
14,2,GSM331470,1,0.6739647388458252
14,2,GSM331471,1,0.839880645275116
14,2,GSM331472,1,0.531645655632019
14,2,GSM331478,1,0.5575464367866516
14,2,GSM331479,1,0.512080192565918
14,2,GSM331480,1,0.7680693864822388
14,2,GSM331483,1,0.5736836194992065
14,2,GSM331486,1,0.4306699335575104
14,2,GSM331487,1,0.6941781044006348
14,2,GSM331488,1,0.7784057855606079
14,2,GSM331491,1,0.5426270961761475
14,2,GSM331494,1,0.7044229507446289
14,2,GSM331497,1,0.585774838924408
14,2,GSM331498,1,0.37740930914878845
14,2,GSM331500,1,0.7896625399589539
14,2,GSM331501,1,0.20366378128528595
14,2,GSM331504,1,0.6119194030761719
14,2,GSM331505,1,0.43411871790885925
14,2,GSM331512,1,0.7679049968719482
14,2,GSM331514,1,0.368047297000885
14,2,GSM331517,1,0.34144723415374756
14,2,GSM331521,1,0.22281517088413239
14,2,GSM331522,1,0.4909913241863251
14,2,GSM331523,1,0.6087084412574768
14,2,GSM331526,1,0.7534961700439453
14,2,GSM331528,1,0.5558395385742188
14,2,GSM331535,1,0.5625386238098145
14,2,GSM331537,1,0.6848611831665039
14,2,GSM331538,1,0.36475327610969543
14,2,GSM331539,1,0.520130455493927
14,2,GSM331540,1,0.6805517077445984
14,2,GSM331541,1,0.674477219581604
14,2,GSM331544,1,0.3536238968372345
14,2,GSM331545,1,0.6270902156829834
14,2,GSM331546,1,0.47043442726135254
14,2,GSM331548,1,0.31730687618255615
14,2,GSM331549,1,0.7683985829353333
14,2,GSM331550,1,0.2869073450565338
14,2,GSM331551,1,0.3446877896785736
14,2,GSM331554,1,0.571369469165802
14,2,GSM331555,1,0.41575801372528076
14,2,GSM331556,1,0.2919155955314636
14,2,GSM331557,1,0.3913761079311371
14,2,GSM331558,1,0.5047933459281921
14,2,GSM331559,1,0.8555871844291687
14,2,GSM331563,1,0.6625295281410217
14,2,GSM331566,1,0.5364115238189697
14,2,GSM331568,1,0.5818110108375549
14,2,GSM331570,1,0.5243880152702332
14,2,GSM331571,1,0.4957103133201599
14,2,GSM331573,1,0.6379842162132263
14,2,GSM331574,1,0.22101972997188568
14,2,GSM331575,1,0.6842418313026428
14,2,GSM331576,1,0.8150872588157654
14,2,GSM331579,1,0.4837902784347534
14,2,GSM331580,1,0.18646454811096191
14,2,GSM331581,1,0.5856720209121704
14,2,GSM331582,1,0.27793967723846436
14,2,GSM331583,1,0.27240127325057983
14,2,GSM331584,1,0.1786724030971527
14,2,GSM331586,1,0.4263548254966736
14,2,GSM331587,1,0.5088018178939819
14,2,GSM331591,1,0.591763436794281
14,2,GSM331592,1,0.5302894711494446
14,2,GSM331595,1,0.6377695202827454
14,2,GSM331601,1,0.6035250425338745
14,2,GSM331602,1,0.5599147081375122
14,2,GSM331603,1,0.5683656334877014
14,2,GSM331604,1,0.3999803066253662
14,2,GSM331606,1,0.3109458386898041
14,2,GSM331612,1,0.5855454206466675
14,2,GSM331613,1,0.4059998095035553
14,2,GSM331614,1,0.405391126871109
14,2,GSM331616,1,0.7123280167579651
14,2,GSM331619,1,0.22645075619220734
14,2,GSM331620,1,0.6923903226852417
14,2,GSM331622,1,0.6048630475997925
14,2,GSM331624,1,0.5273768305778503
14,2,GSM331628,1,0.41530364751815796
14,2,GSM331629,1,0.44227737188339233
14,2,GSM331630,1,0.41593214869499207
14,2,GSM331632,1,0.2124970406293869
14,2,GSM331633,1,0.3749949336051941
14,2,GSM331642,1,0.3975198268890381
14,2,GSM331643,1,0.5990721583366394
14,2,GSM331644,1,0.2914414405822754
14,2,GSM331650,1,0.4781666696071625
14,2,GSM331651,1,0.35966956615448
14,2,GSM331653,1,0.6801244020462036
14,2,GSM331654,1,0.8444173336029053
14,2,GSM331657,1,0.8037265539169312
15,1,GSM331662,0,0.45435866713523865
15,1,GSM331663,0,0.2981264591217041
15,1,GSM331664,0,0.42714592814445496
15,1,GSM331668,0,0.7469366788864136
15,1,GSM331669,0,0.5981562733650208
15,1,GSM331670,0,0.6305176019668579
15,1,GSM331671,0,0.5334593057632446
15,1,GSM331672,0,0.6896941661834717
15,1,GSM331673,0,0.4053627848625183
15,1,GSM331674,0,0.33972808718681335
15,1,GSM331678,0,0.33661869168281555
15,1,GSM331680,0,0.779373824596405
15,1,GSM331681,0,0.2640640139579773
15,1,GSM331686,0,0.5378934144973755
15,1,GSM331689,0,0.4213327169418335
15,1,GSM331694,0,0.7158554792404175
15,1,GSM331695,0,0.4583583474159241
15,1,GSM331696,0,0.3079400658607483
15,1,GSM331698,0,0.23259779810905457
15,1,GSM331699,0,0.40901947021484375
15,1,GSM331700,0,0.2142077386379242
15,1,GSM331701,0,0.5393679738044739
15,1,GSM331702,0,0.701265275478363
15,1,GSM331704,0,0.5385241508483887
15,1,GSM331705,0,0.4919053912162781
15,1,GSM331708,0,0.7616583704948425
15,1,GSM331709,0,0.2637479901313782
15,1,GSM331712,0,0.43840357661247253
15,1,GSM331716,0,0.8083813786506653
15,1,GSM331717,0,0.7849818468093872
15,1,GSM331719,0,0.20463277399539948
15,1,GSM331720,0,0.46406182646751404
15,1,GSM331722,0,0.7176516056060791
15,1,GSM331723,0,0.5949176549911499
15,1,GSM331724,0,0.3994940519332886
15,1,GSM331731,0,0.7432792782783508
15,1,GSM331732,0,0.4029858410358429
15,1,GSM331456,1,0.7414600849151611
15,1,GSM331457,1,0.6647890210151672
15,1,GSM331461,1,0.5032870173454285
15,1,GSM331465,1,0.6080836057662964
15,1,GSM331467,1,0.2888389825820923
15,1,GSM331469,1,0.3793047368526459
15,1,GSM331471,1,0.5970810055732727
15,1,GSM331474,1,0.5194547176361084
15,1,GSM331475,1,0.5123617053031921
15,1,GSM331476,1,0.612784206867218
15,1,GSM331477,1,0.6040478944778442
15,1,GSM331479,1,0.6882230043411255
15,1,GSM331480,1,0.745610237121582
15,1,GSM331483,1,0.7456392049789429
15,1,GSM331484,1,0.2456856518983841
15,1,GSM331486,1,0.4513462781906128
15,1,GSM331487,1,0.7889331579208374
15,1,GSM331488,1,0.564736008644104
15,1,GSM331491,1,0.5676369071006775
15,1,GSM331492,1,0.29075154662132263
15,1,GSM331493,1,0.2807988226413727
15,1,GSM331494,1,0.7611755132675171
15,1,GSM331495,1,0.6854256987571716
15,1,GSM331496,1,0.4049222469329834
15,1,GSM331501,1,0.3988557457923889
15,1,GSM331503,1,0.5942336320877075
15,1,GSM331504,1,0.426400750875473
15,1,GSM331505,1,0.5352133512496948
15,1,GSM331506,1,0.6323827505111694
15,1,GSM331507,1,0.26272642612457275
15,1,GSM331509,1,0.5174070596694946
15,1,GSM331510,1,0.45906317234039307
15,1,GSM331511,1,0.5665138363838196
15,1,GSM331513,1,0.7269163727760315
15,1,GSM331517,1,0.6425901055335999
15,1,GSM331520,1,0.6795032024383545
15,1,GSM331521,1,0.23249927163124084
15,1,GSM331522,1,0.6608908176422119
15,1,GSM331523,1,0.7663173079490662
15,1,GSM331524,1,0.456119567155838
15,1,GSM331526,1,0.48007524013519287
15,1,GSM331530,1,0.5555514693260193
15,1,GSM331532,1,0.5341829061508179
15,1,GSM331534,1,0.49875935912132263
15,1,GSM331535,1,0.4079448878765106
15,1,GSM331536,1,0.45617911219596863
15,1,GSM331538,1,0.3388066589832306
15,1,GSM331541,1,0.7940585017204285
15,1,GSM331542,1,0.5816133618354797
15,1,GSM331543,1,0.79581218957901
15,1,GSM331544,1,0.23734913766384125
15,1,GSM331545,1,0.5737538933753967
15,1,GSM331547,1,0.5266034007072449
15,1,GSM331548,1,0.5454481244087219
15,1,GSM331549,1,0.7413908839225769
15,1,GSM331550,1,0.39303237199783325
15,1,GSM331555,1,0.309379905462265
15,1,GSM331556,1,0.3662562668323517
15,1,GSM331559,1,0.7853493094444275
15,1,GSM331561,1,0.5068299770355225
15,1,GSM331562,1,0.5049182176589966
15,1,GSM331563,1,0.35709941387176514
15,1,GSM331564,1,0.38790369033813477
15,1,GSM331565,1,0.6700310707092285
15,1,GSM331569,1,0.5412028431892395
15,1,GSM331574,1,0.5191105604171753
15,1,GSM331576,1,0.7680752277374268
15,1,GSM331577,1,0.3901287615299225
15,1,GSM331579,1,0.539361834526062
15,1,GSM331580,1,0.5750724673271179
15,1,GSM331581,1,0.4294590353965759
15,1,GSM331582,1,0.27149471640586853
15,1,GSM331584,1,0.41811075806617737
15,1,GSM331585,1,0.8126580119132996
15,1,GSM331589,1,0.6612296104431152
15,1,GSM331590,1,0.41084569692611694
15,1,GSM331592,1,0.5413209199905396
15,1,GSM331594,1,0.5601614713668823
15,1,GSM331595,1,0.48469871282577515
15,1,GSM331599,1,0.6429930329322815
15,1,GSM331602,1,0.4080200493335724
15,1,GSM331604,1,0.29482775926589966
15,1,GSM331605,1,0.5356100797653198
15,1,GSM331607,1,0.7703781127929688
15,1,GSM331610,1,0.3554691672325134
15,1,GSM331611,1,0.7317265272140503
15,1,GSM331618,1,0.6121759414672852
15,1,GSM331619,1,0.26324257254600525
15,1,GSM331620,1,0.7620006799697876
15,1,GSM331621,1,0.6376886367797852
15,1,GSM331628,1,0.46867427229881287
15,1,GSM331637,1,0.4969937205314636
15,1,GSM331641,1,0.5506503582000732
15,1,GSM331643,1,0.7155318856239319
15,1,GSM331644,1,0.37445828318595886
15,1,GSM331645,1,0.31641116738319397
15,1,GSM331646,1,0.28748780488967896
15,1,GSM331647,1,0.5179862380027771
15,1,GSM331648,1,0.35441914200782776
15,1,GSM331649,1,0.5668454766273499
15,1,GSM331653,1,0.5245607495307922
15,1,GSM331656,1,0.29556629061698914
15,1,GSM331657,1,0.7675347924232483
15,2,GSM331638,0,0.6407835483551025
15,2,GSM331660,0,0.4527924656867981
15,2,GSM331661,0,0.5292202830314636
15,2,GSM331665,0,0.37845736742019653
15,2,GSM331666,0,0.45584627985954285
15,2,GSM331675,0,0.18040215969085693
15,2,GSM331676,0,0.6388502717018127
15,2,GSM331677,0,0.1958988904953003
15,2,GSM331679,0,0.5236870050430298
15,2,GSM331682,0,0.3946898877620697
15,2,GSM331683,0,0.8595148324966431
15,2,GSM331684,0,0.39431190490722656
15,2,GSM331685,0,0.4614070951938629
15,2,GSM331687,0,0.2746168076992035
15,2,GSM331688,0,0.679939866065979
15,2,GSM331690,0,0.5172039270401001
15,2,GSM331691,0,0.7324864268302917
15,2,GSM331692,0,0.21015086770057678
15,2,GSM331693,0,0.5429734587669373
15,2,GSM331697,0,0.37875333428382874
15,2,GSM331703,0,0.6342374086380005
15,2,GSM331706,0,0.3855152726173401
15,2,GSM331707,0,0.5212075114250183
15,2,GSM331710,0,0.31936773657798767
15,2,GSM331711,0,0.7418972253799438
15,2,GSM331713,0,0.37134724855422974
15,2,GSM331714,0,0.8459233641624451
15,2,GSM331715,0,0.3260982036590576
15,2,GSM331718,0,0.7680615186691284
15,2,GSM331721,0,0.5238011479377747
15,2,GSM331725,0,0.42225897312164307
15,2,GSM331726,0,0.3302183747291565
15,2,GSM331727,0,0.6234570145606995
15,2,GSM331728,0,0.39696255326271057
15,2,GSM331729,0,0.3048800230026245
15,2,GSM331730,0,0.6519248485565186
15,2,GSM331453,1,0.5944408774375916
15,2,GSM331454,1,0.292974054813385
15,2,GSM331455,1,0.17051969468593597
15,2,GSM331458,1,0.5816522836685181
15,2,GSM331459,1,0.5121675133705139
15,2,GSM331460,1,0.34279921650886536
15,2,GSM331462,1,0.4327715039253235
15,2,GSM331463,1,0.47696009278297424
15,2,GSM331464,1,0.43827125430107117
15,2,GSM331466,1,0.6419093608856201
15,2,GSM331468,1,0.5402474403381348
15,2,GSM331470,1,0.6255747675895691
15,2,GSM331472,1,0.6293079853057861
15,2,GSM331473,1,0.6786616444587708
15,2,GSM331478,1,0.7012540102005005
15,2,GSM331481,1,0.45171642303466797
15,2,GSM331482,1,0.21018086373806
15,2,GSM331485,1,0.7613803148269653
15,2,GSM331489,1,0.4115581214427948
15,2,GSM331490,1,0.3206588327884674
15,2,GSM331497,1,0.4617510735988617
15,2,GSM331498,1,0.2920886278152466
15,2,GSM331499,1,0.7197275161743164
15,2,GSM331500,1,0.6096500754356384
15,2,GSM331502,1,0.8810531497001648
15,2,GSM331508,1,0.8372421264648438
15,2,GSM331512,1,0.7897136807441711
15,2,GSM331514,1,0.5116628408432007
15,2,GSM331515,1,0.37197816371917725
15,2,GSM331516,1,0.7489216327667236
15,2,GSM331518,1,0.6195607781410217
15,2,GSM331519,1,0.39772456884384155
15,2,GSM331525,1,0.6898434162139893
15,2,GSM331527,1,0.2905997633934021
15,2,GSM331528,1,0.48900067806243896
15,2,GSM331529,1,0.5113943815231323
15,2,GSM331531,1,0.6483486294746399
15,2,GSM331533,1,0.47414079308509827
15,2,GSM331537,1,0.7737011909484863
15,2,GSM331539,1,0.5022724866867065
15,2,GSM331540,1,0.7033336758613586
15,2,GSM331546,1,0.4751328229904175
15,2,GSM331551,1,0.5638713240623474
15,2,GSM331552,1,0.2770622968673706
15,2,GSM331553,1,0.7891339659690857
15,2,GSM331554,1,0.607521116733551
15,2,GSM331557,1,0.6648016571998596
15,2,GSM331558,1,0.18879197537899017
15,2,GSM331560,1,0.3604939579963684
15,2,GSM331566,1,0.5340426564216614
15,2,GSM331567,1,0.48676255345344543
15,2,GSM331568,1,0.5734397768974304
15,2,GSM331570,1,0.5009738206863403
15,2,GSM331571,1,0.5545524954795837
15,2,GSM331572,1,0.33363285660743713
15,2,GSM331573,1,0.7690287828445435
15,2,GSM331575,1,0.5725381970405579
15,2,GSM331578,1,0.5385876297950745
15,2,GSM331583,1,0.4234318435192108
15,2,GSM331586,1,0.16913259029388428
15,2,GSM331587,1,0.6418653726577759
15,2,GSM331588,1,0.45934218168258667
15,2,GSM331591,1,0.6068654656410217
15,2,GSM331593,1,0.597932755947113
15,2,GSM331596,1,0.6692465543746948
15,2,GSM331597,1,0.8554378151893616
15,2,GSM331598,1,0.22769860923290253
15,2,GSM331600,1,0.8721174001693726
15,2,GSM331601,1,0.6171025633811951
15,2,GSM331603,1,0.7556204199790955
15,2,GSM331606,1,0.18110503256320953
15,2,GSM331608,1,0.44658026099205017
15,2,GSM331609,1,0.5702608823776245
15,2,GSM331612,1,0.6815535426139832
15,2,GSM331613,1,0.5692481994628906
15,2,GSM331614,1,0.43808886408805847
15,2,GSM331615,1,0.5223971009254456
15,2,GSM331616,1,0.5764985680580139
15,2,GSM331617,1,0.6757020354270935
15,2,GSM331622,1,0.6930006742477417
15,2,GSM331623,1,0.5527305006980896
15,2,GSM331624,1,0.7787012457847595
15,2,GSM331625,1,0.23407401144504547
15,2,GSM331626,1,0.3068796396255493
15,2,GSM331627,1,0.3573622405529022
15,2,GSM331629,1,0.48360615968704224
15,2,GSM331630,1,0.6866297125816345
15,2,GSM331631,1,0.2215861976146698
15,2,GSM331632,1,0.35235974192619324
15,2,GSM331633,1,0.33115553855895996
15,2,GSM331634,1,0.523707926273346
15,2,GSM331635,1,0.2922230064868927
15,2,GSM331636,1,0.23586559295654297
15,2,GSM331639,1,0.5072723627090454
15,2,GSM331640,1,0.22551020979881287
15,2,GSM331642,1,0.6008159518241882
15,2,GSM331650,1,0.5355993509292603
15,2,GSM331651,1,0.7459812760353088
15,2,GSM331652,1,0.675468385219574
15,2,GSM331654,1,0.7989778518676758
15,2,GSM331655,1,0.5147918462753296
15,2,GSM331658,1,0.6097301840782166
15,2,GSM331659,1,0.47001028060913086
16,1,GSM331661,0,0.7435920238494873
16,1,GSM331666,0,0.5014758706092834
16,1,GSM331668,0,0.5264674425125122
16,1,GSM331670,0,0.6100016236305237
16,1,GSM331671,0,0.5044199228286743
16,1,GSM331675,0,0.45996055006980896
16,1,GSM331676,0,0.5675459504127502
16,1,GSM331678,0,0.14002195000648499
16,1,GSM331680,0,0.576829731464386
16,1,GSM331681,0,0.8305329084396362
16,1,GSM331682,0,0.8327341079711914
16,1,GSM331685,0,0.18912269175052643
16,1,GSM331687,0,0.2741814851760864
16,1,GSM331688,0,0.7727460861206055
16,1,GSM331691,0,0.5765225291252136
16,1,GSM331694,0,0.41897284984588623
16,1,GSM331696,0,0.47572821378707886
16,1,GSM331697,0,0.506311297416687
16,1,GSM331699,0,0.28422799706459045
16,1,GSM331700,0,0.1625603884458542
16,1,GSM331702,0,0.5996010303497314
16,1,GSM331703,0,0.6855285167694092
16,1,GSM331704,0,0.6490400433540344
16,1,GSM331705,0,0.7006756067276001
16,1,GSM331707,0,0.38529205322265625
16,1,GSM331709,0,0.5450931787490845
16,1,GSM331710,0,0.6237784624099731
16,1,GSM331714,0,0.8077269196510315
16,1,GSM331715,0,0.4598349928855896
16,1,GSM331716,0,0.9138267636299133
16,1,GSM331721,0,0.6440799236297607
16,1,GSM331723,0,0.52730792760849
16,1,GSM331726,0,0.2846722900867462
16,1,GSM331727,0,0.4894900321960449
16,1,GSM331728,0,0.17909686267375946
16,1,GSM331730,0,0.7559030055999756
16,1,GSM331732,0,0.5470126867294312
16,1,GSM331454,1,0.3257906436920166
16,1,GSM331455,1,0.47500964999198914
16,1,GSM331457,1,0.6423870921134949
16,1,GSM331458,1,0.7225764989852905
16,1,GSM331461,1,0.41570720076560974
16,1,GSM331462,1,0.22433464229106903
16,1,GSM331463,1,0.7558600306510925
16,1,GSM331466,1,0.5092633366584778
16,1,GSM331467,1,0.43829458951950073
16,1,GSM331468,1,0.717166543006897
16,1,GSM331469,1,0.3376120328903198
16,1,GSM331470,1,0.506713330745697
16,1,GSM331471,1,0.5954313278198242
16,1,GSM331473,1,0.27837884426116943
16,1,GSM331474,1,0.3254106342792511
16,1,GSM331476,1,0.4568164050579071
16,1,GSM331478,1,0.6832036375999451
16,1,GSM331481,1,0.5505127906799316
16,1,GSM331482,1,0.654665470123291
16,1,GSM331483,1,0.6075014472007751
16,1,GSM331485,1,0.7382141351699829
16,1,GSM331486,1,0.3794001042842865
16,1,GSM331487,1,0.8142118453979492
16,1,GSM331488,1,0.6078435182571411
16,1,GSM331493,1,0.28802254796028137
16,1,GSM331497,1,0.595289409160614
16,1,GSM331498,1,0.3175404965877533
16,1,GSM331505,1,0.5906859040260315
16,1,GSM331506,1,0.6586560010910034
16,1,GSM331507,1,0.15864983201026917
16,1,GSM331509,1,0.21399763226509094
16,1,GSM331510,1,0.42421427369117737
16,1,GSM331512,1,0.6443657875061035
16,1,GSM331514,1,0.5553010702133179
16,1,GSM331519,1,0.49605056643486023
16,1,GSM331521,1,0.23663130402565002
16,1,GSM331522,1,0.4112941026687622
16,1,GSM331526,1,0.71529620885849
16,1,GSM331527,1,0.5318923592567444
16,1,GSM331528,1,0.7308549880981445
16,1,GSM331531,1,0.4919271469116211
16,1,GSM331537,1,0.815790593624115
16,1,GSM331539,1,0.6012455224990845
16,1,GSM331542,1,0.31645339727401733
16,1,GSM331543,1,0.7382333278656006
16,1,GSM331544,1,0.32123592495918274
16,1,GSM331545,1,0.5095754265785217
16,1,GSM331547,1,0.3669911324977875
16,1,GSM331552,1,0.41613930463790894
16,1,GSM331553,1,0.737063467502594
16,1,GSM331554,1,0.3002317249774933
16,1,GSM331559,1,0.6562251448631287
16,1,GSM331562,1,0.632771372795105
16,1,GSM331564,1,0.3070564568042755
16,1,GSM331567,1,0.47774991393089294
16,1,GSM331568,1,0.7181781530380249
16,1,GSM331576,1,0.8264772295951843
16,1,GSM331577,1,0.6130805611610413
16,1,GSM331582,1,0.275511771440506
16,1,GSM331585,1,0.6412830352783203
16,1,GSM331588,1,0.5565580129623413
16,1,GSM331589,1,0.7604635953903198
16,1,GSM331590,1,0.4927968978881836
16,1,GSM331591,1,0.7974151372909546
16,1,GSM331593,1,0.4605952799320221
16,1,GSM331597,1,0.7906970381736755
16,1,GSM331598,1,0.4640903174877167
16,1,GSM331599,1,0.587999701499939
16,1,GSM331600,1,0.8662194013595581
16,1,GSM331602,1,0.3657723367214203
16,1,GSM331603,1,0.4427666664123535
16,1,GSM331604,1,0.21271955966949463
16,1,GSM331606,1,0.4637976586818695
16,1,GSM331607,1,0.5465643405914307
16,1,GSM331608,1,0.1686645895242691
16,1,GSM331610,1,0.38156968355178833
16,1,GSM331614,1,0.3985292315483093
16,1,GSM331616,1,0.8309960961341858
16,1,GSM331617,1,0.7738707661628723
16,1,GSM331619,1,0.3396388590335846
16,1,GSM331620,1,0.6457809805870056
16,1,GSM331621,1,0.5727919340133667
16,1,GSM331623,1,0.5347844362258911
16,1,GSM331625,1,0.5588864088058472
16,1,GSM331626,1,0.5702797770500183
16,1,GSM331627,1,0.6984062790870667
16,1,GSM331628,1,0.4936750829219818
16,1,GSM331629,1,0.18417583405971527
16,1,GSM331630,1,0.49824196100234985
16,1,GSM331634,1,0.5972435474395752
16,1,GSM331635,1,0.6125468015670776
16,1,GSM331637,1,0.6253689527511597
16,1,GSM331639,1,0.6266793608665466
16,1,GSM331642,1,0.49519622325897217
16,1,GSM331646,1,0.5094469785690308
16,1,GSM331650,1,0.46354997158050537
16,1,GSM331651,1,0.2571597099304199
16,1,GSM331653,1,0.6600778698921204
16,1,GSM331654,1,0.8162810206413269
16,1,GSM331655,1,0.5471959710121155
16,1,GSM331657,1,0.6509736776351929
16,1,GSM331658,1,0.5622355341911316
16,1,GSM331659,1,0.44403091073036194
16,2,GSM331638,0,0.4368908405303955
16,2,GSM331660,0,0.3420935571193695
16,2,GSM331662,0,0.33874550461769104
16,2,GSM331663,0,0.2971747815608978
16,2,GSM331664,0,0.2865607738494873
16,2,GSM331665,0,0.3902047872543335
16,2,GSM331669,0,0.5489779114723206
16,2,GSM331672,0,0.6951190829277039
16,2,GSM331673,0,0.7278091311454773
16,2,GSM331674,0,0.4084014296531677
16,2,GSM331677,0,0.29960501194000244
16,2,GSM331679,0,0.1978965699672699
16,2,GSM331683,0,0.7080168724060059
16,2,GSM331684,0,0.5915384292602539
16,2,GSM331686,0,0.7251465320587158
16,2,GSM331689,0,0.5359201431274414
16,2,GSM331690,0,0.5396969318389893
16,2,GSM331692,0,0.6873347759246826
16,2,GSM331693,0,0.5751247406005859
16,2,GSM331695,0,0.32274293899536133
16,2,GSM331698,0,0.22838474810123444
16,2,GSM331701,0,0.35071828961372375
16,2,GSM331706,0,0.6200861930847168
16,2,GSM331708,0,0.3012768030166626
16,2,GSM331711,0,0.8056526184082031
16,2,GSM331712,0,0.7008935809135437
16,2,GSM331713,0,0.5590678453445435
16,2,GSM331717,0,0.6773824095726013
16,2,GSM331718,0,0.4770433008670807
16,2,GSM331719,0,0.39064937829971313
16,2,GSM331720,0,0.6241623163223267
16,2,GSM331722,0,0.5267479419708252
16,2,GSM331724,0,0.5191777348518372
16,2,GSM331725,0,0.3924199342727661
16,2,GSM331729,0,0.20527034997940063
16,2,GSM331731,0,0.4806509017944336
16,2,GSM331453,1,0.5877687931060791
16,2,GSM331456,1,0.5147738456726074
16,2,GSM331459,1,0.6076409220695496
16,2,GSM331460,1,0.45081740617752075
16,2,GSM331464,1,0.41207897663116455
16,2,GSM331465,1,0.285358190536499
16,2,GSM331472,1,0.4064846932888031
16,2,GSM331475,1,0.5866518020629883
16,2,GSM331477,1,0.705634355545044
16,2,GSM331479,1,0.31646275520324707
16,2,GSM331480,1,0.6572520732879639
16,2,GSM331484,1,0.12915919721126556
16,2,GSM331489,1,0.6603207588195801
16,2,GSM331490,1,0.21542693674564362
16,2,GSM331491,1,0.6771386861801147
16,2,GSM331492,1,0.3075135350227356
16,2,GSM331494,1,0.5861925482749939
16,2,GSM331495,1,0.33044371008872986
16,2,GSM331496,1,0.23205116391181946
16,2,GSM331499,1,0.3357594311237335
16,2,GSM331500,1,0.5256317257881165
16,2,GSM331501,1,0.36790579557418823
16,2,GSM331502,1,0.4991735816001892
16,2,GSM331503,1,0.4940723776817322
16,2,GSM331504,1,0.3315618932247162
16,2,GSM331508,1,0.5124650597572327
16,2,GSM331511,1,0.7638741731643677
16,2,GSM331513,1,0.6545590162277222
16,2,GSM331515,1,0.40065836906433105
16,2,GSM331516,1,0.6896413564682007
16,2,GSM331517,1,0.5951239466667175
16,2,GSM331518,1,0.15366555750370026
16,2,GSM331520,1,0.30564025044441223
16,2,GSM331523,1,0.6247048377990723
16,2,GSM331524,1,0.2439843714237213
16,2,GSM331525,1,0.6149293780326843
16,2,GSM331529,1,0.31622520089149475
16,2,GSM331530,1,0.44458243250846863
16,2,GSM331532,1,0.42845258116722107
16,2,GSM331533,1,0.7233121395111084
16,2,GSM331534,1,0.45251378417015076
16,2,GSM331535,1,0.35556870698928833
16,2,GSM331536,1,0.5461249351501465
16,2,GSM331538,1,0.37066248059272766
16,2,GSM331540,1,0.3322226107120514
16,2,GSM331541,1,0.5172471404075623
16,2,GSM331546,1,0.38634011149406433
16,2,GSM331548,1,0.40902215242385864
16,2,GSM331549,1,0.49049028754234314
16,2,GSM331550,1,0.25539466738700867
16,2,GSM331551,1,0.4013386368751526
16,2,GSM331555,1,0.24177014827728271
16,2,GSM331556,1,0.35243889689445496
16,2,GSM331557,1,0.523608922958374
16,2,GSM331558,1,0.7123819589614868
16,2,GSM331560,1,0.4115539789199829
16,2,GSM331561,1,0.3562449514865875
16,2,GSM331563,1,0.4540780484676361
16,2,GSM331565,1,0.44234418869018555
16,2,GSM331566,1,0.292669415473938
16,2,GSM331569,1,0.37215855717658997
16,2,GSM331570,1,0.6246344447135925
16,2,GSM331571,1,0.6226173639297485
16,2,GSM331572,1,0.8517888188362122
16,2,GSM331573,1,0.7097893357276917
16,2,GSM331574,1,0.5417258143424988
16,2,GSM331575,1,0.5495596528053284
16,2,GSM331578,1,0.5637181997299194
16,2,GSM331579,1,0.48936495184898376
16,2,GSM331580,1,0.49270394444465637
16,2,GSM331581,1,0.24414686858654022
16,2,GSM331583,1,0.28794702887535095
16,2,GSM331584,1,0.10902424156665802
16,2,GSM331586,1,0.6333684325218201
16,2,GSM331587,1,0.5504477024078369
16,2,GSM331592,1,0.5197610855102539
16,2,GSM331594,1,0.49618685245513916
16,2,GSM331595,1,0.2648172080516815
16,2,GSM331596,1,0.6418594121932983
16,2,GSM331601,1,0.3952576518058777
16,2,GSM331605,1,0.4309755563735962
16,2,GSM331609,1,0.42342790961265564
16,2,GSM331611,1,0.635019838809967
16,2,GSM331612,1,0.35010674595832825
16,2,GSM331613,1,0.43960464000701904
16,2,GSM331615,1,0.40213486552238464
16,2,GSM331618,1,0.7078977227210999
16,2,GSM331622,1,0.8129069209098816
16,2,GSM331624,1,0.5189555287361145
16,2,GSM331631,1,0.22197797894477844
16,2,GSM331632,1,0.15873102843761444
16,2,GSM331633,1,0.25144901871681213
16,2,GSM331636,1,0.32998475432395935
16,2,GSM331640,1,0.211782306432724
16,2,GSM331641,1,0.6552168130874634
16,2,GSM331643,1,0.6119167804718018
16,2,GSM331644,1,0.4144230782985687
16,2,GSM331645,1,0.7937313318252563
16,2,GSM331647,1,0.5677292943000793
16,2,GSM331648,1,0.29732128977775574
16,2,GSM331649,1,0.6014896035194397
16,2,GSM331652,1,0.5428357124328613
16,2,GSM331656,1,0.45914068818092346
17,1,GSM331638,0,0.5639513731002808
17,1,GSM331660,0,0.5484287738800049
17,1,GSM331663,0,0.41942209005355835
17,1,GSM331664,0,0.45639920234680176
17,1,GSM331666,0,0.49217790365219116
17,1,GSM331668,0,0.5866888165473938
17,1,GSM331670,0,0.5015043020248413
17,1,GSM331671,0,0.4801902174949646
17,1,GSM331673,0,0.5115853548049927
17,1,GSM331677,0,0.4378879964351654
17,1,GSM331678,0,0.42646726965904236
17,1,GSM331680,0,0.7009045481681824
17,1,GSM331681,0,0.519022524356842
17,1,GSM331682,0,0.5052485466003418
17,1,GSM331683,0,0.6917844414710999
17,1,GSM331684,0,0.3767801523208618
17,1,GSM331686,0,0.4959190785884857
17,1,GSM331688,0,0.6100934743881226
17,1,GSM331689,0,0.40288132429122925
17,1,GSM331691,0,0.5117731690406799
17,1,GSM331695,0,0.517990231513977
17,1,GSM331698,0,0.2714328169822693
17,1,GSM331702,0,0.40704476833343506
17,1,GSM331703,0,0.554512083530426
17,1,GSM331704,0,0.42250481247901917
17,1,GSM331707,0,0.41220203042030334
17,1,GSM331710,0,0.36756962537765503
17,1,GSM331713,0,0.45488765835762024
17,1,GSM331714,0,0.7527835369110107
17,1,GSM331716,0,0.6040232181549072
17,1,GSM331717,0,0.5820996761322021
17,1,GSM331721,0,0.5499591827392578
17,1,GSM331722,0,0.5831614136695862
17,1,GSM331723,0,0.5071332454681396
17,1,GSM331727,0,0.5324896574020386
17,1,GSM331730,0,0.6182772517204285
17,1,GSM331731,0,0.5906262397766113
17,1,GSM331455,1,0.28066277503967285
17,1,GSM331456,1,0.6150991320610046
17,1,GSM331461,1,0.585174024105072
17,1,GSM331463,1,0.6283057332038879
17,1,GSM331466,1,0.6837976574897766
17,1,GSM331467,1,0.3124886155128479
17,1,GSM331468,1,0.6801227927207947
17,1,GSM331470,1,0.5380957126617432
17,1,GSM331478,1,0.648187518119812
17,1,GSM331479,1,0.5743313431739807
17,1,GSM331482,1,0.27480220794677734
17,1,GSM331483,1,0.6007048487663269
17,1,GSM331484,1,0.587717592716217
17,1,GSM331485,1,0.6434887647628784
17,1,GSM331487,1,0.712501585483551
17,1,GSM331488,1,0.6938928365707397
17,1,GSM331489,1,0.5337709784507751
17,1,GSM331490,1,0.3833164572715759
17,1,GSM331493,1,0.35871636867523193
17,1,GSM331494,1,0.6428388357162476
17,1,GSM331495,1,0.5279956459999084
17,1,GSM331500,1,0.5817093849182129
17,1,GSM331504,1,0.41146016120910645
17,1,GSM331505,1,0.43027645349502563
17,1,GSM331506,1,0.44075262546539307
17,1,GSM331507,1,0.26942282915115356
17,1,GSM331508,1,0.6237000823020935
17,1,GSM331509,1,0.5465849041938782
17,1,GSM331510,1,0.5899815559387207
17,1,GSM331515,1,0.634035050868988
17,1,GSM331518,1,0.48400554060935974
17,1,GSM331519,1,0.3918924331665039
17,1,GSM331520,1,0.3790060579776764
17,1,GSM331526,1,0.5117340683937073
17,1,GSM331527,1,0.30894115567207336
17,1,GSM331528,1,0.5929043292999268
17,1,GSM331529,1,0.5554483532905579
17,1,GSM331531,1,0.5711960792541504
17,1,GSM331532,1,0.5019199252128601
17,1,GSM331534,1,0.6682575941085815
17,1,GSM331535,1,0.39680153131484985
17,1,GSM331536,1,0.5633018612861633
17,1,GSM331537,1,0.6421854496002197
17,1,GSM331538,1,0.2614034116268158
17,1,GSM331539,1,0.44319987297058105
17,1,GSM331542,1,0.46422916650772095
17,1,GSM331543,1,0.6003976464271545
17,1,GSM331544,1,0.20313961803913116
17,1,GSM331545,1,0.4349058270454407
17,1,GSM331547,1,0.4626639485359192
17,1,GSM331550,1,0.4557796120643616
17,1,GSM331553,1,0.5472649931907654
17,1,GSM331554,1,0.5395169854164124
17,1,GSM331555,1,0.28509581089019775
17,1,GSM331559,1,0.5813294649124146
17,1,GSM331560,1,0.5304924845695496
17,1,GSM331561,1,0.5065226554870605
17,1,GSM331563,1,0.538565993309021
17,1,GSM331568,1,0.5501629710197449
17,1,GSM331569,1,0.47072628140449524
17,1,GSM331570,1,0.5314319133758545
17,1,GSM331575,1,0.491952121257782
17,1,GSM331577,1,0.45454105734825134
17,1,GSM331580,1,0.5326488018035889
17,1,GSM331584,1,0.3154091536998749
17,1,GSM331585,1,0.5352946519851685
17,1,GSM331586,1,0.3259749114513397
17,1,GSM331589,1,0.4969305396080017
17,1,GSM331592,1,0.5547807812690735
17,1,GSM331595,1,0.4745101034641266
17,1,GSM331597,1,0.6781563758850098
17,1,GSM331598,1,0.6198835968971252
17,1,GSM331599,1,0.6430611610412598
17,1,GSM331600,1,0.6587021946907043
17,1,GSM331604,1,0.39784473180770874
17,1,GSM331605,1,0.6166712045669556
17,1,GSM331606,1,0.30140745639801025
17,1,GSM331608,1,0.3639355003833771
17,1,GSM331610,1,0.422226220369339
17,1,GSM331612,1,0.5876842141151428
17,1,GSM331615,1,0.622004508972168
17,1,GSM331616,1,0.5055170059204102
17,1,GSM331617,1,0.6146449446678162
17,1,GSM331622,1,0.602448582649231
17,1,GSM331623,1,0.4440292716026306
17,1,GSM331624,1,0.5818994045257568
17,1,GSM331625,1,0.3818851411342621
17,1,GSM331629,1,0.3138408660888672
17,1,GSM331630,1,0.6161722540855408
17,1,GSM331633,1,0.4924922585487366
17,1,GSM331634,1,0.4325612783432007
17,1,GSM331636,1,0.4223160743713379
17,1,GSM331639,1,0.3697511553764343
17,1,GSM331641,1,0.4124094843864441
17,1,GSM331644,1,0.30259862542152405
17,1,GSM331645,1,0.4679587483406067
17,1,GSM331647,1,0.5207936763763428
17,1,GSM331649,1,0.638619601726532
17,1,GSM331651,1,0.6319220066070557
17,1,GSM331652,1,0.7918615937232971
17,1,GSM331654,1,0.8210751414299011
17,1,GSM331655,1,0.3692382872104645
17,1,GSM331658,1,0.5071032643318176
17,2,GSM331661,0,0.5348716378211975
17,2,GSM331662,0,0.3991386890411377
17,2,GSM331665,0,0.5076742172241211
17,2,GSM331669,0,0.580045223236084
17,2,GSM331672,0,0.570695698261261
17,2,GSM331674,0,0.541934072971344
17,2,GSM331675,0,0.33722537755966187
17,2,GSM331676,0,0.5224562883377075
17,2,GSM331679,0,0.465616375207901
17,2,GSM331685,0,0.34928256273269653
17,2,GSM331687,0,0.3219110369682312
17,2,GSM331690,0,0.49341756105422974
17,2,GSM331692,0,0.32430553436279297
17,2,GSM331693,0,0.4880099594593048
17,2,GSM331694,0,0.40179339051246643
17,2,GSM331696,0,0.4751179814338684
17,2,GSM331697,0,0.422343373298645
17,2,GSM331699,0,0.32587897777557373
17,2,GSM331700,0,0.4286748766899109
17,2,GSM331701,0,0.2972904443740845
17,2,GSM331705,0,0.4143329858779907
17,2,GSM331706,0,0.457419753074646
17,2,GSM331708,0,0.4584910273551941
17,2,GSM331709,0,0.5041905641555786
17,2,GSM331711,0,0.580038845539093
17,2,GSM331712,0,0.48735129833221436
17,2,GSM331715,0,0.2697657644748688
17,2,GSM331718,0,0.6258126497268677
17,2,GSM331719,0,0.3017301559448242
17,2,GSM331720,0,0.4606337249279022
17,2,GSM331724,0,0.3486640155315399
17,2,GSM331725,0,0.550711452960968
17,2,GSM331726,0,0.36264294385910034
17,2,GSM331728,0,0.3802318572998047
17,2,GSM331729,0,0.33708399534225464
17,2,GSM331732,0,0.5438387989997864
17,2,GSM331453,1,0.4740901589393616
17,2,GSM331454,1,0.30573660135269165
17,2,GSM331457,1,0.5594146847724915
17,2,GSM331458,1,0.4214467704296112
17,2,GSM331459,1,0.552545964717865
17,2,GSM331460,1,0.5985610485076904
17,2,GSM331462,1,0.3822190761566162
17,2,GSM331464,1,0.41196468472480774
17,2,GSM331465,1,0.32808956503868103
17,2,GSM331469,1,0.42194709181785583
17,2,GSM331471,1,0.4703063368797302
17,2,GSM331472,1,0.4132280945777893
17,2,GSM331473,1,0.5219981670379639
17,2,GSM331474,1,0.44879668951034546
17,2,GSM331475,1,0.47334668040275574
17,2,GSM331476,1,0.5222071409225464
17,2,GSM331477,1,0.3124161958694458
17,2,GSM331480,1,0.5853675007820129
17,2,GSM331481,1,0.5029276609420776
17,2,GSM331486,1,0.5972379446029663
17,2,GSM331491,1,0.5366724729537964
17,2,GSM331492,1,0.36509978771209717
17,2,GSM331496,1,0.40337175130844116
17,2,GSM331497,1,0.43359583616256714
17,2,GSM331498,1,0.2861177623271942
17,2,GSM331499,1,0.5177011489868164
17,2,GSM331501,1,0.5032935738563538
17,2,GSM331502,1,0.6301629543304443
17,2,GSM331503,1,0.3383324146270752
17,2,GSM331511,1,0.6005820631980896
17,2,GSM331512,1,0.5038548111915588
17,2,GSM331513,1,0.5273658037185669
17,2,GSM331514,1,0.498992919921875
17,2,GSM331516,1,0.6382678151130676
17,2,GSM331517,1,0.5347335338592529
17,2,GSM331521,1,0.4029585123062134
17,2,GSM331522,1,0.36017441749572754
17,2,GSM331523,1,0.5669969320297241
17,2,GSM331524,1,0.43589863181114197
17,2,GSM331525,1,0.6519728899002075
17,2,GSM331530,1,0.38442352414131165
17,2,GSM331533,1,0.5131832361221313
17,2,GSM331540,1,0.571725070476532
17,2,GSM331541,1,0.49356573820114136
17,2,GSM331546,1,0.4853682518005371
17,2,GSM331548,1,0.43357303738594055
17,2,GSM331549,1,0.545670747756958
17,2,GSM331551,1,0.6389674544334412
17,2,GSM331552,1,0.3414674699306488
17,2,GSM331556,1,0.42473387718200684
17,2,GSM331557,1,0.5316651463508606
17,2,GSM331558,1,0.2815249264240265
17,2,GSM331562,1,0.5674672722816467
17,2,GSM331564,1,0.4426707923412323
17,2,GSM331565,1,0.4393118619918823
17,2,GSM331566,1,0.473664790391922
17,2,GSM331567,1,0.28101643919944763
17,2,GSM331571,1,0.45483893156051636
17,2,GSM331572,1,0.6081136465072632
17,2,GSM331573,1,0.6432356834411621
17,2,GSM331574,1,0.49036556482315063
17,2,GSM331576,1,0.5319088101387024
17,2,GSM331578,1,0.42918017506599426
17,2,GSM331579,1,0.4205019772052765
17,2,GSM331581,1,0.30005690455436707
17,2,GSM331582,1,0.3404249846935272
17,2,GSM331583,1,0.4696504473686218
17,2,GSM331587,1,0.5111261010169983
17,2,GSM331588,1,0.5453457832336426
17,2,GSM331590,1,0.3992789685726166
17,2,GSM331591,1,0.5564053058624268
17,2,GSM331593,1,0.3802425265312195
17,2,GSM331594,1,0.49881115555763245
17,2,GSM331596,1,0.513694703578949
17,2,GSM331601,1,0.4930817186832428
17,2,GSM331602,1,0.3821057975292206
17,2,GSM331603,1,0.3964877128601074
17,2,GSM331607,1,0.6524243950843811
17,2,GSM331609,1,0.4546901285648346
17,2,GSM331611,1,0.476137638092041
17,2,GSM331613,1,0.3456909954547882
17,2,GSM331614,1,0.33625999093055725
17,2,GSM331618,1,0.547218382358551
17,2,GSM331619,1,0.4004383385181427
17,2,GSM331620,1,0.4652734100818634
17,2,GSM331621,1,0.437284916639328
17,2,GSM331626,1,0.26530513167381287
17,2,GSM331627,1,0.2765333354473114
17,2,GSM331628,1,0.40489718317985535
17,2,GSM331631,1,0.24916842579841614
17,2,GSM331632,1,0.32178518176078796
17,2,GSM331635,1,0.33124879002571106
17,2,GSM331637,1,0.35012802481651306
17,2,GSM331640,1,0.22651734948158264
17,2,GSM331642,1,0.5205391049385071
17,2,GSM331643,1,0.6514943242073059
17,2,GSM331646,1,0.25627192854881287
17,2,GSM331648,1,0.3682639002799988
17,2,GSM331650,1,0.4682143032550812
17,2,GSM331653,1,0.3714989721775055
17,2,GSM331656,1,0.30780866742134094
17,2,GSM331657,1,0.643083930015564
17,2,GSM331659,1,0.5780796408653259
18,1,GSM331638,0,0.6194482445716858
18,1,GSM331660,0,0.2534327805042267
18,1,GSM331661,0,0.6300473809242249
18,1,GSM331663,0,0.3594422936439514
18,1,GSM331666,0,0.3400719165802002
18,1,GSM331668,0,0.6530072689056396
18,1,GSM331670,0,0.4028717279434204
18,1,GSM331672,0,0.6213171482086182
18,1,GSM331678,0,0.20182819664478302
18,1,GSM331680,0,0.4952736496925354
18,1,GSM331684,0,0.2417077273130417
18,1,GSM331689,0,0.4895252585411072
18,1,GSM331691,0,0.507142186164856
18,1,GSM331692,0,0.3361416161060333
18,1,GSM331696,0,0.5554254651069641
18,1,GSM331697,0,0.2536679208278656
18,1,GSM331699,0,0.36798495054244995
18,1,GSM331702,0,0.5256088972091675
18,1,GSM331703,0,0.7864587306976318
18,1,GSM331704,0,0.7114294171333313
18,1,GSM331705,0,0.4415837526321411
18,1,GSM331706,0,0.897930920124054
18,1,GSM331708,0,0.45118486881256104
18,1,GSM331710,0,0.26898279786109924
18,1,GSM331713,0,0.3436836302280426
18,1,GSM331716,0,0.9598276019096375
18,1,GSM331718,0,0.6820382475852966
18,1,GSM331719,0,0.1967139095067978
18,1,GSM331720,0,0.20743528008460999
18,1,GSM331721,0,0.8918599486351013
18,1,GSM331722,0,0.5526561141014099
18,1,GSM331723,0,0.6777285933494568
18,1,GSM331725,0,0.43888357281684875
18,1,GSM331726,0,0.1844424605369568
18,1,GSM331727,0,0.4469932019710541
18,1,GSM331730,0,0.7290054559707642
18,1,GSM331732,0,0.5045682787895203
18,1,GSM331453,1,0.3608672618865967
18,1,GSM331454,1,0.4307539761066437
18,1,GSM331455,1,0.2638895809650421
18,1,GSM331456,1,0.6482770442962646
18,1,GSM331458,1,0.5645785927772522
18,1,GSM331460,1,0.4395599663257599
18,1,GSM331461,1,0.37607499957084656
18,1,GSM331462,1,0.30542707443237305
18,1,GSM331463,1,0.37036025524139404
18,1,GSM331465,1,0.47683390974998474
18,1,GSM331466,1,0.42212578654289246
18,1,GSM331467,1,0.32064536213874817
18,1,GSM331470,1,0.6417088508605957
18,1,GSM331472,1,0.4710140526294708
18,1,GSM331473,1,0.471604585647583
18,1,GSM331477,1,0.5654593706130981
18,1,GSM331479,1,0.3741776645183563
18,1,GSM331482,1,0.3259211480617523
18,1,GSM331484,1,0.18049286305904388
18,1,GSM331492,1,0.5271305441856384
18,1,GSM331494,1,0.7875568270683289
18,1,GSM331495,1,0.5823119878768921
18,1,GSM331498,1,0.2313610166311264
18,1,GSM331499,1,0.5975086688995361
18,1,GSM331500,1,0.4691922664642334
18,1,GSM331501,1,0.4190947115421295
18,1,GSM331503,1,0.28625014424324036
18,1,GSM331505,1,0.5892354846000671
18,1,GSM331506,1,0.630453884601593
18,1,GSM331507,1,0.11970563232898712
18,1,GSM331508,1,0.5039252638816833
18,1,GSM331510,1,0.4997463822364807
18,1,GSM331513,1,0.6671621203422546
18,1,GSM331514,1,0.19909140467643738
18,1,GSM331516,1,0.6955907940864563
18,1,GSM331521,1,0.20812606811523438
18,1,GSM331522,1,0.2905293107032776
18,1,GSM331524,1,0.6538422703742981
18,1,GSM331525,1,0.5676786303520203
18,1,GSM331526,1,0.5525822043418884
18,1,GSM331529,1,0.23537889122962952
18,1,GSM331531,1,0.40714484453201294
18,1,GSM331534,1,0.6308064460754395
18,1,GSM331535,1,0.33654654026031494
18,1,GSM331536,1,0.36718517541885376
18,1,GSM331537,1,0.6764355897903442
18,1,GSM331538,1,0.3380274474620819
18,1,GSM331539,1,0.546653687953949
18,1,GSM331540,1,0.4674220681190491
18,1,GSM331542,1,0.18083013594150543
18,1,GSM331543,1,0.4207444190979004
18,1,GSM331547,1,0.30689746141433716
18,1,GSM331548,1,0.5237072110176086
18,1,GSM331549,1,0.6760708689689636
18,1,GSM331551,1,0.5348051190376282
18,1,GSM331553,1,0.9116008877754211
18,1,GSM331554,1,0.29108545184135437
18,1,GSM331555,1,0.30886995792388916
18,1,GSM331560,1,0.30155059695243835
18,1,GSM331564,1,0.38839980959892273
18,1,GSM331565,1,0.4339420795440674
18,1,GSM331568,1,0.6816855072975159
18,1,GSM331570,1,0.327816903591156
18,1,GSM331571,1,0.5537732243537903
18,1,GSM331572,1,0.5601166486740112
18,1,GSM331574,1,0.29203158617019653
18,1,GSM331576,1,0.7895299196243286
18,1,GSM331581,1,0.36451900005340576
18,1,GSM331584,1,0.22369657456874847
18,1,GSM331586,1,0.41082653403282166
18,1,GSM331587,1,0.5464943051338196
18,1,GSM331589,1,0.546404242515564
18,1,GSM331594,1,0.3269263505935669
18,1,GSM331596,1,0.6614659428596497
18,1,GSM331599,1,0.9015989303588867
18,1,GSM331602,1,0.48496800661087036
18,1,GSM331605,1,0.7491509318351746
18,1,GSM331607,1,0.686580240726471
18,1,GSM331612,1,0.502266526222229
18,1,GSM331613,1,0.6098704934120178
18,1,GSM331614,1,0.347859263420105
18,1,GSM331615,1,0.6656556129455566
18,1,GSM331616,1,0.6567245721817017
18,1,GSM331620,1,0.5555512309074402
18,1,GSM331621,1,0.43322041630744934
18,1,GSM331622,1,0.6697807908058167
18,1,GSM331623,1,0.3011835813522339
18,1,GSM331625,1,0.6836857199668884
18,1,GSM331628,1,0.5155375599861145
18,1,GSM331630,1,0.658739447593689
18,1,GSM331633,1,0.22816333174705505
18,1,GSM331635,1,0.2216910868883133
18,1,GSM331637,1,0.6031797528266907
18,1,GSM331640,1,0.21213330328464508
18,1,GSM331641,1,0.33635804057121277
18,1,GSM331643,1,0.8694934248924255
18,1,GSM331644,1,0.17179641127586365
18,1,GSM331645,1,0.4097742438316345
18,1,GSM331647,1,0.6332370042800903
18,1,GSM331648,1,0.3224390149116516
18,1,GSM331655,1,0.39202210307121277
18,1,GSM331657,1,0.6696386337280273
18,1,GSM331658,1,0.42300543189048767
18,2,GSM331662,0,0.5940955877304077
18,2,GSM331664,0,0.44293758273124695
18,2,GSM331665,0,0.5547757744789124
18,2,GSM331669,0,0.877854585647583
18,2,GSM331671,0,0.6990571022033691
18,2,GSM331673,0,0.40344059467315674
18,2,GSM331674,0,0.6476700305938721
18,2,GSM331675,0,0.18566517531871796
18,2,GSM331676,0,0.7158057689666748
18,2,GSM331677,0,0.24284425377845764
18,2,GSM331679,0,0.45403873920440674
18,2,GSM331681,0,0.6587111949920654
18,2,GSM331682,0,0.6430056691169739
18,2,GSM331683,0,0.8061039447784424
18,2,GSM331685,0,0.20944128930568695
18,2,GSM331686,0,0.7417335510253906
18,2,GSM331687,0,0.24563609063625336
18,2,GSM331688,0,0.7974613904953003
18,2,GSM331690,0,0.6280588507652283
18,2,GSM331693,0,0.4596334397792816
18,2,GSM331694,0,0.5410570502281189
18,2,GSM331695,0,0.5714545249938965
18,2,GSM331698,0,0.23626671731472015
18,2,GSM331700,0,0.2740684151649475
18,2,GSM331701,0,0.21324729919433594
18,2,GSM331707,0,0.3632885813713074
18,2,GSM331709,0,0.521297812461853
18,2,GSM331711,0,0.8095715641975403
18,2,GSM331712,0,0.6447688937187195
18,2,GSM331714,0,0.8386669754981995
18,2,GSM331715,0,0.32493653893470764
18,2,GSM331717,0,0.7901875376701355
18,2,GSM331724,0,0.22141896188259125
18,2,GSM331728,0,0.22319021821022034
18,2,GSM331729,0,0.15161384642124176
18,2,GSM331731,0,0.7050595283508301
18,2,GSM331457,1,0.6446033716201782
18,2,GSM331459,1,0.4806489944458008
18,2,GSM331464,1,0.30186036229133606
18,2,GSM331468,1,0.7425826191902161
18,2,GSM331469,1,0.5881774425506592
18,2,GSM331471,1,0.6959705948829651
18,2,GSM331474,1,0.27233704924583435
18,2,GSM331475,1,0.6474869847297668
18,2,GSM331476,1,0.5003222227096558
18,2,GSM331478,1,0.4425164461135864
18,2,GSM331480,1,0.8009935021400452
18,2,GSM331481,1,0.628098726272583
18,2,GSM331483,1,0.7170430421829224
18,2,GSM331485,1,0.7328250408172607
18,2,GSM331486,1,0.5741950273513794
18,2,GSM331487,1,0.8578618764877319
18,2,GSM331488,1,0.7087774872779846
18,2,GSM331489,1,0.4660099744796753
18,2,GSM331490,1,0.2915182411670685
18,2,GSM331491,1,0.658886194229126
18,2,GSM331493,1,0.2344682216644287
18,2,GSM331496,1,0.4295384883880615
18,2,GSM331497,1,0.4329063892364502
18,2,GSM331502,1,0.8453182578086853
18,2,GSM331504,1,0.4288318157196045
18,2,GSM331509,1,0.4577711224555969
18,2,GSM331511,1,0.6556710600852966
18,2,GSM331512,1,0.7186350226402283
18,2,GSM331515,1,0.7079401016235352
18,2,GSM331517,1,0.6336336135864258
18,2,GSM331518,1,0.5186046957969666
18,2,GSM331519,1,0.5147477984428406
18,2,GSM331520,1,0.3543347716331482
18,2,GSM331523,1,0.6550824642181396
18,2,GSM331527,1,0.30169615149497986
18,2,GSM331528,1,0.6506246328353882
18,2,GSM331530,1,0.6537506580352783
18,2,GSM331532,1,0.16321195662021637
18,2,GSM331533,1,0.5537043809890747
18,2,GSM331541,1,0.5236181020736694
18,2,GSM331544,1,0.23098652064800262
18,2,GSM331545,1,0.36074554920196533
18,2,GSM331546,1,0.3227500021457672
18,2,GSM331550,1,0.42851176857948303
18,2,GSM331552,1,0.3072907030582428
18,2,GSM331556,1,0.5968328714370728
18,2,GSM331557,1,0.40221264958381653
18,2,GSM331558,1,0.1570221185684204
18,2,GSM331559,1,0.851754903793335
18,2,GSM331561,1,0.830491840839386
18,2,GSM331562,1,0.5273695588111877
18,2,GSM331563,1,0.7237625122070312
18,2,GSM331566,1,0.7835253477096558
18,2,GSM331567,1,0.6503146290779114
18,2,GSM331569,1,0.5189607739448547
18,2,GSM331573,1,0.6848005056381226
18,2,GSM331575,1,0.4480399787425995
18,2,GSM331577,1,0.3346990942955017
18,2,GSM331578,1,0.6015892028808594
18,2,GSM331579,1,0.2648817002773285
18,2,GSM331580,1,0.6391078233718872
18,2,GSM331582,1,0.402636855840683
18,2,GSM331583,1,0.5184838175773621
18,2,GSM331585,1,0.5562405586242676
18,2,GSM331588,1,0.642589271068573
18,2,GSM331590,1,0.5521554350852966
18,2,GSM331591,1,0.7968108654022217
18,2,GSM331592,1,0.7640292644500732
18,2,GSM331593,1,0.7558349967002869
18,2,GSM331595,1,0.6077796816825867
18,2,GSM331597,1,0.6483446955680847
18,2,GSM331598,1,0.2999340891838074
18,2,GSM331600,1,0.8490729928016663
18,2,GSM331601,1,0.6759097576141357
18,2,GSM331603,1,0.5827246904373169
18,2,GSM331604,1,0.362851619720459
18,2,GSM331606,1,0.2668451964855194
18,2,GSM331608,1,0.2829834520816803
18,2,GSM331609,1,0.367575466632843
18,2,GSM331610,1,0.717978835105896
18,2,GSM331611,1,0.7827438116073608
18,2,GSM331617,1,0.7575849294662476
18,2,GSM331618,1,0.48483794927597046
18,2,GSM331619,1,0.285302072763443
18,2,GSM331624,1,0.6576222777366638
18,2,GSM331626,1,0.40579429268836975
18,2,GSM331627,1,0.448508083820343
18,2,GSM331629,1,0.16657529771327972
18,2,GSM331631,1,0.14831878244876862
18,2,GSM331632,1,0.12736783921718597
18,2,GSM331634,1,0.40790146589279175
18,2,GSM331636,1,0.3622322678565979
18,2,GSM331639,1,0.5168459415435791
18,2,GSM331642,1,0.5561875700950623
18,2,GSM331646,1,0.36115577816963196
18,2,GSM331649,1,0.8471505045890808
18,2,GSM331650,1,0.29494407773017883
18,2,GSM331651,1,0.6303883194923401
18,2,GSM331652,1,0.7869824767112732
18,2,GSM331653,1,0.5527473092079163
18,2,GSM331654,1,0.7421947717666626
18,2,GSM331656,1,0.47564682364463806
18,2,GSM331659,1,0.4441656768321991
19,1,GSM331660,0,0.2522519826889038
19,1,GSM331662,0,0.407534122467041
19,1,GSM331666,0,0.12305673211812973
19,1,GSM331671,0,0.5368921160697937
19,1,GSM331675,0,0.24041125178337097
19,1,GSM331676,0,0.6072216033935547
19,1,GSM331677,0,0.2813000977039337
19,1,GSM331678,0,0.08038865774869919
19,1,GSM331679,0,0.29256758093833923
19,1,GSM331682,0,0.5434827208518982
19,1,GSM331683,0,0.734634280204773
19,1,GSM331684,0,0.19916173815727234
19,1,GSM331685,0,0.10484813153743744
19,1,GSM331686,0,0.7471967339515686
19,1,GSM331689,0,0.5042916536331177
19,1,GSM331690,0,0.3926658034324646
19,1,GSM331691,0,0.5186983346939087
19,1,GSM331693,0,0.4409247040748596
19,1,GSM331695,0,0.3120809495449066
19,1,GSM331696,0,0.25578758120536804
19,1,GSM331697,0,0.3154871463775635
19,1,GSM331701,0,0.16668224334716797
19,1,GSM331704,0,0.65622478723526
19,1,GSM331705,0,0.4159967601299286
19,1,GSM331707,0,0.2637859582901001
19,1,GSM331710,0,0.36343830823898315
19,1,GSM331714,0,0.6086660623550415
19,1,GSM331718,0,0.4642603099346161
19,1,GSM331719,0,0.2242869883775711
19,1,GSM331720,0,0.14397133886814117
19,1,GSM331724,0,0.21661125123500824
19,1,GSM331725,0,0.3547285497188568
19,1,GSM331726,0,0.1512247622013092
19,1,GSM331729,0,0.0789419412612915
19,1,GSM331730,0,0.5787541270256042
19,1,GSM331731,0,0.6072168350219727
19,1,GSM331732,0,0.6812016367912292
19,1,GSM331458,1,0.4554602801799774
19,1,GSM331461,1,0.41126155853271484
19,1,GSM331463,1,0.5077459216117859
19,1,GSM331465,1,0.6260507702827454
19,1,GSM331467,1,0.7156823873519897
19,1,GSM331468,1,0.6688247919082642
19,1,GSM331469,1,0.4200143814086914
19,1,GSM331470,1,0.734373152256012
19,1,GSM331472,1,0.3642851412296295
19,1,GSM331473,1,0.43623876571655273
19,1,GSM331476,1,0.39957916736602783
19,1,GSM331479,1,0.41094306111335754
19,1,GSM331480,1,0.7316216826438904
19,1,GSM331484,1,0.11856609582901001
19,1,GSM331485,1,0.8116291761398315
19,1,GSM331486,1,0.2345394343137741
19,1,GSM331490,1,0.35584327578544617
19,1,GSM331492,1,0.40452060103416443
19,1,GSM331493,1,0.1812533587217331
19,1,GSM331495,1,0.43201321363449097
19,1,GSM331496,1,0.22795207798480988
19,1,GSM331498,1,0.4743228256702423
19,1,GSM331499,1,0.660677969455719
19,1,GSM331500,1,0.6796823143959045
19,1,GSM331501,1,0.3347819745540619
19,1,GSM331502,1,0.8445106744766235
19,1,GSM331503,1,0.31096506118774414
19,1,GSM331506,1,0.5360700488090515
19,1,GSM331507,1,0.2065446674823761
19,1,GSM331508,1,0.4509025812149048
19,1,GSM331509,1,0.27351072430610657
19,1,GSM331510,1,0.5350505709648132
19,1,GSM331512,1,0.4318615794181824
19,1,GSM331514,1,0.3466954827308655
19,1,GSM331516,1,0.5809818506240845
19,1,GSM331517,1,0.47860240936279297
19,1,GSM331520,1,0.4186631441116333
19,1,GSM331522,1,0.48781129717826843
19,1,GSM331523,1,0.699620246887207
19,1,GSM331524,1,0.46890345215797424
19,1,GSM331527,1,0.46564552187919617
19,1,GSM331528,1,0.6231490969657898
19,1,GSM331530,1,0.5847498178482056
19,1,GSM331532,1,0.39869147539138794
19,1,GSM331533,1,0.32952412962913513
19,1,GSM331536,1,0.5914256572723389
19,1,GSM331537,1,0.7045737504959106
19,1,GSM331539,1,0.4950145184993744
19,1,GSM331544,1,0.3020261228084564
19,1,GSM331546,1,0.5490047931671143
19,1,GSM331548,1,0.4150592088699341
19,1,GSM331549,1,0.5064477324485779
19,1,GSM331550,1,0.21332475543022156
19,1,GSM331556,1,0.2770038843154907
19,1,GSM331557,1,0.3321903645992279
19,1,GSM331558,1,0.4065810739994049
19,1,GSM331559,1,0.828578770160675
19,1,GSM331561,1,0.575103223323822
19,1,GSM331562,1,0.31014448404312134
19,1,GSM331564,1,0.5068963766098022
19,1,GSM331565,1,0.5741547346115112
19,1,GSM331572,1,0.49449270963668823
19,1,GSM331573,1,0.6677051186561584
19,1,GSM331574,1,0.269584059715271
19,1,GSM331575,1,0.7050043344497681
19,1,GSM331577,1,0.3291057348251343
19,1,GSM331581,1,0.5186644792556763
19,1,GSM331583,1,0.34299150109291077
19,1,GSM331585,1,0.4488314688205719
19,1,GSM331586,1,0.21803896129131317
19,1,GSM331589,1,0.4487210214138031
19,1,GSM331591,1,0.7562693953514099
19,1,GSM331593,1,0.46842336654663086
19,1,GSM331596,1,0.4297941029071808
19,1,GSM331597,1,0.4850742816925049
19,1,GSM331600,1,0.6712319254875183
19,1,GSM331601,1,0.4603532552719116
19,1,GSM331602,1,0.4669278860092163
19,1,GSM331604,1,0.43907174468040466
19,1,GSM331607,1,0.5055457949638367
19,1,GSM331609,1,0.4469042420387268
19,1,GSM331611,1,0.6376761198043823
19,1,GSM331614,1,0.44104504585266113
19,1,GSM331615,1,0.6061556339263916
19,1,GSM331618,1,0.37691730260849
19,1,GSM331619,1,0.29660743474960327
19,1,GSM331624,1,0.5490506291389465
19,1,GSM331625,1,0.49672168493270874
19,1,GSM331628,1,0.23668241500854492
19,1,GSM331630,1,0.588218629360199
19,1,GSM331633,1,0.3547561466693878
19,1,GSM331634,1,0.5967041850090027
19,1,GSM331635,1,0.3372437655925751
19,1,GSM331637,1,0.40529876947402954
19,1,GSM331641,1,0.6131017804145813
19,1,GSM331644,1,0.25129762291908264
19,1,GSM331646,1,0.3377545177936554
19,1,GSM331647,1,0.4136081039905548
19,1,GSM331651,1,0.6038686633110046
19,1,GSM331655,1,0.5689957737922668
19,1,GSM331657,1,0.6062682271003723
19,1,GSM331658,1,0.4419713318347931
19,1,GSM331659,1,0.39446523785591125
19,2,GSM331638,0,0.6447709798812866
19,2,GSM331661,0,0.5779104828834534
19,2,GSM331663,0,0.47092685103416443
19,2,GSM331664,0,0.14981085062026978
19,2,GSM331665,0,0.44900310039520264
19,2,GSM331668,0,0.7000019550323486
19,2,GSM331669,0,0.8185268640518188
19,2,GSM331670,0,0.6629109382629395
19,2,GSM331672,0,0.7655423879623413
19,2,GSM331673,0,0.3610982894897461
19,2,GSM331674,0,0.6796771287918091
19,2,GSM331680,0,0.5506757497787476
19,2,GSM331681,0,0.715416669845581
19,2,GSM331687,0,0.2967980206012726
19,2,GSM331688,0,0.8285592198371887
19,2,GSM331692,0,0.2488226592540741
19,2,GSM331694,0,0.5654895305633545
19,2,GSM331698,0,0.5096169710159302
19,2,GSM331699,0,0.6117095947265625
19,2,GSM331700,0,0.29319635033607483
19,2,GSM331702,0,0.5918543934822083
19,2,GSM331703,0,0.6481282711029053
19,2,GSM331706,0,0.924973726272583
19,2,GSM331708,0,0.6050383448600769
19,2,GSM331709,0,0.6681835055351257
19,2,GSM331711,0,0.717495322227478
19,2,GSM331712,0,0.7178521752357483
19,2,GSM331713,0,0.27948296070098877
19,2,GSM331715,0,0.43048128485679626
19,2,GSM331716,0,0.9418270587921143
19,2,GSM331717,0,0.7741584777832031
19,2,GSM331721,0,0.8357517123222351
19,2,GSM331722,0,0.6300951242446899
19,2,GSM331723,0,0.833199679851532
19,2,GSM331727,0,0.5120912194252014
19,2,GSM331728,0,0.2578645944595337
19,2,GSM331453,1,0.501385509967804
19,2,GSM331454,1,0.5271576642990112
19,2,GSM331455,1,0.5176970362663269
19,2,GSM331456,1,0.8007809519767761
19,2,GSM331457,1,0.6590402722358704
19,2,GSM331459,1,0.5005366802215576
19,2,GSM331460,1,0.5424870252609253
19,2,GSM331462,1,0.3149290680885315
19,2,GSM331464,1,0.46453672647476196
19,2,GSM331466,1,0.5808443427085876
19,2,GSM331471,1,0.7723665237426758
19,2,GSM331474,1,0.4029218852519989
19,2,GSM331475,1,0.5486655235290527
19,2,GSM331477,1,0.744013786315918
19,2,GSM331478,1,0.5869197249412537
19,2,GSM331481,1,0.3760783076286316
19,2,GSM331482,1,0.5970438122749329
19,2,GSM331483,1,0.661317765712738
19,2,GSM331487,1,0.8728068470954895
19,2,GSM331488,1,0.7484631538391113
19,2,GSM331489,1,0.7539028525352478
19,2,GSM331491,1,0.63686603307724
19,2,GSM331494,1,0.831635594367981
19,2,GSM331497,1,0.3307410180568695
19,2,GSM331504,1,0.6364384293556213
19,2,GSM331505,1,0.7395942211151123
19,2,GSM331511,1,0.7814682126045227
19,2,GSM331513,1,0.8709495067596436
19,2,GSM331515,1,0.48644185066223145
19,2,GSM331518,1,0.5104039311408997
19,2,GSM331519,1,0.613814651966095
19,2,GSM331521,1,0.2691672742366791
19,2,GSM331525,1,0.31062254309654236
19,2,GSM331526,1,0.7467402815818787
19,2,GSM331529,1,0.18101590871810913
19,2,GSM331531,1,0.42833763360977173
19,2,GSM331534,1,0.7627629637718201
19,2,GSM331535,1,0.5733245015144348
19,2,GSM331538,1,0.4287305176258087
19,2,GSM331540,1,0.7094002962112427
19,2,GSM331541,1,0.5511394739151001
19,2,GSM331542,1,0.38833731412887573
19,2,GSM331543,1,0.5901323556900024
19,2,GSM331545,1,0.3962669372558594
19,2,GSM331547,1,0.3768931031227112
19,2,GSM331551,1,0.4265751838684082
19,2,GSM331552,1,0.4556557536125183
19,2,GSM331553,1,0.7716507911682129
19,2,GSM331554,1,0.5088545680046082
19,2,GSM331555,1,0.21817032992839813
19,2,GSM331560,1,0.5345880389213562
19,2,GSM331563,1,0.5068219304084778
19,2,GSM331566,1,0.8025152683258057
19,2,GSM331567,1,0.6118174195289612
19,2,GSM331568,1,0.7322818636894226
19,2,GSM331569,1,0.7572389245033264
19,2,GSM331570,1,0.39716705679893494
19,2,GSM331571,1,0.4566628634929657
19,2,GSM331576,1,0.9027438163757324
19,2,GSM331578,1,0.6626104116439819
19,2,GSM331579,1,0.48730701208114624
19,2,GSM331580,1,0.3792423605918884
19,2,GSM331582,1,0.5081619620323181
19,2,GSM331584,1,0.19755294919013977
19,2,GSM331587,1,0.5498865246772766
19,2,GSM331588,1,0.5231527090072632
19,2,GSM331590,1,0.6411615610122681
19,2,GSM331592,1,0.6240779161453247
19,2,GSM331594,1,0.31030476093292236
19,2,GSM331595,1,0.809310793876648
19,2,GSM331598,1,0.4962340295314789
19,2,GSM331599,1,0.791885256767273
19,2,GSM331603,1,0.6043811440467834
19,2,GSM331605,1,0.8237835168838501
19,2,GSM331606,1,0.2974786162376404
19,2,GSM331608,1,0.20998041331768036
19,2,GSM331610,1,0.6506543755531311
19,2,GSM331612,1,0.7082564830780029
19,2,GSM331613,1,0.6072723865509033
19,2,GSM331616,1,0.7751954197883606
19,2,GSM331617,1,0.4176580309867859
19,2,GSM331620,1,0.8190854787826538
19,2,GSM331621,1,0.7510280609130859
19,2,GSM331622,1,0.7005088925361633
19,2,GSM331623,1,0.5407238602638245
19,2,GSM331626,1,0.4099971652030945
19,2,GSM331627,1,0.6309112906455994
19,2,GSM331629,1,0.22638167440891266
19,2,GSM331631,1,0.41512978076934814
19,2,GSM331632,1,0.33046144247055054
19,2,GSM331636,1,0.6744768619537354
19,2,GSM331639,1,0.5558192133903503
19,2,GSM331640,1,0.35699570178985596
19,2,GSM331642,1,0.5265766382217407
19,2,GSM331643,1,0.858791172504425
19,2,GSM331645,1,0.4866521954536438
19,2,GSM331648,1,0.49101442098617554
19,2,GSM331649,1,0.7566330432891846
19,2,GSM331650,1,0.7091541290283203
19,2,GSM331652,1,0.6435436606407166
19,2,GSM331653,1,0.5226839780807495
19,2,GSM331654,1,0.8780824542045593
19,2,GSM331656,1,0.46385571360588074
20,1,GSM331638,0,0.3818114399909973
20,1,GSM331661,0,0.8604449033737183
20,1,GSM331662,0,0.26598185300827026
20,1,GSM331669,0,0.924592912197113
20,1,GSM331671,0,0.7562283873558044
20,1,GSM331673,0,0.539827287197113
20,1,GSM331675,0,0.39504289627075195
20,1,GSM331679,0,0.7122008800506592
20,1,GSM331680,0,0.7426329255104065
20,1,GSM331681,0,0.9200667142868042
20,1,GSM331682,0,0.8346866965293884
20,1,GSM331683,0,0.9370588660240173
20,1,GSM331684,0,0.47786375880241394
20,1,GSM331688,0,0.747548520565033
20,1,GSM331689,0,0.6539903283119202
20,1,GSM331691,0,0.6656185388565063
20,1,GSM331692,0,0.646513819694519
20,1,GSM331695,0,0.16560038924217224
20,1,GSM331696,0,0.32181158661842346
20,1,GSM331698,0,0.4038027822971344
20,1,GSM331700,0,0.6080765128135681
20,1,GSM331701,0,0.31919074058532715
20,1,GSM331703,0,0.13315246999263763
20,1,GSM331705,0,0.6554695963859558
20,1,GSM331706,0,0.953164279460907
20,1,GSM331708,0,0.6053099036216736
20,1,GSM331709,0,0.3556806445121765
20,1,GSM331710,0,0.48876476287841797
20,1,GSM331715,0,0.42769691348075867
20,1,GSM331717,0,0.9319355487823486
20,1,GSM331718,0,0.8619983196258545
20,1,GSM331720,0,0.3122052550315857
20,1,GSM331722,0,0.6944313049316406
20,1,GSM331723,0,0.7479173541069031
20,1,GSM331725,0,0.7225725650787354
20,1,GSM331731,0,0.7058152556419373
20,1,GSM331732,0,0.8754967451095581
20,1,GSM331454,1,0.6332141757011414
20,1,GSM331455,1,0.2690260708332062
20,1,GSM331457,1,0.5843324065208435
20,1,GSM331459,1,0.8486331105232239
20,1,GSM331462,1,0.6831581592559814
20,1,GSM331464,1,0.2791490852832794
20,1,GSM331465,1,0.544771134853363
20,1,GSM331466,1,0.2883983552455902
20,1,GSM331467,1,0.8683028817176819
20,1,GSM331468,1,0.7408245801925659
20,1,GSM331470,1,0.5912961959838867
20,1,GSM331473,1,0.4789623022079468
20,1,GSM331478,1,0.723364531993866
20,1,GSM331481,1,0.27722445130348206
20,1,GSM331482,1,0.7216131687164307
20,1,GSM331483,1,0.43738794326782227
20,1,GSM331488,1,0.6646053791046143
20,1,GSM331489,1,0.8384116291999817
20,1,GSM331491,1,0.7528195977210999
20,1,GSM331492,1,0.35878077149391174
20,1,GSM331493,1,0.13215628266334534
20,1,GSM331496,1,0.27641621232032776
20,1,GSM331498,1,0.44305890798568726
20,1,GSM331503,1,0.5829183459281921
20,1,GSM331504,1,0.7217660546302795
20,1,GSM331505,1,0.5261345505714417
20,1,GSM331506,1,0.8889456987380981
20,1,GSM331508,1,0.5701281428337097
20,1,GSM331510,1,0.39281344413757324
20,1,GSM331517,1,0.5792627334594727
20,1,GSM331520,1,0.6980693936347961
20,1,GSM331522,1,0.6181639432907104
20,1,GSM331527,1,0.5867173075675964
20,1,GSM331533,1,0.6694115996360779
20,1,GSM331535,1,0.5062628388404846
20,1,GSM331538,1,0.33316171169281006
20,1,GSM331540,1,0.5903716683387756
20,1,GSM331544,1,0.349342942237854
20,1,GSM331545,1,0.779538094997406
20,1,GSM331547,1,0.4543343782424927
20,1,GSM331548,1,0.3565603792667389
20,1,GSM331549,1,0.8383364081382751
20,1,GSM331551,1,0.39221230149269104
20,1,GSM331553,1,0.918769121170044
20,1,GSM331554,1,0.5136251449584961
20,1,GSM331556,1,0.4013368487358093
20,1,GSM331557,1,0.7884620428085327
20,1,GSM331560,1,0.6284067034721375
20,1,GSM331562,1,0.3826219439506531
20,1,GSM331563,1,0.8433490991592407
20,1,GSM331564,1,0.48747023940086365
20,1,GSM331565,1,0.8993933796882629
20,1,GSM331566,1,0.6925939917564392
20,1,GSM331572,1,0.9410159587860107
20,1,GSM331573,1,0.8842247128486633
20,1,GSM331574,1,0.3863750100135803
20,1,GSM331576,1,0.8397993445396423
20,1,GSM331578,1,0.8514370322227478
20,1,GSM331579,1,0.571306586265564
20,1,GSM331581,1,0.33540308475494385
20,1,GSM331582,1,0.46985167264938354
20,1,GSM331583,1,0.4152783751487732
20,1,GSM331584,1,0.3784121870994568
20,1,GSM331585,1,0.9218847155570984
20,1,GSM331586,1,0.6523045897483826
20,1,GSM331587,1,0.608875572681427
20,1,GSM331588,1,0.679002583026886
20,1,GSM331593,1,0.3719424307346344
20,1,GSM331596,1,0.49753740429878235
20,1,GSM331599,1,0.8779438734054565
20,1,GSM331600,1,0.8066768050193787
20,1,GSM331601,1,0.4689815938472748
20,1,GSM331603,1,0.5756535530090332
20,1,GSM331604,1,0.49041125178337097
20,1,GSM331605,1,0.4746691584587097
20,1,GSM331607,1,0.8200304508209229
20,1,GSM331608,1,0.3179304599761963
20,1,GSM331609,1,0.41242554783821106
20,1,GSM331614,1,0.6012458801269531
20,1,GSM331615,1,0.29598358273506165
20,1,GSM331616,1,0.646439254283905
20,1,GSM331619,1,0.48707327246665955
20,1,GSM331621,1,0.6985499262809753
20,1,GSM331623,1,0.43951427936553955
20,1,GSM331625,1,0.8994760513305664
20,1,GSM331628,1,0.29236340522766113
20,1,GSM331629,1,0.24261444807052612
20,1,GSM331631,1,0.3182756304740906
20,1,GSM331632,1,0.12420966476202011
20,1,GSM331633,1,0.1402415782213211
20,1,GSM331634,1,0.47970691323280334
20,1,GSM331636,1,0.4776690602302551
20,1,GSM331637,1,0.7038668990135193
20,1,GSM331639,1,0.34005942940711975
20,1,GSM331641,1,0.7972375154495239
20,1,GSM331643,1,0.6809386610984802
20,1,GSM331645,1,0.7128421664237976
20,1,GSM331648,1,0.4807127118110657
20,1,GSM331650,1,0.5311598777770996
20,1,GSM331652,1,0.7271750569343567
20,1,GSM331653,1,0.4847387671470642
20,1,GSM331654,1,0.9453672170639038
20,1,GSM331659,1,0.7908849120140076
20,2,GSM331660,0,0.1664557307958603
20,2,GSM331663,0,0.29915061593055725
20,2,GSM331664,0,0.1110164150595665
20,2,GSM331665,0,0.7626628279685974
20,2,GSM331666,0,0.10902565717697144
20,2,GSM331668,0,0.353015661239624
20,2,GSM331670,0,0.7434772849082947
20,2,GSM331672,0,0.8697673082351685
20,2,GSM331674,0,0.7275478839874268
20,2,GSM331676,0,0.7347823977470398
20,2,GSM331677,0,0.19622230529785156
20,2,GSM331678,0,0.09717206656932831
20,2,GSM331685,0,0.11237496882677078
20,2,GSM331686,0,0.8177089095115662
20,2,GSM331687,0,0.17956487834453583
20,2,GSM331690,0,0.5034742951393127
20,2,GSM331693,0,0.647625207901001
20,2,GSM331694,0,0.5761845707893372
20,2,GSM331697,0,0.13870379328727722
20,2,GSM331699,0,0.40796932578086853
20,2,GSM331702,0,0.7904003262519836
20,2,GSM331704,0,0.6528617739677429
20,2,GSM331707,0,0.42244425415992737
20,2,GSM331711,0,0.30569231510162354
20,2,GSM331712,0,0.7374995350837708
20,2,GSM331713,0,0.26385730504989624
20,2,GSM331714,0,0.6816782355308533
20,2,GSM331716,0,0.9629374146461487
20,2,GSM331719,0,0.23886744678020477
20,2,GSM331721,0,0.7739376425743103
20,2,GSM331724,0,0.2067345827817917
20,2,GSM331726,0,0.05393946170806885
20,2,GSM331727,0,0.3966497778892517
20,2,GSM331728,0,0.14868339896202087
20,2,GSM331729,0,0.07248538732528687
20,2,GSM331730,0,0.4069420397281647
20,2,GSM331453,1,0.497942715883255
20,2,GSM331456,1,0.7063403129577637
20,2,GSM331458,1,0.5339490175247192
20,2,GSM331460,1,0.4147872030735016
20,2,GSM331461,1,0.35068491101264954
20,2,GSM331463,1,0.25479423999786377
20,2,GSM331469,1,0.3573054373264313
20,2,GSM331471,1,0.8822631239891052
20,2,GSM331472,1,0.34201881289482117
20,2,GSM331474,1,0.4086460769176483
20,2,GSM331475,1,0.34513136744499207
20,2,GSM331476,1,0.35688531398773193
20,2,GSM331477,1,0.6859688758850098
20,2,GSM331479,1,0.2955564260482788
20,2,GSM331480,1,0.6446591019630432
20,2,GSM331484,1,0.15352711081504822
20,2,GSM331485,1,0.8717818856239319
20,2,GSM331486,1,0.48898372054100037
20,2,GSM331487,1,0.81330806016922
20,2,GSM331490,1,0.42208072543144226
20,2,GSM331494,1,0.6440191268920898
20,2,GSM331495,1,0.2184322029352188
20,2,GSM331497,1,0.3787047863006592
20,2,GSM331499,1,0.5102940201759338
20,2,GSM331500,1,0.7630568742752075
20,2,GSM331501,1,0.38611969351768494
20,2,GSM331502,1,0.8664953112602234
20,2,GSM331507,1,0.11075185984373093
20,2,GSM331509,1,0.20671933889389038
20,2,GSM331511,1,0.7130798101425171
20,2,GSM331512,1,0.495996356010437
20,2,GSM331513,1,0.8673818707466125
20,2,GSM331514,1,0.2860574722290039
20,2,GSM331515,1,0.2850323021411896
20,2,GSM331516,1,0.7239693403244019
20,2,GSM331518,1,0.379303902387619
20,2,GSM331519,1,0.5659239888191223
20,2,GSM331521,1,0.24276532232761383
20,2,GSM331523,1,0.4089035987854004
20,2,GSM331524,1,0.3087899684906006
20,2,GSM331525,1,0.5631787776947021
20,2,GSM331526,1,0.512112557888031
20,2,GSM331528,1,0.7031867504119873
20,2,GSM331529,1,0.17587099969387054
20,2,GSM331530,1,0.23914197087287903
20,2,GSM331531,1,0.363550066947937
20,2,GSM331532,1,0.21252451837062836
20,2,GSM331534,1,0.795558750629425
20,2,GSM331536,1,0.48678386211395264
20,2,GSM331537,1,0.6004906296730042
20,2,GSM331539,1,0.4847872853279114
20,2,GSM331541,1,0.7208613753318787
20,2,GSM331542,1,0.3908882141113281
20,2,GSM331543,1,0.6581773161888123
20,2,GSM331546,1,0.5726929306983948
20,2,GSM331550,1,0.18917956948280334
20,2,GSM331552,1,0.5462839007377625
20,2,GSM331555,1,0.17978604137897491
20,2,GSM331558,1,0.478014200925827
20,2,GSM331559,1,0.8254089951515198
20,2,GSM331561,1,0.4940531253814697
20,2,GSM331567,1,0.3799215257167816
20,2,GSM331568,1,0.685160756111145
20,2,GSM331569,1,0.7753051519393921
20,2,GSM331570,1,0.6397046446800232
20,2,GSM331571,1,0.29434165358543396
20,2,GSM331575,1,0.7834215760231018
20,2,GSM331577,1,0.663698673248291
20,2,GSM331580,1,0.1822158247232437
20,2,GSM331589,1,0.6591955423355103
20,2,GSM331590,1,0.27173593640327454
20,2,GSM331591,1,0.5611898899078369
20,2,GSM331592,1,0.37899771332740784
20,2,GSM331594,1,0.17368578910827637
20,2,GSM331595,1,0.5330519080162048
20,2,GSM331597,1,0.788921594619751
20,2,GSM331598,1,0.5931224822998047
20,2,GSM331602,1,0.28379249572753906
20,2,GSM331606,1,0.3493100106716156
20,2,GSM331610,1,0.733406126499176
20,2,GSM331611,1,0.6258050799369812
20,2,GSM331612,1,0.4226367771625519
20,2,GSM331613,1,0.27570855617523193
20,2,GSM331617,1,0.7720112800598145
20,2,GSM331618,1,0.5057413578033447
20,2,GSM331620,1,0.508466362953186
20,2,GSM331622,1,0.9125871658325195
20,2,GSM331624,1,0.3325825333595276
20,2,GSM331626,1,0.32298746705055237
20,2,GSM331627,1,0.45904406905174255
20,2,GSM331630,1,0.6023496389389038
20,2,GSM331635,1,0.22188398241996765
20,2,GSM331640,1,0.16966773569583893
20,2,GSM331642,1,0.40437304973602295
20,2,GSM331644,1,0.4528815448284149
20,2,GSM331646,1,0.19271709024906158
20,2,GSM331647,1,0.33429479598999023
20,2,GSM331649,1,0.36199289560317993
20,2,GSM331651,1,0.5780965089797974
20,2,GSM331655,1,0.5232455134391785
20,2,GSM331656,1,0.2533787190914154
20,2,GSM331657,1,0.8378478288650513
20,2,GSM331658,1,0.6650670766830444
21,1,GSM331661,0,0.6772019863128662
21,1,GSM331662,0,0.5036648511886597
21,1,GSM331663,0,0.4346104860305786
21,1,GSM331664,0,0.2407587319612503
21,1,GSM331665,0,0.43528658151626587
21,1,GSM331671,0,0.6641727089881897
21,1,GSM331673,0,0.27018776535987854
21,1,GSM331675,0,0.2366773933172226
21,1,GSM331676,0,0.7906044125556946
21,1,GSM331677,0,0.5934243202209473
21,1,GSM331681,0,0.5501764416694641
21,1,GSM331683,0,0.7990359663963318
21,1,GSM331684,0,0.4001726508140564
21,1,GSM331685,0,0.11437911540269852
21,1,GSM331686,0,0.8891006112098694
21,1,GSM331687,0,0.5282815098762512
21,1,GSM331692,0,0.33339497447013855
21,1,GSM331694,0,0.3954630494117737
21,1,GSM331697,0,0.5122453570365906
21,1,GSM331698,0,0.21674367785453796
21,1,GSM331699,0,0.6273992657661438
21,1,GSM331700,0,0.15345025062561035
21,1,GSM331701,0,0.15003323554992676
21,1,GSM331704,0,0.7060523629188538
21,1,GSM331705,0,0.5657221674919128
21,1,GSM331707,0,0.5416988134384155
21,1,GSM331715,0,0.3856849670410156
21,1,GSM331717,0,0.7335174679756165
21,1,GSM331718,0,0.6265149712562561
21,1,GSM331719,0,0.18078510463237762
21,1,GSM331721,0,0.8131424188613892
21,1,GSM331723,0,0.7926656603813171
21,1,GSM331725,0,0.35748517513275146
21,1,GSM331727,0,0.45295003056526184
21,1,GSM331728,0,0.22525471448898315
21,1,GSM331729,0,0.144365593791008
21,1,GSM331730,0,0.39673668146133423
21,1,GSM331453,1,0.2744053602218628
21,1,GSM331454,1,0.24162741005420685
21,1,GSM331456,1,0.5366708040237427
21,1,GSM331458,1,0.6261301636695862
21,1,GSM331462,1,0.28224772214889526
21,1,GSM331463,1,0.22518616914749146
21,1,GSM331464,1,0.42708104848861694
21,1,GSM331468,1,0.8170434236526489
21,1,GSM331477,1,0.6292010545730591
21,1,GSM331478,1,0.42901331186294556
21,1,GSM331482,1,0.2954367995262146
21,1,GSM331484,1,0.14419440925121307
21,1,GSM331487,1,0.9078071117401123
21,1,GSM331488,1,0.6194431185722351
21,1,GSM331490,1,0.23192308843135834
21,1,GSM331491,1,0.31633442640304565
21,1,GSM331494,1,0.8426711559295654
21,1,GSM331495,1,0.3834225833415985
21,1,GSM331497,1,0.46306031942367554
21,1,GSM331501,1,0.30017325282096863
21,1,GSM331503,1,0.3539612591266632
21,1,GSM331504,1,0.48224759101867676
21,1,GSM331505,1,0.8634118437767029
21,1,GSM331506,1,0.6225619912147522
21,1,GSM331507,1,0.15154890716075897
21,1,GSM331510,1,0.622736930847168
21,1,GSM331512,1,0.4625691771507263
21,1,GSM331514,1,0.25253477692604065
21,1,GSM331516,1,0.6799159049987793
21,1,GSM331518,1,0.2764108180999756
21,1,GSM331520,1,0.5911316275596619
21,1,GSM331522,1,0.25522351264953613
21,1,GSM331523,1,0.7097585797309875
21,1,GSM331526,1,0.6781779527664185
21,1,GSM331527,1,0.4382946491241455
21,1,GSM331529,1,0.14772017300128937
21,1,GSM331532,1,0.4532310664653778
21,1,GSM331534,1,0.7831929326057434
21,1,GSM331540,1,0.3550316393375397
21,1,GSM331543,1,0.7703248858451843
21,1,GSM331545,1,0.6394270658493042
21,1,GSM331546,1,0.6187500357627869
21,1,GSM331548,1,0.4627849757671356
21,1,GSM331549,1,0.6918653249740601
21,1,GSM331550,1,0.21814626455307007
21,1,GSM331551,1,0.3981756567955017
21,1,GSM331552,1,0.284725159406662
21,1,GSM331553,1,0.9164048433303833
21,1,GSM331558,1,0.29093971848487854
21,1,GSM331559,1,0.8965402245521545
21,1,GSM331562,1,0.6486400961875916
21,1,GSM331568,1,0.5143016576766968
21,1,GSM331569,1,0.6404845714569092
21,1,GSM331570,1,0.4124314486980438
21,1,GSM331574,1,0.18772312998771667
21,1,GSM331575,1,0.7445138692855835
21,1,GSM331577,1,0.32575464248657227
21,1,GSM331578,1,0.7580051422119141
21,1,GSM331581,1,0.4795446991920471
21,1,GSM331582,1,0.32502517104148865
21,1,GSM331583,1,0.49272558093070984
21,1,GSM331584,1,0.11250919103622437
21,1,GSM331585,1,0.5342347621917725
21,1,GSM331587,1,0.5841590762138367
21,1,GSM331588,1,0.3532807528972626
21,1,GSM331589,1,0.668185830116272
21,1,GSM331590,1,0.36037638783454895
21,1,GSM331591,1,0.9303159713745117
21,1,GSM331592,1,0.7724766731262207
21,1,GSM331595,1,0.7243042588233948
21,1,GSM331596,1,0.5073831081390381
21,1,GSM331598,1,0.24966657161712646
21,1,GSM331599,1,0.8551579713821411
21,1,GSM331600,1,0.8835029602050781
21,1,GSM331601,1,0.31837958097457886
21,1,GSM331602,1,0.6091368794441223
21,1,GSM331603,1,0.3635297119617462
21,1,GSM331605,1,0.6986191272735596
21,1,GSM331608,1,0.15042604506015778
21,1,GSM331609,1,0.35478243231773376
21,1,GSM331611,1,0.6702979207038879
21,1,GSM331612,1,0.39734208583831787
21,1,GSM331618,1,0.48714807629585266
21,1,GSM331620,1,0.6820119619369507
21,1,GSM331621,1,0.5337516665458679
21,1,GSM331622,1,0.5618669986724854
21,1,GSM331625,1,0.6454326510429382
21,1,GSM331626,1,0.3118476867675781
21,1,GSM331628,1,0.44127157330513
21,1,GSM331629,1,0.09655211865901947
21,1,GSM331630,1,0.40001440048217773
21,1,GSM331631,1,0.2793773412704468
21,1,GSM331633,1,0.33073726296424866
21,1,GSM331636,1,0.38854050636291504
21,1,GSM331637,1,0.48318392038345337
21,1,GSM331640,1,0.2971322238445282
21,1,GSM331643,1,0.6787997484207153
21,1,GSM331645,1,0.5553634762763977
21,1,GSM331646,1,0.30119115114212036
21,1,GSM331647,1,0.3561584949493408
21,1,GSM331649,1,0.6501129865646362
21,1,GSM331650,1,0.40236544609069824
21,1,GSM331651,1,0.3457065522670746
21,2,GSM331638,0,0.5221366882324219
21,2,GSM331660,0,0.21239016950130463
21,2,GSM331666,0,0.2195945829153061
21,2,GSM331668,0,0.7980589270591736
21,2,GSM331669,0,0.8063528537750244
21,2,GSM331670,0,0.5274781584739685
21,2,GSM331672,0,0.8250117897987366
21,2,GSM331674,0,0.4417559504508972
21,2,GSM331678,0,0.1016327515244484
21,2,GSM331679,0,0.4124203324317932
21,2,GSM331680,0,0.3565460741519928
21,2,GSM331682,0,0.7534836530685425
21,2,GSM331688,0,0.7826258540153503
21,2,GSM331689,0,0.41989555954933167
21,2,GSM331690,0,0.36887437105178833
21,2,GSM331691,0,0.6464182138442993
21,2,GSM331693,0,0.650553286075592
21,2,GSM331695,0,0.46117928624153137
21,2,GSM331696,0,0.44987013936042786
21,2,GSM331702,0,0.6850352883338928
21,2,GSM331703,0,0.7226898074150085
21,2,GSM331706,0,0.8045008182525635
21,2,GSM331708,0,0.6013547778129578
21,2,GSM331709,0,0.5261784195899963
21,2,GSM331710,0,0.2584199905395508
21,2,GSM331711,0,0.8304059505462646
21,2,GSM331712,0,0.6846017241477966
21,2,GSM331713,0,0.24753612279891968
21,2,GSM331714,0,0.8851040005683899
21,2,GSM331716,0,0.975702702999115
21,2,GSM331720,0,0.2325303852558136
21,2,GSM331722,0,0.38018637895584106
21,2,GSM331724,0,0.17446452379226685
21,2,GSM331726,0,0.21066221594810486
21,2,GSM331731,0,0.780229926109314
21,2,GSM331732,0,0.6922493577003479
21,2,GSM331455,1,0.3549322783946991
21,2,GSM331457,1,0.6730272173881531
21,2,GSM331459,1,0.45182937383651733
21,2,GSM331460,1,0.5020629167556763
21,2,GSM331461,1,0.2848441004753113
21,2,GSM331465,1,0.5837996602058411
21,2,GSM331466,1,0.6311436295509338
21,2,GSM331467,1,0.5934883952140808
21,2,GSM331469,1,0.44082775712013245
21,2,GSM331470,1,0.6979230642318726
21,2,GSM331471,1,0.8968913555145264
21,2,GSM331472,1,0.16694968938827515
21,2,GSM331473,1,0.48194247484207153
21,2,GSM331474,1,0.26717808842658997
21,2,GSM331475,1,0.5361630320549011
21,2,GSM331476,1,0.36333543062210083
21,2,GSM331479,1,0.39515912532806396
21,2,GSM331480,1,0.6741207838058472
21,2,GSM331481,1,0.45417290925979614
21,2,GSM331483,1,0.6735823750495911
21,2,GSM331485,1,0.8215312957763672
21,2,GSM331486,1,0.3938916027545929
21,2,GSM331489,1,0.4019177258014679
21,2,GSM331492,1,0.5870994925498962
21,2,GSM331493,1,0.12831227481365204
21,2,GSM331496,1,0.20420871675014496
21,2,GSM331498,1,0.2886385917663574
21,2,GSM331499,1,0.7069359421730042
21,2,GSM331500,1,0.5123305916786194
21,2,GSM331502,1,0.7992904186248779
21,2,GSM331508,1,0.6243488192558289
21,2,GSM331509,1,0.4156523644924164
21,2,GSM331511,1,0.8380007743835449
21,2,GSM331513,1,0.901245653629303
21,2,GSM331515,1,0.5236822962760925
21,2,GSM331517,1,0.40275269746780396
21,2,GSM331519,1,0.36811384558677673
21,2,GSM331521,1,0.23667055368423462
21,2,GSM331524,1,0.5582497715950012
21,2,GSM331525,1,0.6278624534606934
21,2,GSM331528,1,0.722432553768158
21,2,GSM331530,1,0.7409149408340454
21,2,GSM331531,1,0.3969891667366028
21,2,GSM331533,1,0.6538627743721008
21,2,GSM331535,1,0.27245479822158813
21,2,GSM331536,1,0.4740283191204071
21,2,GSM331537,1,0.7064404487609863
21,2,GSM331538,1,0.2515949606895447
21,2,GSM331539,1,0.5250356793403625
21,2,GSM331541,1,0.6400420665740967
21,2,GSM331542,1,0.1919196993112564
21,2,GSM331544,1,0.17653949558734894
21,2,GSM331547,1,0.4088763892650604
21,2,GSM331554,1,0.6095529198646545
21,2,GSM331555,1,0.14090430736541748
21,2,GSM331556,1,0.4236801564693451
21,2,GSM331557,1,0.3633337914943695
21,2,GSM331560,1,0.4085012674331665
21,2,GSM331561,1,0.7137171626091003
21,2,GSM331563,1,0.5239461064338684
21,2,GSM331564,1,0.3951890170574188
21,2,GSM331565,1,0.6227173805236816
21,2,GSM331566,1,0.6382091641426086
21,2,GSM331567,1,0.4367268681526184
21,2,GSM331571,1,0.43659350275993347
21,2,GSM331572,1,0.6362013816833496
21,2,GSM331573,1,0.7864917516708374
21,2,GSM331576,1,0.8327057361602783
21,2,GSM331579,1,0.4325239360332489
21,2,GSM331580,1,0.5312672853469849
21,2,GSM331586,1,0.31161779165267944
21,2,GSM331593,1,0.542624294757843
21,2,GSM331594,1,0.36855125427246094
21,2,GSM331597,1,0.7543520331382751
21,2,GSM331604,1,0.4705367982387543
21,2,GSM331606,1,0.3251328468322754
21,2,GSM331607,1,0.8553683757781982
21,2,GSM331610,1,0.6899365782737732
21,2,GSM331613,1,0.503882646560669
21,2,GSM331614,1,0.2407606691122055
21,2,GSM331615,1,0.4546683728694916
21,2,GSM331616,1,0.7733157873153687
21,2,GSM331617,1,0.7554787397384644
21,2,GSM331619,1,0.35911354422569275
21,2,GSM331623,1,0.465547114610672
21,2,GSM331624,1,0.62288898229599
21,2,GSM331627,1,0.5814703106880188
21,2,GSM331632,1,0.22278070449829102
21,2,GSM331634,1,0.4381083548069
21,2,GSM331635,1,0.28856033086776733
21,2,GSM331639,1,0.4012165367603302
21,2,GSM331641,1,0.44933730363845825
21,2,GSM331642,1,0.5776131749153137
21,2,GSM331644,1,0.30085694789886475
21,2,GSM331648,1,0.44843795895576477
21,2,GSM331652,1,0.847938060760498
21,2,GSM331653,1,0.7133498787879944
21,2,GSM331654,1,0.8675038814544678
21,2,GSM331655,1,0.4682302474975586
21,2,GSM331656,1,0.46754807233810425
21,2,GSM331657,1,0.7580747604370117
21,2,GSM331658,1,0.6216968297958374
21,2,GSM331659,1,0.555716335773468
22,1,GSM331660,0,0.48642662167549133
22,1,GSM331661,0,0.5785276293754578
22,1,GSM331662,0,0.4997507333755493
22,1,GSM331665,0,0.45356085896492004
22,1,GSM331666,0,0.36671799421310425
22,1,GSM331671,0,0.7311891317367554
22,1,GSM331675,0,0.2942275106906891
22,1,GSM331677,0,0.6041141748428345
22,1,GSM331678,0,0.3069077432155609
22,1,GSM331679,0,0.550155758857727
22,1,GSM331681,0,0.41880252957344055
22,1,GSM331682,0,0.49564892053604126
22,1,GSM331683,0,0.6781812906265259
22,1,GSM331684,0,0.42775222659111023
22,1,GSM331689,0,0.3187480568885803
22,1,GSM331692,0,0.4519817531108856
22,1,GSM331694,0,0.5057703852653503
22,1,GSM331695,0,0.5479406118392944
22,1,GSM331697,0,0.47893643379211426
22,1,GSM331698,0,0.2541641592979431
22,1,GSM331700,0,0.2781381905078888
22,1,GSM331701,0,0.1671680361032486
22,1,GSM331702,0,0.49831339716911316
22,1,GSM331704,0,0.4951293468475342
22,1,GSM331706,0,0.678977370262146
22,1,GSM331708,0,0.49633434414863586
22,1,GSM331709,0,0.5183224678039551
22,1,GSM331710,0,0.3304917514324188
22,1,GSM331715,0,0.39504730701446533
22,1,GSM331720,0,0.30598703026771545
22,1,GSM331721,0,0.7273943424224854
22,1,GSM331722,0,0.4896491765975952
22,1,GSM331723,0,0.6588102579116821
22,1,GSM331727,0,0.470064640045166
22,1,GSM331728,0,0.30971217155456543
22,1,GSM331729,0,0.25923237204551697
22,1,GSM331730,0,0.3619636595249176
22,1,GSM331453,1,0.5286607146263123
22,1,GSM331454,1,0.2996734082698822
22,1,GSM331458,1,0.4967922866344452
22,1,GSM331461,1,0.4360724091529846
22,1,GSM331463,1,0.4688626229763031
22,1,GSM331465,1,0.591012716293335
22,1,GSM331467,1,0.4064982235431671
22,1,GSM331468,1,0.7992539405822754
22,1,GSM331471,1,0.6177676320075989
22,1,GSM331473,1,0.6746388673782349
22,1,GSM331474,1,0.5316412448883057
22,1,GSM331475,1,0.5815288424491882
22,1,GSM331476,1,0.5732178688049316
22,1,GSM331477,1,0.49331995844841003
22,1,GSM331478,1,0.5422378182411194
22,1,GSM331479,1,0.600856602191925
22,1,GSM331481,1,0.48200440406799316
22,1,GSM331482,1,0.3765764534473419
22,1,GSM331483,1,0.7814439535140991
22,1,GSM331484,1,0.42016780376434326
22,1,GSM331485,1,0.6339693665504456
22,1,GSM331489,1,0.5958406329154968
22,1,GSM331491,1,0.5292900204658508
22,1,GSM331494,1,0.7983729243278503
22,1,GSM331498,1,0.4026043713092804
22,1,GSM331501,1,0.4557260274887085
22,1,GSM331502,1,0.6962946653366089
22,1,GSM331504,1,0.6225840449333191
22,1,GSM331505,1,0.7328265905380249
22,1,GSM331506,1,0.4748043715953827
22,1,GSM331507,1,0.23342840373516083
22,1,GSM331510,1,0.6328586935997009
22,1,GSM331513,1,0.8198196887969971
22,1,GSM331515,1,0.3426801264286041
22,1,GSM331516,1,0.6686506867408752
22,1,GSM331517,1,0.4037083387374878
22,1,GSM331520,1,0.2974030077457428
22,1,GSM331523,1,0.6626811623573303
22,1,GSM331525,1,0.5272322297096252
22,1,GSM331526,1,0.5586941838264465
22,1,GSM331527,1,0.3873213827610016
22,1,GSM331531,1,0.5512570142745972
22,1,GSM331532,1,0.39768484234809875
22,1,GSM331533,1,0.39481353759765625
22,1,GSM331534,1,0.7323288917541504
22,1,GSM331535,1,0.43918469548225403
22,1,GSM331536,1,0.729572594165802
22,1,GSM331538,1,0.22098670899868011
22,1,GSM331539,1,0.3363880515098572
22,1,GSM331540,1,0.3846467137336731
22,1,GSM331544,1,0.24418197572231293
22,1,GSM331545,1,0.5467075109481812
22,1,GSM331547,1,0.4009854793548584
22,1,GSM331548,1,0.4998100996017456
22,1,GSM331549,1,0.5508425235748291
22,1,GSM331551,1,0.5349178910255432
22,1,GSM331553,1,0.6565640568733215
22,1,GSM331555,1,0.35167455673217773
22,1,GSM331556,1,0.5164695978164673
22,1,GSM331557,1,0.5761418342590332
22,1,GSM331558,1,0.3093477487564087
22,1,GSM331560,1,0.2849007844924927
22,1,GSM331562,1,0.6347518563270569
22,1,GSM331566,1,0.6426824927330017
22,1,GSM331569,1,0.5003987550735474
22,1,GSM331578,1,0.5769338607788086
22,1,GSM331582,1,0.5983291268348694
22,1,GSM331585,1,0.3903423547744751
22,1,GSM331587,1,0.559171736240387
22,1,GSM331591,1,0.8409575819969177
22,1,GSM331593,1,0.5083633661270142
22,1,GSM331594,1,0.6361275911331177
22,1,GSM331598,1,0.39641907811164856
22,1,GSM331599,1,0.7492992877960205
22,1,GSM331601,1,0.5061107277870178
22,1,GSM331603,1,0.49789366126060486
22,1,GSM331604,1,0.6786791682243347
22,1,GSM331614,1,0.2859538793563843
22,1,GSM331615,1,0.5250197649002075
22,1,GSM331619,1,0.3025782108306885
22,1,GSM331621,1,0.3914092481136322
22,1,GSM331622,1,0.5239541530609131
22,1,GSM331624,1,0.45282411575317383
22,1,GSM331626,1,0.23557311296463013
22,1,GSM331628,1,0.45941928029060364
22,1,GSM331629,1,0.3612443506717682
22,1,GSM331630,1,0.5208693742752075
22,1,GSM331631,1,0.4514911472797394
22,1,GSM331633,1,0.47412723302841187
22,1,GSM331640,1,0.3268907368183136
22,1,GSM331641,1,0.45589479804039
22,1,GSM331643,1,0.6301544904708862
22,1,GSM331644,1,0.26502373814582825
22,1,GSM331645,1,0.547668993473053
22,1,GSM331647,1,0.6290817856788635
22,1,GSM331648,1,0.3845522105693817
22,1,GSM331649,1,0.6075603365898132
22,1,GSM331650,1,0.5288432836532593
22,1,GSM331651,1,0.4732668697834015
22,1,GSM331653,1,0.5453540086746216
22,1,GSM331656,1,0.38819655776023865
22,1,GSM331657,1,0.741851270198822
22,1,GSM331658,1,0.49298295378685
22,2,GSM331638,0,0.46142327785491943
22,2,GSM331663,0,0.5275107026100159
22,2,GSM331664,0,0.37303367257118225
22,2,GSM331668,0,0.4196850657463074
22,2,GSM331669,0,0.6870869994163513
22,2,GSM331670,0,0.4888060390949249
22,2,GSM331672,0,0.879399836063385
22,2,GSM331673,0,0.4940265119075775
22,2,GSM331674,0,0.7111086249351501
22,2,GSM331676,0,0.6637499928474426
22,2,GSM331680,0,0.4790588617324829
22,2,GSM331685,0,0.2849936783313751
22,2,GSM331686,0,0.7079523801803589
22,2,GSM331687,0,0.43805378675460815
22,2,GSM331688,0,0.6539369225502014
22,2,GSM331690,0,0.27078932523727417
22,2,GSM331691,0,0.40010297298431396
22,2,GSM331693,0,0.5781306028366089
22,2,GSM331696,0,0.3029460608959198
22,2,GSM331699,0,0.6220790147781372
22,2,GSM331703,0,0.6478374004364014
22,2,GSM331705,0,0.501949667930603
22,2,GSM331707,0,0.736816942691803
22,2,GSM331711,0,0.6504560112953186
22,2,GSM331712,0,0.5455535054206848
22,2,GSM331713,0,0.4658084213733673
22,2,GSM331714,0,0.6941961646080017
22,2,GSM331716,0,0.8809705972671509
22,2,GSM331717,0,0.6767857074737549
22,2,GSM331718,0,0.6321630477905273
22,2,GSM331719,0,0.23760907351970673
22,2,GSM331724,0,0.358944833278656
22,2,GSM331725,0,0.5697318911552429
22,2,GSM331726,0,0.2952881455421448
22,2,GSM331731,0,0.5838546752929688
22,2,GSM331732,0,0.6057966947555542
22,2,GSM331455,1,0.3183129131793976
22,2,GSM331456,1,0.5335425734519958
22,2,GSM331457,1,0.7994503974914551
22,2,GSM331459,1,0.38531556725502014
22,2,GSM331460,1,0.6833988428115845
22,2,GSM331462,1,0.3348934054374695
22,2,GSM331464,1,0.5588991641998291
22,2,GSM331466,1,0.6066896319389343
22,2,GSM331469,1,0.6633967757225037
22,2,GSM331470,1,0.46436628699302673
22,2,GSM331472,1,0.3228917717933655
22,2,GSM331480,1,0.7207199931144714
22,2,GSM331486,1,0.48981624841690063
22,2,GSM331487,1,0.7362553477287292
22,2,GSM331488,1,0.7203307747840881
22,2,GSM331490,1,0.3466472327709198
22,2,GSM331492,1,0.4542684257030487
22,2,GSM331493,1,0.419759064912796
22,2,GSM331495,1,0.46109482645988464
22,2,GSM331496,1,0.46355879306793213
22,2,GSM331497,1,0.43911853432655334
22,2,GSM331499,1,0.6083340048789978
22,2,GSM331500,1,0.632163941860199
22,2,GSM331503,1,0.21775606274604797
22,2,GSM331508,1,0.5715084075927734
22,2,GSM331509,1,0.2765636146068573
22,2,GSM331511,1,0.7587759494781494
22,2,GSM331512,1,0.44439178705215454
22,2,GSM331514,1,0.563274621963501
22,2,GSM331518,1,0.30547839403152466
22,2,GSM331519,1,0.4597034454345703
22,2,GSM331521,1,0.5361473560333252
22,2,GSM331522,1,0.27828091382980347
22,2,GSM331524,1,0.580721914768219
22,2,GSM331528,1,0.7886135578155518
22,2,GSM331529,1,0.36123329401016235
22,2,GSM331530,1,0.43530312180519104
22,2,GSM331537,1,0.49460095167160034
22,2,GSM331541,1,0.6468178629875183
22,2,GSM331542,1,0.48125866055488586
22,2,GSM331543,1,0.5630534887313843
22,2,GSM331546,1,0.5959632992744446
22,2,GSM331550,1,0.5257401466369629
22,2,GSM331552,1,0.3934493958950043
22,2,GSM331554,1,0.37440457940101624
22,2,GSM331559,1,0.735876739025116
22,2,GSM331561,1,0.6177066564559937
22,2,GSM331563,1,0.685887336730957
22,2,GSM331564,1,0.3932775557041168
22,2,GSM331565,1,0.5985075235366821
22,2,GSM331567,1,0.461721807718277
22,2,GSM331568,1,0.6729463338851929
22,2,GSM331570,1,0.3233110010623932
22,2,GSM331571,1,0.44975730776786804
22,2,GSM331572,1,0.6107673645019531
22,2,GSM331573,1,0.7790499925613403
22,2,GSM331574,1,0.17659345269203186
22,2,GSM331575,1,0.6475770473480225
22,2,GSM331576,1,0.6868395805358887
22,2,GSM331577,1,0.25862371921539307
22,2,GSM331579,1,0.4270113408565521
22,2,GSM331580,1,0.3679446578025818
22,2,GSM331581,1,0.5131956934928894
22,2,GSM331583,1,0.5320826172828674
22,2,GSM331584,1,0.3225366473197937
22,2,GSM331586,1,0.38478943705558777
22,2,GSM331588,1,0.5185061693191528
22,2,GSM331589,1,0.4996139407157898
22,2,GSM331590,1,0.511315643787384
22,2,GSM331592,1,0.4896014332771301
22,2,GSM331595,1,0.6231517195701599
22,2,GSM331596,1,0.5633411407470703
22,2,GSM331597,1,0.44185030460357666
22,2,GSM331600,1,0.7411141395568848
22,2,GSM331602,1,0.5314972400665283
22,2,GSM331605,1,0.6694597601890564
22,2,GSM331606,1,0.373415470123291
22,2,GSM331607,1,0.7296810746192932
22,2,GSM331608,1,0.33244284987449646
22,2,GSM331609,1,0.5593703389167786
22,2,GSM331610,1,0.534682035446167
22,2,GSM331611,1,0.5299283266067505
22,2,GSM331612,1,0.4448554813861847
22,2,GSM331613,1,0.4696730673313141
22,2,GSM331616,1,0.7561885118484497
22,2,GSM331617,1,0.7140126824378967
22,2,GSM331618,1,0.45838266611099243
22,2,GSM331620,1,0.662678599357605
22,2,GSM331623,1,0.36399218440055847
22,2,GSM331625,1,0.6352836489677429
22,2,GSM331627,1,0.4454275965690613
22,2,GSM331632,1,0.4568243622779846
22,2,GSM331634,1,0.559352695941925
22,2,GSM331635,1,0.5899029970169067
22,2,GSM331636,1,0.5333980321884155
22,2,GSM331637,1,0.3721228837966919
22,2,GSM331639,1,0.4771179258823395
22,2,GSM331642,1,0.3823714852333069
22,2,GSM331646,1,0.3025791049003601
22,2,GSM331652,1,0.6868087649345398
22,2,GSM331654,1,0.8379110097885132
22,2,GSM331655,1,0.6279895901679993
22,2,GSM331659,1,0.5639350414276123
23,1,GSM331638,0,0.5904983878135681
23,1,GSM331660,0,0.45848792791366577
23,1,GSM331661,0,0.5354859828948975
23,1,GSM331664,0,0.39820533990859985
23,1,GSM331665,0,0.37430059909820557
23,1,GSM331669,0,0.5402975678443909
23,1,GSM331672,0,0.7085185050964355
23,1,GSM331674,0,0.5665069818496704
23,1,GSM331676,0,0.5676154494285583
23,1,GSM331677,0,0.5337656736373901
23,1,GSM331681,0,0.48091214895248413
23,1,GSM331683,0,0.6472345590591431
23,1,GSM331686,0,0.5827754735946655
23,1,GSM331687,0,0.38863784074783325
23,1,GSM331689,0,0.37466558814048767
23,1,GSM331691,0,0.4346035420894623
23,1,GSM331692,0,0.35481569170951843
23,1,GSM331693,0,0.6020041704177856
23,1,GSM331696,0,0.296196848154068
23,1,GSM331697,0,0.5293920040130615
23,1,GSM331698,0,0.1799195408821106
23,1,GSM331702,0,0.3907163441181183
23,1,GSM331703,0,0.4312712848186493
23,1,GSM331706,0,0.4821225106716156
23,1,GSM331707,0,0.3277014195919037
23,1,GSM331708,0,0.5240016579627991
23,1,GSM331714,0,0.6688067317008972
23,1,GSM331715,0,0.2601475417613983
23,1,GSM331717,0,0.6573944091796875
23,1,GSM331719,0,0.3384363055229187
23,1,GSM331720,0,0.31309813261032104
23,1,GSM331721,0,0.6321932077407837
23,1,GSM331722,0,0.5805468559265137
23,1,GSM331723,0,0.48340147733688354
23,1,GSM331725,0,0.3872329890727997
23,1,GSM331730,0,0.6813372373580933
23,1,GSM331731,0,0.454609751701355
23,1,GSM331454,1,0.28574422001838684
23,1,GSM331455,1,0.24584820866584778
23,1,GSM331456,1,0.5713619589805603
23,1,GSM331458,1,0.5424857139587402
23,1,GSM331459,1,0.35229408740997314
23,1,GSM331461,1,0.5318875908851624
23,1,GSM331462,1,0.32526105642318726
23,1,GSM331463,1,0.446433424949646
23,1,GSM331466,1,0.5178431272506714
23,1,GSM331467,1,0.20584380626678467
23,1,GSM331473,1,0.5334116220474243
23,1,GSM331476,1,0.6344119906425476
23,1,GSM331477,1,0.40682265162467957
23,1,GSM331478,1,0.59806227684021
23,1,GSM331479,1,0.679706871509552
23,1,GSM331482,1,0.2772390842437744
23,1,GSM331486,1,0.4157133400440216
23,1,GSM331489,1,0.4992017447948456
23,1,GSM331491,1,0.43898943066596985
23,1,GSM331493,1,0.40682846307754517
23,1,GSM331494,1,0.6455376744270325
23,1,GSM331495,1,0.3228148818016052
23,1,GSM331496,1,0.4688307046890259
23,1,GSM331499,1,0.6235001087188721
23,1,GSM331502,1,0.6685943603515625
23,1,GSM331504,1,0.49889594316482544
23,1,GSM331507,1,0.24035485088825226
23,1,GSM331508,1,0.37261074781417847
23,1,GSM331509,1,0.4052867889404297
23,1,GSM331510,1,0.6277284622192383
23,1,GSM331513,1,0.5910484194755554
23,1,GSM331514,1,0.5659628510475159
23,1,GSM331516,1,0.4220883846282959
23,1,GSM331517,1,0.45751646161079407
23,1,GSM331518,1,0.4226349890232086
23,1,GSM331520,1,0.3393673300743103
23,1,GSM331521,1,0.3768058121204376
23,1,GSM331523,1,0.6333184838294983
23,1,GSM331524,1,0.47085270285606384
23,1,GSM331526,1,0.46567603945732117
23,1,GSM331527,1,0.32971540093421936
23,1,GSM331529,1,0.3949946165084839
23,1,GSM331532,1,0.3067936897277832
23,1,GSM331534,1,0.6361325979232788
23,1,GSM331537,1,0.48388171195983887
23,1,GSM331538,1,0.23327702283859253
23,1,GSM331539,1,0.39918121695518494
23,1,GSM331542,1,0.508074164390564
23,1,GSM331543,1,0.5328931212425232
23,1,GSM331546,1,0.6173973083496094
23,1,GSM331549,1,0.5245720148086548
23,1,GSM331550,1,0.39870625734329224
23,1,GSM331552,1,0.3083699643611908
23,1,GSM331553,1,0.5907626748085022
23,1,GSM331554,1,0.3922022879123688
23,1,GSM331555,1,0.25678277015686035
23,1,GSM331565,1,0.37590888142585754
23,1,GSM331566,1,0.563525915145874
23,1,GSM331569,1,0.43126827478408813
23,1,GSM331570,1,0.2716197967529297
23,1,GSM331571,1,0.3278539180755615
23,1,GSM331572,1,0.3933441936969757
23,1,GSM331574,1,0.3181076943874359
23,1,GSM331575,1,0.5304579734802246
23,1,GSM331576,1,0.6062373518943787
23,1,GSM331577,1,0.30241891741752625
23,1,GSM331578,1,0.362362265586853
23,1,GSM331582,1,0.4577687680721283
23,1,GSM331583,1,0.4776484966278076
23,1,GSM331584,1,0.2837097942829132
23,1,GSM331586,1,0.2687568962574005
23,1,GSM331589,1,0.4799339473247528
23,1,GSM331592,1,0.5762729048728943
23,1,GSM331594,1,0.5735374689102173
23,1,GSM331595,1,0.48761826753616333
23,1,GSM331596,1,0.5754484534263611
23,1,GSM331597,1,0.34005287289619446
23,1,GSM331601,1,0.5402480363845825
23,1,GSM331603,1,0.5597187876701355
23,1,GSM331604,1,0.5285853147506714
23,1,GSM331605,1,0.6483810544013977
23,1,GSM331606,1,0.3003169596195221
23,1,GSM331608,1,0.440767377614975
23,1,GSM331612,1,0.41016438603401184
23,1,GSM331613,1,0.5284491181373596
23,1,GSM331614,1,0.48036158084869385
23,1,GSM331615,1,0.5796898007392883
23,1,GSM331616,1,0.5326575636863708
23,1,GSM331618,1,0.44613251090049744
23,1,GSM331622,1,0.5168551802635193
23,1,GSM331624,1,0.43942585587501526
23,1,GSM331626,1,0.22788551449775696
23,1,GSM331627,1,0.26747196912765503
23,1,GSM331628,1,0.4226173460483551
23,1,GSM331629,1,0.3291630148887634
23,1,GSM331631,1,0.40616559982299805
23,1,GSM331637,1,0.44979432225227356
23,1,GSM331641,1,0.4047833979129791
23,1,GSM331647,1,0.4828382134437561
23,1,GSM331649,1,0.5468937754631042
23,1,GSM331650,1,0.6133280992507935
23,1,GSM331651,1,0.5173394680023193
23,1,GSM331656,1,0.39937499165534973
23,2,GSM331662,0,0.5479655861854553
23,2,GSM331663,0,0.4353574216365814
23,2,GSM331666,0,0.39542657136917114
23,2,GSM331668,0,0.42473381757736206
23,2,GSM331670,0,0.44500499963760376
23,2,GSM331671,0,0.5227603316307068
23,2,GSM331673,0,0.5229750871658325
23,2,GSM331675,0,0.44174808263778687
23,2,GSM331678,0,0.3679817318916321
23,2,GSM331679,0,0.3835885226726532
23,2,GSM331680,0,0.6624722480773926
23,2,GSM331682,0,0.44053226709365845
23,2,GSM331684,0,0.4731220006942749
23,2,GSM331685,0,0.37032562494277954
23,2,GSM331688,0,0.5624503493309021
23,2,GSM331690,0,0.39563387632369995
23,2,GSM331694,0,0.6279052495956421
23,2,GSM331695,0,0.4098164439201355
23,2,GSM331699,0,0.49906736612319946
23,2,GSM331700,0,0.23845341801643372
23,2,GSM331701,0,0.36945584416389465
23,2,GSM331704,0,0.6324487328529358
23,2,GSM331705,0,0.4979678988456726
23,2,GSM331709,0,0.5521900057792664
23,2,GSM331710,0,0.5711336135864258
23,2,GSM331711,0,0.740571141242981
23,2,GSM331712,0,0.4223945140838623
23,2,GSM331713,0,0.473725825548172
23,2,GSM331716,0,0.6161224842071533
23,2,GSM331718,0,0.6016871333122253
23,2,GSM331724,0,0.44459378719329834
23,2,GSM331726,0,0.4237273931503296
23,2,GSM331727,0,0.39713650941848755
23,2,GSM331728,0,0.29079678654670715
23,2,GSM331729,0,0.41135504841804504
23,2,GSM331732,0,0.508418083190918
23,2,GSM331453,1,0.5966996550559998
23,2,GSM331457,1,0.43914997577667236
23,2,GSM331460,1,0.4641929268836975
23,2,GSM331464,1,0.522875964641571
23,2,GSM331465,1,0.6016094088554382
23,2,GSM331468,1,0.5757685899734497
23,2,GSM331469,1,0.43691977858543396
23,2,GSM331470,1,0.5835450291633606
23,2,GSM331471,1,0.3389480710029602
23,2,GSM331472,1,0.4073706865310669
23,2,GSM331474,1,0.5199690461158752
23,2,GSM331475,1,0.5215242505073547
23,2,GSM331480,1,0.659091055393219
23,2,GSM331481,1,0.4820394217967987
23,2,GSM331483,1,0.6457871198654175
23,2,GSM331484,1,0.41126182675361633
23,2,GSM331485,1,0.6321374177932739
23,2,GSM331487,1,0.6353154182434082
23,2,GSM331488,1,0.5672252774238586
23,2,GSM331490,1,0.42987173795700073
23,2,GSM331492,1,0.4612903594970703
23,2,GSM331497,1,0.48741164803504944
23,2,GSM331498,1,0.4642360508441925
23,2,GSM331500,1,0.5705412030220032
23,2,GSM331501,1,0.488595187664032
23,2,GSM331503,1,0.35459545254707336
23,2,GSM331505,1,0.5426718592643738
23,2,GSM331506,1,0.44059038162231445
23,2,GSM331511,1,0.5932915806770325
23,2,GSM331512,1,0.5265222191810608
23,2,GSM331515,1,0.5050022602081299
23,2,GSM331519,1,0.5268487930297852
23,2,GSM331522,1,0.48534607887268066
23,2,GSM331525,1,0.5977119207382202
23,2,GSM331528,1,0.6043790578842163
23,2,GSM331530,1,0.4723796248435974
23,2,GSM331531,1,0.5858423709869385
23,2,GSM331533,1,0.2738017141819
23,2,GSM331535,1,0.5106227397918701
23,2,GSM331536,1,0.6583038568496704
23,2,GSM331540,1,0.5018310546875
23,2,GSM331541,1,0.5036171078681946
23,2,GSM331544,1,0.30787193775177
23,2,GSM331545,1,0.46743544936180115
23,2,GSM331547,1,0.49029362201690674
23,2,GSM331548,1,0.44657468795776367
23,2,GSM331551,1,0.41192033886909485
23,2,GSM331556,1,0.433669775724411
23,2,GSM331557,1,0.5257124304771423
23,2,GSM331558,1,0.3446493446826935
23,2,GSM331559,1,0.7457895278930664
23,2,GSM331560,1,0.26051828265190125
23,2,GSM331561,1,0.3775077760219574
23,2,GSM331562,1,0.4703572392463684
23,2,GSM331563,1,0.36046192049980164
23,2,GSM331564,1,0.5335441827774048
23,2,GSM331567,1,0.33107346296310425
23,2,GSM331568,1,0.5470027923583984
23,2,GSM331573,1,0.5871168971061707
23,2,GSM331579,1,0.4785994589328766
23,2,GSM331580,1,0.42802977561950684
23,2,GSM331581,1,0.4664252698421478
23,2,GSM331585,1,0.42954736948013306
23,2,GSM331587,1,0.4563755691051483
23,2,GSM331588,1,0.4800305664539337
23,2,GSM331590,1,0.462355375289917
23,2,GSM331591,1,0.5352555513381958
23,2,GSM331593,1,0.5869761109352112
23,2,GSM331598,1,0.39641493558883667
23,2,GSM331599,1,0.7324796915054321
23,2,GSM331600,1,0.6801413297653198
23,2,GSM331602,1,0.5752573013305664
23,2,GSM331607,1,0.3975209593772888
23,2,GSM331609,1,0.5924509763717651
23,2,GSM331610,1,0.34840428829193115
23,2,GSM331611,1,0.6590790152549744
23,2,GSM331617,1,0.6064339876174927
23,2,GSM331619,1,0.2456100881099701
23,2,GSM331620,1,0.659122884273529
23,2,GSM331621,1,0.4538390636444092
23,2,GSM331623,1,0.555389404296875
23,2,GSM331625,1,0.5014063119888306
23,2,GSM331630,1,0.6224420666694641
23,2,GSM331632,1,0.37625226378440857
23,2,GSM331633,1,0.5727090239524841
23,2,GSM331634,1,0.5329204797744751
23,2,GSM331635,1,0.5851554274559021
23,2,GSM331636,1,0.45170003175735474
23,2,GSM331639,1,0.3614232540130615
23,2,GSM331640,1,0.22534993290901184
23,2,GSM331642,1,0.6396868824958801
23,2,GSM331643,1,0.6524031162261963
23,2,GSM331644,1,0.310161292552948
23,2,GSM331645,1,0.5255845785140991
23,2,GSM331646,1,0.32305121421813965
23,2,GSM331648,1,0.3806433379650116
23,2,GSM331652,1,0.5395510792732239
23,2,GSM331653,1,0.4037075936794281
23,2,GSM331654,1,0.7314445972442627
23,2,GSM331655,1,0.6653352975845337
23,2,GSM331657,1,0.7177373766899109
23,2,GSM331658,1,0.32711926102638245
23,2,GSM331659,1,0.4234590232372284
24,1,GSM331661,0,0.5897157788276672
24,1,GSM331663,0,0.35681062936782837
24,1,GSM331664,0,0.3473970592021942
24,1,GSM331666,0,0.23723433911800385
24,1,GSM331670,0,0.5146492123603821
24,1,GSM331671,0,0.47663891315460205
24,1,GSM331672,0,0.7219613790512085
24,1,GSM331675,0,0.2761025130748749
24,1,GSM331680,0,0.4773882031440735
24,1,GSM331685,0,0.18407797813415527
24,1,GSM331686,0,0.7306023240089417
24,1,GSM331687,0,0.24916031956672668
24,1,GSM331688,0,0.5486027598381042
24,1,GSM331690,0,0.6375188231468201
24,1,GSM331691,0,0.6615281701087952
24,1,GSM331692,0,0.3357265889644623
24,1,GSM331693,0,0.5984697341918945
24,1,GSM331695,0,0.3565276563167572
24,1,GSM331696,0,0.6432908773422241
24,1,GSM331698,0,0.28220269083976746
24,1,GSM331699,0,0.23472511768341064
24,1,GSM331700,0,0.31031835079193115
24,1,GSM331702,0,0.5927257537841797
24,1,GSM331703,0,0.5396294593811035
24,1,GSM331704,0,0.7824674248695374
24,1,GSM331705,0,0.5154730677604675
24,1,GSM331707,0,0.2927702069282532
24,1,GSM331708,0,0.4826490879058838
24,1,GSM331711,0,0.681943416595459
24,1,GSM331713,0,0.3857479691505432
24,1,GSM331714,0,0.740240216255188
24,1,GSM331716,0,0.940452516078949
24,1,GSM331717,0,0.7692837715148926
24,1,GSM331722,0,0.48713064193725586
24,1,GSM331724,0,0.44983088970184326
24,1,GSM331726,0,0.24987980723381042
24,1,GSM331728,0,0.2334733009338379
24,1,GSM331453,1,0.42589712142944336
24,1,GSM331454,1,0.5898059606552124
24,1,GSM331455,1,0.23877759277820587
24,1,GSM331458,1,0.3324095904827118
24,1,GSM331462,1,0.3001365661621094
24,1,GSM331465,1,0.4275761544704437
24,1,GSM331466,1,0.412640243768692
24,1,GSM331468,1,0.5853348970413208
24,1,GSM331469,1,0.3852180242538452
24,1,GSM331470,1,0.616436243057251
24,1,GSM331476,1,0.2713293731212616
24,1,GSM331478,1,0.6054158806800842
24,1,GSM331479,1,0.280901700258255
24,1,GSM331480,1,0.6106622219085693
24,1,GSM331481,1,0.5060856938362122
24,1,GSM331483,1,0.41886577010154724
24,1,GSM331484,1,0.15361154079437256
24,1,GSM331485,1,0.8470705151557922
24,1,GSM331486,1,0.4448925852775574
24,1,GSM331487,1,0.8010843396186829
24,1,GSM331488,1,0.47742074728012085
24,1,GSM331491,1,0.5097235441207886
24,1,GSM331494,1,0.7177718281745911
24,1,GSM331497,1,0.25418809056282043
24,1,GSM331498,1,0.3389078974723816
24,1,GSM331499,1,0.4828578233718872
24,1,GSM331500,1,0.6769229769706726
24,1,GSM331503,1,0.4264364540576935
24,1,GSM331505,1,0.40081846714019775
24,1,GSM331507,1,0.13865448534488678
24,1,GSM331509,1,0.19709552824497223
24,1,GSM331510,1,0.41325893998146057
24,1,GSM331512,1,0.617554783821106
24,1,GSM331514,1,0.2761209309101105
24,1,GSM331515,1,0.5747359991073608
24,1,GSM331516,1,0.6212303638458252
24,1,GSM331518,1,0.3325747847557068
24,1,GSM331521,1,0.19713789224624634
24,1,GSM331522,1,0.312323659658432
24,1,GSM331523,1,0.7181670069694519
24,1,GSM331524,1,0.4258498251438141
24,1,GSM331526,1,0.7021941542625427
24,1,GSM331528,1,0.4920628070831299
24,1,GSM331530,1,0.6239015460014343
24,1,GSM331533,1,0.44886279106140137
24,1,GSM331534,1,0.6276035904884338
24,1,GSM331535,1,0.3898458182811737
24,1,GSM331536,1,0.44927963614463806
24,1,GSM331538,1,0.38710224628448486
24,1,GSM331540,1,0.42643025517463684
24,1,GSM331541,1,0.4735979735851288
24,1,GSM331545,1,0.4582609534263611
24,1,GSM331548,1,0.31806108355522156
24,1,GSM331553,1,0.8683719038963318
24,1,GSM331554,1,0.31594181060791016
24,1,GSM331556,1,0.25114351511001587
24,1,GSM331557,1,0.4922989010810852
24,1,GSM331558,1,0.4210352599620819
24,1,GSM331559,1,0.6834304928779602
24,1,GSM331560,1,0.4668920338153839
24,1,GSM331561,1,0.5398350954055786
24,1,GSM331567,1,0.4724152684211731
24,1,GSM331569,1,0.5645923614501953
24,1,GSM331570,1,0.604249119758606
24,1,GSM331573,1,0.5865799188613892
24,1,GSM331575,1,0.6200496554374695
24,1,GSM331578,1,0.5733340978622437
24,1,GSM331579,1,0.49715736508369446
24,1,GSM331581,1,0.33697572350502014
24,1,GSM331582,1,0.23848004639148712
24,1,GSM331583,1,0.33633679151535034
24,1,GSM331585,1,0.7269601225852966
24,1,GSM331588,1,0.563152551651001
24,1,GSM331589,1,0.6406391859054565
24,1,GSM331593,1,0.36540865898132324
24,1,GSM331596,1,0.519384503364563
24,1,GSM331597,1,0.66335129737854
24,1,GSM331598,1,0.45964038372039795
24,1,GSM331599,1,0.7907857298851013
24,1,GSM331603,1,0.4233834445476532
24,1,GSM331604,1,0.4759726822376251
24,1,GSM331607,1,0.7545316219329834
24,1,GSM331608,1,0.1468532532453537
24,1,GSM331609,1,0.4512721598148346
24,1,GSM331614,1,0.4212246537208557
24,1,GSM331617,1,0.681826651096344
24,1,GSM331618,1,0.6857621073722839
24,1,GSM331622,1,0.7950040102005005
24,1,GSM331626,1,0.3321196436882019
24,1,GSM331627,1,0.5875128507614136
24,1,GSM331631,1,0.19358861446380615
24,1,GSM331632,1,0.2948608100414276
24,1,GSM331633,1,0.31762465834617615
24,1,GSM331635,1,0.19832299649715424
24,1,GSM331636,1,0.4261378347873688
24,1,GSM331641,1,0.42680543661117554
24,1,GSM331647,1,0.31233280897140503
24,1,GSM331648,1,0.3904447853565216
24,1,GSM331651,1,0.553440511226654
24,1,GSM331652,1,0.6163515448570251
24,1,GSM331653,1,0.39283066987991333
24,1,GSM331654,1,0.787602961063385
24,1,GSM331657,1,0.6845515370368958
24,2,GSM331638,0,0.5062594413757324
24,2,GSM331660,0,0.26524484157562256
24,2,GSM331662,0,0.3956035375595093
24,2,GSM331665,0,0.42052099108695984
24,2,GSM331668,0,0.5881351232528687
24,2,GSM331669,0,0.7660598754882812
24,2,GSM331673,0,0.2576325535774231
24,2,GSM331674,0,0.4138621985912323
24,2,GSM331676,0,0.6793844103813171
24,2,GSM331677,0,0.3729511499404907
24,2,GSM331678,0,0.22662422060966492
24,2,GSM331679,0,0.3232126832008362
24,2,GSM331681,0,0.728992223739624
24,2,GSM331682,0,0.6007394790649414
24,2,GSM331683,0,0.7612839341163635
24,2,GSM331684,0,0.36392393708229065
24,2,GSM331689,0,0.39761483669281006
24,2,GSM331694,0,0.300897479057312
24,2,GSM331697,0,0.4696318209171295
24,2,GSM331701,0,0.34483155608177185
24,2,GSM331706,0,0.8959659934043884
24,2,GSM331709,0,0.47141751646995544
24,2,GSM331710,0,0.37843579053878784
24,2,GSM331712,0,0.7115335464477539
24,2,GSM331715,0,0.32065320014953613
24,2,GSM331718,0,0.5930582284927368
24,2,GSM331719,0,0.3568143844604492
24,2,GSM331720,0,0.22868528962135315
24,2,GSM331721,0,0.7402288317680359
24,2,GSM331723,0,0.4972113370895386
24,2,GSM331725,0,0.4307117760181427
24,2,GSM331727,0,0.388426274061203
24,2,GSM331729,0,0.21470165252685547
24,2,GSM331730,0,0.7203070521354675
24,2,GSM331731,0,0.5517650246620178
24,2,GSM331732,0,0.5461428165435791
24,2,GSM331456,1,0.6432490348815918
24,2,GSM331457,1,0.47056129574775696
24,2,GSM331459,1,0.6383709907531738
24,2,GSM331460,1,0.432710736989975
24,2,GSM331461,1,0.4217965006828308
24,2,GSM331463,1,0.4920317530632019
24,2,GSM331464,1,0.3563510477542877
24,2,GSM331467,1,0.4187425673007965
24,2,GSM331471,1,0.685912013053894
24,2,GSM331472,1,0.37476494908332825
24,2,GSM331473,1,0.4344797730445862
24,2,GSM331474,1,0.2203032374382019
24,2,GSM331475,1,0.34310677647590637
24,2,GSM331477,1,0.4037223756313324
24,2,GSM331482,1,0.3382692039012909
24,2,GSM331489,1,0.45715343952178955
24,2,GSM331490,1,0.3563529849052429
24,2,GSM331492,1,0.32143500447273254
24,2,GSM331493,1,0.3081152141094208
24,2,GSM331495,1,0.5128147006034851
24,2,GSM331496,1,0.19869211316108704
24,2,GSM331501,1,0.3230004906654358
24,2,GSM331502,1,0.7395995855331421
24,2,GSM331504,1,0.5030524730682373
24,2,GSM331506,1,0.6294309496879578
24,2,GSM331508,1,0.39576008915901184
24,2,GSM331511,1,0.6092267632484436
24,2,GSM331513,1,0.6778353452682495
24,2,GSM331517,1,0.5737223625183105
24,2,GSM331519,1,0.29868122935295105
24,2,GSM331520,1,0.5242931246757507
24,2,GSM331525,1,0.455227792263031
24,2,GSM331527,1,0.3226141631603241
24,2,GSM331529,1,0.23962324857711792
24,2,GSM331531,1,0.3753407597541809
24,2,GSM331532,1,0.1944478303194046
24,2,GSM331537,1,0.6208057999610901
24,2,GSM331539,1,0.45537006855010986
24,2,GSM331542,1,0.46886005997657776
24,2,GSM331543,1,0.5835049152374268
24,2,GSM331544,1,0.20335336029529572
24,2,GSM331546,1,0.6144955158233643
24,2,GSM331547,1,0.3838720917701721
24,2,GSM331549,1,0.6589320302009583
24,2,GSM331550,1,0.29268452525138855
24,2,GSM331551,1,0.6078823804855347
24,2,GSM331552,1,0.3722565472126007
24,2,GSM331555,1,0.1859111189842224
24,2,GSM331562,1,0.25451138615608215
24,2,GSM331563,1,0.475975900888443
24,2,GSM331564,1,0.5068253874778748
24,2,GSM331565,1,0.40718430280685425
24,2,GSM331566,1,0.4866793751716614
24,2,GSM331568,1,0.37260696291923523
24,2,GSM331571,1,0.4430112838745117
24,2,GSM331572,1,0.6187146902084351
24,2,GSM331574,1,0.4853416383266449
24,2,GSM331576,1,0.7616097927093506
24,2,GSM331577,1,0.5354897975921631
24,2,GSM331580,1,0.5287790298461914
24,2,GSM331584,1,0.2513500452041626
24,2,GSM331586,1,0.3605406880378723
24,2,GSM331587,1,0.4591086804866791
24,2,GSM331590,1,0.26118072867393494
24,2,GSM331591,1,0.6432422399520874
24,2,GSM331592,1,0.5430908799171448
24,2,GSM331594,1,0.2257491946220398
24,2,GSM331595,1,0.6049614548683167
24,2,GSM331600,1,0.6656764149665833
24,2,GSM331601,1,0.3736911714076996
24,2,GSM331602,1,0.4009573459625244
24,2,GSM331605,1,0.6304010152816772
24,2,GSM331606,1,0.28477150201797485
24,2,GSM331610,1,0.6317017674446106
24,2,GSM331611,1,0.5573133230209351
24,2,GSM331612,1,0.3127226233482361
24,2,GSM331613,1,0.31186267733573914
24,2,GSM331615,1,0.5905083417892456
24,2,GSM331616,1,0.5347355008125305
24,2,GSM331619,1,0.4565485417842865
24,2,GSM331620,1,0.4783419370651245
24,2,GSM331621,1,0.6978746652603149
24,2,GSM331623,1,0.29125556349754333
24,2,GSM331624,1,0.3266182243824005
24,2,GSM331625,1,0.5852005481719971
24,2,GSM331628,1,0.4514128267765045
24,2,GSM331629,1,0.22629204392433167
24,2,GSM331630,1,0.47251003980636597
24,2,GSM331634,1,0.3541285991668701
24,2,GSM331637,1,0.44086533784866333
24,2,GSM331639,1,0.38904786109924316
24,2,GSM331640,1,0.1320023238658905
24,2,GSM331642,1,0.5024224519729614
24,2,GSM331643,1,0.8006763458251953
24,2,GSM331644,1,0.38998544216156006
24,2,GSM331645,1,0.3507373034954071
24,2,GSM331646,1,0.23613061010837555
24,2,GSM331649,1,0.6087563633918762
24,2,GSM331650,1,0.4812517762184143
24,2,GSM331655,1,0.4822356104850769
24,2,GSM331656,1,0.4205752909183502
24,2,GSM331658,1,0.48816314339637756
24,2,GSM331659,1,0.38906776905059814
25,1,GSM331638,0,0.44016870856285095
25,1,GSM331661,0,0.44594627618789673
25,1,GSM331663,0,0.41059333086013794
25,1,GSM331664,0,0.28672879934310913
25,1,GSM331665,0,0.3070300817489624
25,1,GSM331668,0,0.41537681221961975
25,1,GSM331671,0,0.52324378490448
25,1,GSM331674,0,0.5729275941848755
25,1,GSM331678,0,0.2818017303943634
25,1,GSM331680,0,0.3364942669868469
25,1,GSM331682,0,0.5370513200759888
25,1,GSM331683,0,0.596813976764679
25,1,GSM331684,0,0.34517332911491394
25,1,GSM331685,0,0.24579720199108124
25,1,GSM331687,0,0.4631059169769287
25,1,GSM331690,0,0.5477980375289917
25,1,GSM331692,0,0.3401270806789398
25,1,GSM331697,0,0.36401230096817017
25,1,GSM331698,0,0.25057026743888855
25,1,GSM331700,0,0.2795773148536682
25,1,GSM331702,0,0.4165560305118561
25,1,GSM331703,0,0.7899947166442871
25,1,GSM331704,0,0.5809375643730164
25,1,GSM331705,0,0.36584386229515076
25,1,GSM331708,0,0.3455834686756134
25,1,GSM331709,0,0.5496119856834412
25,1,GSM331713,0,0.38553181290626526
25,1,GSM331714,0,0.7894232869148254
25,1,GSM331718,0,0.41715314984321594
25,1,GSM331720,0,0.23266392946243286
25,1,GSM331723,0,0.5534089207649231
25,1,GSM331724,0,0.2601606547832489
25,1,GSM331726,0,0.36831149458885193
25,1,GSM331727,0,0.3406984508037567
25,1,GSM331728,0,0.3087739050388336
25,1,GSM331730,0,0.7176376581192017
25,1,GSM331732,0,0.3758634030818939
25,1,GSM331453,1,0.49683481454849243
25,1,GSM331454,1,0.43381044268608093
25,1,GSM331461,1,0.5133656859397888
25,1,GSM331462,1,0.33822503685951233
25,1,GSM331463,1,0.31811174750328064
25,1,GSM331465,1,0.5352336764335632
25,1,GSM331466,1,0.5186234712600708
25,1,GSM331467,1,0.32525336742401123
25,1,GSM331469,1,0.6787987351417542
25,1,GSM331470,1,0.8635526895523071
25,1,GSM331471,1,0.5383697152137756
25,1,GSM331473,1,0.37476596236228943
25,1,GSM331474,1,0.3838360905647278
25,1,GSM331476,1,0.37492215633392334
25,1,GSM331478,1,0.44165629148483276
25,1,GSM331479,1,0.311247318983078
25,1,GSM331481,1,0.5801865458488464
25,1,GSM331486,1,0.5027728080749512
25,1,GSM331487,1,0.7963996529579163
25,1,GSM331488,1,0.522611141204834
25,1,GSM331490,1,0.38606196641921997
25,1,GSM331493,1,0.3854922652244568
25,1,GSM331494,1,0.7137411236763
25,1,GSM331495,1,0.5152464509010315
25,1,GSM331498,1,0.27148717641830444
25,1,GSM331500,1,0.7685266137123108
25,1,GSM331501,1,0.3267543613910675
25,1,GSM331502,1,0.5220600962638855
25,1,GSM331507,1,0.1382032334804535
25,1,GSM331509,1,0.3262089788913727
25,1,GSM331510,1,0.5251146554946899
25,1,GSM331513,1,0.6567506790161133
25,1,GSM331516,1,0.4497026205062866
25,1,GSM331517,1,0.5037306547164917
25,1,GSM331518,1,0.40255993604660034
25,1,GSM331522,1,0.23383106291294098
25,1,GSM331523,1,0.7621819972991943
25,1,GSM331524,1,0.4759051203727722
25,1,GSM331526,1,0.6472876071929932
25,1,GSM331527,1,0.5130152702331543
25,1,GSM331528,1,0.5886923670768738
25,1,GSM331531,1,0.32691070437431335
25,1,GSM331534,1,0.6397013068199158
25,1,GSM331535,1,0.5553069114685059
25,1,GSM331537,1,0.6562127470970154
25,1,GSM331541,1,0.30141744017601013
25,1,GSM331543,1,0.3952282667160034
25,1,GSM331544,1,0.27227452397346497
25,1,GSM331545,1,0.4231621026992798
25,1,GSM331547,1,0.27876994013786316
25,1,GSM331550,1,0.2914891839027405
25,1,GSM331551,1,0.5336783528327942
25,1,GSM331552,1,0.3837466835975647
25,1,GSM331553,1,0.6993758082389832
25,1,GSM331554,1,0.3600570559501648
25,1,GSM331556,1,0.378070205450058
25,1,GSM331557,1,0.2872585654258728
25,1,GSM331564,1,0.6397480368614197
25,1,GSM331566,1,0.5964502096176147
25,1,GSM331567,1,0.6233124136924744
25,1,GSM331568,1,0.48216331005096436
25,1,GSM331569,1,0.39975887537002563
25,1,GSM331570,1,0.3612366318702698
25,1,GSM331572,1,0.5754992961883545
25,1,GSM331573,1,0.4827382266521454
25,1,GSM331574,1,0.2558270990848541
25,1,GSM331575,1,0.6523527503013611
25,1,GSM331583,1,0.49213844537734985
25,1,GSM331585,1,0.3881898522377014
25,1,GSM331586,1,0.3675045967102051
25,1,GSM331588,1,0.35668841004371643
25,1,GSM331589,1,0.5574488639831543
25,1,GSM331591,1,0.6690341234207153
25,1,GSM331593,1,0.6163389086723328
25,1,GSM331594,1,0.3989819288253784
25,1,GSM331597,1,0.6285433173179626
25,1,GSM331599,1,0.7172009348869324
25,1,GSM331600,1,0.7771289348602295
25,1,GSM331601,1,0.3416841924190521
25,1,GSM331602,1,0.5406315326690674
25,1,GSM331608,1,0.3118479251861572
25,1,GSM331610,1,0.6947171688079834
25,1,GSM331613,1,0.6104796528816223
25,1,GSM331614,1,0.4795937240123749
25,1,GSM331615,1,0.5586575269699097
25,1,GSM331616,1,0.5961992740631104
25,1,GSM331617,1,0.6201578974723816
25,1,GSM331619,1,0.38478225469589233
25,1,GSM331622,1,0.6136994957923889
25,1,GSM331628,1,0.5049186944961548
25,1,GSM331631,1,0.30365413427352905
25,1,GSM331635,1,0.4531312882900238
25,1,GSM331640,1,0.2460300177335739
25,1,GSM331642,1,0.5365598201751709
25,1,GSM331644,1,0.23134620487689972
25,1,GSM331645,1,0.4466993510723114
25,1,GSM331648,1,0.5426682233810425
25,1,GSM331649,1,0.6925244927406311
25,1,GSM331650,1,0.4386295676231384
25,1,GSM331654,1,0.8500491976737976
25,1,GSM331656,1,0.5627738833427429
25,1,GSM331657,1,0.7286450862884521
25,1,GSM331659,1,0.2792893946170807
25,2,GSM331660,0,0.383691668510437
25,2,GSM331662,0,0.4122200608253479
25,2,GSM331666,0,0.2690429389476776
25,2,GSM331669,0,0.7083117365837097
25,2,GSM331670,0,0.37248340249061584
25,2,GSM331672,0,0.7739863395690918
25,2,GSM331673,0,0.3742232620716095
25,2,GSM331675,0,0.20659054815769196
25,2,GSM331676,0,0.7857800126075745
25,2,GSM331677,0,0.578478991985321
25,2,GSM331679,0,0.314109742641449
25,2,GSM331681,0,0.5847200751304626
25,2,GSM331686,0,0.7237028479576111
25,2,GSM331688,0,0.5424154996871948
25,2,GSM331689,0,0.21095523238182068
25,2,GSM331691,0,0.6446507573127747
25,2,GSM331693,0,0.5052552819252014
25,2,GSM331694,0,0.29582351446151733
25,2,GSM331695,0,0.6191926002502441
25,2,GSM331696,0,0.6528009176254272
25,2,GSM331699,0,0.39407676458358765
25,2,GSM331701,0,0.2830151319503784
25,2,GSM331706,0,0.6703610420227051
25,2,GSM331707,0,0.42902934551239014
25,2,GSM331710,0,0.3542747497558594
25,2,GSM331711,0,0.7819307446479797
25,2,GSM331712,0,0.6745650172233582
25,2,GSM331715,0,0.38122501969337463
25,2,GSM331716,0,0.8645416498184204
25,2,GSM331717,0,0.5653840899467468
25,2,GSM331719,0,0.30023351311683655
25,2,GSM331721,0,0.752955973148346
25,2,GSM331722,0,0.47698113322257996
25,2,GSM331725,0,0.482522189617157
25,2,GSM331729,0,0.27636367082595825
25,2,GSM331731,0,0.4277156889438629
25,2,GSM331455,1,0.3694734573364258
25,2,GSM331456,1,0.7318751215934753
25,2,GSM331457,1,0.42409005761146545
25,2,GSM331458,1,0.5713393092155457
25,2,GSM331459,1,0.4718169867992401
25,2,GSM331460,1,0.5521219372749329
25,2,GSM331464,1,0.3755359947681427
25,2,GSM331468,1,0.7949203252792358
25,2,GSM331472,1,0.30786120891571045
25,2,GSM331475,1,0.524491548538208
25,2,GSM331477,1,0.6705652475357056
25,2,GSM331480,1,0.7189393639564514
25,2,GSM331482,1,0.4086817502975464
25,2,GSM331483,1,0.5130389928817749
25,2,GSM331484,1,0.32874423265457153
25,2,GSM331485,1,0.8980126976966858
25,2,GSM331489,1,0.40888532996177673
25,2,GSM331491,1,0.6252337694168091
25,2,GSM331492,1,0.6429376602172852
25,2,GSM331496,1,0.38195306062698364
25,2,GSM331497,1,0.4179106652736664
25,2,GSM331499,1,0.530663788318634
25,2,GSM331503,1,0.25038257241249084
25,2,GSM331504,1,0.5378203392028809
25,2,GSM331505,1,0.634890079498291
25,2,GSM331506,1,0.646481990814209
25,2,GSM331508,1,0.38722965121269226
25,2,GSM331511,1,0.6486932635307312
25,2,GSM331512,1,0.4089353084564209
25,2,GSM331514,1,0.389188289642334
25,2,GSM331515,1,0.5693050026893616
25,2,GSM331519,1,0.5007627010345459
25,2,GSM331520,1,0.4030427932739258
25,2,GSM331521,1,0.24772755801677704
25,2,GSM331525,1,0.5253382325172424
25,2,GSM331529,1,0.32281285524368286
25,2,GSM331530,1,0.5947667360305786
25,2,GSM331532,1,0.254485547542572
25,2,GSM331533,1,0.5152765512466431
25,2,GSM331536,1,0.43130216002464294
25,2,GSM331538,1,0.4028792679309845
25,2,GSM331539,1,0.6129884719848633
25,2,GSM331540,1,0.34355267882347107
25,2,GSM331542,1,0.39651837944984436
25,2,GSM331546,1,0.46733641624450684
25,2,GSM331548,1,0.6185031533241272
25,2,GSM331549,1,0.4564708173274994
25,2,GSM331555,1,0.36159151792526245
25,2,GSM331558,1,0.33933010697364807
25,2,GSM331559,1,0.8003748655319214
25,2,GSM331560,1,0.4121228754520416
25,2,GSM331561,1,0.6468864679336548
25,2,GSM331562,1,0.5096991658210754
25,2,GSM331563,1,0.5190439224243164
25,2,GSM331565,1,0.38972699642181396
25,2,GSM331571,1,0.3967583477497101
25,2,GSM331576,1,0.7630159854888916
25,2,GSM331577,1,0.3209359645843506
25,2,GSM331578,1,0.5757520794868469
25,2,GSM331579,1,0.3930756151676178
25,2,GSM331580,1,0.49593549966812134
25,2,GSM331581,1,0.43512752652168274
25,2,GSM331582,1,0.4895622432231903
25,2,GSM331584,1,0.1834442913532257
25,2,GSM331587,1,0.501220703125
25,2,GSM331590,1,0.39523929357528687
25,2,GSM331592,1,0.6564429402351379
25,2,GSM331595,1,0.7284934520721436
25,2,GSM331596,1,0.5333328247070312
25,2,GSM331598,1,0.43505775928497314
25,2,GSM331603,1,0.37574562430381775
25,2,GSM331604,1,0.6883749961853027
25,2,GSM331605,1,0.8069784641265869
25,2,GSM331606,1,0.2107323855161667
25,2,GSM331607,1,0.697761058807373
25,2,GSM331609,1,0.6132825613021851
25,2,GSM331611,1,0.7470998167991638
25,2,GSM331612,1,0.3629804253578186
25,2,GSM331618,1,0.5461148023605347
25,2,GSM331620,1,0.6802480220794678
25,2,GSM331621,1,0.5526258945465088
25,2,GSM331623,1,0.28264275193214417
25,2,GSM331624,1,0.41552838683128357
25,2,GSM331625,1,0.6240324378013611
25,2,GSM331626,1,0.5099242925643921
25,2,GSM331627,1,0.6461280584335327
25,2,GSM331629,1,0.2476867139339447
25,2,GSM331630,1,0.42053017020225525
25,2,GSM331632,1,0.4559175372123718
25,2,GSM331633,1,0.39872312545776367
25,2,GSM331634,1,0.46870937943458557
25,2,GSM331636,1,0.5014997720718384
25,2,GSM331637,1,0.4708307981491089
25,2,GSM331639,1,0.4624388813972473
25,2,GSM331641,1,0.4464510381221771
25,2,GSM331643,1,0.754143238067627
25,2,GSM331646,1,0.38132694363594055
25,2,GSM331647,1,0.34107983112335205
25,2,GSM331651,1,0.3864612281322479
25,2,GSM331652,1,0.748638927936554
25,2,GSM331653,1,0.7045378684997559
25,2,GSM331655,1,0.7802171111106873
25,2,GSM331658,1,0.40899452567100525
26,1,GSM331638,0,0.5294392704963684
26,1,GSM331661,0,0.4810182452201843
26,1,GSM331663,0,0.3583827316761017
26,1,GSM331666,0,0.27147090435028076
26,1,GSM331668,0,0.3442533314228058
26,1,GSM331672,0,0.6899764537811279
26,1,GSM331673,0,0.4096890389919281
26,1,GSM331676,0,0.44999974966049194
26,1,GSM331677,0,0.3612833023071289
26,1,GSM331680,0,0.6393702626228333
26,1,GSM331683,0,0.8189656138420105
26,1,GSM331684,0,0.6319977045059204
26,1,GSM331685,0,0.366027295589447
26,1,GSM331686,0,0.6623072028160095
26,1,GSM331687,0,0.23244625329971313
26,1,GSM331690,0,0.43443915247917175
26,1,GSM331691,0,0.6207925081253052
26,1,GSM331692,0,0.3209603428840637
26,1,GSM331694,0,0.4269326329231262
26,1,GSM331696,0,0.4325541853904724
26,1,GSM331697,0,0.5119088888168335
26,1,GSM331698,0,0.18696092069149017
26,1,GSM331704,0,0.648945689201355
26,1,GSM331706,0,0.46362611651420593
26,1,GSM331707,0,0.32426050305366516
26,1,GSM331709,0,0.4581984281539917
26,1,GSM331711,0,0.7106359601020813
26,1,GSM331712,0,0.6591038107872009
26,1,GSM331713,0,0.5659406781196594
26,1,GSM331714,0,0.8300219178199768
26,1,GSM331715,0,0.21364222466945648
26,1,GSM331717,0,0.685459554195404
26,1,GSM331718,0,0.5262085199356079
26,1,GSM331721,0,0.2437969148159027
26,1,GSM331724,0,0.524475634098053
26,1,GSM331726,0,0.3332160711288452
26,1,GSM331728,0,0.26288580894470215
26,1,GSM331456,1,0.48639801144599915
26,1,GSM331457,1,0.4443226456642151
26,1,GSM331464,1,0.5538301467895508
26,1,GSM331466,1,0.424085408449173
26,1,GSM331467,1,0.42484134435653687
26,1,GSM331470,1,0.3890245258808136
26,1,GSM331471,1,0.45537179708480835
26,1,GSM331476,1,0.4952368438243866
26,1,GSM331478,1,0.793815553188324
26,1,GSM331479,1,0.4709668755531311
26,1,GSM331480,1,0.357077419757843
26,1,GSM331481,1,0.4996146559715271
26,1,GSM331483,1,0.38905784487724304
26,1,GSM331485,1,0.7638611793518066
26,1,GSM331492,1,0.3035256564617157
26,1,GSM331494,1,0.501529335975647
26,1,GSM331498,1,0.2855090796947479
26,1,GSM331499,1,0.3547227382659912
26,1,GSM331501,1,0.3338761329650879
26,1,GSM331504,1,0.28872212767601013
26,1,GSM331505,1,0.44841936230659485
26,1,GSM331506,1,0.6776286959648132
26,1,GSM331507,1,0.1709698885679245
26,1,GSM331508,1,0.38499143719673157
26,1,GSM331509,1,0.33293288946151733
26,1,GSM331510,1,0.4261062443256378
26,1,GSM331511,1,0.6974157094955444
26,1,GSM331512,1,0.5622378587722778
26,1,GSM331514,1,0.525176465511322
26,1,GSM331515,1,0.4031742811203003
26,1,GSM331516,1,0.7531998157501221
26,1,GSM331517,1,0.5039677023887634
26,1,GSM331518,1,0.3552708923816681
26,1,GSM331520,1,0.3920586109161377
26,1,GSM331524,1,0.26092854142189026
26,1,GSM331525,1,0.7318627834320068
26,1,GSM331526,1,0.7011706233024597
26,1,GSM331528,1,0.6616292595863342
26,1,GSM331529,1,0.324905127286911
26,1,GSM331530,1,0.3021693229675293
26,1,GSM331531,1,0.4194619059562683
26,1,GSM331533,1,0.3723461925983429
26,1,GSM331534,1,0.5083329677581787
26,1,GSM331535,1,0.29248732328414917
26,1,GSM331537,1,0.6525433659553528
26,1,GSM331539,1,0.3275645673274994
26,1,GSM331544,1,0.1904890388250351
26,1,GSM331545,1,0.4759492874145508
26,1,GSM331551,1,0.5178523659706116
26,1,GSM331554,1,0.40815049409866333
26,1,GSM331557,1,0.46456727385520935
26,1,GSM331560,1,0.47074466943740845
26,1,GSM331561,1,0.4597489535808563
26,1,GSM331562,1,0.5090339183807373
26,1,GSM331564,1,0.4524608552455902
26,1,GSM331565,1,0.3193480372428894
26,1,GSM331568,1,0.337602823972702
26,1,GSM331570,1,0.5792753100395203
26,1,GSM331572,1,0.7586255669593811
26,1,GSM331576,1,0.6683754920959473
26,1,GSM331577,1,0.609965980052948
26,1,GSM331580,1,0.45745208859443665
26,1,GSM331582,1,0.2881789207458496
26,1,GSM331583,1,0.3393526077270508
26,1,GSM331586,1,0.38108065724372864
26,1,GSM331594,1,0.5218165516853333
26,1,GSM331596,1,0.46200835704803467
26,1,GSM331597,1,0.5472251772880554
26,1,GSM331598,1,0.4834555387496948
26,1,GSM331604,1,0.46722084283828735
26,1,GSM331605,1,0.4226587414741516
26,1,GSM331607,1,0.604007363319397
26,1,GSM331608,1,0.26973891258239746
26,1,GSM331609,1,0.5835556983947754
26,1,GSM331610,1,0.3898184597492218
26,1,GSM331612,1,0.4311060309410095
26,1,GSM331619,1,0.32279741764068604
26,1,GSM331620,1,0.5433844923973083
26,1,GSM331621,1,0.6670235395431519
26,1,GSM331622,1,0.7886516451835632
26,1,GSM331626,1,0.34625500440597534
26,1,GSM331627,1,0.4232438802719116
26,1,GSM331628,1,0.3359942138195038
26,1,GSM331630,1,0.364432156085968
26,1,GSM331631,1,0.36252832412719727
26,1,GSM331633,1,0.4461110532283783
26,1,GSM331634,1,0.38418447971343994
26,1,GSM331637,1,0.4790172874927521
26,1,GSM331640,1,0.14784376323223114
26,1,GSM331642,1,0.4611789882183075
26,1,GSM331645,1,0.4437958598136902
26,1,GSM331647,1,0.5352380871772766
26,1,GSM331648,1,0.3023165762424469
26,1,GSM331649,1,0.6201004385948181
26,1,GSM331650,1,0.5828438401222229
26,1,GSM331651,1,0.4559490978717804
26,1,GSM331652,1,0.6203840970993042
26,1,GSM331653,1,0.2697555720806122
26,1,GSM331654,1,0.8554355502128601
26,1,GSM331655,1,0.5692642331123352
26,1,GSM331656,1,0.5582935810089111
26,1,GSM331657,1,0.7662521600723267
26,1,GSM331658,1,0.47356727719306946
26,2,GSM331660,0,0.40609148144721985
26,2,GSM331662,0,0.49216407537460327
26,2,GSM331664,0,0.25769123435020447
26,2,GSM331665,0,0.5510815382003784
26,2,GSM331669,0,0.5007039904594421
26,2,GSM331670,0,0.5348734855651855
26,2,GSM331671,0,0.4223858416080475
26,2,GSM331674,0,0.36377477645874023
26,2,GSM331675,0,0.514860987663269
26,2,GSM331678,0,0.37875089049339294
26,2,GSM331679,0,0.30601051449775696
26,2,GSM331681,0,0.7582603096961975
26,2,GSM331682,0,0.6404913067817688
26,2,GSM331688,0,0.39899757504463196
26,2,GSM331689,0,0.3396124243736267
26,2,GSM331693,0,0.6293520927429199
26,2,GSM331695,0,0.33757707476615906
26,2,GSM331699,0,0.23725032806396484
26,2,GSM331700,0,0.2660024166107178
26,2,GSM331701,0,0.3707140386104584
26,2,GSM331702,0,0.6081345677375793
26,2,GSM331703,0,0.480572372674942
26,2,GSM331705,0,0.5720745921134949
26,2,GSM331708,0,0.4142150282859802
26,2,GSM331710,0,0.6507099866867065
26,2,GSM331716,0,0.7469435930252075
26,2,GSM331719,0,0.5831899046897888
26,2,GSM331720,0,0.4795528054237366
26,2,GSM331722,0,0.49255189299583435
26,2,GSM331723,0,0.5177000761032104
26,2,GSM331725,0,0.4298742711544037
26,2,GSM331727,0,0.41050028800964355
26,2,GSM331729,0,0.3366086781024933
26,2,GSM331730,0,0.6324436068534851
26,2,GSM331731,0,0.3942297399044037
26,2,GSM331732,0,0.5177151560783386
26,2,GSM331453,1,0.679059624671936
26,2,GSM331454,1,0.38075345754623413
26,2,GSM331455,1,0.2807256877422333
26,2,GSM331458,1,0.35223105549812317
26,2,GSM331459,1,0.5734664797782898
26,2,GSM331460,1,0.538308322429657
26,2,GSM331461,1,0.7237682938575745
26,2,GSM331462,1,0.40016382932662964
26,2,GSM331463,1,0.4423847794532776
26,2,GSM331465,1,0.5235260725021362
26,2,GSM331468,1,0.48812615871429443
26,2,GSM331469,1,0.4197053909301758
26,2,GSM331472,1,0.42674341797828674
26,2,GSM331473,1,0.45609909296035767
26,2,GSM331474,1,0.49612414836883545
26,2,GSM331475,1,0.49972084164619446
26,2,GSM331477,1,0.4677807688713074
26,2,GSM331482,1,0.4987555146217346
26,2,GSM331484,1,0.32418394088745117
26,2,GSM331486,1,0.48478302359580994
26,2,GSM331487,1,0.6805449724197388
26,2,GSM331488,1,0.4737279713153839
26,2,GSM331489,1,0.43139249086380005
26,2,GSM331490,1,0.3499720096588135
26,2,GSM331491,1,0.49094632267951965
26,2,GSM331493,1,0.40406176447868347
26,2,GSM331495,1,0.39443859457969666
26,2,GSM331496,1,0.34509530663490295
26,2,GSM331497,1,0.39320334792137146
26,2,GSM331500,1,0.6734063625335693
26,2,GSM331502,1,0.7263431549072266
26,2,GSM331503,1,0.4205676317214966
26,2,GSM331513,1,0.5304754376411438
26,2,GSM331519,1,0.3123519718647003
26,2,GSM331521,1,0.30961668491363525
26,2,GSM331522,1,0.4086153209209442
26,2,GSM331523,1,0.7679429650306702
26,2,GSM331527,1,0.41118019819259644
26,2,GSM331532,1,0.39868634939193726
26,2,GSM331536,1,0.5290085077285767
26,2,GSM331538,1,0.27913033962249756
26,2,GSM331540,1,0.6302046775817871
26,2,GSM331541,1,0.5680862665176392
26,2,GSM331542,1,0.4090537428855896
26,2,GSM331543,1,0.7032726407051086
26,2,GSM331546,1,0.5202669501304626
26,2,GSM331547,1,0.36564090847969055
26,2,GSM331548,1,0.43043825030326843
26,2,GSM331549,1,0.6761683225631714
26,2,GSM331550,1,0.3453674018383026
26,2,GSM331552,1,0.43324539065361023
26,2,GSM331553,1,0.5552993416786194
26,2,GSM331555,1,0.29306739568710327
26,2,GSM331556,1,0.2492455691099167
26,2,GSM331558,1,0.5053318738937378
26,2,GSM331559,1,0.5814606547355652
26,2,GSM331563,1,0.31525978446006775
26,2,GSM331566,1,0.352784663438797
26,2,GSM331567,1,0.29333117604255676
26,2,GSM331569,1,0.4482240378856659
26,2,GSM331571,1,0.5559296011924744
26,2,GSM331573,1,0.6840372085571289
26,2,GSM331574,1,0.5033388137817383
26,2,GSM331575,1,0.6537815928459167
26,2,GSM331578,1,0.5874379277229309
26,2,GSM331579,1,0.6505773663520813
26,2,GSM331581,1,0.3564256727695465
26,2,GSM331584,1,0.2807925045490265
26,2,GSM331585,1,0.6669323444366455
26,2,GSM331587,1,0.396955281496048
26,2,GSM331588,1,0.4523073732852936
26,2,GSM331589,1,0.594438374042511
26,2,GSM331590,1,0.2645021378993988
26,2,GSM331591,1,0.47039979696273804
26,2,GSM331592,1,0.34481897950172424
26,2,GSM331593,1,0.2876754701137543
26,2,GSM331595,1,0.3803972601890564
26,2,GSM331599,1,0.6828291416168213
26,2,GSM331600,1,0.5714696645736694
26,2,GSM331601,1,0.59542316198349
26,2,GSM331602,1,0.2263399213552475
26,2,GSM331603,1,0.46997255086898804
26,2,GSM331606,1,0.3182801604270935
26,2,GSM331611,1,0.5829436182975769
26,2,GSM331613,1,0.27181917428970337
26,2,GSM331614,1,0.43254393339157104
26,2,GSM331615,1,0.47574663162231445
26,2,GSM331616,1,0.583224356174469
26,2,GSM331617,1,0.692142903804779
26,2,GSM331618,1,0.7591709494590759
26,2,GSM331623,1,0.2818157970905304
26,2,GSM331624,1,0.32137420773506165
26,2,GSM331625,1,0.5573753118515015
26,2,GSM331629,1,0.3531337380409241
26,2,GSM331632,1,0.4064493477344513
26,2,GSM331635,1,0.45972296595573425
26,2,GSM331636,1,0.5201990008354187
26,2,GSM331639,1,0.3572944104671478
26,2,GSM331641,1,0.505374550819397
26,2,GSM331643,1,0.7233009934425354
26,2,GSM331644,1,0.4370337724685669
26,2,GSM331646,1,0.27294838428497314
26,2,GSM331659,1,0.43102070689201355
27,1,GSM331662,0,0.7065171003341675
27,1,GSM331663,0,0.4443384110927582
27,1,GSM331666,0,0.4295484721660614
27,1,GSM331669,0,0.7162032723426819
27,1,GSM331671,0,0.6400333642959595
27,1,GSM331674,0,0.630506157875061
27,1,GSM331676,0,0.6794167160987854
27,1,GSM331677,0,0.38625502586364746
27,1,GSM331678,0,0.51569664478302
27,1,GSM331680,0,0.6621509790420532
27,1,GSM331681,0,0.5998192429542542
27,1,GSM331683,0,0.7876150012016296
27,1,GSM331684,0,0.41489049792289734
27,1,GSM331685,0,0.5502049326896667
27,1,GSM331686,0,0.505130410194397
27,1,GSM331688,0,0.5930033922195435
27,1,GSM331690,0,0.5274668335914612
27,1,GSM331691,0,0.5337967872619629
27,1,GSM331693,0,0.4985937178134918
27,1,GSM331694,0,0.5822772979736328
27,1,GSM331695,0,0.6049942374229431
27,1,GSM331696,0,0.5538800954818726
27,1,GSM331697,0,0.3564876616001129
27,1,GSM331698,0,0.2367766946554184
27,1,GSM331701,0,0.4244897961616516
27,1,GSM331703,0,0.6068214178085327
27,1,GSM331712,0,0.48233309388160706
27,1,GSM331714,0,0.8096948862075806
27,1,GSM331717,0,0.6769155263900757
27,1,GSM331718,0,0.6738610863685608
27,1,GSM331720,0,0.5050845742225647
27,1,GSM331721,0,0.6817690134048462
27,1,GSM331725,0,0.531043291091919
27,1,GSM331726,0,0.29271724820137024
27,1,GSM331727,0,0.5825207829475403
27,1,GSM331729,0,0.32416030764579773
27,1,GSM331732,0,0.5422676801681519
27,1,GSM331453,1,0.5220296382904053
27,1,GSM331457,1,0.49960923194885254
27,1,GSM331458,1,0.486217200756073
27,1,GSM331459,1,0.4966541528701782
27,1,GSM331460,1,0.548129141330719
27,1,GSM331462,1,0.44705870747566223
27,1,GSM331463,1,0.4350001811981201
27,1,GSM331464,1,0.382394015789032
27,1,GSM331466,1,0.654658317565918
27,1,GSM331467,1,0.3812200427055359
27,1,GSM331469,1,0.636201798915863
27,1,GSM331470,1,0.7534548044204712
27,1,GSM331472,1,0.3952634334564209
27,1,GSM331473,1,0.621694028377533
27,1,GSM331475,1,0.6438730359077454
27,1,GSM331476,1,0.5699211359024048
27,1,GSM331478,1,0.6673462986946106
27,1,GSM331479,1,0.5552191138267517
27,1,GSM331481,1,0.6557267904281616
27,1,GSM331482,1,0.37563514709472656
27,1,GSM331483,1,0.5901231169700623
27,1,GSM331484,1,0.36681678891181946
27,1,GSM331489,1,0.4908001124858856
27,1,GSM331492,1,0.5038831233978271
27,1,GSM331493,1,0.29595744609832764
27,1,GSM331494,1,0.7180219292640686
27,1,GSM331495,1,0.637322187423706
27,1,GSM331498,1,0.27685561776161194
27,1,GSM331500,1,0.6128993034362793
27,1,GSM331503,1,0.3776162266731262
27,1,GSM331506,1,0.7091752290725708
27,1,GSM331508,1,0.6258745789527893
27,1,GSM331509,1,0.4571237862110138
27,1,GSM331512,1,0.6934654712677002
27,1,GSM331513,1,0.5817767977714539
27,1,GSM331515,1,0.6124010682106018
27,1,GSM331516,1,0.8017216920852661
27,1,GSM331519,1,0.441488653421402
27,1,GSM331523,1,0.5912508368492126
27,1,GSM331525,1,0.719445526599884
27,1,GSM331530,1,0.55124831199646
27,1,GSM331531,1,0.5369176864624023
27,1,GSM331532,1,0.2859017252922058
27,1,GSM331533,1,0.541092574596405
27,1,GSM331534,1,0.6014518737792969
27,1,GSM331535,1,0.4001621901988983
27,1,GSM331537,1,0.5337674617767334
27,1,GSM331539,1,0.5382564067840576
27,1,GSM331540,1,0.66257643699646
27,1,GSM331541,1,0.5447824597358704
27,1,GSM331546,1,0.4394575357437134
27,1,GSM331550,1,0.5374603867530823
27,1,GSM331551,1,0.634239673614502
27,1,GSM331552,1,0.32031935453414917
27,1,GSM331555,1,0.4609815180301666
27,1,GSM331556,1,0.5272753834724426
27,1,GSM331558,1,0.34321504831314087
27,1,GSM331560,1,0.3132839798927307
27,1,GSM331561,1,0.6551064848899841
27,1,GSM331563,1,0.5560121536254883
27,1,GSM331567,1,0.4776743948459625
27,1,GSM331568,1,0.563346266746521
27,1,GSM331571,1,0.5778436064720154
27,1,GSM331573,1,0.6701229214668274
27,1,GSM331574,1,0.5083646774291992
27,1,GSM331575,1,0.3970722556114197
27,1,GSM331576,1,0.7252759337425232
27,1,GSM331578,1,0.5495057702064514
27,1,GSM331580,1,0.6853494048118591
27,1,GSM331581,1,0.36249178647994995
27,1,GSM331582,1,0.50690758228302
27,1,GSM331584,1,0.4243524670600891
27,1,GSM331585,1,0.582660436630249
27,1,GSM331589,1,0.5529946684837341
27,1,GSM331592,1,0.5526999831199646
27,1,GSM331593,1,0.45030513405799866
27,1,GSM331595,1,0.5519630908966064
27,1,GSM331596,1,0.6522670984268188
27,1,GSM331598,1,0.42928770184516907
27,1,GSM331601,1,0.6068223118782043
27,1,GSM331603,1,0.6149460077285767
27,1,GSM331605,1,0.6763864159584045
27,1,GSM331607,1,0.7977665066719055
27,1,GSM331609,1,0.5668641924858093
27,1,GSM331611,1,0.7789624333381653
27,1,GSM331612,1,0.5706481337547302
27,1,GSM331615,1,0.5379021167755127
27,1,GSM331620,1,0.4775393009185791
27,1,GSM331626,1,0.2570142447948456
27,1,GSM331630,1,0.6781923770904541
27,1,GSM331633,1,0.3793454170227051
27,1,GSM331635,1,0.3093317747116089
27,1,GSM331639,1,0.5346876382827759
27,1,GSM331641,1,0.3407364785671234
27,1,GSM331643,1,0.7155670523643494
27,1,GSM331644,1,0.2892780303955078
27,1,GSM331646,1,0.3832716941833496
27,1,GSM331647,1,0.7177668809890747
27,1,GSM331648,1,0.38389402627944946
27,1,GSM331653,1,0.5368594527244568
27,1,GSM331654,1,0.7638883590698242
27,1,GSM331658,1,0.5579681992530823
27,1,GSM331659,1,0.5257692337036133
27,2,GSM331638,0,0.5641693472862244
27,2,GSM331660,0,0.3825942575931549
27,2,GSM331661,0,0.5249270796775818
27,2,GSM331664,0,0.3925149142742157
27,2,GSM331665,0,0.575428307056427
27,2,GSM331668,0,0.5614908337593079
27,2,GSM331670,0,0.36778178811073303
27,2,GSM331672,0,0.6135861277580261
27,2,GSM331673,0,0.46905815601348877
27,2,GSM331675,0,0.3095005452632904
27,2,GSM331679,0,0.4074905514717102
27,2,GSM331682,0,0.4567720592021942
27,2,GSM331687,0,0.29489657282829285
27,2,GSM331689,0,0.495125949382782
27,2,GSM331692,0,0.4039902091026306
27,2,GSM331699,0,0.3868154287338257
27,2,GSM331700,0,0.29532483220100403
27,2,GSM331702,0,0.4099966287612915
27,2,GSM331704,0,0.47421902418136597
27,2,GSM331705,0,0.4082578420639038
27,2,GSM331706,0,0.4462490379810333
27,2,GSM331707,0,0.3870603144168854
27,2,GSM331708,0,0.4490039646625519
27,2,GSM331709,0,0.5027623176574707
27,2,GSM331710,0,0.3400464653968811
27,2,GSM331711,0,0.7380972504615784
27,2,GSM331713,0,0.5014448761940002
27,2,GSM331715,0,0.2856031358242035
27,2,GSM331716,0,0.760217010974884
27,2,GSM331719,0,0.2899553179740906
27,2,GSM331722,0,0.4895676076412201
27,2,GSM331723,0,0.462832510471344
27,2,GSM331724,0,0.3539274334907532
27,2,GSM331728,0,0.3290884494781494
27,2,GSM331730,0,0.5511861443519592
27,2,GSM331731,0,0.6047600507736206
27,2,GSM331454,1,0.37471699714660645
27,2,GSM331455,1,0.21576420962810516
27,2,GSM331456,1,0.5398394465446472
27,2,GSM331461,1,0.5876235365867615
27,2,GSM331465,1,0.4224817752838135
27,2,GSM331468,1,0.5255892872810364
27,2,GSM331471,1,0.5610175728797913
27,2,GSM331474,1,0.4215761721134186
27,2,GSM331477,1,0.45132941007614136
27,2,GSM331480,1,0.5156225562095642
27,2,GSM331485,1,0.782281219959259
27,2,GSM331486,1,0.49893951416015625
27,2,GSM331487,1,0.75386643409729
27,2,GSM331488,1,0.6592998504638672
27,2,GSM331490,1,0.36240774393081665
27,2,GSM331491,1,0.5649516582489014
27,2,GSM331496,1,0.5228108763694763
27,2,GSM331497,1,0.4112885296344757
27,2,GSM331499,1,0.4738248288631439
27,2,GSM331501,1,0.44587308168411255
27,2,GSM331502,1,0.7396819591522217
27,2,GSM331504,1,0.4754580855369568
27,2,GSM331505,1,0.492005854845047
27,2,GSM331507,1,0.25545114278793335
27,2,GSM331510,1,0.4293888211250305
27,2,GSM331511,1,0.610438883304596
27,2,GSM331514,1,0.37538447976112366
27,2,GSM331517,1,0.5015599131584167
27,2,GSM331518,1,0.39257633686065674
27,2,GSM331520,1,0.3642752170562744
27,2,GSM331521,1,0.31900671124458313
27,2,GSM331522,1,0.38289424777030945
27,2,GSM331524,1,0.4394167363643646
27,2,GSM331526,1,0.5707765221595764
27,2,GSM331527,1,0.2867709696292877
27,2,GSM331528,1,0.678752064704895
27,2,GSM331529,1,0.42666274309158325
27,2,GSM331536,1,0.477661669254303
27,2,GSM331538,1,0.3035869896411896
27,2,GSM331542,1,0.4307018518447876
27,2,GSM331543,1,0.43908682465553284
27,2,GSM331544,1,0.22293661534786224
27,2,GSM331545,1,0.43253520131111145
27,2,GSM331547,1,0.45389628410339355
27,2,GSM331548,1,0.6085231304168701
27,2,GSM331549,1,0.6824623346328735
27,2,GSM331553,1,0.7527571320533752
27,2,GSM331554,1,0.48049554228782654
27,2,GSM331557,1,0.589781641960144
27,2,GSM331559,1,0.7180227637290955
27,2,GSM331562,1,0.4552445709705353
27,2,GSM331564,1,0.42928409576416016
27,2,GSM331565,1,0.4040362238883972
27,2,GSM331566,1,0.5259851813316345
27,2,GSM331569,1,0.44460636377334595
27,2,GSM331570,1,0.465888112783432
27,2,GSM331572,1,0.5342795252799988
27,2,GSM331577,1,0.3926486372947693
27,2,GSM331579,1,0.4281936585903168
27,2,GSM331583,1,0.48776018619537354
27,2,GSM331586,1,0.4659077823162079
27,2,GSM331587,1,0.6226611733436584
27,2,GSM331588,1,0.5178636312484741
27,2,GSM331590,1,0.3531167209148407
27,2,GSM331591,1,0.5870454907417297
27,2,GSM331594,1,0.42514941096305847
27,2,GSM331597,1,0.5054689049720764
27,2,GSM331599,1,0.7816569805145264
27,2,GSM331600,1,0.6631965637207031
27,2,GSM331602,1,0.3663441836833954
27,2,GSM331604,1,0.4802403748035431
27,2,GSM331606,1,0.2968045175075531
27,2,GSM331608,1,0.32808542251586914
27,2,GSM331610,1,0.5649203062057495
27,2,GSM331613,1,0.45022526383399963
27,2,GSM331614,1,0.4366263151168823
27,2,GSM331616,1,0.5230005383491516
27,2,GSM331617,1,0.7403876781463623
27,2,GSM331618,1,0.4831865131855011
27,2,GSM331619,1,0.3512359857559204
27,2,GSM331621,1,0.5017473101615906
27,2,GSM331622,1,0.6652226448059082
27,2,GSM331623,1,0.4223334789276123
27,2,GSM331624,1,0.522593080997467
27,2,GSM331625,1,0.5664271712303162
27,2,GSM331627,1,0.3277303874492645
27,2,GSM331628,1,0.46749719977378845
27,2,GSM331629,1,0.40726742148399353
27,2,GSM331631,1,0.22332103550434113
27,2,GSM331632,1,0.2506679594516754
27,2,GSM331634,1,0.3226960003376007
27,2,GSM331636,1,0.34735414385795593
27,2,GSM331637,1,0.45846691727638245
27,2,GSM331640,1,0.26293492317199707
27,2,GSM331642,1,0.45596843957901
27,2,GSM331645,1,0.36703595519065857
27,2,GSM331649,1,0.6003875732421875
27,2,GSM331650,1,0.415368914604187
27,2,GSM331651,1,0.6090800166130066
27,2,GSM331652,1,0.7255620956420898
27,2,GSM331655,1,0.46407651901245117
27,2,GSM331656,1,0.37638217210769653
27,2,GSM331657,1,0.6924382448196411
28,1,GSM331661,0,0.7850210070610046
28,1,GSM331662,0,0.6151528358459473
28,1,GSM331663,0,0.5502498149871826
28,1,GSM331664,0,0.1256740540266037
28,1,GSM331672,0,0.8158042430877686
28,1,GSM331673,0,0.49557095766067505
28,1,GSM331675,0,0.23730874061584473
28,1,GSM331678,0,0.10838738828897476
28,1,GSM331679,0,0.29459068179130554
28,1,GSM331680,0,0.3205127418041229
28,1,GSM331686,0,0.9030765891075134
28,1,GSM331689,0,0.5503419637680054
28,1,GSM331691,0,0.45462411642074585
28,1,GSM331692,0,0.23544378578662872
28,1,GSM331693,0,0.3919321298599243
28,1,GSM331695,0,0.2083609402179718
28,1,GSM331696,0,0.5703933835029602
28,1,GSM331697,0,0.47417715191841125
28,1,GSM331698,0,0.20393513143062592
28,1,GSM331699,0,0.5815626978874207
28,1,GSM331701,0,0.13829855620861053
28,1,GSM331702,0,0.6516451239585876
28,1,GSM331703,0,0.6725617051124573
28,1,GSM331704,0,0.7946804165840149
28,1,GSM331705,0,0.6854667663574219
28,1,GSM331709,0,0.5646560192108154
28,1,GSM331711,0,0.8189715147018433
28,1,GSM331712,0,0.8448072075843811
28,1,GSM331713,0,0.5954620838165283
28,1,GSM331715,0,0.4467346966266632
28,1,GSM331716,0,0.993279755115509
28,1,GSM331717,0,0.8520445823669434
28,1,GSM331719,0,0.33482393622398376
28,1,GSM331721,0,0.9498828053474426
28,1,GSM331723,0,0.6930770874023438
28,1,GSM331725,0,0.5689575672149658
28,1,GSM331726,0,0.35783225297927856
28,1,GSM331461,1,0.18975678086280823
28,1,GSM331462,1,0.19644002616405487
28,1,GSM331465,1,0.3901722729206085
28,1,GSM331466,1,0.37789154052734375
28,1,GSM331468,1,0.9103376865386963
28,1,GSM331469,1,0.6060076355934143
28,1,GSM331471,1,0.7472664713859558
28,1,GSM331475,1,0.4263395369052887
28,1,GSM331477,1,0.7343212962150574
28,1,GSM331480,1,0.8743542432785034
28,1,GSM331482,1,0.357860267162323
28,1,GSM331483,1,0.7499552369117737
28,1,GSM331484,1,0.10115882009267807
28,1,GSM331491,1,0.6694967150688171
28,1,GSM331492,1,0.5892292261123657
28,1,GSM331494,1,0.9085928201675415
28,1,GSM331495,1,0.32502299547195435
28,1,GSM331498,1,0.243820920586586
28,1,GSM331501,1,0.3310094475746155
28,1,GSM331502,1,0.8283406496047974
28,1,GSM331503,1,0.2803748548030853
28,1,GSM331504,1,0.5139957666397095
28,1,GSM331505,1,0.7915722131729126
28,1,GSM331506,1,0.7437257170677185
28,1,GSM331507,1,0.04964720830321312
28,1,GSM331508,1,0.32083800435066223
28,1,GSM331509,1,0.1617312729358673
28,1,GSM331510,1,0.7305750846862793
28,1,GSM331511,1,0.8568142652511597
28,1,GSM331513,1,0.9381087422370911
28,1,GSM331514,1,0.2746792733669281
28,1,GSM331515,1,0.5248092412948608
28,1,GSM331517,1,0.6623221039772034
28,1,GSM331520,1,0.37320592999458313
28,1,GSM331521,1,0.35214051604270935
28,1,GSM331526,1,0.7140374779701233
28,1,GSM331528,1,0.7011063694953918
28,1,GSM331529,1,0.19240041077136993
28,1,GSM331533,1,0.7218648195266724
28,1,GSM331534,1,0.6717792749404907
28,1,GSM331535,1,0.36083242297172546
28,1,GSM331540,1,0.2997899651527405
28,1,GSM331542,1,0.1989343911409378
28,1,GSM331544,1,0.16202576458454132
28,1,GSM331545,1,0.3827829957008362
28,1,GSM331546,1,0.45467647910118103
28,1,GSM331550,1,0.3409309387207031
28,1,GSM331553,1,0.9492171406745911
28,1,GSM331555,1,0.22158460319042206
28,1,GSM331556,1,0.6392661929130554
28,1,GSM331557,1,0.357479989528656
28,1,GSM331558,1,0.2576591670513153
28,1,GSM331560,1,0.2633720934391022
28,1,GSM331561,1,0.8221272230148315
28,1,GSM331563,1,0.778303325176239
28,1,GSM331564,1,0.2641143202781677
28,1,GSM331565,1,0.42828211188316345
28,1,GSM331568,1,0.9055588245391846
28,1,GSM331569,1,0.7700198292732239
28,1,GSM331573,1,0.6550835967063904
28,1,GSM331576,1,0.8804869055747986
28,1,GSM331580,1,0.4386565387248993
28,1,GSM331584,1,0.07412700355052948
28,1,GSM331587,1,0.631425142288208
28,1,GSM331588,1,0.6409664750099182
28,1,GSM331589,1,0.7095826864242554
28,1,GSM331591,1,0.9298616051673889
28,1,GSM331592,1,0.8183111548423767
28,1,GSM331594,1,0.3516612648963928
28,1,GSM331597,1,0.4763250946998596
28,1,GSM331598,1,0.4276016056537628
28,1,GSM331599,1,0.9621457457542419
28,1,GSM331600,1,0.9421899914741516
28,1,GSM331604,1,0.3976891338825226
28,1,GSM331605,1,0.7115411758422852
28,1,GSM331606,1,0.19883467257022858
28,1,GSM331607,1,0.772895336151123
28,1,GSM331611,1,0.6281466484069824
28,1,GSM331612,1,0.42320600152015686
28,1,GSM331614,1,0.4385834336280823
28,1,GSM331615,1,0.681973397731781
28,1,GSM331616,1,0.6858755946159363
28,1,GSM331617,1,0.8109210729598999
28,1,GSM331618,1,0.5211670994758606
28,1,GSM331619,1,0.3410342037677765
28,1,GSM331620,1,0.49047237634658813
28,1,GSM331622,1,0.7733681201934814
28,1,GSM331624,1,0.6155184507369995
28,1,GSM331625,1,0.8088196516036987
28,1,GSM331626,1,0.29119136929512024
28,1,GSM331633,1,0.3085736334323883
28,1,GSM331635,1,0.3757883608341217
28,1,GSM331640,1,0.12316306680440903
28,1,GSM331641,1,0.4617007076740265
28,1,GSM331642,1,0.35048022866249084
28,1,GSM331643,1,0.9398695230484009
28,1,GSM331644,1,0.13521628081798553
28,1,GSM331645,1,0.6555880308151245
28,1,GSM331648,1,0.2016102820634842
28,1,GSM331649,1,0.8665367960929871
28,1,GSM331650,1,0.3346809446811676
28,1,GSM331655,1,0.609831690788269
28,1,GSM331656,1,0.5170813202857971
28,2,GSM331638,0,0.38881516456604004
28,2,GSM331660,0,0.3703632652759552
28,2,GSM331665,0,0.5474738478660583
28,2,GSM331666,0,0.18337471783161163
28,2,GSM331668,0,0.6469913125038147
28,2,GSM331669,0,0.9399806261062622
28,2,GSM331670,0,0.38945162296295166
28,2,GSM331671,0,0.7845315337181091
28,2,GSM331674,0,0.7138491272926331
28,2,GSM331676,0,0.6743455529212952
28,2,GSM331677,0,0.30832362174987793
28,2,GSM331681,0,0.7511339783668518
28,2,GSM331682,0,0.724236786365509
28,2,GSM331683,0,0.798969030380249
28,2,GSM331684,0,0.21333961188793182
28,2,GSM331685,0,0.08068399131298065
28,2,GSM331687,0,0.22125402092933655
28,2,GSM331688,0,0.8613168597221375
28,2,GSM331690,0,0.5544601082801819
28,2,GSM331694,0,0.2155127078294754
28,2,GSM331700,0,0.1642294079065323
28,2,GSM331706,0,0.9658023715019226
28,2,GSM331707,0,0.3195699155330658
28,2,GSM331708,0,0.4517863988876343
28,2,GSM331710,0,0.34087610244750977
28,2,GSM331714,0,0.8504135608673096
28,2,GSM331718,0,0.5950285792350769
28,2,GSM331720,0,0.16755874454975128
28,2,GSM331722,0,0.5536010265350342
28,2,GSM331724,0,0.2396194189786911
28,2,GSM331727,0,0.3494341969490051
28,2,GSM331728,0,0.10160106420516968
28,2,GSM331729,0,0.15939638018608093
28,2,GSM331730,0,0.7069275379180908
28,2,GSM331731,0,0.7892155051231384
28,2,GSM331732,0,0.5998183488845825
28,2,GSM331453,1,0.24245546758174896
28,2,GSM331454,1,0.42362359166145325
28,2,GSM331455,1,0.09520173817873001
28,2,GSM331456,1,0.5596621036529541
28,2,GSM331457,1,0.5313671827316284
28,2,GSM331458,1,0.46963977813720703
28,2,GSM331459,1,0.37564653158187866
28,2,GSM331460,1,0.4498337209224701
28,2,GSM331463,1,0.12169100344181061
28,2,GSM331464,1,0.14142148196697235
28,2,GSM331467,1,0.236514151096344
28,2,GSM331470,1,0.8228775262832642
28,2,GSM331472,1,0.3748270869255066
28,2,GSM331473,1,0.533388078212738
28,2,GSM331474,1,0.11604560166597366
28,2,GSM331476,1,0.41078051924705505
28,2,GSM331478,1,0.3655686676502228
28,2,GSM331479,1,0.18874722719192505
28,2,GSM331481,1,0.5821347236633301
28,2,GSM331485,1,0.8460255265235901
28,2,GSM331486,1,0.5146169662475586
28,2,GSM331487,1,0.870091438293457
28,2,GSM331488,1,0.7634276151657104
28,2,GSM331489,1,0.3442922532558441
28,2,GSM331490,1,0.13452772796154022
28,2,GSM331493,1,0.119183748960495
28,2,GSM331496,1,0.19271095097064972
28,2,GSM331497,1,0.37756943702697754
28,2,GSM331499,1,0.45834973454475403
28,2,GSM331500,1,0.4547432065010071
28,2,GSM331512,1,0.4642787575721741
28,2,GSM331516,1,0.33100274205207825
28,2,GSM331518,1,0.18349161744117737
28,2,GSM331519,1,0.34323903918266296
28,2,GSM331522,1,0.3515104651451111
28,2,GSM331523,1,0.5859047770500183
28,2,GSM331524,1,0.4228888750076294
28,2,GSM331525,1,0.41968539357185364
28,2,GSM331527,1,0.26358190178871155
28,2,GSM331530,1,0.4489138126373291
28,2,GSM331531,1,0.2631196677684784
28,2,GSM331532,1,0.07381950318813324
28,2,GSM331536,1,0.36396339535713196
28,2,GSM331537,1,0.5345770716667175
28,2,GSM331538,1,0.08358781784772873
28,2,GSM331539,1,0.4177853763103485
28,2,GSM331541,1,0.38391968607902527
28,2,GSM331543,1,0.17663727700710297
28,2,GSM331547,1,0.24291770160198212
28,2,GSM331548,1,0.4994593560695648
28,2,GSM331549,1,0.5920675992965698
28,2,GSM331551,1,0.32504013180732727
28,2,GSM331552,1,0.18677495419979095
28,2,GSM331554,1,0.24537400901317596
28,2,GSM331559,1,0.8674353361129761
28,2,GSM331562,1,0.41253671050071716
28,2,GSM331566,1,0.7228150367736816
28,2,GSM331567,1,0.38377097249031067
28,2,GSM331570,1,0.12853789329528809
28,2,GSM331571,1,0.6211357116699219
28,2,GSM331572,1,0.6219257712364197
28,2,GSM331574,1,0.20808623731136322
28,2,GSM331575,1,0.6245984435081482
28,2,GSM331577,1,0.5084230303764343
28,2,GSM331578,1,0.5259370803833008
28,2,GSM331579,1,0.19468969106674194
28,2,GSM331581,1,0.21919682621955872
28,2,GSM331582,1,0.4329482614994049
28,2,GSM331583,1,0.3942270576953888
28,2,GSM331585,1,0.4940682053565979
28,2,GSM331586,1,0.28584805130958557
28,2,GSM331590,1,0.29312729835510254
28,2,GSM331593,1,0.6233255863189697
28,2,GSM331595,1,0.46299734711647034
28,2,GSM331596,1,0.7277686595916748
28,2,GSM331601,1,0.3960743546485901
28,2,GSM331602,1,0.42469701170921326
28,2,GSM331603,1,0.20610418915748596
28,2,GSM331608,1,0.10656871646642685
28,2,GSM331609,1,0.1366996020078659
28,2,GSM331610,1,0.8187289237976074
28,2,GSM331613,1,0.5304664373397827
28,2,GSM331621,1,0.2932889759540558
28,2,GSM331623,1,0.3122761845588684
28,2,GSM331627,1,0.465265154838562
28,2,GSM331628,1,0.4891882538795471
28,2,GSM331629,1,0.1542750746011734
28,2,GSM331630,1,0.40618661046028137
28,2,GSM331631,1,0.07929203659296036
28,2,GSM331632,1,0.07410570234060287
28,2,GSM331634,1,0.4734095633029938
28,2,GSM331636,1,0.12916310131549835
28,2,GSM331637,1,0.5308628678321838
28,2,GSM331639,1,0.4277665317058563
28,2,GSM331646,1,0.12826943397521973
28,2,GSM331647,1,0.2920059859752655
28,2,GSM331651,1,0.39805957674980164
28,2,GSM331652,1,0.7516278028488159
28,2,GSM331653,1,0.451317697763443
28,2,GSM331654,1,0.8243314027786255
28,2,GSM331657,1,0.37232598662376404
28,2,GSM331658,1,0.25673142075538635
28,2,GSM331659,1,0.2923029065132141
29,1,GSM331638,0,0.47623515129089355
29,1,GSM331661,0,0.6196317076683044
29,1,GSM331662,0,0.674277663230896
29,1,GSM331664,0,0.36353886127471924
29,1,GSM331665,0,0.6319273710250854
29,1,GSM331668,0,0.7296675443649292
29,1,GSM331672,0,0.5551419854164124
29,1,GSM331674,0,0.6317664980888367
29,1,GSM331676,0,0.7928058505058289
29,1,GSM331678,0,0.4248329997062683
29,1,GSM331680,0,0.49893808364868164
29,1,GSM331682,0,0.43035998940467834
29,1,GSM331683,0,0.838334321975708
29,1,GSM331684,0,0.3268391191959381
29,1,GSM331688,0,0.7481034994125366
29,1,GSM331689,0,0.665629506111145
29,1,GSM331690,0,0.6652134656906128
29,1,GSM331695,0,0.37290066480636597
29,1,GSM331696,0,0.5318127274513245
29,1,GSM331697,0,0.5252659320831299
29,1,GSM331698,0,0.3654898703098297
29,1,GSM331700,0,0.37029194831848145
29,1,GSM331701,0,0.34091490507125854
29,1,GSM331702,0,0.33088332414627075
29,1,GSM331703,0,0.5857184529304504
29,1,GSM331704,0,0.44020596146583557
29,1,GSM331706,0,0.498114675283432
29,1,GSM331707,0,0.39166969060897827
29,1,GSM331709,0,0.6559895873069763
29,1,GSM331710,0,0.3768821954727173
29,1,GSM331712,0,0.5457791090011597
29,1,GSM331713,0,0.3258313536643982
29,1,GSM331714,0,0.8336240649223328
29,1,GSM331719,0,0.22975674271583557
29,1,GSM331725,0,0.5542358160018921
29,1,GSM331731,0,0.7998598217964172
29,1,GSM331732,0,0.5833573937416077
29,1,GSM331454,1,0.36669328808784485
29,1,GSM331457,1,0.6595813035964966
29,1,GSM331461,1,0.5042735934257507
29,1,GSM331462,1,0.45032262802124023
29,1,GSM331464,1,0.3701971471309662
29,1,GSM331465,1,0.4722103476524353
29,1,GSM331466,1,0.646000862121582
29,1,GSM331468,1,0.7437626719474792
29,1,GSM331470,1,0.6716418266296387
29,1,GSM331471,1,0.7016233205795288
29,1,GSM331473,1,0.6894671320915222
29,1,GSM331474,1,0.3674595057964325
29,1,GSM331475,1,0.5193208456039429
29,1,GSM331476,1,0.6204105615615845
29,1,GSM331477,1,0.49148160219192505
29,1,GSM331478,1,0.5561257600784302
29,1,GSM331479,1,0.5048882365226746
29,1,GSM331480,1,0.7347412109375
29,1,GSM331481,1,0.6547746062278748
29,1,GSM331482,1,0.48613929748535156
29,1,GSM331483,1,0.5917240381240845
29,1,GSM331485,1,0.7036131024360657
29,1,GSM331486,1,0.6613923907279968
29,1,GSM331487,1,0.8183648586273193
29,1,GSM331493,1,0.2774655520915985
29,1,GSM331496,1,0.3718595504760742
29,1,GSM331497,1,0.6669842600822449
29,1,GSM331501,1,0.48482728004455566
29,1,GSM331504,1,0.49080023169517517
29,1,GSM331506,1,0.5731544494628906
29,1,GSM331507,1,0.39765965938568115
29,1,GSM331509,1,0.42391717433929443
29,1,GSM331510,1,0.5078814625740051
29,1,GSM331513,1,0.6445009112358093
29,1,GSM331518,1,0.6528268456459045
29,1,GSM331519,1,0.43871811032295227
29,1,GSM331521,1,0.43428054451942444
29,1,GSM331522,1,0.5257775783538818
29,1,GSM331523,1,0.48185014724731445
29,1,GSM331524,1,0.5733186602592468
29,1,GSM331526,1,0.47638586163520813
29,1,GSM331530,1,0.5481288433074951
29,1,GSM331534,1,0.6073390245437622
29,1,GSM331535,1,0.3389796316623688
29,1,GSM331540,1,0.5657477974891663
29,1,GSM331541,1,0.5997059941291809
29,1,GSM331546,1,0.4677537679672241
29,1,GSM331548,1,0.6457341313362122
29,1,GSM331549,1,0.7817535996437073
29,1,GSM331551,1,0.5633706450462341
29,1,GSM331554,1,0.5188877582550049
29,1,GSM331555,1,0.500210702419281
29,1,GSM331557,1,0.602489173412323
29,1,GSM331558,1,0.2811424136161804
29,1,GSM331561,1,0.5736819505691528
29,1,GSM331564,1,0.5472420454025269
29,1,GSM331565,1,0.6410306096076965
29,1,GSM331568,1,0.7033860683441162
29,1,GSM331569,1,0.5010645389556885
29,1,GSM331574,1,0.5940447449684143
29,1,GSM331575,1,0.40066784620285034
29,1,GSM331576,1,0.8638842105865479
29,1,GSM331577,1,0.3951696753501892
29,1,GSM331578,1,0.4990765154361725
29,1,GSM331580,1,0.6454496383666992
29,1,GSM331581,1,0.266691118478775
29,1,GSM331582,1,0.29205435514450073
29,1,GSM331585,1,0.5403358340263367
29,1,GSM331587,1,0.689218282699585
29,1,GSM331589,1,0.5792546272277832
29,1,GSM331592,1,0.662201464176178
29,1,GSM331594,1,0.561898946762085
29,1,GSM331596,1,0.6788267493247986
29,1,GSM331598,1,0.47317612171173096
29,1,GSM331600,1,0.7020416259765625
29,1,GSM331602,1,0.5662052631378174
29,1,GSM331605,1,0.6873274445533752
29,1,GSM331608,1,0.34512707591056824
29,1,GSM331609,1,0.31301796436309814
29,1,GSM331612,1,0.5800467133522034
29,1,GSM331615,1,0.2524038553237915
29,1,GSM331618,1,0.4198537766933441
29,1,GSM331619,1,0.5818360447883606
29,1,GSM331620,1,0.4511374235153198
29,1,GSM331621,1,0.41140615940093994
29,1,GSM331623,1,0.6284907460212708
29,1,GSM331625,1,0.5068792104721069
29,1,GSM331626,1,0.2795799970626831
29,1,GSM331632,1,0.252480149269104
29,1,GSM331633,1,0.3149626851081848
29,1,GSM331634,1,0.44027552008628845
29,1,GSM331635,1,0.30465495586395264
29,1,GSM331637,1,0.532903790473938
29,1,GSM331639,1,0.365843802690506
29,1,GSM331640,1,0.3071654438972473
29,1,GSM331641,1,0.5113493800163269
29,1,GSM331642,1,0.5341410636901855
29,1,GSM331643,1,0.8147801756858826
29,1,GSM331644,1,0.20098893344402313
29,1,GSM331647,1,0.7683954834938049
29,1,GSM331648,1,0.28087881207466125
29,1,GSM331653,1,0.6695331335067749
29,1,GSM331658,1,0.6845351457595825
29,2,GSM331660,0,0.5011582374572754
29,2,GSM331663,0,0.4016910195350647
29,2,GSM331666,0,0.22814220190048218
29,2,GSM331669,0,0.5740292072296143
29,2,GSM331670,0,0.47373268008232117
29,2,GSM331671,0,0.520918607711792
29,2,GSM331673,0,0.41690587997436523
29,2,GSM331675,0,0.15318074822425842
29,2,GSM331677,0,0.30565470457077026
29,2,GSM331679,0,0.3971695303916931
29,2,GSM331681,0,0.4778956174850464
29,2,GSM331685,0,0.4066707193851471
29,2,GSM331686,0,0.4050532877445221
29,2,GSM331687,0,0.2970148026943207
29,2,GSM331691,0,0.5707233548164368
29,2,GSM331692,0,0.25734201073646545
29,2,GSM331693,0,0.3812256157398224
29,2,GSM331694,0,0.6040375828742981
29,2,GSM331699,0,0.4977571666240692
29,2,GSM331705,0,0.3225545883178711
29,2,GSM331708,0,0.6879734396934509
29,2,GSM331711,0,0.6878067255020142
29,2,GSM331715,0,0.429303914308548
29,2,GSM331716,0,0.667179524898529
29,2,GSM331717,0,0.5449380874633789
29,2,GSM331718,0,0.7021854519844055
29,2,GSM331720,0,0.4459038972854614
29,2,GSM331721,0,0.5748474597930908
29,2,GSM331722,0,0.5767216682434082
29,2,GSM331723,0,0.4614645540714264
29,2,GSM331724,0,0.21206781268119812
29,2,GSM331726,0,0.3233450651168823
29,2,GSM331727,0,0.5818702578544617
29,2,GSM331728,0,0.4932746887207031
29,2,GSM331729,0,0.3887650668621063
29,2,GSM331730,0,0.4108193814754486
29,2,GSM331453,1,0.3666827380657196
29,2,GSM331455,1,0.2749660015106201
29,2,GSM331456,1,0.49155351519584656
29,2,GSM331458,1,0.4700433611869812
29,2,GSM331459,1,0.5536215305328369
29,2,GSM331460,1,0.5113662481307983
29,2,GSM331463,1,0.3637416362762451
29,2,GSM331467,1,0.40682145953178406
29,2,GSM331469,1,0.37789198756217957
29,2,GSM331472,1,0.39000362157821655
29,2,GSM331484,1,0.32067063450813293
29,2,GSM331488,1,0.6269428730010986
29,2,GSM331489,1,0.5082665681838989
29,2,GSM331490,1,0.2607481777667999
29,2,GSM331491,1,0.5507106184959412
29,2,GSM331492,1,0.5231116414070129
29,2,GSM331494,1,0.6285589933395386
29,2,GSM331495,1,0.5480746626853943
29,2,GSM331498,1,0.24747692048549652
29,2,GSM331499,1,0.5344496369361877
29,2,GSM331500,1,0.5361676216125488
29,2,GSM331502,1,0.8088394999504089
29,2,GSM331503,1,0.29585155844688416
29,2,GSM331505,1,0.5224231481552124
29,2,GSM331508,1,0.514751136302948
29,2,GSM331511,1,0.7885541915893555
29,2,GSM331512,1,0.5834968090057373
29,2,GSM331514,1,0.37365904450416565
29,2,GSM331515,1,0.46773645281791687
29,2,GSM331516,1,0.786298930644989
29,2,GSM331517,1,0.514538049697876
29,2,GSM331520,1,0.33599597215652466
29,2,GSM331525,1,0.5731121897697449
29,2,GSM331527,1,0.3398529291152954
29,2,GSM331528,1,0.5469463467597961
29,2,GSM331529,1,0.34862497448921204
29,2,GSM331531,1,0.3349265456199646
29,2,GSM331532,1,0.2825106382369995
29,2,GSM331533,1,0.59385746717453
29,2,GSM331536,1,0.35241687297821045
29,2,GSM331537,1,0.5475997924804688
29,2,GSM331538,1,0.2355601042509079
29,2,GSM331539,1,0.47325459122657776
29,2,GSM331542,1,0.37129247188568115
29,2,GSM331543,1,0.28901445865631104
29,2,GSM331544,1,0.2529345154762268
29,2,GSM331545,1,0.3367149531841278
29,2,GSM331547,1,0.6052424311637878
29,2,GSM331550,1,0.39885959029197693
29,2,GSM331552,1,0.3269554078578949
29,2,GSM331553,1,0.5695247054100037
29,2,GSM331556,1,0.5201958417892456
29,2,GSM331559,1,0.6599094867706299
29,2,GSM331560,1,0.36157435178756714
29,2,GSM331562,1,0.619366466999054
29,2,GSM331563,1,0.6598542332649231
29,2,GSM331566,1,0.6838012933731079
29,2,GSM331567,1,0.5414175987243652
29,2,GSM331570,1,0.5081355571746826
29,2,GSM331571,1,0.6221528053283691
29,2,GSM331572,1,0.5376779437065125
29,2,GSM331573,1,0.6577557921409607
29,2,GSM331579,1,0.37988588213920593
29,2,GSM331583,1,0.5078884959220886
29,2,GSM331584,1,0.20618413388729095
29,2,GSM331586,1,0.30394646525382996
29,2,GSM331588,1,0.6403749585151672
29,2,GSM331590,1,0.424930602312088
29,2,GSM331591,1,0.6250577569007874
29,2,GSM331593,1,0.4439869821071625
29,2,GSM331595,1,0.3718619644641876
29,2,GSM331597,1,0.5913898944854736
29,2,GSM331599,1,0.7739707827568054
29,2,GSM331601,1,0.5915236473083496
29,2,GSM331603,1,0.5431983470916748
29,2,GSM331604,1,0.2372109591960907
29,2,GSM331606,1,0.23753829300403595
29,2,GSM331607,1,0.6234899163246155
29,2,GSM331610,1,0.4536588788032532
29,2,GSM331611,1,0.6495047807693481
29,2,GSM331613,1,0.6429917216300964
29,2,GSM331614,1,0.43562763929367065
29,2,GSM331616,1,0.5164424180984497
29,2,GSM331617,1,0.5052388906478882
29,2,GSM331622,1,0.5903143882751465
29,2,GSM331624,1,0.7507315278053284
29,2,GSM331627,1,0.38820236921310425
29,2,GSM331628,1,0.3596656620502472
29,2,GSM331629,1,0.5130811929702759
29,2,GSM331630,1,0.6347405314445496
29,2,GSM331631,1,0.2052379697561264
29,2,GSM331636,1,0.43234291672706604
29,2,GSM331645,1,0.43977952003479004
29,2,GSM331646,1,0.46013110876083374
29,2,GSM331649,1,0.6020219922065735
29,2,GSM331650,1,0.34978413581848145
29,2,GSM331651,1,0.7614734172821045
29,2,GSM331652,1,0.5530836582183838
29,2,GSM331654,1,0.7509591579437256
29,2,GSM331655,1,0.34062492847442627
29,2,GSM331656,1,0.2698230445384979
29,2,GSM331657,1,0.47109922766685486
29,2,GSM331659,1,0.3131834864616394
30,1,GSM331661,0,0.5787605047225952
30,1,GSM331663,0,0.4546164870262146
30,1,GSM331666,0,0.47961658239364624
30,1,GSM331668,0,0.6887577176094055
30,1,GSM331670,0,0.6205858588218689
30,1,GSM331672,0,0.5356895923614502
30,1,GSM331673,0,0.5295059084892273
30,1,GSM331675,0,0.43396294116973877
30,1,GSM331678,0,0.2765065133571625
30,1,GSM331680,0,0.5478029847145081
30,1,GSM331682,0,0.5118561387062073
30,1,GSM331684,0,0.5220008492469788
30,1,GSM331685,0,0.36700353026390076
30,1,GSM331686,0,0.5240287780761719
30,1,GSM331687,0,0.4186992645263672
30,1,GSM331692,0,0.4556383490562439
30,1,GSM331695,0,0.4045480489730835
30,1,GSM331701,0,0.47265365719795227
30,1,GSM331702,0,0.6095317006111145
30,1,GSM331706,0,0.7054197192192078
30,1,GSM331707,0,0.4649781584739685
30,1,GSM331708,0,0.5167325735092163
30,1,GSM331709,0,0.4724344313144684
30,1,GSM331710,0,0.5284493565559387
30,1,GSM331712,0,0.6481583714485168
30,1,GSM331713,0,0.5055431127548218
30,1,GSM331714,0,0.5661405920982361
30,1,GSM331715,0,0.5410969257354736
30,1,GSM331716,0,0.7396706938743591
30,1,GSM331717,0,0.6753420233726501
30,1,GSM331719,0,0.49257180094718933
30,1,GSM331720,0,0.5118382573127747
30,1,GSM331724,0,0.5318920612335205
30,1,GSM331725,0,0.514503002166748
30,1,GSM331728,0,0.456116646528244
30,1,GSM331731,0,0.6412277221679688
30,1,GSM331732,0,0.6630389094352722
30,1,GSM331454,1,0.6362317800521851
30,1,GSM331458,1,0.5108372569084167
30,1,GSM331461,1,0.4386437237262726
30,1,GSM331463,1,0.36808574199676514
30,1,GSM331466,1,0.4362354874610901
30,1,GSM331467,1,0.6334207653999329
30,1,GSM331469,1,0.35463154315948486
30,1,GSM331470,1,0.5512052774429321
30,1,GSM331471,1,0.5724169611930847
30,1,GSM331472,1,0.6108003854751587
30,1,GSM331474,1,0.3126322627067566
30,1,GSM331475,1,0.4640806019306183
30,1,GSM331480,1,0.6477309465408325
30,1,GSM331482,1,0.5929931402206421
30,1,GSM331483,1,0.47550734877586365
30,1,GSM331486,1,0.5386906862258911
30,1,GSM331491,1,0.6434489488601685
30,1,GSM331493,1,0.4020051658153534
30,1,GSM331494,1,0.5689874887466431
30,1,GSM331495,1,0.4927634596824646
30,1,GSM331496,1,0.33791640400886536
30,1,GSM331497,1,0.43098488450050354
30,1,GSM331503,1,0.5872422456741333
30,1,GSM331504,1,0.6379579305648804
30,1,GSM331508,1,0.4862067699432373
30,1,GSM331511,1,0.6156070828437805
30,1,GSM331512,1,0.5706177353858948
30,1,GSM331513,1,0.653863251209259
30,1,GSM331515,1,0.5557731986045837
30,1,GSM331517,1,0.5791210532188416
30,1,GSM331518,1,0.4677242338657379
30,1,GSM331519,1,0.4581604301929474
30,1,GSM331520,1,0.5811876058578491
30,1,GSM331523,1,0.5049507021903992
30,1,GSM331525,1,0.5098064541816711
30,1,GSM331526,1,0.44928205013275146
30,1,GSM331528,1,0.594502866268158
30,1,GSM331529,1,0.4522455334663391
30,1,GSM331530,1,0.4666516184806824
30,1,GSM331533,1,0.5413053035736084
30,1,GSM331536,1,0.45305150747299194
30,1,GSM331540,1,0.42083853483200073
30,1,GSM331541,1,0.5525228381156921
30,1,GSM331544,1,0.48054423928260803
30,1,GSM331548,1,0.39118167757987976
30,1,GSM331549,1,0.575359046459198
30,1,GSM331551,1,0.5582408308982849
30,1,GSM331552,1,0.47726011276245117
30,1,GSM331554,1,0.38497811555862427
30,1,GSM331555,1,0.4899245500564575
30,1,GSM331556,1,0.47903597354888916
30,1,GSM331557,1,0.6584880352020264
30,1,GSM331561,1,0.5715439915657043
30,1,GSM331566,1,0.503221869468689
30,1,GSM331567,1,0.3710114359855652
30,1,GSM331572,1,0.653057336807251
30,1,GSM331575,1,0.530380368232727
30,1,GSM331576,1,0.7512290477752686
30,1,GSM331578,1,0.5540055632591248
30,1,GSM331580,1,0.42791661620140076
30,1,GSM331581,1,0.40851855278015137
30,1,GSM331582,1,0.32385697960853577
30,1,GSM331585,1,0.702246367931366
30,1,GSM331587,1,0.5899128317832947
30,1,GSM331589,1,0.5694339871406555
30,1,GSM331590,1,0.3708433508872986
30,1,GSM331593,1,0.4390084743499756
30,1,GSM331596,1,0.6057270169258118
30,1,GSM331597,1,0.6300999522209167
30,1,GSM331598,1,0.5654126405715942
30,1,GSM331600,1,0.6408228278160095
30,1,GSM331603,1,0.45125672221183777
30,1,GSM331605,1,0.4273563623428345
30,1,GSM331606,1,0.4778144955635071
30,1,GSM331608,1,0.30082204937934875
30,1,GSM331609,1,0.4551388621330261
30,1,GSM331610,1,0.5588172674179077
30,1,GSM331611,1,0.6441167593002319
30,1,GSM331612,1,0.3957616686820984
30,1,GSM331613,1,0.40263575315475464
30,1,GSM331614,1,0.6111201643943787
30,1,GSM331616,1,0.4748087525367737
30,1,GSM331618,1,0.5422884821891785
30,1,GSM331619,1,0.5743342638015747
30,1,GSM331621,1,0.5860062837600708
30,1,GSM331626,1,0.4142856299877167
30,1,GSM331628,1,0.42117348313331604
30,1,GSM331630,1,0.5662648677825928
30,1,GSM331633,1,0.5279192328453064
30,1,GSM331634,1,0.5193536877632141
30,1,GSM331636,1,0.5794546604156494
30,1,GSM331640,1,0.34769967198371887
30,1,GSM331641,1,0.5695269703865051
30,1,GSM331642,1,0.4640820622444153
30,1,GSM331643,1,0.6017101407051086
30,1,GSM331646,1,0.400350421667099
30,1,GSM331647,1,0.5174433588981628
30,1,GSM331649,1,0.4421040415763855
30,1,GSM331650,1,0.5796127915382385
30,1,GSM331651,1,0.6904706358909607
30,1,GSM331652,1,0.607468843460083
30,1,GSM331653,1,0.4993758797645569
30,1,GSM331654,1,0.7367716431617737
30,2,GSM331638,0,0.5335139632225037
30,2,GSM331660,0,0.36075571179389954
30,2,GSM331662,0,0.5557569265365601
30,2,GSM331664,0,0.3981057107448578
30,2,GSM331665,0,0.4580700099468231
30,2,GSM331669,0,0.5798980593681335
30,2,GSM331671,0,0.6005738377571106
30,2,GSM331674,0,0.47958630323410034
30,2,GSM331676,0,0.613798975944519
30,2,GSM331677,0,0.3515048325061798
30,2,GSM331679,0,0.4908508360385895
30,2,GSM331681,0,0.6240928769111633
30,2,GSM331683,0,0.7237206101417542
30,2,GSM331688,0,0.616529643535614
30,2,GSM331689,0,0.6473149061203003
30,2,GSM331690,0,0.5804489850997925
30,2,GSM331691,0,0.5788753032684326
30,2,GSM331693,0,0.5920690894126892
30,2,GSM331694,0,0.515030026435852
30,2,GSM331696,0,0.5028953552246094
30,2,GSM331697,0,0.3583220839500427
30,2,GSM331698,0,0.4356403946876526
30,2,GSM331699,0,0.3832259774208069
30,2,GSM331700,0,0.3269693851470947
30,2,GSM331703,0,0.4882153570652008
30,2,GSM331704,0,0.5111114978790283
30,2,GSM331705,0,0.31255868077278137
30,2,GSM331711,0,0.5978230237960815
30,2,GSM331718,0,0.6314677596092224
30,2,GSM331721,0,0.6446038484573364
30,2,GSM331722,0,0.5784121751785278
30,2,GSM331723,0,0.4228222072124481
30,2,GSM331726,0,0.3466588854789734
30,2,GSM331727,0,0.48227375745773315
30,2,GSM331729,0,0.36726483702659607
30,2,GSM331730,0,0.5209335684776306
30,2,GSM331453,1,0.4386320412158966
30,2,GSM331455,1,0.34047555923461914
30,2,GSM331456,1,0.5505838394165039
30,2,GSM331457,1,0.49646109342575073
30,2,GSM331459,1,0.689190685749054
30,2,GSM331460,1,0.5975623726844788
30,2,GSM331462,1,0.41286709904670715
30,2,GSM331464,1,0.28845155239105225
30,2,GSM331465,1,0.45696401596069336
30,2,GSM331468,1,0.6143333315849304
30,2,GSM331473,1,0.4466090798377991
30,2,GSM331476,1,0.46866410970687866
30,2,GSM331477,1,0.48285236954689026
30,2,GSM331478,1,0.5548976063728333
30,2,GSM331479,1,0.3888251483440399
30,2,GSM331481,1,0.4426141679286957
30,2,GSM331484,1,0.4757326543331146
30,2,GSM331485,1,0.6654354333877563
30,2,GSM331487,1,0.6584869027137756
30,2,GSM331488,1,0.5836614966392517
30,2,GSM331489,1,0.6214104890823364
30,2,GSM331490,1,0.4402588903903961
30,2,GSM331492,1,0.428567498922348
30,2,GSM331498,1,0.38865894079208374
30,2,GSM331499,1,0.5657570362091064
30,2,GSM331500,1,0.44189369678497314
30,2,GSM331501,1,0.48568692803382874
30,2,GSM331502,1,0.6955119967460632
30,2,GSM331505,1,0.42275792360305786
30,2,GSM331506,1,0.6331743597984314
30,2,GSM331507,1,0.33659613132476807
30,2,GSM331509,1,0.39672863483428955
30,2,GSM331510,1,0.49032101035118103
30,2,GSM331514,1,0.36757686734199524
30,2,GSM331516,1,0.5801970958709717
30,2,GSM331521,1,0.32044366002082825
30,2,GSM331522,1,0.5631827712059021
30,2,GSM331524,1,0.5709770321846008
30,2,GSM331527,1,0.3686228394508362
30,2,GSM331531,1,0.38377219438552856
30,2,GSM331532,1,0.38948196172714233
30,2,GSM331534,1,0.6608364582061768
30,2,GSM331535,1,0.4699667692184448
30,2,GSM331537,1,0.5924500226974487
30,2,GSM331538,1,0.38308003544807434
30,2,GSM331539,1,0.5594282150268555
30,2,GSM331542,1,0.48675787448883057
30,2,GSM331543,1,0.45674920082092285
30,2,GSM331545,1,0.4155345857143402
30,2,GSM331546,1,0.4672299921512604
30,2,GSM331547,1,0.5343033671379089
30,2,GSM331550,1,0.4417543113231659
30,2,GSM331553,1,0.7080756425857544
30,2,GSM331558,1,0.437456876039505
30,2,GSM331559,1,0.6584396362304688
30,2,GSM331560,1,0.3993898630142212
30,2,GSM331562,1,0.5351092219352722
30,2,GSM331563,1,0.5807226896286011
30,2,GSM331564,1,0.6442208886146545
30,2,GSM331565,1,0.6400363445281982
30,2,GSM331568,1,0.6127352714538574
30,2,GSM331569,1,0.6012182235717773
30,2,GSM331570,1,0.6115903854370117
30,2,GSM331571,1,0.5531967878341675
30,2,GSM331573,1,0.6585920453071594
30,2,GSM331574,1,0.5198893547058105
30,2,GSM331577,1,0.5017540454864502
30,2,GSM331579,1,0.46849146485328674
30,2,GSM331583,1,0.5214409232139587
30,2,GSM331584,1,0.4718817472457886
30,2,GSM331586,1,0.42633938789367676
30,2,GSM331588,1,0.6076763272285461
30,2,GSM331591,1,0.5841917395591736
30,2,GSM331592,1,0.45521366596221924
30,2,GSM331594,1,0.3701813220977783
30,2,GSM331595,1,0.5184733867645264
30,2,GSM331599,1,0.6558159589767456
30,2,GSM331601,1,0.5037385821342468
30,2,GSM331602,1,0.5425273180007935
30,2,GSM331604,1,0.4325254559516907
30,2,GSM331607,1,0.7258116006851196
30,2,GSM331615,1,0.4279899597167969
30,2,GSM331617,1,0.6006252765655518
30,2,GSM331620,1,0.41984668374061584
30,2,GSM331622,1,0.667633056640625
30,2,GSM331623,1,0.553708553314209
30,2,GSM331624,1,0.5607750415802002
30,2,GSM331625,1,0.5113360285758972
30,2,GSM331627,1,0.4906872808933258
30,2,GSM331629,1,0.40101441740989685
30,2,GSM331631,1,0.36620795726776123
30,2,GSM331632,1,0.36238521337509155
30,2,GSM331635,1,0.269671767950058
30,2,GSM331637,1,0.5130317807197571
30,2,GSM331639,1,0.3769897222518921
30,2,GSM331644,1,0.4858753979206085
30,2,GSM331645,1,0.5106183886528015
30,2,GSM331648,1,0.4975716173648834
30,2,GSM331655,1,0.4701021909713745
30,2,GSM331656,1,0.3401809632778168
30,2,GSM331657,1,0.5050005912780762
30,2,GSM331658,1,0.510688066482544
30,2,GSM331659,1,0.5002042055130005
31,1,GSM331638,0,0.5580017566680908
31,1,GSM331662,0,0.5100736618041992
31,1,GSM331664,0,0.15685109794139862
31,1,GSM331665,0,0.3736954927444458
31,1,GSM331668,0,0.6023975610733032
31,1,GSM331669,0,0.7403949499130249
31,1,GSM331670,0,0.47647666931152344
31,1,GSM331671,0,0.292863130569458
31,1,GSM331672,0,0.7440551519393921
31,1,GSM331673,0,0.36489859223365784
31,1,GSM331674,0,0.4014751613140106
31,1,GSM331675,0,0.2587698996067047
31,1,GSM331677,0,0.21725326776504517
31,1,GSM331678,0,0.14640329778194427
31,1,GSM331680,0,0.490960955619812
31,1,GSM331681,0,0.8429949283599854
31,1,GSM331682,0,0.7550995945930481
31,1,GSM331686,0,0.7294580340385437
31,1,GSM331690,0,0.6681810021400452
31,1,GSM331691,0,0.7754175662994385
31,1,GSM331694,0,0.5418738722801208
31,1,GSM331696,0,0.561709463596344
31,1,GSM331698,0,0.2536161541938782
31,1,GSM331702,0,0.6264293193817139
31,1,GSM331704,0,0.7557598948478699
31,1,GSM331706,0,0.9537429809570312
31,1,GSM331710,0,0.36787518858909607
31,1,GSM331713,0,0.28334569931030273
31,1,GSM331715,0,0.24015004932880402
31,1,GSM331718,0,0.6869387626647949
31,1,GSM331719,0,0.20045985281467438
31,1,GSM331720,0,0.4022569954395294
31,1,GSM331722,0,0.4986816942691803
31,1,GSM331723,0,0.7865983843803406
31,1,GSM331727,0,0.43638351559638977
31,1,GSM331729,0,0.17769308388233185
31,1,GSM331732,0,0.6175921559333801
31,1,GSM331458,1,0.5111280083656311
31,1,GSM331463,1,0.29162561893463135
31,1,GSM331464,1,0.12547610700130463
31,1,GSM331466,1,0.37160155177116394
31,1,GSM331467,1,0.5946768522262573
31,1,GSM331468,1,0.5704476237297058
31,1,GSM331473,1,0.3491538166999817
31,1,GSM331474,1,0.13447268307209015
31,1,GSM331477,1,0.5295053720474243
31,1,GSM331479,1,0.23878633975982666
31,1,GSM331480,1,0.8014958500862122
31,1,GSM331481,1,0.33588817715644836
31,1,GSM331484,1,0.08026165515184402
31,1,GSM331486,1,0.40052804350852966
31,1,GSM331488,1,0.8129531145095825
31,1,GSM331491,1,0.5992708802223206
31,1,GSM331492,1,0.3477507531642914
31,1,GSM331493,1,0.09479746222496033
31,1,GSM331494,1,0.7189476490020752
31,1,GSM331496,1,0.10475807636976242
31,1,GSM331499,1,0.5797674059867859
31,1,GSM331504,1,0.3361915349960327
31,1,GSM331506,1,0.5863317847251892
31,1,GSM331509,1,0.22623194754123688
31,1,GSM331510,1,0.4254048764705658
31,1,GSM331513,1,0.8023654818534851
31,1,GSM331514,1,0.1181032583117485
31,1,GSM331517,1,0.6681727170944214
31,1,GSM331518,1,0.43464624881744385
31,1,GSM331520,1,0.4628590941429138
31,1,GSM331521,1,0.07380214333534241
31,1,GSM331522,1,0.36267274618148804
31,1,GSM331523,1,0.54603511095047
31,1,GSM331524,1,0.5019103288650513
31,1,GSM331525,1,0.3557656705379486
31,1,GSM331527,1,0.3547776937484741
31,1,GSM331529,1,0.1485067903995514
31,1,GSM331531,1,0.2331496775150299
31,1,GSM331533,1,0.5440239906311035
31,1,GSM331535,1,0.3244978189468384
31,1,GSM331536,1,0.24693787097930908
31,1,GSM331538,1,0.25210464000701904
31,1,GSM331541,1,0.4676128029823303
31,1,GSM331543,1,0.6212366223335266
31,1,GSM331544,1,0.16611319780349731
31,1,GSM331547,1,0.42179781198501587
31,1,GSM331549,1,0.9010468125343323
31,1,GSM331550,1,0.08885723352432251
31,1,GSM331551,1,0.4013254642486572
31,1,GSM331552,1,0.3300240635871887
31,1,GSM331554,1,0.324840784072876
31,1,GSM331556,1,0.22453245520591736
31,1,GSM331558,1,0.49716538190841675
31,1,GSM331559,1,0.8492369055747986
31,1,GSM331560,1,0.3686322569847107
31,1,GSM331561,1,0.5350498557090759
31,1,GSM331562,1,0.22368891537189484
31,1,GSM331564,1,0.6926864981651306
31,1,GSM331568,1,0.6486666202545166
31,1,GSM331570,1,0.5816332697868347
31,1,GSM331571,1,0.4405842125415802
31,1,GSM331574,1,0.5701014399528503
31,1,GSM331575,1,0.46798741817474365
31,1,GSM331579,1,0.470531165599823
31,1,GSM331582,1,0.18863077461719513
31,1,GSM331583,1,0.25570449233055115
31,1,GSM331584,1,0.21987007558345795
31,1,GSM331585,1,0.6939831376075745
31,1,GSM331587,1,0.6351798176765442
31,1,GSM331588,1,0.6746557950973511
31,1,GSM331592,1,0.5542548894882202
31,1,GSM331593,1,0.41608935594558716
31,1,GSM331594,1,0.24463000893592834
31,1,GSM331595,1,0.5588973164558411
31,1,GSM331597,1,0.5946027636528015
31,1,GSM331602,1,0.40734440088272095
31,1,GSM331604,1,0.1825788915157318
31,1,GSM331606,1,0.39814674854278564
31,1,GSM331607,1,0.9055541753768921
31,1,GSM331613,1,0.3736630976200104
31,1,GSM331614,1,0.3588480055332184
31,1,GSM331616,1,0.576386034488678
31,1,GSM331617,1,0.7977638244628906
31,1,GSM331618,1,0.6918918490409851
31,1,GSM331619,1,0.27228084206581116
31,1,GSM331620,1,0.4147997498512268
31,1,GSM331621,1,0.5839190483093262
31,1,GSM331623,1,0.4269706606864929
31,1,GSM331624,1,0.6833831667900085
31,1,GSM331627,1,0.5925447344779968
31,1,GSM331630,1,0.5572901964187622
31,1,GSM331631,1,0.10448597371578217
31,1,GSM331634,1,0.47064754366874695
31,1,GSM331635,1,0.17636451125144958
31,1,GSM331639,1,0.45144492387771606
31,1,GSM331643,1,0.8178488612174988
31,1,GSM331644,1,0.2766796350479126
31,1,GSM331645,1,0.4444134533405304
31,1,GSM331646,1,0.31423431634902954
31,1,GSM331647,1,0.5174270868301392
31,1,GSM331648,1,0.2994576692581177
31,1,GSM331653,1,0.5206621289253235
31,1,GSM331654,1,0.7696093916893005
31,2,GSM331660,0,0.2722293734550476
31,2,GSM331661,0,0.7125135660171509
31,2,GSM331663,0,0.31340402364730835
31,2,GSM331666,0,0.2025006264448166
31,2,GSM331676,0,0.6244428157806396
31,2,GSM331679,0,0.16654564440250397
31,2,GSM331683,0,0.8498611450195312
31,2,GSM331684,0,0.40715330839157104
31,2,GSM331685,0,0.11644628643989563
31,2,GSM331687,0,0.1493760198354721
31,2,GSM331688,0,0.8308020234107971
31,2,GSM331689,0,0.5745000839233398
31,2,GSM331692,0,0.3574504256248474
31,2,GSM331693,0,0.4993499517440796
31,2,GSM331695,0,0.34964466094970703
31,2,GSM331697,0,0.3139075040817261
31,2,GSM331699,0,0.15775813162326813
31,2,GSM331700,0,0.17991214990615845
31,2,GSM331701,0,0.23638559877872467
31,2,GSM331703,0,0.6949074268341064
31,2,GSM331705,0,0.5115559697151184
31,2,GSM331707,0,0.15383629500865936
31,2,GSM331708,0,0.5042681097984314
31,2,GSM331709,0,0.48004332184791565
31,2,GSM331711,0,0.8570542931556702
31,2,GSM331712,0,0.7154494524002075
31,2,GSM331714,0,0.8940663933753967
31,2,GSM331716,0,0.9734933972358704
31,2,GSM331717,0,0.7859671711921692
31,2,GSM331721,0,0.7968112230300903
31,2,GSM331724,0,0.27992820739746094
31,2,GSM331725,0,0.25984427332878113
31,2,GSM331726,0,0.1407683938741684
31,2,GSM331728,0,0.27839890122413635
31,2,GSM331730,0,0.6643267273902893
31,2,GSM331731,0,0.7934276461601257
31,2,GSM331453,1,0.37866857647895813
31,2,GSM331454,1,0.37622344493865967
31,2,GSM331455,1,0.1408834457397461
31,2,GSM331456,1,0.6120689511299133
31,2,GSM331457,1,0.5210226774215698
31,2,GSM331459,1,0.638125479221344
31,2,GSM331460,1,0.4347919523715973
31,2,GSM331461,1,0.5540196895599365
31,2,GSM331462,1,0.25343847274780273
31,2,GSM331465,1,0.46746692061424255
31,2,GSM331469,1,0.27661561965942383
31,2,GSM331470,1,0.7406042218208313
31,2,GSM331471,1,0.7640252113342285
31,2,GSM331472,1,0.3593205213546753
31,2,GSM331475,1,0.5030729174613953
31,2,GSM331476,1,0.2964116632938385
31,2,GSM331478,1,0.4625477194786072
31,2,GSM331482,1,0.4285414218902588
31,2,GSM331483,1,0.5604040026664734
31,2,GSM331485,1,0.7856898903846741
31,2,GSM331487,1,0.8750268220901489
31,2,GSM331489,1,0.5330603718757629
31,2,GSM331490,1,0.20848874747753143
31,2,GSM331495,1,0.5365365147590637
31,2,GSM331497,1,0.30471158027648926
31,2,GSM331498,1,0.15782727301120758
31,2,GSM331500,1,0.510204017162323
31,2,GSM331501,1,0.19337330758571625
31,2,GSM331502,1,0.8283442854881287
31,2,GSM331503,1,0.37789639830589294
31,2,GSM331505,1,0.4688173532485962
31,2,GSM331507,1,0.14656750857830048
31,2,GSM331508,1,0.6854209899902344
31,2,GSM331511,1,0.8634694814682007
31,2,GSM331512,1,0.7651163339614868
31,2,GSM331515,1,0.5157985687255859
31,2,GSM331516,1,0.7609588503837585
31,2,GSM331519,1,0.4114745259284973
31,2,GSM331526,1,0.5287769436836243
31,2,GSM331528,1,0.4903225004673004
31,2,GSM331530,1,0.6579282879829407
31,2,GSM331532,1,0.1718740612268448
31,2,GSM331534,1,0.7104219794273376
31,2,GSM331537,1,0.7186296582221985
31,2,GSM331539,1,0.5812276005744934
31,2,GSM331540,1,0.610095202922821
31,2,GSM331542,1,0.17037782073020935
31,2,GSM331545,1,0.2992752492427826
31,2,GSM331546,1,0.46006661653518677
31,2,GSM331548,1,0.46913161873817444
31,2,GSM331553,1,0.9393157362937927
31,2,GSM331555,1,0.13779297471046448
31,2,GSM331557,1,0.35384029150009155
31,2,GSM331563,1,0.5586245656013489
31,2,GSM331565,1,0.5029377937316895
31,2,GSM331566,1,0.5675654411315918
31,2,GSM331567,1,0.5914980173110962
31,2,GSM331569,1,0.5073467493057251
31,2,GSM331572,1,0.708247721195221
31,2,GSM331573,1,0.6494283676147461
31,2,GSM331576,1,0.8915558457374573
31,2,GSM331577,1,0.39536038041114807
31,2,GSM331578,1,0.5603268146514893
31,2,GSM331580,1,0.504620373249054
31,2,GSM331581,1,0.2501175105571747
31,2,GSM331586,1,0.31690582633018494
31,2,GSM331589,1,0.5390690565109253
31,2,GSM331590,1,0.29891693592071533
31,2,GSM331591,1,0.7155129909515381
31,2,GSM331596,1,0.8002985119819641
31,2,GSM331598,1,0.34740662574768066
31,2,GSM331599,1,0.8980022668838501
31,2,GSM331600,1,0.8638735413551331
31,2,GSM331601,1,0.4752374291419983
31,2,GSM331603,1,0.3143872320652008
31,2,GSM331605,1,0.6942746639251709
31,2,GSM331608,1,0.07228264212608337
31,2,GSM331609,1,0.17016717791557312
31,2,GSM331610,1,0.4870447814464569
31,2,GSM331611,1,0.8268516659736633
31,2,GSM331612,1,0.5140455365180969
31,2,GSM331615,1,0.3509475588798523
31,2,GSM331622,1,0.8499676585197449
31,2,GSM331625,1,0.6653727293014526
31,2,GSM331626,1,0.25268247723579407
31,2,GSM331628,1,0.5428346991539001
31,2,GSM331629,1,0.15760770440101624
31,2,GSM331632,1,0.11587553471326828
31,2,GSM331633,1,0.11502894014120102
31,2,GSM331636,1,0.4123915433883667
31,2,GSM331637,1,0.5459988117218018
31,2,GSM331640,1,0.13270390033721924
31,2,GSM331641,1,0.40746986865997314
31,2,GSM331642,1,0.6309171915054321
31,2,GSM331649,1,0.6957595944404602
31,2,GSM331650,1,0.3420713543891907
31,2,GSM331651,1,0.7382937073707581
31,2,GSM331652,1,0.771173357963562
31,2,GSM331655,1,0.26114141941070557
31,2,GSM331656,1,0.39096108078956604
31,2,GSM331657,1,0.6422234177589417
31,2,GSM331658,1,0.6119745373725891
31,2,GSM331659,1,0.27012795209884644
32,1,GSM331638,0,0.5697717666625977
32,1,GSM331660,0,0.46369922161102295
32,1,GSM331661,0,0.5561549663543701
32,1,GSM331662,0,0.6206488609313965
32,1,GSM331663,0,0.46267998218536377
32,1,GSM331665,0,0.6111421585083008
32,1,GSM331666,0,0.3755023777484894
32,1,GSM331668,0,0.6821851134300232
32,1,GSM331671,0,0.6202659606933594
32,1,GSM331673,0,0.49498221278190613
32,1,GSM331676,0,0.7358002066612244
32,1,GSM331677,0,0.4670161306858063
32,1,GSM331680,0,0.6425270438194275
32,1,GSM331681,0,0.517993688583374
32,1,GSM331685,0,0.451388418674469
32,1,GSM331688,0,0.76683509349823
32,1,GSM331690,0,0.5827994346618652
32,1,GSM331692,0,0.4721691310405731
32,1,GSM331693,0,0.539002537727356
32,1,GSM331694,0,0.5897549986839294
32,1,GSM331696,0,0.6013876795768738
32,1,GSM331697,0,0.5278847217559814
32,1,GSM331698,0,0.2994411885738373
32,1,GSM331702,0,0.5435996055603027
32,1,GSM331706,0,0.7783173322677612
32,1,GSM331707,0,0.44028234481811523
32,1,GSM331710,0,0.5071192979812622
32,1,GSM331711,0,0.6497914791107178
32,1,GSM331716,0,0.811942458152771
32,1,GSM331718,0,0.7446870803833008
32,1,GSM331719,0,0.3243463635444641
32,1,GSM331720,0,0.42653995752334595
32,1,GSM331723,0,0.6777101755142212
32,1,GSM331725,0,0.6564520597457886
32,1,GSM331728,0,0.4771896302700043
32,1,GSM331729,0,0.4016571640968323
32,1,GSM331732,0,0.6474999785423279
32,1,GSM331453,1,0.39585867524147034
32,1,GSM331454,1,0.376037061214447
32,1,GSM331455,1,0.20706988871097565
32,1,GSM331456,1,0.391641765832901
32,1,GSM331457,1,0.5117636919021606
32,1,GSM331459,1,0.5642573833465576
32,1,GSM331460,1,0.5008007287979126
32,1,GSM331461,1,0.47247129678726196
32,1,GSM331463,1,0.3192695081233978
32,1,GSM331464,1,0.3298128545284271
32,1,GSM331468,1,0.581512987613678
32,1,GSM331470,1,0.6610185503959656
32,1,GSM331471,1,0.5719206929206848
32,1,GSM331472,1,0.4318884015083313
32,1,GSM331475,1,0.6034936904907227
32,1,GSM331478,1,0.5114029049873352
32,1,GSM331481,1,0.5037813186645508
32,1,GSM331485,1,0.5451109409332275
32,1,GSM331487,1,0.7210994958877563
32,1,GSM331490,1,0.34343963861465454
32,1,GSM331492,1,0.3696689009666443
32,1,GSM331493,1,0.30582335591316223
32,1,GSM331495,1,0.3202453851699829
32,1,GSM331496,1,0.41340145468711853
32,1,GSM331497,1,0.5574713349342346
32,1,GSM331498,1,0.3256467580795288
32,1,GSM331499,1,0.5682633519172668
32,1,GSM331501,1,0.429879754781723
32,1,GSM331505,1,0.4992215931415558
32,1,GSM331507,1,0.5035865902900696
32,1,GSM331509,1,0.47927775979042053
32,1,GSM331510,1,0.628109335899353
32,1,GSM331513,1,0.552900493144989
32,1,GSM331516,1,0.7448500990867615
32,1,GSM331518,1,0.6890429854393005
32,1,GSM331519,1,0.3637634813785553
32,1,GSM331521,1,0.317548543214798
32,1,GSM331522,1,0.5450881719589233
32,1,GSM331527,1,0.3568366765975952
32,1,GSM331528,1,0.7253903746604919
32,1,GSM331530,1,0.4849647581577301
32,1,GSM331533,1,0.6214471459388733
32,1,GSM331534,1,0.4498516321182251
32,1,GSM331544,1,0.24530799686908722
32,1,GSM331547,1,0.608002781867981
32,1,GSM331549,1,0.7188371419906616
32,1,GSM331554,1,0.5492015480995178
32,1,GSM331560,1,0.3601207137107849
32,1,GSM331561,1,0.5607044100761414
32,1,GSM331563,1,0.6584462523460388
32,1,GSM331564,1,0.4969635605812073
32,1,GSM331565,1,0.5011507868766785
32,1,GSM331568,1,0.6459721326828003
32,1,GSM331569,1,0.4422171413898468
32,1,GSM331570,1,0.5785929560661316
32,1,GSM331571,1,0.463676393032074
32,1,GSM331573,1,0.6480863094329834
32,1,GSM331575,1,0.46864762902259827
32,1,GSM331576,1,0.6940604448318481
32,1,GSM331578,1,0.6027576923370361
32,1,GSM331580,1,0.6760116219520569
32,1,GSM331582,1,0.3820815086364746
32,1,GSM331583,1,0.5393051505088806
32,1,GSM331585,1,0.5741302967071533
32,1,GSM331586,1,0.45204344391822815
32,1,GSM331589,1,0.46219855546951294
32,1,GSM331590,1,0.3336314558982849
32,1,GSM331591,1,0.6642348170280457
32,1,GSM331593,1,0.4671906530857086
32,1,GSM331595,1,0.423816055059433
32,1,GSM331597,1,0.44726571440696716
32,1,GSM331601,1,0.5741599798202515
32,1,GSM331602,1,0.40985921025276184
32,1,GSM331603,1,0.5674077868461609
32,1,GSM331605,1,0.5048286318778992
32,1,GSM331606,1,0.4841419756412506
32,1,GSM331607,1,0.7391377687454224
32,1,GSM331609,1,0.28018859028816223
32,1,GSM331610,1,0.6114259362220764
32,1,GSM331612,1,0.5976357460021973
32,1,GSM331616,1,0.5310211777687073
32,1,GSM331618,1,0.4189225733280182
32,1,GSM331620,1,0.4796331524848938
32,1,GSM331622,1,0.7186254262924194
32,1,GSM331625,1,0.5295607447624207
32,1,GSM331628,1,0.5481874346733093
32,1,GSM331629,1,0.41656601428985596
32,1,GSM331630,1,0.43143025040626526
32,1,GSM331633,1,0.368319571018219
32,1,GSM331637,1,0.36677002906799316
32,1,GSM331640,1,0.3199155628681183
32,1,GSM331641,1,0.43182092905044556
32,1,GSM331645,1,0.5027413964271545
32,1,GSM331647,1,0.6391425728797913
32,1,GSM331648,1,0.2938458025455475
32,1,GSM331649,1,0.562023937702179
32,1,GSM331650,1,0.46232765913009644
32,1,GSM331651,1,0.6102646589279175
32,1,GSM331653,1,0.5852079391479492
32,1,GSM331654,1,0.6943265795707703
32,1,GSM331655,1,0.3824332654476166
32,1,GSM331656,1,0.3992483913898468
32,1,GSM331659,1,0.5100632905960083
32,2,GSM331664,0,0.6057621836662292
32,2,GSM331669,0,0.679661214351654
32,2,GSM331670,0,0.5882307291030884
32,2,GSM331672,0,0.6434701681137085
32,2,GSM331674,0,0.5760048031806946
32,2,GSM331675,0,0.33223605155944824
32,2,GSM331678,0,0.45448610186576843
32,2,GSM331679,0,0.6079773902893066
32,2,GSM331682,0,0.5820030570030212
32,2,GSM331683,0,0.8240723013877869
32,2,GSM331684,0,0.4466865062713623
32,2,GSM331686,0,0.5443954467773438
32,2,GSM331687,0,0.38600775599479675
32,2,GSM331689,0,0.6077039837837219
32,2,GSM331691,0,0.44949883222579956
32,2,GSM331695,0,0.44828489422798157
32,2,GSM331699,0,0.454446941614151
32,2,GSM331700,0,0.5597633123397827
32,2,GSM331701,0,0.3759695291519165
32,2,GSM331703,0,0.4283926784992218
32,2,GSM331704,0,0.6340916752815247
32,2,GSM331705,0,0.4969084560871124
32,2,GSM331708,0,0.536904513835907
32,2,GSM331709,0,0.5339602828025818
32,2,GSM331712,0,0.5297171473503113
32,2,GSM331713,0,0.40851566195487976
32,2,GSM331714,0,0.8042277693748474
32,2,GSM331715,0,0.29219767451286316
32,2,GSM331717,0,0.6463034749031067
32,2,GSM331721,0,0.587934672832489
32,2,GSM331722,0,0.6700579524040222
32,2,GSM331724,0,0.4474964737892151
32,2,GSM331726,0,0.4135189652442932
32,2,GSM331727,0,0.6252484321594238
32,2,GSM331730,0,0.4560868442058563
32,2,GSM331731,0,0.7055191397666931
32,2,GSM331458,1,0.4447436034679413
32,2,GSM331462,1,0.37940099835395813
32,2,GSM331465,1,0.35212206840515137
32,2,GSM331466,1,0.5314770340919495
32,2,GSM331467,1,0.4090666174888611
32,2,GSM331469,1,0.4896841049194336
32,2,GSM331473,1,0.560065746307373
32,2,GSM331474,1,0.47899365425109863
32,2,GSM331476,1,0.4091354012489319
32,2,GSM331477,1,0.3696049749851227
32,2,GSM331479,1,0.5076084733009338
32,2,GSM331480,1,0.7487251162528992
32,2,GSM331482,1,0.39383772015571594
32,2,GSM331483,1,0.6318489909172058
32,2,GSM331484,1,0.40168285369873047
32,2,GSM331486,1,0.542268693447113
32,2,GSM331488,1,0.6146852970123291
32,2,GSM331489,1,0.3498157858848572
32,2,GSM331491,1,0.44021710753440857
32,2,GSM331494,1,0.726574182510376
32,2,GSM331500,1,0.3435268700122833
32,2,GSM331502,1,0.6929910182952881
32,2,GSM331503,1,0.3902263939380646
32,2,GSM331504,1,0.37210288643836975
32,2,GSM331506,1,0.45314767956733704
32,2,GSM331508,1,0.42665186524391174
32,2,GSM331511,1,0.6694034934043884
32,2,GSM331512,1,0.693897545337677
32,2,GSM331514,1,0.34773018956184387
32,2,GSM331515,1,0.41119763255119324
32,2,GSM331517,1,0.6071126461029053
32,2,GSM331520,1,0.4803004264831543
32,2,GSM331523,1,0.5567035675048828
32,2,GSM331524,1,0.42143040895462036
32,2,GSM331525,1,0.6212266087532043
32,2,GSM331526,1,0.3163861632347107
32,2,GSM331529,1,0.46569693088531494
32,2,GSM331531,1,0.573530912399292
32,2,GSM331532,1,0.3710738718509674
32,2,GSM331535,1,0.33634451031684875
32,2,GSM331536,1,0.5141063332557678
32,2,GSM331537,1,0.5022420287132263
32,2,GSM331538,1,0.2674879729747772
32,2,GSM331539,1,0.3334423303604126
32,2,GSM331540,1,0.5639533996582031
32,2,GSM331541,1,0.5345513820648193
32,2,GSM331542,1,0.38315680623054504
32,2,GSM331543,1,0.5389702320098877
32,2,GSM331545,1,0.45251476764678955
32,2,GSM331546,1,0.4831755459308624
32,2,GSM331548,1,0.6651865839958191
32,2,GSM331550,1,0.4378020763397217
32,2,GSM331551,1,0.47932612895965576
32,2,GSM331552,1,0.2871757447719574
32,2,GSM331553,1,0.7054403424263
32,2,GSM331555,1,0.2886172831058502
32,2,GSM331556,1,0.4660937488079071
32,2,GSM331557,1,0.5402313470840454
32,2,GSM331558,1,0.36807915568351746
32,2,GSM331559,1,0.6619678139686584
32,2,GSM331562,1,0.5353695750236511
32,2,GSM331566,1,0.5548464059829712
32,2,GSM331567,1,0.3139777183532715
32,2,GSM331572,1,0.5803691744804382
32,2,GSM331574,1,0.5066981911659241
32,2,GSM331577,1,0.37881743907928467
32,2,GSM331579,1,0.42157071828842163
32,2,GSM331581,1,0.3312160074710846
32,2,GSM331584,1,0.4285309910774231
32,2,GSM331587,1,0.6089690327644348
32,2,GSM331588,1,0.6518722772598267
32,2,GSM331592,1,0.5017625689506531
32,2,GSM331594,1,0.5707574486732483
32,2,GSM331596,1,0.6488843560218811
32,2,GSM331598,1,0.3129895329475403
32,2,GSM331599,1,0.7589740753173828
32,2,GSM331600,1,0.6119644045829773
32,2,GSM331604,1,0.29526829719543457
32,2,GSM331608,1,0.3821466863155365
32,2,GSM331611,1,0.5574294328689575
32,2,GSM331613,1,0.3581327497959137
32,2,GSM331614,1,0.338213175535202
32,2,GSM331615,1,0.3618762493133545
32,2,GSM331617,1,0.6483513116836548
32,2,GSM331619,1,0.3765314817428589
32,2,GSM331621,1,0.429909348487854
32,2,GSM331623,1,0.5947456955909729
32,2,GSM331624,1,0.557013213634491
32,2,GSM331626,1,0.2886416018009186
32,2,GSM331627,1,0.3782159686088562
32,2,GSM331631,1,0.3157106041908264
32,2,GSM331632,1,0.28858134150505066
32,2,GSM331634,1,0.30023980140686035
32,2,GSM331635,1,0.3341778814792633
32,2,GSM331636,1,0.325778990983963
32,2,GSM331639,1,0.3274252414703369
32,2,GSM331642,1,0.4870966076850891
32,2,GSM331643,1,0.6684210300445557
32,2,GSM331644,1,0.3632519841194153
32,2,GSM331646,1,0.33568674325942993
32,2,GSM331652,1,0.7038648128509521
32,2,GSM331657,1,0.4827752411365509
32,2,GSM331658,1,0.5136058926582336
33,1,GSM331660,0,0.510378360748291
33,1,GSM331664,0,0.43845871090888977
33,1,GSM331665,0,0.6207560896873474
33,1,GSM331666,0,0.32203009724617004
33,1,GSM331668,0,0.8225022554397583
33,1,GSM331669,0,0.8382624983787537
33,1,GSM331670,0,0.4507715702056885
33,1,GSM331674,0,0.7349891662597656
33,1,GSM331677,0,0.5131864547729492
33,1,GSM331678,0,0.44557297229766846
33,1,GSM331681,0,0.4514310359954834
33,1,GSM331682,0,0.4055022895336151
33,1,GSM331687,0,0.565424382686615
33,1,GSM331688,0,0.8390151858329773
33,1,GSM331689,0,0.7080665230751038
33,1,GSM331691,0,0.5101750493049622
33,1,GSM331693,0,0.35979434847831726
33,1,GSM331696,0,0.606909990310669
33,1,GSM331699,0,0.4196799099445343
33,1,GSM331700,0,0.4163842499256134
33,1,GSM331707,0,0.389911949634552
33,1,GSM331710,0,0.3243701756000519
33,1,GSM331715,0,0.5168492794036865
33,1,GSM331716,0,0.7754548192024231
33,1,GSM331717,0,0.47118625044822693
33,1,GSM331718,0,0.6566922664642334
33,1,GSM331719,0,0.1515912115573883
33,1,GSM331720,0,0.533317506313324
33,1,GSM331721,0,0.778622567653656
33,1,GSM331722,0,0.5795854926109314
33,1,GSM331723,0,0.5576963424682617
33,1,GSM331725,0,0.6668075323104858
33,1,GSM331727,0,0.5415822863578796
33,1,GSM331728,0,0.49253836274147034
33,1,GSM331729,0,0.37796342372894287
33,1,GSM331731,0,0.7989919781684875
33,1,GSM331732,0,0.6666345596313477
33,1,GSM331453,1,0.3258308172225952
33,1,GSM331456,1,0.5315403938293457
33,1,GSM331457,1,0.5289000272750854
33,1,GSM331458,1,0.49208590388298035
33,1,GSM331460,1,0.6869425177574158
33,1,GSM331466,1,0.6560490727424622
33,1,GSM331467,1,0.4729018807411194
33,1,GSM331469,1,0.6861811280250549
33,1,GSM331471,1,0.6174300312995911
33,1,GSM331473,1,0.5552510619163513
33,1,GSM331475,1,0.5165004134178162
33,1,GSM331476,1,0.6641714572906494
33,1,GSM331477,1,0.5832501649856567
33,1,GSM331478,1,0.530680239200592
33,1,GSM331479,1,0.5325882434844971
33,1,GSM331481,1,0.7769685387611389
33,1,GSM331487,1,0.7893874049186707
33,1,GSM331489,1,0.6911426782608032
33,1,GSM331490,1,0.3658260405063629
33,1,GSM331491,1,0.5703176259994507
33,1,GSM331493,1,0.18133458495140076
33,1,GSM331496,1,0.4042656719684601
33,1,GSM331497,1,0.4432276487350464
33,1,GSM331499,1,0.6335856318473816
33,1,GSM331500,1,0.4011117219924927
33,1,GSM331505,1,0.6420239806175232
33,1,GSM331507,1,0.31296154856681824
33,1,GSM331508,1,0.6578313112258911
33,1,GSM331509,1,0.41989678144454956
33,1,GSM331510,1,0.7673945426940918
33,1,GSM331511,1,0.749703049659729
33,1,GSM331512,1,0.5634795427322388
33,1,GSM331513,1,0.7605584859848022
33,1,GSM331514,1,0.39117631316185
33,1,GSM331516,1,0.7592054009437561
33,1,GSM331521,1,0.45045408606529236
33,1,GSM331523,1,0.566780686378479
33,1,GSM331530,1,0.648605465888977
33,1,GSM331533,1,0.7224299311637878
33,1,GSM331534,1,0.6905413866043091
33,1,GSM331535,1,0.33814048767089844
33,1,GSM331543,1,0.2635100781917572
33,1,GSM331544,1,0.22986988723278046
33,1,GSM331545,1,0.41691669821739197
33,1,GSM331546,1,0.28470510244369507
33,1,GSM331547,1,0.4669913053512573
33,1,GSM331550,1,0.5085236430168152
33,1,GSM331552,1,0.2674441933631897
33,1,GSM331555,1,0.4134100675582886
33,1,GSM331556,1,0.7996742129325867
33,1,GSM331559,1,0.8428220748901367
33,1,GSM331561,1,0.8404514789581299
33,1,GSM331562,1,0.6686400175094604
33,1,GSM331564,1,0.5346986055374146
33,1,GSM331565,1,0.5414487719535828
33,1,GSM331567,1,0.3821316659450531
33,1,GSM331570,1,0.2871210277080536
33,1,GSM331571,1,0.723564863204956
33,1,GSM331572,1,0.47646215558052063
33,1,GSM331573,1,0.7022923827171326
33,1,GSM331575,1,0.37151941657066345
33,1,GSM331576,1,0.7150278091430664
33,1,GSM331578,1,0.5101901292800903
33,1,GSM331580,1,0.6950991749763489
33,1,GSM331584,1,0.19357343018054962
33,1,GSM331585,1,0.41785284876823425
33,1,GSM331589,1,0.5901437401771545
33,1,GSM331591,1,0.877825140953064
33,1,GSM331592,1,0.680766224861145
33,1,GSM331594,1,0.5600700378417969
33,1,GSM331597,1,0.3917907476425171
33,1,GSM331600,1,0.7588818669319153
33,1,GSM331601,1,0.574396014213562
33,1,GSM331604,1,0.41154348850250244
33,1,GSM331607,1,0.7756986021995544
33,1,GSM331608,1,0.35153064131736755
33,1,GSM331609,1,0.33705782890319824
33,1,GSM331610,1,0.7946420907974243
33,1,GSM331612,1,0.6566474437713623
33,1,GSM331614,1,0.5983915328979492
33,1,GSM331616,1,0.6433228254318237
33,1,GSM331617,1,0.7110939025878906
33,1,GSM331618,1,0.38452303409576416
33,1,GSM331619,1,0.44796720147132874
33,1,GSM331620,1,0.4421371817588806
33,1,GSM331621,1,0.370290607213974
33,1,GSM331622,1,0.6198476552963257
33,1,GSM331626,1,0.17689231038093567
33,1,GSM331629,1,0.39939871430397034
33,1,GSM331632,1,0.15021102130413055
33,1,GSM331633,1,0.39208418130874634
33,1,GSM331634,1,0.5341310501098633
33,1,GSM331635,1,0.3443596065044403
33,1,GSM331637,1,0.506325900554657
33,1,GSM331639,1,0.3267180919647217
33,1,GSM331640,1,0.3032841980457306
33,1,GSM331643,1,0.9001392126083374
33,1,GSM331644,1,0.2367708384990692
33,1,GSM331646,1,0.4653360843658447
33,1,GSM331647,1,0.77128666639328
33,1,GSM331650,1,0.3909463584423065
33,1,GSM331653,1,0.6558127999305725
33,1,GSM331655,1,0.5179450511932373
33,2,GSM331638,0,0.5209316611289978
33,2,GSM331661,0,0.4092215895652771
33,2,GSM331662,0,0.6381930112838745
33,2,GSM331663,0,0.43894699215888977
33,2,GSM331671,0,0.6705164909362793
33,2,GSM331672,0,0.715294361114502
33,2,GSM331673,0,0.3988613486289978
33,2,GSM331675,0,0.1344044953584671
33,2,GSM331676,0,0.8611294031143188
33,2,GSM331679,0,0.5157855749130249
33,2,GSM331680,0,0.24971488118171692
33,2,GSM331683,0,0.7821025252342224
33,2,GSM331684,0,0.20512732863426208
33,2,GSM331685,0,0.3689776360988617
33,2,GSM331686,0,0.4864407181739807
33,2,GSM331690,0,0.5161501169204712
33,2,GSM331692,0,0.20803065598011017
33,2,GSM331694,0,0.3686063587665558
33,2,GSM331695,0,0.47291091084480286
33,2,GSM331697,0,0.3165305256843567
33,2,GSM331698,0,0.23702406883239746
33,2,GSM331701,0,0.28808632493019104
33,2,GSM331702,0,0.31106844544410706
33,2,GSM331703,0,0.5550422668457031
33,2,GSM331704,0,0.4112626314163208
33,2,GSM331705,0,0.21904562413692474
33,2,GSM331706,0,0.586190938949585
33,2,GSM331708,0,0.42967498302459717
33,2,GSM331709,0,0.3941100537776947
33,2,GSM331711,0,0.8776271343231201
33,2,GSM331712,0,0.405222088098526
33,2,GSM331713,0,0.2903958857059479
33,2,GSM331714,0,0.8337962627410889
33,2,GSM331724,0,0.2450782209634781
33,2,GSM331726,0,0.23645126819610596
33,2,GSM331730,0,0.3176891505718231
33,2,GSM331454,1,0.28391334414482117
33,2,GSM331455,1,0.14755266904830933
33,2,GSM331459,1,0.3961185812950134
33,2,GSM331461,1,0.35230737924575806
33,2,GSM331462,1,0.42342209815979004
33,2,GSM331463,1,0.19009988009929657
33,2,GSM331464,1,0.2360166609287262
33,2,GSM331465,1,0.23444388806819916
33,2,GSM331468,1,0.7678102254867554
33,2,GSM331470,1,0.7779492139816284
33,2,GSM331472,1,0.2190103977918625
33,2,GSM331474,1,0.2636096775531769
33,2,GSM331480,1,0.7866852879524231
33,2,GSM331482,1,0.3297605514526367
33,2,GSM331483,1,0.5736573338508606
33,2,GSM331484,1,0.4348503649234772
33,2,GSM331485,1,0.7276025414466858
33,2,GSM331486,1,0.44638824462890625
33,2,GSM331488,1,0.7045280337333679
33,2,GSM331492,1,0.43038931488990784
33,2,GSM331494,1,0.7954171895980835
33,2,GSM331495,1,0.46050456166267395
33,2,GSM331498,1,0.205372154712677
33,2,GSM331501,1,0.5136588215827942
33,2,GSM331502,1,0.7781985998153687
33,2,GSM331503,1,0.252886027097702
33,2,GSM331504,1,0.3440559208393097
33,2,GSM331506,1,0.6185603737831116
33,2,GSM331515,1,0.5080814361572266
33,2,GSM331517,1,0.46056440472602844
33,2,GSM331518,1,0.34590405225753784
33,2,GSM331519,1,0.36091989278793335
33,2,GSM331520,1,0.2943907082080841
33,2,GSM331522,1,0.3163641393184662
33,2,GSM331524,1,0.5803019404411316
33,2,GSM331525,1,0.5780548453330994
33,2,GSM331526,1,0.3321053385734558
33,2,GSM331527,1,0.2388795167207718
33,2,GSM331528,1,0.7810661196708679
33,2,GSM331529,1,0.3555590808391571
33,2,GSM331531,1,0.3651543855667114
33,2,GSM331532,1,0.1968400627374649
33,2,GSM331536,1,0.5714627504348755
33,2,GSM331537,1,0.24800992012023926
33,2,GSM331538,1,0.12881352007389069
33,2,GSM331539,1,0.4843444228172302
33,2,GSM331540,1,0.3544561564922333
33,2,GSM331541,1,0.4698129892349243
33,2,GSM331542,1,0.2522909641265869
33,2,GSM331548,1,0.7163730263710022
33,2,GSM331549,1,0.5449115037918091
33,2,GSM331551,1,0.4738967716693878
33,2,GSM331553,1,0.8056626915931702
33,2,GSM331554,1,0.3853000998497009
33,2,GSM331557,1,0.43554145097732544
33,2,GSM331558,1,0.22206029295921326
33,2,GSM331560,1,0.18135830760002136
33,2,GSM331563,1,0.6745163202285767
33,2,GSM331566,1,0.7947461009025574
33,2,GSM331568,1,0.5743762254714966
33,2,GSM331569,1,0.4637960195541382
33,2,GSM331574,1,0.501718282699585
33,2,GSM331577,1,0.13301950693130493
33,2,GSM331579,1,0.21707162261009216
33,2,GSM331581,1,0.1597762256860733
33,2,GSM331582,1,0.4648062288761139
33,2,GSM331583,1,0.4723105728626251
33,2,GSM331586,1,0.28224802017211914
33,2,GSM331587,1,0.7439534664154053
33,2,GSM331588,1,0.6807160973548889
33,2,GSM331590,1,0.34022057056427
33,2,GSM331593,1,0.5751383900642395
33,2,GSM331595,1,0.42124396562576294
33,2,GSM331596,1,0.6367819905281067
33,2,GSM331598,1,0.22872759401798248
33,2,GSM331599,1,0.8457587361335754
33,2,GSM331602,1,0.5179612040519714
33,2,GSM331603,1,0.40995797514915466
33,2,GSM331605,1,0.5188319683074951
33,2,GSM331606,1,0.1911931335926056
33,2,GSM331611,1,0.7355413436889648
33,2,GSM331613,1,0.5819982886314392
33,2,GSM331615,1,0.2991223633289337
33,2,GSM331623,1,0.4083215296268463
33,2,GSM331624,1,0.6851860284805298
33,2,GSM331625,1,0.47151613235473633
33,2,GSM331627,1,0.21741756796836853
33,2,GSM331628,1,0.5042552351951599
33,2,GSM331630,1,0.44845935702323914
33,2,GSM331631,1,0.1700388491153717
33,2,GSM331636,1,0.2199426293373108
33,2,GSM331641,1,0.32695144414901733
33,2,GSM331642,1,0.5153378844261169
33,2,GSM331645,1,0.28485265374183655
33,2,GSM331648,1,0.16063866019248962
33,2,GSM331649,1,0.7713862657546997
33,2,GSM331651,1,0.5794700384140015
33,2,GSM331652,1,0.8410768508911133
33,2,GSM331654,1,0.635284423828125
33,2,GSM331656,1,0.20303018391132355
33,2,GSM331657,1,0.3253163695335388
33,2,GSM331658,1,0.3458029329776764
33,2,GSM331659,1,0.3885037899017334
34,1,GSM331660,0,0.2483401894569397
34,1,GSM331662,0,0.34480971097946167
34,1,GSM331666,0,0.31722354888916016
34,1,GSM331668,0,0.5087531805038452
34,1,GSM331669,0,0.7093068361282349
34,1,GSM331670,0,0.5633337497711182
34,1,GSM331671,0,0.6915401220321655
34,1,GSM331672,0,0.6834689974784851
34,1,GSM331674,0,0.47805625200271606
34,1,GSM331676,0,0.6407513618469238
34,1,GSM331681,0,0.6179261207580566
34,1,GSM331682,0,0.6940572261810303
34,1,GSM331683,0,0.8150851726531982
34,1,GSM331684,0,0.4817214012145996
34,1,GSM331685,0,0.23808293044567108
34,1,GSM331686,0,0.7525808215141296
34,1,GSM331690,0,0.42340725660324097
34,1,GSM331691,0,0.4986494481563568
34,1,GSM331696,0,0.24208825826644897
34,1,GSM331698,0,0.21792228519916534
34,1,GSM331699,0,0.4141862094402313
34,1,GSM331700,0,0.4204421639442444
34,1,GSM331702,0,0.6439561247825623
34,1,GSM331703,0,0.2785772681236267
34,1,GSM331710,0,0.4508519470691681
34,1,GSM331711,0,0.4248878061771393
34,1,GSM331712,0,0.6869149804115295
34,1,GSM331713,0,0.5100557208061218
34,1,GSM331714,0,0.71491539478302
34,1,GSM331716,0,0.9129350185394287
34,1,GSM331718,0,0.6723105311393738
34,1,GSM331723,0,0.6768198013305664
34,1,GSM331724,0,0.398400217294693
34,1,GSM331726,0,0.1884327530860901
34,1,GSM331727,0,0.4416881203651428
34,1,GSM331728,0,0.21792399883270264
34,1,GSM331730,0,0.5650802254676819
34,1,GSM331454,1,0.34822216629981995
34,1,GSM331456,1,0.46267807483673096
34,1,GSM331457,1,0.5210859179496765
34,1,GSM331458,1,0.3917914032936096
34,1,GSM331460,1,0.3491143584251404
34,1,GSM331462,1,0.38114139437675476
34,1,GSM331464,1,0.27954769134521484
34,1,GSM331465,1,0.29430150985717773
34,1,GSM331469,1,0.43860387802124023
34,1,GSM331470,1,0.5240446925163269
34,1,GSM331472,1,0.373035728931427
34,1,GSM331473,1,0.5144803524017334
34,1,GSM331476,1,0.4126688241958618
34,1,GSM331480,1,0.4720652997493744
34,1,GSM331481,1,0.2847227156162262
34,1,GSM331483,1,0.5681084990501404
34,1,GSM331484,1,0.2277570515871048
34,1,GSM331487,1,0.6285110116004944
34,1,GSM331488,1,0.5013815760612488
34,1,GSM331491,1,0.36045730113983154
34,1,GSM331494,1,0.6083362698554993
34,1,GSM331495,1,0.25854846835136414
34,1,GSM331496,1,0.4039191007614136
34,1,GSM331498,1,0.3129832446575165
34,1,GSM331501,1,0.46522852778434753
34,1,GSM331502,1,0.6719205379486084
34,1,GSM331503,1,0.4154065251350403
34,1,GSM331509,1,0.3006953299045563
34,1,GSM331513,1,0.6491258144378662
34,1,GSM331514,1,0.2621787488460541
34,1,GSM331516,1,0.6444604992866516
34,1,GSM331517,1,0.416599839925766
34,1,GSM331519,1,0.24412798881530762
34,1,GSM331521,1,0.2323576658964157
34,1,GSM331524,1,0.3501024842262268
34,1,GSM331526,1,0.46517711877822876
34,1,GSM331528,1,0.5419206619262695
34,1,GSM331531,1,0.56963050365448
34,1,GSM331533,1,0.40001580119132996
34,1,GSM331536,1,0.45751893520355225
34,1,GSM331537,1,0.4357609748840332
34,1,GSM331539,1,0.26045218110084534
34,1,GSM331541,1,0.558136522769928
34,1,GSM331544,1,0.1952829509973526
34,1,GSM331545,1,0.5253505706787109
34,1,GSM331547,1,0.39253562688827515
34,1,GSM331548,1,0.41812485456466675
34,1,GSM331550,1,0.2259785532951355
34,1,GSM331553,1,0.7521688342094421
34,1,GSM331558,1,0.3890480101108551
34,1,GSM331560,1,0.3636193871498108
34,1,GSM331562,1,0.43021607398986816
34,1,GSM331563,1,0.44839394092559814
34,1,GSM331566,1,0.4643893837928772
34,1,GSM331567,1,0.27725592255592346
34,1,GSM331570,1,0.61479252576828
34,1,GSM331572,1,0.6913261413574219
34,1,GSM331576,1,0.714051365852356
34,1,GSM331578,1,0.5126933455467224
34,1,GSM331580,1,0.4368641674518585
34,1,GSM331581,1,0.30399614572525024
34,1,GSM331582,1,0.4008907973766327
34,1,GSM331583,1,0.3762408196926117
34,1,GSM331584,1,0.43343520164489746
34,1,GSM331588,1,0.5091416835784912
34,1,GSM331593,1,0.4306911528110504
34,1,GSM331595,1,0.553203821182251
34,1,GSM331596,1,0.37772318720817566
34,1,GSM331597,1,0.42408379912376404
34,1,GSM331600,1,0.6607009172439575
34,1,GSM331602,1,0.30252745747566223
34,1,GSM331606,1,0.27157455682754517
34,1,GSM331609,1,0.3690548539161682
34,1,GSM331613,1,0.2902086079120636
34,1,GSM331616,1,0.5864171385765076
34,1,GSM331617,1,0.7309653759002686
34,1,GSM331621,1,0.4717852473258972
34,1,GSM331622,1,0.8033364415168762
34,1,GSM331623,1,0.36618703603744507
34,1,GSM331624,1,0.31673121452331543
34,1,GSM331626,1,0.18539047241210938
34,1,GSM331627,1,0.471679151058197
34,1,GSM331628,1,0.28546711802482605
34,1,GSM331629,1,0.23207426071166992
34,1,GSM331630,1,0.3345181345939636
34,1,GSM331632,1,0.30762162804603577
34,1,GSM331633,1,0.3373628854751587
34,1,GSM331634,1,0.2858712673187256
34,1,GSM331635,1,0.22062033414840698
34,1,GSM331636,1,0.3425337076187134
34,1,GSM331637,1,0.4322119355201721
34,1,GSM331639,1,0.2373591959476471
34,1,GSM331640,1,0.15177641808986664
34,1,GSM331641,1,0.41482043266296387
34,1,GSM331643,1,0.612386167049408
34,1,GSM331645,1,0.3815610110759735
34,1,GSM331648,1,0.36737117171287537
34,1,GSM331649,1,0.25252217054367065
34,1,GSM331650,1,0.3711172044277191
34,1,GSM331651,1,0.3711276948451996
34,1,GSM331653,1,0.40224528312683105
34,1,GSM331654,1,0.7584631443023682
34,1,GSM331655,1,0.4925914704799652
34,2,GSM331638,0,0.4550115764141083
34,2,GSM331661,0,0.6252388954162598
34,2,GSM331663,0,0.32037559151649475
34,2,GSM331664,0,0.306167334318161
34,2,GSM331665,0,0.4386298358440399
34,2,GSM331673,0,0.4511309266090393
34,2,GSM331675,0,0.3273851275444031
34,2,GSM331677,0,0.2931572198867798
34,2,GSM331678,0,0.26607462763786316
34,2,GSM331679,0,0.47698959708213806
34,2,GSM331680,0,0.5548142194747925
34,2,GSM331687,0,0.3175497353076935
34,2,GSM331688,0,0.5198929905891418
34,2,GSM331689,0,0.3791605234146118
34,2,GSM331692,0,0.30418094992637634
34,2,GSM331693,0,0.7567284107208252
34,2,GSM331694,0,0.4499989151954651
34,2,GSM331695,0,0.34263357520103455
34,2,GSM331697,0,0.40482714772224426
34,2,GSM331701,0,0.314990758895874
34,2,GSM331704,0,0.6478757262229919
34,2,GSM331705,0,0.6260619759559631
34,2,GSM331706,0,0.6619924902915955
34,2,GSM331707,0,0.5046834349632263
34,2,GSM331708,0,0.6974260210990906
34,2,GSM331709,0,0.43727773427963257
34,2,GSM331715,0,0.27948182821273804
34,2,GSM331717,0,0.789417564868927
34,2,GSM331719,0,0.3890461027622223
34,2,GSM331720,0,0.3828195333480835
34,2,GSM331721,0,0.6777650117874146
34,2,GSM331722,0,0.4946635961532593
34,2,GSM331725,0,0.4726419448852539
34,2,GSM331729,0,0.23669590055942535
34,2,GSM331731,0,0.45407599210739136
34,2,GSM331732,0,0.5558426380157471
34,2,GSM331453,1,0.5190836787223816
34,2,GSM331455,1,0.29642701148986816
34,2,GSM331459,1,0.54262775182724
34,2,GSM331461,1,0.33646342158317566
34,2,GSM331463,1,0.27099794149398804
34,2,GSM331466,1,0.508265495300293
34,2,GSM331467,1,0.4486265778541565
34,2,GSM331468,1,0.4832799434661865
34,2,GSM331471,1,0.6177511215209961
34,2,GSM331474,1,0.3756674826145172
34,2,GSM331475,1,0.4903290271759033
34,2,GSM331477,1,0.32704246044158936
34,2,GSM331478,1,0.5997610092163086
34,2,GSM331479,1,0.5248711109161377
34,2,GSM331482,1,0.4216656982898712
34,2,GSM331485,1,0.7742104530334473
34,2,GSM331486,1,0.4665960371494293
34,2,GSM331489,1,0.5354573130607605
34,2,GSM331490,1,0.36597979068756104
34,2,GSM331492,1,0.24107719957828522
34,2,GSM331493,1,0.23824064433574677
34,2,GSM331497,1,0.4340885281562805
34,2,GSM331499,1,0.5566890835762024
34,2,GSM331500,1,0.4604451060295105
34,2,GSM331504,1,0.48189929127693176
34,2,GSM331505,1,0.4622301459312439
34,2,GSM331506,1,0.6303008794784546
34,2,GSM331507,1,0.1933051347732544
34,2,GSM331508,1,0.3499980568885803
34,2,GSM331510,1,0.4079206883907318
34,2,GSM331511,1,0.6367449760437012
34,2,GSM331512,1,0.4579472541809082
34,2,GSM331515,1,0.35736435651779175
34,2,GSM331518,1,0.44048917293548584
34,2,GSM331520,1,0.46975576877593994
34,2,GSM331522,1,0.42418354749679565
34,2,GSM331523,1,0.6582272052764893
34,2,GSM331525,1,0.4808092713356018
34,2,GSM331527,1,0.3671044111251831
34,2,GSM331529,1,0.26721957325935364
34,2,GSM331530,1,0.3479069471359253
34,2,GSM331532,1,0.47243228554725647
34,2,GSM331534,1,0.6134639978408813
34,2,GSM331535,1,0.3921334743499756
34,2,GSM331538,1,0.2786867320537567
34,2,GSM331540,1,0.48448634147644043
34,2,GSM331542,1,0.477347195148468
34,2,GSM331543,1,0.6981329917907715
34,2,GSM331546,1,0.5881460309028625
34,2,GSM331549,1,0.6474660634994507
34,2,GSM331551,1,0.36365237832069397
34,2,GSM331552,1,0.4135372042655945
34,2,GSM331554,1,0.46233275532722473
34,2,GSM331555,1,0.2404959350824356
34,2,GSM331556,1,0.26629072427749634
34,2,GSM331557,1,0.6228215098381042
34,2,GSM331559,1,0.7001555562019348
34,2,GSM331561,1,0.5358618497848511
34,2,GSM331564,1,0.38879162073135376
34,2,GSM331565,1,0.5689054727554321
34,2,GSM331568,1,0.4582497775554657
34,2,GSM331569,1,0.4875836670398712
34,2,GSM331571,1,0.34139469265937805
34,2,GSM331573,1,0.6908247470855713
34,2,GSM331574,1,0.381264328956604
34,2,GSM331575,1,0.7395129203796387
34,2,GSM331577,1,0.5010632276535034
34,2,GSM331579,1,0.46894288063049316
34,2,GSM331585,1,0.7461381554603577
34,2,GSM331586,1,0.46160757541656494
34,2,GSM331587,1,0.4134044349193573
34,2,GSM331589,1,0.5424695611000061
34,2,GSM331590,1,0.3864925503730774
34,2,GSM331591,1,0.4704034924507141
34,2,GSM331592,1,0.49554041028022766
34,2,GSM331594,1,0.354696661233902
34,2,GSM331598,1,0.5149805545806885
34,2,GSM331599,1,0.6580010056495667
34,2,GSM331601,1,0.4042576849460602
34,2,GSM331603,1,0.3800117075443268
34,2,GSM331604,1,0.4670904278755188
34,2,GSM331605,1,0.49567967653274536
34,2,GSM331607,1,0.6563273668289185
34,2,GSM331608,1,0.288036972284317
34,2,GSM331610,1,0.5465391278266907
34,2,GSM331611,1,0.5964115858078003
34,2,GSM331612,1,0.4364621937274933
34,2,GSM331614,1,0.3567076325416565
34,2,GSM331615,1,0.3754246234893799
34,2,GSM331618,1,0.5808992385864258
34,2,GSM331619,1,0.2940160930156708
34,2,GSM331620,1,0.5645939111709595
34,2,GSM331625,1,0.5178499221801758
34,2,GSM331631,1,0.2637614607810974
34,2,GSM331642,1,0.36727505922317505
34,2,GSM331644,1,0.5031048059463501
34,2,GSM331646,1,0.25133654475212097
34,2,GSM331647,1,0.36883461475372314
34,2,GSM331652,1,0.5198008418083191
34,2,GSM331656,1,0.40232962369918823
34,2,GSM331657,1,0.6717091798782349
34,2,GSM331658,1,0.49930715560913086
34,2,GSM331659,1,0.5426182746887207
35,1,GSM331661,0,0.5766658782958984
35,1,GSM331662,0,0.5782538056373596
35,1,GSM331663,0,0.3522696793079376
35,1,GSM331665,0,0.5414499640464783
35,1,GSM331669,0,0.7472701668739319
35,1,GSM331670,0,0.5045862197875977
35,1,GSM331671,0,0.7100714445114136
35,1,GSM331674,0,0.49575507640838623
35,1,GSM331676,0,0.6077733635902405
35,1,GSM331677,0,0.4309723675251007
35,1,GSM331679,0,0.4538297951221466
35,1,GSM331685,0,0.3007080554962158
35,1,GSM331686,0,0.6460853815078735
35,1,GSM331687,0,0.3356413245201111
35,1,GSM331690,0,0.39923790097236633
35,1,GSM331691,0,0.46098875999450684
35,1,GSM331693,0,0.638933539390564
35,1,GSM331696,0,0.30593299865722656
35,1,GSM331698,0,0.24458490312099457
35,1,GSM331699,0,0.4128672182559967
35,1,GSM331701,0,0.3212277889251709
35,1,GSM331703,0,0.40361088514328003
35,1,GSM331704,0,0.5909737348556519
35,1,GSM331711,0,0.7213425636291504
35,1,GSM331713,0,0.41888877749443054
35,1,GSM331714,0,0.7485015392303467
35,1,GSM331715,0,0.3341726064682007
35,1,GSM331716,0,0.8581950068473816
35,1,GSM331718,0,0.6990687251091003
35,1,GSM331719,0,0.21386133134365082
35,1,GSM331720,0,0.4360619783401489
35,1,GSM331721,0,0.7226252555847168
35,1,GSM331723,0,0.60763019323349
35,1,GSM331724,0,0.44910362362861633
35,1,GSM331728,0,0.3188202977180481
35,1,GSM331730,0,0.5983022451400757
35,1,GSM331731,0,0.709697425365448
35,1,GSM331454,1,0.3505379855632782
35,1,GSM331455,1,0.15842391550540924
35,1,GSM331456,1,0.6088598370552063
35,1,GSM331459,1,0.5533267259597778
35,1,GSM331460,1,0.5725157260894775
35,1,GSM331463,1,0.3816426694393158
35,1,GSM331465,1,0.4032009243965149
35,1,GSM331466,1,0.6789085865020752
35,1,GSM331467,1,0.28830599784851074
35,1,GSM331470,1,0.7018491625785828
35,1,GSM331471,1,0.5696414113044739
35,1,GSM331472,1,0.40789416432380676
35,1,GSM331474,1,0.4426618218421936
35,1,GSM331475,1,0.567213773727417
35,1,GSM331477,1,0.35013362765312195
35,1,GSM331482,1,0.32576191425323486
35,1,GSM331483,1,0.6526194214820862
35,1,GSM331484,1,0.3313712179660797
35,1,GSM331485,1,0.6764250993728638
35,1,GSM331486,1,0.5988956689834595
35,1,GSM331487,1,0.7631856203079224
35,1,GSM331488,1,0.7012314796447754
35,1,GSM331489,1,0.5127941370010376
35,1,GSM331490,1,0.4131164848804474
35,1,GSM331492,1,0.3679077923297882
35,1,GSM331498,1,0.2822192311286926
35,1,GSM331502,1,0.7808803915977478
35,1,GSM331504,1,0.5211516618728638
35,1,GSM331507,1,0.2808942198753357
35,1,GSM331510,1,0.4927680790424347
35,1,GSM331515,1,0.487626314163208
35,1,GSM331518,1,0.5076065063476562
35,1,GSM331519,1,0.3990361988544464
35,1,GSM331520,1,0.4210471212863922
35,1,GSM331523,1,0.7125388979911804
35,1,GSM331525,1,0.6270929574966431
35,1,GSM331526,1,0.5173929333686829
35,1,GSM331529,1,0.45195379853248596
35,1,GSM331530,1,0.5246478319168091
35,1,GSM331532,1,0.28980520367622375
35,1,GSM331534,1,0.6823581457138062
35,1,GSM331535,1,0.393564909696579
35,1,GSM331538,1,0.21470797061920166
35,1,GSM331539,1,0.3686213195323944
35,1,GSM331540,1,0.5780314207077026
35,1,GSM331543,1,0.5129660367965698
35,1,GSM331549,1,0.7358649969100952
35,1,GSM331551,1,0.48913004994392395
35,1,GSM331552,1,0.27783647179603577
35,1,GSM331557,1,0.6323648691177368
35,1,GSM331558,1,0.21126265823841095
35,1,GSM331559,1,0.7045820951461792
35,1,GSM331560,1,0.29284730553627014
35,1,GSM331561,1,0.581121027469635
35,1,GSM331563,1,0.5175174474716187
35,1,GSM331564,1,0.42740926146507263
35,1,GSM331570,1,0.5538855195045471
35,1,GSM331571,1,0.46425125002861023
35,1,GSM331577,1,0.2747902274131775
35,1,GSM331578,1,0.47793760895729065
35,1,GSM331580,1,0.5938805937767029
35,1,GSM331581,1,0.3106904923915863
35,1,GSM331584,1,0.4209018647670746
35,1,GSM331586,1,0.3500909209251404
35,1,GSM331589,1,0.5441239476203918
35,1,GSM331590,1,0.4903685450553894
35,1,GSM331591,1,0.7484930157661438
35,1,GSM331592,1,0.542574405670166
35,1,GSM331593,1,0.5638615489006042
35,1,GSM331596,1,0.6472952961921692
35,1,GSM331598,1,0.40609726309776306
35,1,GSM331600,1,0.7203373312950134
35,1,GSM331601,1,0.5640522837638855
35,1,GSM331602,1,0.44897761940956116
35,1,GSM331604,1,0.4027515649795532
35,1,GSM331606,1,0.2249501794576645
35,1,GSM331607,1,0.6964083909988403
35,1,GSM331610,1,0.5526086688041687
35,1,GSM331612,1,0.5599330067634583
35,1,GSM331613,1,0.44266462326049805
35,1,GSM331614,1,0.4483771324157715
35,1,GSM331619,1,0.27249419689178467
35,1,GSM331623,1,0.5431934595108032
35,1,GSM331624,1,0.5854834914207458
35,1,GSM331625,1,0.39383962750434875
35,1,GSM331627,1,0.35381558537483215
35,1,GSM331629,1,0.32166025042533875
35,1,GSM331631,1,0.2597574293613434
35,1,GSM331632,1,0.2682868242263794
35,1,GSM331634,1,0.3695273697376251
35,1,GSM331635,1,0.3529711961746216
35,1,GSM331636,1,0.3173680603504181
35,1,GSM331639,1,0.4004279375076294
35,1,GSM331642,1,0.4622196853160858
35,1,GSM331643,1,0.7318574786186218
35,1,GSM331644,1,0.264199435710907
35,1,GSM331645,1,0.367258757352829
35,1,GSM331646,1,0.27245476841926575
35,1,GSM331652,1,0.6439961791038513
35,1,GSM331655,1,0.5629310607910156
35,1,GSM331656,1,0.3449668884277344
35,1,GSM331657,1,0.6303465962409973
35,1,GSM331659,1,0.5189053416252136
35,2,GSM331638,0,0.49870944023132324
35,2,GSM331660,0,0.32704487442970276
35,2,GSM331664,0,0.2784788906574249
35,2,GSM331666,0,0.3567196726799011
35,2,GSM331668,0,0.5881630778312683
35,2,GSM331672,0,0.6191743016242981
35,2,GSM331673,0,0.5480385422706604
35,2,GSM331675,0,0.3182150721549988
35,2,GSM331678,0,0.313791960477829
35,2,GSM331680,0,0.6635987162590027
35,2,GSM331681,0,0.5968486666679382
35,2,GSM331682,0,0.5186505913734436
35,2,GSM331683,0,0.8722907304763794
35,2,GSM331684,0,0.43295156955718994
35,2,GSM331688,0,0.7260218262672424
35,2,GSM331689,0,0.6565130949020386
35,2,GSM331692,0,0.35208627581596375
35,2,GSM331694,0,0.675540566444397
35,2,GSM331695,0,0.25037431716918945
35,2,GSM331697,0,0.38304704427719116
35,2,GSM331700,0,0.3276855945587158
35,2,GSM331702,0,0.4443589448928833
35,2,GSM331705,0,0.4891250431537628
35,2,GSM331706,0,0.6592845320701599
35,2,GSM331707,0,0.33879354596138
35,2,GSM331708,0,0.692669689655304
35,2,GSM331709,0,0.3587571084499359
35,2,GSM331710,0,0.5105560421943665
35,2,GSM331712,0,0.49711742997169495
35,2,GSM331717,0,0.6722517013549805
35,2,GSM331722,0,0.6920798420906067
35,2,GSM331725,0,0.4858696162700653
35,2,GSM331726,0,0.21908897161483765
35,2,GSM331727,0,0.4947983920574188
35,2,GSM331729,0,0.318022221326828
35,2,GSM331732,0,0.5814298987388611
35,2,GSM331453,1,0.4326958954334259
35,2,GSM331457,1,0.49420878291130066
35,2,GSM331458,1,0.5338227152824402
35,2,GSM331461,1,0.5098187923431396
35,2,GSM331462,1,0.4492025077342987
35,2,GSM331464,1,0.3072650730609894
35,2,GSM331468,1,0.5025752782821655
35,2,GSM331469,1,0.37161722779273987
35,2,GSM331473,1,0.4896906018257141
35,2,GSM331476,1,0.5134316086769104
35,2,GSM331478,1,0.639004111289978
35,2,GSM331479,1,0.5740918517112732
35,2,GSM331480,1,0.5839600563049316
35,2,GSM331481,1,0.35806605219841003
35,2,GSM331491,1,0.4864714741706848
35,2,GSM331493,1,0.23646816611289978
35,2,GSM331494,1,0.7637646198272705
35,2,GSM331495,1,0.3100075125694275
35,2,GSM331496,1,0.37645840644836426
35,2,GSM331497,1,0.533257246017456
35,2,GSM331499,1,0.5777423977851868
35,2,GSM331500,1,0.41776248812675476
35,2,GSM331501,1,0.48043882846832275
35,2,GSM331503,1,0.41451433300971985
35,2,GSM331505,1,0.42952799797058105
35,2,GSM331506,1,0.5366559624671936
35,2,GSM331508,1,0.46678048372268677
35,2,GSM331509,1,0.40215957164764404
35,2,GSM331511,1,0.7275891304016113
35,2,GSM331512,1,0.6049014925956726
35,2,GSM331513,1,0.7293254733085632
35,2,GSM331514,1,0.3669455647468567
35,2,GSM331516,1,0.7570984363555908
35,2,GSM331517,1,0.6749796271324158
35,2,GSM331521,1,0.3114309310913086
35,2,GSM331522,1,0.5731418132781982
35,2,GSM331524,1,0.2667044699192047
35,2,GSM331527,1,0.269747257232666
35,2,GSM331528,1,0.5626078248023987
35,2,GSM331531,1,0.5506322979927063
35,2,GSM331533,1,0.552489697933197
35,2,GSM331536,1,0.5120947957038879
35,2,GSM331537,1,0.39638543128967285
35,2,GSM331541,1,0.5419173836708069
35,2,GSM331542,1,0.4204571545124054
35,2,GSM331544,1,0.20802602171897888
35,2,GSM331545,1,0.5167260766029358
35,2,GSM331546,1,0.5221121907234192
35,2,GSM331547,1,0.5566096305847168
35,2,GSM331548,1,0.4394048750400543
35,2,GSM331550,1,0.35743677616119385
35,2,GSM331553,1,0.6317577958106995
35,2,GSM331554,1,0.47512394189834595
35,2,GSM331555,1,0.2614677846431732
35,2,GSM331556,1,0.4436153769493103
35,2,GSM331562,1,0.48606494069099426
35,2,GSM331565,1,0.6331832408905029
35,2,GSM331566,1,0.5299327373504639
35,2,GSM331567,1,0.2738131582736969
35,2,GSM331568,1,0.6360558271408081
35,2,GSM331569,1,0.4304109513759613
35,2,GSM331572,1,0.5373889803886414
35,2,GSM331573,1,0.6289794445037842
35,2,GSM331574,1,0.6015868186950684
35,2,GSM331575,1,0.5600699186325073
35,2,GSM331576,1,0.7417376041412354
35,2,GSM331579,1,0.5105640292167664
35,2,GSM331582,1,0.44355088472366333
35,2,GSM331583,1,0.3547172248363495
35,2,GSM331585,1,0.5790174007415771
35,2,GSM331587,1,0.6616178154945374
35,2,GSM331588,1,0.5143917798995972
35,2,GSM331594,1,0.5174424052238464
35,2,GSM331595,1,0.43232572078704834
35,2,GSM331597,1,0.43396511673927307
35,2,GSM331599,1,0.6995456218719482
35,2,GSM331603,1,0.5867636799812317
35,2,GSM331605,1,0.5084155201911926
35,2,GSM331608,1,0.37836891412734985
35,2,GSM331609,1,0.43915221095085144
35,2,GSM331611,1,0.7042604684829712
35,2,GSM331615,1,0.370954304933548
35,2,GSM331616,1,0.5481024384498596
35,2,GSM331617,1,0.678943395614624
35,2,GSM331618,1,0.4311509430408478
35,2,GSM331620,1,0.4865785837173462
35,2,GSM331621,1,0.5092650651931763
35,2,GSM331622,1,0.6689422726631165
35,2,GSM331626,1,0.2272176444530487
35,2,GSM331628,1,0.4107629656791687
35,2,GSM331630,1,0.4650178551673889
35,2,GSM331633,1,0.4071391224861145
35,2,GSM331637,1,0.43494537472724915
35,2,GSM331640,1,0.14370931684970856
35,2,GSM331641,1,0.4204407334327698
35,2,GSM331647,1,0.7050478458404541
35,2,GSM331648,1,0.33771052956581116
35,2,GSM331649,1,0.416438490152359
35,2,GSM331650,1,0.4778595268726349
35,2,GSM331651,1,0.6038925647735596
35,2,GSM331653,1,0.43802738189697266
35,2,GSM331654,1,0.7171342968940735
35,2,GSM331658,1,0.44479283690452576
36,1,GSM331661,0,0.5628436207771301
36,1,GSM331663,0,0.32343772053718567
36,1,GSM331665,0,0.6825901865959167
36,1,GSM331669,0,0.8283467292785645
36,1,GSM331670,0,0.3795926868915558
36,1,GSM331677,0,0.3712337017059326
36,1,GSM331681,0,0.6330072283744812
36,1,GSM331682,0,0.49077850580215454
36,1,GSM331685,0,0.4475483298301697
36,1,GSM331686,0,0.6270689368247986
36,1,GSM331688,0,0.6738561987876892
36,1,GSM331689,0,0.5387409925460815
36,1,GSM331690,0,0.40625616908073425
36,1,GSM331694,0,0.6015109419822693
36,1,GSM331697,0,0.4499610662460327
36,1,GSM331700,0,0.484906941652298
36,1,GSM331703,0,0.502512514591217
36,1,GSM331704,0,0.6409233212471008
36,1,GSM331706,0,0.7062593102455139
36,1,GSM331707,0,0.42837223410606384
36,1,GSM331708,0,0.602929949760437
36,1,GSM331710,0,0.3324451446533203
36,1,GSM331711,0,0.8476009368896484
36,1,GSM331712,0,0.4444968104362488
36,1,GSM331713,0,0.5024285316467285
36,1,GSM331715,0,0.2394239753484726
36,1,GSM331716,0,0.8663666248321533
36,1,GSM331718,0,0.7521438598632812
36,1,GSM331719,0,0.22473230957984924
36,1,GSM331720,0,0.5166151523590088
36,1,GSM331722,0,0.7256563901901245
36,1,GSM331723,0,0.5633072257041931
36,1,GSM331725,0,0.6321230530738831
36,1,GSM331726,0,0.3536982238292694
36,1,GSM331727,0,0.7442682981491089
36,1,GSM331729,0,0.3403882384300232
36,1,GSM331731,0,0.71475750207901
36,1,GSM331453,1,0.4096858501434326
36,1,GSM331454,1,0.36030176281929016
36,1,GSM331455,1,0.1306845247745514
36,1,GSM331456,1,0.43327760696411133
36,1,GSM331457,1,0.5355299115180969
36,1,GSM331459,1,0.5477418899536133
36,1,GSM331462,1,0.46123939752578735
36,1,GSM331464,1,0.3721389174461365
36,1,GSM331472,1,0.3250698745250702
36,1,GSM331473,1,0.7502627968788147
36,1,GSM331475,1,0.6499290466308594
36,1,GSM331476,1,0.6369515061378479
36,1,GSM331478,1,0.6952727437019348
36,1,GSM331480,1,0.7067383527755737
36,1,GSM331482,1,0.2102147787809372
36,1,GSM331484,1,0.44602593779563904
36,1,GSM331485,1,0.728037416934967
36,1,GSM331486,1,0.6549356579780579
36,1,GSM331490,1,0.21899043023586273
36,1,GSM331491,1,0.50377357006073
36,1,GSM331492,1,0.3726605176925659
36,1,GSM331494,1,0.7882474064826965
36,1,GSM331496,1,0.4848051071166992
36,1,GSM331497,1,0.6515958309173584
36,1,GSM331498,1,0.2737560570240021
36,1,GSM331503,1,0.2615945637226105
36,1,GSM331505,1,0.4947755038738251
36,1,GSM331506,1,0.42569026350975037
36,1,GSM331508,1,0.5649009346961975
36,1,GSM331509,1,0.5833452939987183
36,1,GSM331512,1,0.7375279664993286
36,1,GSM331517,1,0.7473480701446533
36,1,GSM331518,1,0.6160930395126343
36,1,GSM331519,1,0.442344069480896
36,1,GSM331521,1,0.3517751395702362
36,1,GSM331525,1,0.7679650187492371
36,1,GSM331526,1,0.48370498418807983
36,1,GSM331528,1,0.7734569907188416
36,1,GSM331529,1,0.5832440853118896
36,1,GSM331531,1,0.5894163846969604
36,1,GSM331532,1,0.23197247087955475
36,1,GSM331533,1,0.613460123538971
36,1,GSM331534,1,0.6362656354904175
36,1,GSM331535,1,0.38724392652511597
36,1,GSM331538,1,0.10419240593910217
36,1,GSM331540,1,0.6023705005645752
36,1,GSM331543,1,0.4203052818775177
36,1,GSM331544,1,0.1328139454126358
36,1,GSM331546,1,0.6309360861778259
36,1,GSM331548,1,0.736555814743042
36,1,GSM331549,1,0.8300166726112366
36,1,GSM331550,1,0.5158049464225769
36,1,GSM331551,1,0.6064427495002747
36,1,GSM331552,1,0.272564560174942
36,1,GSM331553,1,0.6516517996788025
36,1,GSM331554,1,0.46053043007850647
36,1,GSM331556,1,0.6856875419616699
36,1,GSM331557,1,0.6652123928070068
36,1,GSM331558,1,0.3032945990562439
36,1,GSM331559,1,0.744347870349884
36,1,GSM331561,1,0.6107723116874695
36,1,GSM331563,1,0.745888888835907
36,1,GSM331567,1,0.2258022129535675
36,1,GSM331570,1,0.32948073744773865
36,1,GSM331577,1,0.3055253326892853
36,1,GSM331580,1,0.665865957736969
36,1,GSM331582,1,0.48703262209892273
36,1,GSM331583,1,0.5280068516731262
36,1,GSM331584,1,0.44608259201049805
36,1,GSM331585,1,0.46102964878082275
36,1,GSM331586,1,0.2987600564956665
36,1,GSM331589,1,0.4600379467010498
36,1,GSM331591,1,0.7410401701927185
36,1,GSM331593,1,0.44198325276374817
36,1,GSM331596,1,0.7715545296669006
36,1,GSM331598,1,0.32179346680641174
36,1,GSM331601,1,0.7368833422660828
36,1,GSM331602,1,0.33445656299591064
36,1,GSM331605,1,0.74764484167099
36,1,GSM331608,1,0.5573225617408752
36,1,GSM331609,1,0.36200907826423645
36,1,GSM331610,1,0.6533638834953308
36,1,GSM331611,1,0.6310830116271973
36,1,GSM331614,1,0.3672581613063812
36,1,GSM331617,1,0.7865003943443298
36,1,GSM331620,1,0.41580095887184143
36,1,GSM331622,1,0.6025142073631287
36,1,GSM331625,1,0.5057005882263184
36,1,GSM331626,1,0.15653586387634277
36,1,GSM331627,1,0.18981993198394775
36,1,GSM331628,1,0.5839130282402039
36,1,GSM331630,1,0.49650153517723083
36,1,GSM331633,1,0.43521955609321594
36,1,GSM331634,1,0.3131158947944641
36,1,GSM331636,1,0.2709140479564667
36,1,GSM331642,1,0.6441643238067627
36,1,GSM331643,1,0.8397577404975891
36,1,GSM331648,1,0.2008536159992218
36,1,GSM331649,1,0.7196664810180664
36,1,GSM331651,1,0.6303184032440186
36,1,GSM331652,1,0.8223336338996887
36,1,GSM331653,1,0.4643292725086212
36,1,GSM331658,1,0.5113885998725891
36,2,GSM331638,0,0.683121383190155
36,2,GSM331660,0,0.5719743371009827
36,2,GSM331662,0,0.6867663264274597
36,2,GSM331664,0,0.5872326493263245
36,2,GSM331666,0,0.334391713142395
36,2,GSM331668,0,0.6087766885757446
36,2,GSM331671,0,0.6236359477043152
36,2,GSM331672,0,0.7072538733482361
36,2,GSM331673,0,0.6461091637611389
36,2,GSM331674,0,0.7430917620658875
36,2,GSM331675,0,0.33345481753349304
36,2,GSM331676,0,0.7824640274047852
36,2,GSM331678,0,0.5173084139823914
36,2,GSM331679,0,0.5780771970748901
36,2,GSM331680,0,0.7902554869651794
36,2,GSM331683,0,0.8502008318901062
36,2,GSM331684,0,0.3565421998500824
36,2,GSM331687,0,0.31809180974960327
36,2,GSM331691,0,0.3438914716243744
36,2,GSM331692,0,0.3903961181640625
36,2,GSM331693,0,0.3794809877872467
36,2,GSM331695,0,0.41283875703811646
36,2,GSM331696,0,0.4590807557106018
36,2,GSM331698,0,0.0766616240143776
36,2,GSM331699,0,0.42015719413757324
36,2,GSM331701,0,0.24993084371089935
36,2,GSM331702,0,0.4092768132686615
36,2,GSM331705,0,0.5831021666526794
36,2,GSM331709,0,0.6072165369987488
36,2,GSM331714,0,0.8763260841369629
36,2,GSM331717,0,0.6935232281684875
36,2,GSM331721,0,0.7133068442344666
36,2,GSM331724,0,0.4052477777004242
36,2,GSM331728,0,0.39699265360832214
36,2,GSM331730,0,0.5643020868301392
36,2,GSM331732,0,0.661868155002594
36,2,GSM331458,1,0.4223755896091461
36,2,GSM331460,1,0.604338526725769
36,2,GSM331461,1,0.5833592414855957
36,2,GSM331463,1,0.44494524598121643
36,2,GSM331465,1,0.2742820084095001
36,2,GSM331466,1,0.6224291324615479
36,2,GSM331467,1,0.15171027183532715
36,2,GSM331468,1,0.5659822821617126
36,2,GSM331469,1,0.6104432940483093
36,2,GSM331470,1,0.6798778772354126
36,2,GSM331471,1,0.39179953932762146
36,2,GSM331474,1,0.5103837847709656
36,2,GSM331477,1,0.32166481018066406
36,2,GSM331479,1,0.7183889150619507
36,2,GSM331481,1,0.6567724943161011
36,2,GSM331483,1,0.6728761792182922
36,2,GSM331487,1,0.7921987771987915
36,2,GSM331488,1,0.6645113229751587
36,2,GSM331489,1,0.43439531326293945
36,2,GSM331493,1,0.28632164001464844
36,2,GSM331495,1,0.5586215257644653
36,2,GSM331499,1,0.48790526390075684
36,2,GSM331500,1,0.5260839462280273
36,2,GSM331501,1,0.5162567496299744
36,2,GSM331502,1,0.9036100506782532
36,2,GSM331504,1,0.2761939764022827
36,2,GSM331507,1,0.4099518954753876
36,2,GSM331510,1,0.5511046648025513
36,2,GSM331511,1,0.6586607098579407
36,2,GSM331513,1,0.5838879942893982
36,2,GSM331514,1,0.42194047570228577
36,2,GSM331515,1,0.583666205406189
36,2,GSM331516,1,0.7859556674957275
36,2,GSM331520,1,0.31571513414382935
36,2,GSM331522,1,0.5013737678527832
36,2,GSM331523,1,0.6135706901550293
36,2,GSM331524,1,0.36783409118652344
36,2,GSM331527,1,0.3227616548538208
36,2,GSM331530,1,0.5367403626441956
36,2,GSM331536,1,0.6828279495239258
36,2,GSM331537,1,0.5554155707359314
36,2,GSM331539,1,0.4739034175872803
36,2,GSM331541,1,0.5697523951530457
36,2,GSM331542,1,0.4552437365055084
36,2,GSM331545,1,0.559482753276825
36,2,GSM331547,1,0.5648158192634583
36,2,GSM331555,1,0.2726237177848816
36,2,GSM331560,1,0.15380586683750153
36,2,GSM331562,1,0.4522467255592346
36,2,GSM331564,1,0.6121501326560974
36,2,GSM331565,1,0.4013899266719818
36,2,GSM331566,1,0.6535282731056213
36,2,GSM331568,1,0.7194728851318359
36,2,GSM331569,1,0.34743088483810425
36,2,GSM331571,1,0.6185947060585022
36,2,GSM331572,1,0.6002902984619141
36,2,GSM331573,1,0.7606443762779236
36,2,GSM331574,1,0.7353854775428772
36,2,GSM331575,1,0.5086175799369812
36,2,GSM331576,1,0.7622241973876953
36,2,GSM331578,1,0.3143455684185028
36,2,GSM331579,1,0.36966484785079956
36,2,GSM331581,1,0.21770696341991425
36,2,GSM331587,1,0.7037332057952881
36,2,GSM331588,1,0.6137271523475647
36,2,GSM331590,1,0.3719620108604431
36,2,GSM331592,1,0.5719322562217712
36,2,GSM331594,1,0.745866060256958
36,2,GSM331595,1,0.3649354875087738
36,2,GSM331597,1,0.4396713376045227
36,2,GSM331599,1,0.9420915842056274
36,2,GSM331600,1,0.7169920802116394
36,2,GSM331603,1,0.49785399436950684
36,2,GSM331604,1,0.3852381408214569
36,2,GSM331606,1,0.3080744445323944
36,2,GSM331607,1,0.6616533398628235
36,2,GSM331612,1,0.5927058458328247
36,2,GSM331613,1,0.5234570503234863
36,2,GSM331615,1,0.38941195607185364
36,2,GSM331616,1,0.4954047203063965
36,2,GSM331618,1,0.2614509165287018
36,2,GSM331619,1,0.28056713938713074
36,2,GSM331621,1,0.4047911465167999
36,2,GSM331623,1,0.5737414360046387
36,2,GSM331624,1,0.691220223903656
36,2,GSM331629,1,0.3525650203227997
36,2,GSM331631,1,0.2581123113632202
36,2,GSM331632,1,0.22089165449142456
36,2,GSM331635,1,0.2840094268321991
36,2,GSM331637,1,0.25423702597618103
36,2,GSM331639,1,0.3452989459037781
36,2,GSM331640,1,0.15912728011608124
36,2,GSM331641,1,0.3913896083831787
36,2,GSM331644,1,0.16626952588558197
36,2,GSM331645,1,0.4831414818763733
36,2,GSM331646,1,0.20127397775650024
36,2,GSM331647,1,0.7375892996788025
36,2,GSM331650,1,0.4568306803703308
36,2,GSM331654,1,0.8536728024482727
36,2,GSM331655,1,0.363404244184494
36,2,GSM331656,1,0.3244672119617462
36,2,GSM331657,1,0.45174312591552734
36,2,GSM331659,1,0.546322226524353
37,1,GSM331660,0,0.6863000392913818
37,1,GSM331663,0,0.4707166850566864
37,1,GSM331668,0,0.6989886164665222
37,1,GSM331671,0,0.5764777064323425
37,1,GSM331675,0,0.2715999186038971
37,1,GSM331677,0,0.41848286986351013
37,1,GSM331679,0,0.2624533474445343
37,1,GSM331680,0,0.6852187514305115
37,1,GSM331681,0,0.6300126314163208
37,1,GSM331683,0,0.839394748210907
37,1,GSM331686,0,0.44393593072891235
37,1,GSM331687,0,0.3230680823326111
37,1,GSM331688,0,0.7629673480987549
37,1,GSM331691,0,0.39487576484680176
37,1,GSM331692,0,0.3363775908946991
37,1,GSM331693,0,0.43149256706237793
37,1,GSM331695,0,0.696902334690094
37,1,GSM331697,0,0.39156097173690796
37,1,GSM331699,0,0.43252095580101013
37,1,GSM331703,0,0.6246867179870605
37,1,GSM331705,0,0.5833044052124023
37,1,GSM331706,0,0.45476144552230835
37,1,GSM331707,0,0.4427028000354767
37,1,GSM331708,0,0.5434518456459045
37,1,GSM331709,0,0.6982924938201904
37,1,GSM331710,0,0.48760658502578735
37,1,GSM331711,0,0.8482409119606018
37,1,GSM331714,0,0.9340208768844604
37,1,GSM331715,0,0.29958274960517883
37,1,GSM331716,0,0.6304472088813782
37,1,GSM331718,0,0.6378194689750671
37,1,GSM331722,0,0.7160915732383728
37,1,GSM331723,0,0.6400854587554932
37,1,GSM331725,0,0.527059018611908
37,1,GSM331726,0,0.566220760345459
37,1,GSM331728,0,0.48516154289245605
37,1,GSM331729,0,0.3899132311344147
37,1,GSM331453,1,0.556857705116272
37,1,GSM331456,1,0.5101211071014404
37,1,GSM331459,1,0.393724650144577
37,1,GSM331462,1,0.2218170315027237
37,1,GSM331463,1,0.5121119022369385
37,1,GSM331464,1,0.3608914315700531
37,1,GSM331465,1,0.41625866293907166
37,1,GSM331466,1,0.6119035482406616
37,1,GSM331470,1,0.8202964663505554
37,1,GSM331471,1,0.4354543387889862
37,1,GSM331472,1,0.5571186542510986
37,1,GSM331473,1,0.6013548970222473
37,1,GSM331474,1,0.4058499336242676
37,1,GSM331477,1,0.5235515236854553
37,1,GSM331484,1,0.39253053069114685
37,1,GSM331488,1,0.7227897047996521
37,1,GSM331489,1,0.32335805892944336
37,1,GSM331490,1,0.2460525929927826
37,1,GSM331492,1,0.6042367219924927
37,1,GSM331493,1,0.2828987240791321
37,1,GSM331496,1,0.447659432888031
37,1,GSM331497,1,0.6468611359596252
37,1,GSM331498,1,0.21745814383029938
37,1,GSM331500,1,0.6133506298065186
37,1,GSM331501,1,0.3493637442588806
37,1,GSM331502,1,0.8302527666091919
37,1,GSM331503,1,0.3033788502216339
37,1,GSM331504,1,0.33069533109664917
37,1,GSM331505,1,0.4763146638870239
37,1,GSM331506,1,0.5240419507026672
37,1,GSM331509,1,0.542803943157196
37,1,GSM331510,1,0.7357941269874573
37,1,GSM331512,1,0.7451088428497314
37,1,GSM331515,1,0.7164332270622253
37,1,GSM331516,1,0.7629755735397339
37,1,GSM331517,1,0.645999550819397
37,1,GSM331519,1,0.35865318775177
37,1,GSM331521,1,0.389752596616745
37,1,GSM331524,1,0.33906030654907227
37,1,GSM331529,1,0.6167206168174744
37,1,GSM331530,1,0.6140663623809814
37,1,GSM331533,1,0.4664628207683563
37,1,GSM331534,1,0.3701210916042328
37,1,GSM331535,1,0.29124706983566284
37,1,GSM331537,1,0.5843964219093323
37,1,GSM331538,1,0.17842942476272583
37,1,GSM331540,1,0.6491694450378418
37,1,GSM331545,1,0.29794424772262573
37,1,GSM331546,1,0.3994307816028595
37,1,GSM331547,1,0.3899194300174713
37,1,GSM331553,1,0.6051114797592163
37,1,GSM331555,1,0.49652010202407837
37,1,GSM331556,1,0.5409756302833557
37,1,GSM331557,1,0.4372696578502655
37,1,GSM331558,1,0.22007311880588531
37,1,GSM331559,1,0.7012786269187927
37,1,GSM331560,1,0.31246495246887207
37,1,GSM331561,1,0.6383426785469055
37,1,GSM331562,1,0.6533551216125488
37,1,GSM331564,1,0.5702723264694214
37,1,GSM331568,1,0.6761682033538818
37,1,GSM331572,1,0.6141188740730286
37,1,GSM331575,1,0.4163951277732849
37,1,GSM331577,1,0.34886690974235535
37,1,GSM331581,1,0.33704331517219543
37,1,GSM331586,1,0.271418035030365
37,1,GSM331587,1,0.6714984178543091
37,1,GSM331588,1,0.5746980905532837
37,1,GSM331591,1,0.7585781216621399
37,1,GSM331592,1,0.5852413177490234
37,1,GSM331593,1,0.5738919973373413
37,1,GSM331594,1,0.7571936845779419
37,1,GSM331595,1,0.5539388060569763
37,1,GSM331598,1,0.3267350196838379
37,1,GSM331600,1,0.7356806397438049
37,1,GSM331605,1,0.6331167221069336
37,1,GSM331606,1,0.18104974925518036
37,1,GSM331607,1,0.7172222137451172
37,1,GSM331613,1,0.7319271564483643
37,1,GSM331618,1,0.5592676997184753
37,1,GSM331619,1,0.32968810200691223
37,1,GSM331620,1,0.6796441078186035
37,1,GSM331621,1,0.4671180546283722
37,1,GSM331622,1,0.5946531891822815
37,1,GSM331624,1,0.6448981761932373
37,1,GSM331626,1,0.24076054990291595
37,1,GSM331628,1,0.6049293875694275
37,1,GSM331631,1,0.30046069622039795
37,1,GSM331632,1,0.24954859912395477
37,1,GSM331633,1,0.49906855821609497
37,1,GSM331637,1,0.37133511900901794
37,1,GSM331639,1,0.48130014538764954
37,1,GSM331642,1,0.560727059841156
37,1,GSM331644,1,0.14680394530296326
37,1,GSM331646,1,0.5691413879394531
37,1,GSM331647,1,0.7226688861846924
37,1,GSM331648,1,0.31634920835494995
37,1,GSM331649,1,0.7905164361000061
37,1,GSM331650,1,0.4573018550872803
37,1,GSM331651,1,0.5741602778434753
37,1,GSM331652,1,0.8044384121894836
37,1,GSM331655,1,0.5117987990379333
37,1,GSM331659,1,0.29128333926200867
37,2,GSM331638,0,0.677014172077179
37,2,GSM331661,0,0.5737329721450806
37,2,GSM331662,0,0.7106420993804932
37,2,GSM331664,0,0.5484278202056885
37,2,GSM331665,0,0.31646955013275146
37,2,GSM331666,0,0.5056354403495789
37,2,GSM331669,0,0.6696226596832275
37,2,GSM331670,0,0.31505391001701355
37,2,GSM331672,0,0.4556433856487274
37,2,GSM331673,0,0.5317472815513611
37,2,GSM331674,0,0.5725144743919373
37,2,GSM331676,0,0.5646846890449524
37,2,GSM331678,0,0.49696192145347595
37,2,GSM331682,0,0.4250975251197815
37,2,GSM331684,0,0.3444949686527252
37,2,GSM331685,0,0.41606393456459045
37,2,GSM331689,0,0.6027411818504333
37,2,GSM331690,0,0.5227797627449036
37,2,GSM331694,0,0.5036223530769348
37,2,GSM331696,0,0.6118921637535095
37,2,GSM331698,0,0.14150118827819824
37,2,GSM331700,0,0.2671171724796295
37,2,GSM331701,0,0.3172510266304016
37,2,GSM331702,0,0.2716596722602844
37,2,GSM331704,0,0.5128002762794495
37,2,GSM331712,0,0.42128846049308777
37,2,GSM331713,0,0.47717368602752686
37,2,GSM331717,0,0.5111179351806641
37,2,GSM331719,0,0.2213798314332962
37,2,GSM331720,0,0.38000285625457764
37,2,GSM331721,0,0.5962917804718018
37,2,GSM331724,0,0.28365910053253174
37,2,GSM331727,0,0.6216291189193726
37,2,GSM331730,0,0.7430211901664734
37,2,GSM331731,0,0.6613157987594604
37,2,GSM331732,0,0.43876978754997253
37,2,GSM331454,1,0.36497312784194946
37,2,GSM331455,1,0.14821581542491913
37,2,GSM331457,1,0.39079442620277405
37,2,GSM331458,1,0.5480203032493591
37,2,GSM331460,1,0.56037437915802
37,2,GSM331461,1,0.655270516872406
37,2,GSM331467,1,0.17069576680660248
37,2,GSM331468,1,0.5447707176208496
37,2,GSM331469,1,0.45281147956848145
37,2,GSM331475,1,0.6035898923873901
37,2,GSM331476,1,0.5030300617218018
37,2,GSM331478,1,0.6378076076507568
37,2,GSM331479,1,0.39742499589920044
37,2,GSM331480,1,0.7450125813484192
37,2,GSM331481,1,0.5799358487129211
37,2,GSM331482,1,0.28237855434417725
37,2,GSM331483,1,0.6059772372245789
37,2,GSM331485,1,0.6725649833679199
37,2,GSM331486,1,0.6158341765403748
37,2,GSM331487,1,0.7665795087814331
37,2,GSM331491,1,0.5717995166778564
37,2,GSM331494,1,0.720141589641571
37,2,GSM331495,1,0.3915213942527771
37,2,GSM331499,1,0.6194026470184326
37,2,GSM331507,1,0.2532103359699249
37,2,GSM331508,1,0.4195008873939514
37,2,GSM331511,1,0.6634901165962219
37,2,GSM331513,1,0.4668309688568115
37,2,GSM331514,1,0.3959287106990814
37,2,GSM331518,1,0.645909309387207
37,2,GSM331520,1,0.249398335814476
37,2,GSM331522,1,0.40246203541755676
37,2,GSM331523,1,0.6725581884384155
37,2,GSM331525,1,0.6448361873626709
37,2,GSM331526,1,0.5201860070228577
37,2,GSM331527,1,0.3275611996650696
37,2,GSM331528,1,0.6863076686859131
37,2,GSM331531,1,0.3554922938346863
37,2,GSM331532,1,0.30803173780441284
37,2,GSM331536,1,0.5264096856117249
37,2,GSM331539,1,0.4060516059398651
37,2,GSM331541,1,0.4344724118709564
37,2,GSM331542,1,0.27786993980407715
37,2,GSM331543,1,0.33581027388572693
37,2,GSM331544,1,0.15334172546863556
37,2,GSM331548,1,0.5731076002120972
37,2,GSM331549,1,0.6429499387741089
37,2,GSM331550,1,0.3393753468990326
37,2,GSM331551,1,0.6002219915390015
37,2,GSM331552,1,0.20740745961666107
37,2,GSM331554,1,0.43010640144348145
37,2,GSM331563,1,0.5388805866241455
37,2,GSM331565,1,0.39294129610061646
37,2,GSM331566,1,0.586336076259613
37,2,GSM331567,1,0.341823011636734
37,2,GSM331569,1,0.320684015750885
37,2,GSM331570,1,0.36678698658943176
37,2,GSM331571,1,0.5925862193107605
37,2,GSM331573,1,0.6332568526268005
37,2,GSM331574,1,0.38764914870262146
37,2,GSM331576,1,0.7604641318321228
37,2,GSM331578,1,0.2695857286453247
37,2,GSM331579,1,0.3129846453666687
37,2,GSM331580,1,0.7075960636138916
37,2,GSM331582,1,0.45191866159439087
37,2,GSM331583,1,0.46986547112464905
37,2,GSM331584,1,0.25560232996940613
37,2,GSM331585,1,0.368178129196167
37,2,GSM331589,1,0.4303661584854126
37,2,GSM331590,1,0.4275129735469818
37,2,GSM331596,1,0.7339337468147278
37,2,GSM331597,1,0.43373003602027893
37,2,GSM331599,1,0.7119753956794739
37,2,GSM331601,1,0.6317426562309265
37,2,GSM331602,1,0.3579663932323456
37,2,GSM331603,1,0.4890141785144806
37,2,GSM331604,1,0.40237709879875183
37,2,GSM331608,1,0.29180577397346497
37,2,GSM331609,1,0.36063024401664734
37,2,GSM331610,1,0.5255038738250732
37,2,GSM331611,1,0.6279450058937073
37,2,GSM331612,1,0.566057026386261
37,2,GSM331614,1,0.4075920879840851
37,2,GSM331615,1,0.43453627824783325
37,2,GSM331616,1,0.41223323345184326
37,2,GSM331617,1,0.5979896187782288
37,2,GSM331623,1,0.577624499797821
37,2,GSM331625,1,0.3981834053993225
37,2,GSM331627,1,0.31582677364349365
37,2,GSM331629,1,0.3304648697376251
37,2,GSM331630,1,0.5988185405731201
37,2,GSM331634,1,0.4275977611541748
37,2,GSM331635,1,0.3107110857963562
37,2,GSM331636,1,0.46833887696266174
37,2,GSM331640,1,0.12629078328609467
37,2,GSM331641,1,0.2676829993724823
37,2,GSM331643,1,0.7518699765205383
37,2,GSM331645,1,0.4011109471321106
37,2,GSM331653,1,0.5075600743293762
37,2,GSM331654,1,0.738917350769043
37,2,GSM331656,1,0.4097260534763336
37,2,GSM331657,1,0.5709173083305359
37,2,GSM331658,1,0.42742887139320374
38,1,GSM331638,0,0.5438354015350342
38,1,GSM331660,0,0.3534395694732666
38,1,GSM331661,0,0.7721452713012695
38,1,GSM331664,0,0.2376217097043991
38,1,GSM331665,0,0.5564257502555847
38,1,GSM331670,0,0.6064051389694214
38,1,GSM331673,0,0.4870634377002716
38,1,GSM331675,0,0.4042271077632904
38,1,GSM331676,0,0.6171519160270691
38,1,GSM331678,0,0.18119394779205322
38,1,GSM331680,0,0.4630656838417053
38,1,GSM331684,0,0.41288045048713684
38,1,GSM331686,0,0.8965175151824951
38,1,GSM331689,0,0.46784693002700806
38,1,GSM331690,0,0.3557165265083313
38,1,GSM331692,0,0.6065037846565247
38,1,GSM331695,0,0.32439494132995605
38,1,GSM331697,0,0.32630547881126404
38,1,GSM331698,0,0.2646971344947815
38,1,GSM331699,0,0.6385131478309631
38,1,GSM331702,0,0.6596640348434448
38,1,GSM331703,0,0.5775797963142395
38,1,GSM331706,0,0.8622239828109741
38,1,GSM331707,0,0.5466455817222595
38,1,GSM331708,0,0.5740913152694702
38,1,GSM331711,0,0.5694886445999146
38,1,GSM331714,0,0.687485933303833
38,1,GSM331716,0,0.9844846129417419
38,1,GSM331718,0,0.637638509273529
38,1,GSM331720,0,0.25480565428733826
38,1,GSM331721,0,0.9256867170333862
38,1,GSM331722,0,0.5276879668235779
38,1,GSM331725,0,0.5495710372924805
38,1,GSM331727,0,0.3828612267971039
38,1,GSM331728,0,0.14118151366710663
38,1,GSM331731,0,0.411357045173645
38,1,GSM331732,0,0.7106367349624634
38,1,GSM331454,1,0.36204370856285095
38,1,GSM331455,1,0.36495834589004517
38,1,GSM331456,1,0.592192530632019
38,1,GSM331457,1,0.7130706906318665
38,1,GSM331459,1,0.42819854617118835
38,1,GSM331461,1,0.4158948063850403
38,1,GSM331462,1,0.4510577619075775
38,1,GSM331465,1,0.4352896511554718
38,1,GSM331466,1,0.46491631865501404
38,1,GSM331467,1,0.3982796370983124
38,1,GSM331468,1,0.7647907137870789
38,1,GSM331470,1,0.501400351524353
38,1,GSM331472,1,0.3263262212276459
38,1,GSM331473,1,0.6919186115264893
38,1,GSM331475,1,0.406905859708786
38,1,GSM331476,1,0.717651903629303
38,1,GSM331477,1,0.5179097056388855
38,1,GSM331479,1,0.5810242891311646
38,1,GSM331480,1,0.6350929141044617
38,1,GSM331482,1,0.5856120586395264
38,1,GSM331485,1,0.6841639280319214
38,1,GSM331487,1,0.8299016356468201
38,1,GSM331489,1,0.7128881812095642
38,1,GSM331491,1,0.5877715945243835
38,1,GSM331492,1,0.5044930577278137
38,1,GSM331493,1,0.32034197449684143
38,1,GSM331495,1,0.3920741379261017
38,1,GSM331498,1,0.37865978479385376
38,1,GSM331501,1,0.6602914929389954
38,1,GSM331506,1,0.7623012065887451
38,1,GSM331507,1,0.12219700217247009
38,1,GSM331509,1,0.39191219210624695
38,1,GSM331512,1,0.448856920003891
38,1,GSM331514,1,0.39947497844696045
38,1,GSM331516,1,0.5812126994132996
38,1,GSM331518,1,0.35762497782707214
38,1,GSM331519,1,0.40700557827949524
38,1,GSM331520,1,0.38667425513267517
38,1,GSM331524,1,0.5151666402816772
38,1,GSM331527,1,0.4875628352165222
38,1,GSM331528,1,0.7606292963027954
38,1,GSM331529,1,0.27066487073898315
38,1,GSM331531,1,0.41669222712516785
38,1,GSM331535,1,0.40178582072257996
38,1,GSM331536,1,0.6946250200271606
38,1,GSM331537,1,0.6420176029205322
38,1,GSM331540,1,0.519879162311554
38,1,GSM331542,1,0.3142249584197998
38,1,GSM331546,1,0.5049657225608826
38,1,GSM331547,1,0.20301119983196259
38,1,GSM331551,1,0.5673173069953918
38,1,GSM331552,1,0.3640495240688324
38,1,GSM331553,1,0.8536169528961182
38,1,GSM331556,1,0.5082188844680786
38,1,GSM331557,1,0.4611700773239136
38,1,GSM331558,1,0.27949821949005127
38,1,GSM331559,1,0.7033950090408325
38,1,GSM331560,1,0.4219144284725189
38,1,GSM331564,1,0.3454551100730896
38,1,GSM331565,1,0.5188302993774414
38,1,GSM331567,1,0.5570652484893799
38,1,GSM331568,1,0.8014424443244934
38,1,GSM331569,1,0.6179131865501404
38,1,GSM331570,1,0.5471534132957458
38,1,GSM331575,1,0.8701816201210022
38,1,GSM331579,1,0.4174959063529968
38,1,GSM331580,1,0.35497987270355225
38,1,GSM331581,1,0.41139107942581177
38,1,GSM331584,1,0.31064334511756897
38,1,GSM331587,1,0.34367358684539795
38,1,GSM331588,1,0.4573335647583008
38,1,GSM331593,1,0.668391764163971
38,1,GSM331595,1,0.5341377854347229
38,1,GSM331596,1,0.5719915628433228
38,1,GSM331598,1,0.4300824999809265
38,1,GSM331605,1,0.6919199824333191
38,1,GSM331610,1,0.8335252404212952
38,1,GSM331611,1,0.4789648652076721
38,1,GSM331616,1,0.6937702298164368
38,1,GSM331617,1,0.7928909063339233
38,1,GSM331619,1,0.30121031403541565
38,1,GSM331620,1,0.5952669382095337
38,1,GSM331621,1,0.4993981122970581
38,1,GSM331623,1,0.39517566561698914
38,1,GSM331624,1,0.4584499001502991
38,1,GSM331625,1,0.7446998357772827
38,1,GSM331626,1,0.30102136731147766
38,1,GSM331630,1,0.7074849605560303
38,1,GSM331631,1,0.3801223933696747
38,1,GSM331633,1,0.37780478596687317
38,1,GSM331634,1,0.39568978548049927
38,1,GSM331636,1,0.4139873683452606
38,1,GSM331637,1,0.6472017168998718
38,1,GSM331639,1,0.4933631122112274
38,1,GSM331642,1,0.41388213634490967
38,1,GSM331643,1,0.8339736461639404
38,1,GSM331644,1,0.39321625232696533
38,1,GSM331646,1,0.4606541395187378
38,1,GSM331647,1,0.4981262683868408
38,1,GSM331648,1,0.4400199055671692
38,1,GSM331656,1,0.6949893832206726
38,1,GSM331658,1,0.5527679324150085
38,1,GSM331659,1,0.4564991295337677
38,2,GSM331662,0,0.43214789032936096
38,2,GSM331663,0,0.4644675850868225
38,2,GSM331666,0,0.2817430794239044
38,2,GSM331668,0,0.41316989064216614
38,2,GSM331669,0,0.8448436260223389
38,2,GSM331671,0,0.7587378025054932
38,2,GSM331672,0,0.7723405957221985
38,2,GSM331674,0,0.7355206608772278
38,2,GSM331677,0,0.2656882703304291
38,2,GSM331679,0,0.4526199996471405
38,2,GSM331681,0,0.8251093029975891
38,2,GSM331682,0,0.8334635496139526
38,2,GSM331683,0,0.5861519575119019
38,2,GSM331685,0,0.10258840024471283
38,2,GSM331687,0,0.2573126554489136
38,2,GSM331688,0,0.6827001571655273
38,2,GSM331691,0,0.3535543382167816
38,2,GSM331693,0,0.564674973487854
38,2,GSM331694,0,0.47192299365997314
38,2,GSM331696,0,0.2831381857395172
38,2,GSM331700,0,0.31459394097328186
38,2,GSM331701,0,0.23278683423995972
38,2,GSM331704,0,0.7088059186935425
38,2,GSM331705,0,0.6898926496505737
38,2,GSM331709,0,0.5709980130195618
38,2,GSM331710,0,0.3996399939060211
38,2,GSM331712,0,0.7550121545791626
38,2,GSM331713,0,0.48445820808410645
38,2,GSM331715,0,0.3139280080795288
38,2,GSM331717,0,0.857479453086853
38,2,GSM331719,0,0.4664447605609894
38,2,GSM331723,0,0.8381725549697876
38,2,GSM331724,0,0.37094494700431824
38,2,GSM331726,0,0.1950336992740631
38,2,GSM331729,0,0.12063951790332794
38,2,GSM331730,0,0.7283472418785095
38,2,GSM331453,1,0.5799094438552856
38,2,GSM331458,1,0.5016488432884216
38,2,GSM331460,1,0.5179411172866821
38,2,GSM331463,1,0.37030068039894104
38,2,GSM331464,1,0.4127654731273651
38,2,GSM331469,1,0.6057718396186829
38,2,GSM331471,1,0.8304497003555298
38,2,GSM331474,1,0.4174066483974457
38,2,GSM331478,1,0.5902076959609985
38,2,GSM331481,1,0.41615504026412964
38,2,GSM331483,1,0.6872804760932922
38,2,GSM331484,1,0.17037010192871094
38,2,GSM331486,1,0.5421489477157593
38,2,GSM331488,1,0.7309312224388123
38,2,GSM331490,1,0.3787204623222351
38,2,GSM331494,1,0.6147626042366028
38,2,GSM331496,1,0.5894830822944641
38,2,GSM331497,1,0.43056797981262207
38,2,GSM331499,1,0.6355497241020203
38,2,GSM331500,1,0.6146780252456665
38,2,GSM331502,1,0.7574561238288879
38,2,GSM331503,1,0.4664680063724518
38,2,GSM331504,1,0.5087569952011108
38,2,GSM331505,1,0.7116196155548096
38,2,GSM331508,1,0.4677972197532654
38,2,GSM331510,1,0.4796174168586731
38,2,GSM331511,1,0.5338203310966492
38,2,GSM331513,1,0.7432128190994263
38,2,GSM331515,1,0.6795539259910583
38,2,GSM331517,1,0.4982314705848694
38,2,GSM331521,1,0.4857117831707001
38,2,GSM331522,1,0.43978065252304077
38,2,GSM331523,1,0.6607442498207092
38,2,GSM331525,1,0.41711923480033875
38,2,GSM331526,1,0.8259140253067017
38,2,GSM331530,1,0.5976790189743042
38,2,GSM331532,1,0.35452860593795776
38,2,GSM331533,1,0.30817005038261414
38,2,GSM331534,1,0.536097526550293
38,2,GSM331538,1,0.4245944917201996
38,2,GSM331539,1,0.4042159616947174
38,2,GSM331541,1,0.5751842260360718
38,2,GSM331543,1,0.5540212392807007
38,2,GSM331544,1,0.3293416202068329
38,2,GSM331545,1,0.5668625831604004
38,2,GSM331548,1,0.4959492087364197
38,2,GSM331549,1,0.6808919310569763
38,2,GSM331550,1,0.40129292011260986
38,2,GSM331554,1,0.26790159940719604
38,2,GSM331555,1,0.22179178893566132
38,2,GSM331561,1,0.7625035643577576
38,2,GSM331562,1,0.524301290512085
38,2,GSM331563,1,0.5942094326019287
38,2,GSM331566,1,0.7996668815612793
38,2,GSM331571,1,0.44756564497947693
38,2,GSM331572,1,0.6568132042884827
38,2,GSM331573,1,0.6703904867172241
38,2,GSM331574,1,0.23158098757266998
38,2,GSM331576,1,0.8295532464981079
38,2,GSM331577,1,0.5061865448951721
38,2,GSM331578,1,0.7577884793281555
38,2,GSM331582,1,0.6258396506309509
38,2,GSM331583,1,0.6353899240493774
38,2,GSM331585,1,0.5602333545684814
38,2,GSM331586,1,0.708503782749176
38,2,GSM331589,1,0.5574548244476318
38,2,GSM331590,1,0.6357238292694092
38,2,GSM331591,1,0.8418733477592468
38,2,GSM331592,1,0.7627173066139221
38,2,GSM331594,1,0.40655946731567383
38,2,GSM331597,1,0.38772088289260864
38,2,GSM331599,1,0.8960387110710144
38,2,GSM331600,1,0.7365962266921997
38,2,GSM331601,1,0.5035048127174377
38,2,GSM331602,1,0.4923882484436035
38,2,GSM331603,1,0.6595935821533203
38,2,GSM331604,1,0.4555956721305847
38,2,GSM331606,1,0.4783305823802948
38,2,GSM331607,1,0.4823516309261322
38,2,GSM331608,1,0.396555632352829
38,2,GSM331609,1,0.5413127541542053
38,2,GSM331612,1,0.4550417959690094
38,2,GSM331613,1,0.6910027861595154
38,2,GSM331614,1,0.37332797050476074
38,2,GSM331615,1,0.46494972705841064
38,2,GSM331618,1,0.5560874342918396
38,2,GSM331622,1,0.726437509059906
38,2,GSM331627,1,0.5477361679077148
38,2,GSM331628,1,0.30469194054603577
38,2,GSM331629,1,0.20877446234226227
38,2,GSM331632,1,0.2607264518737793
38,2,GSM331635,1,0.5481401085853577
38,2,GSM331640,1,0.3429903984069824
38,2,GSM331641,1,0.5417674779891968
38,2,GSM331645,1,0.6183438301086426
38,2,GSM331649,1,0.6705033183097839
38,2,GSM331650,1,0.5323835015296936
38,2,GSM331651,1,0.38911572098731995
38,2,GSM331652,1,0.5258316397666931
38,2,GSM331653,1,0.37135159969329834
38,2,GSM331654,1,0.7513387203216553
38,2,GSM331655,1,0.4923873841762543
38,2,GSM331657,1,0.8105466365814209
39,1,GSM331660,0,0.34194034337997437
39,1,GSM331661,0,0.5775556564331055
39,1,GSM331663,0,0.43046459555625916
39,1,GSM331664,0,0.21033167839050293
39,1,GSM331666,0,0.19751787185668945
39,1,GSM331673,0,0.3529849946498871
39,1,GSM331675,0,0.34508058428764343
39,1,GSM331677,0,0.34649190306663513
39,1,GSM331678,0,0.3077935576438904
39,1,GSM331679,0,0.34969282150268555
39,1,GSM331680,0,0.6073654890060425
39,1,GSM331682,0,0.6794915199279785
39,1,GSM331683,0,0.656059741973877
39,1,GSM331686,0,0.6786801218986511
39,1,GSM331687,0,0.3048350214958191
39,1,GSM331688,0,0.7261208295822144
39,1,GSM331690,0,0.35067883133888245
39,1,GSM331696,0,0.5717848539352417
39,1,GSM331697,0,0.5844568014144897
39,1,GSM331699,0,0.5018602609634399
39,1,GSM331700,0,0.22299708425998688
39,1,GSM331701,0,0.32988470792770386
39,1,GSM331704,0,0.6377059817314148
39,1,GSM331707,0,0.3981989920139313
39,1,GSM331709,0,0.5158621072769165
39,1,GSM331711,0,0.5881670713424683
39,1,GSM331715,0,0.36102011799812317
39,1,GSM331716,0,0.8516342639923096
39,1,GSM331717,0,0.6924209594726562
39,1,GSM331719,0,0.36246201395988464
39,1,GSM331720,0,0.25555169582366943
39,1,GSM331723,0,0.6596453189849854
39,1,GSM331728,0,0.2542301416397095
39,1,GSM331729,0,0.2995104193687439
39,1,GSM331730,0,0.673271656036377
39,1,GSM331731,0,0.5970985889434814
39,1,GSM331732,0,0.5785432457923889
39,1,GSM331455,1,0.31378817558288574
39,1,GSM331457,1,0.6189684271812439
39,1,GSM331458,1,0.36771702766418457
39,1,GSM331460,1,0.4496636390686035
39,1,GSM331461,1,0.5198928117752075
39,1,GSM331462,1,0.35999467968940735
39,1,GSM331464,1,0.4497617185115814
39,1,GSM331465,1,0.5404385924339294
39,1,GSM331466,1,0.6153276562690735
39,1,GSM331469,1,0.3514280319213867
39,1,GSM331470,1,0.5140706300735474
39,1,GSM331471,1,0.5610890984535217
39,1,GSM331472,1,0.5250041484832764
39,1,GSM331474,1,0.47085481882095337
39,1,GSM331475,1,0.5777238607406616
39,1,GSM331478,1,0.6046644449234009
39,1,GSM331482,1,0.40195438265800476
39,1,GSM331483,1,0.5388683676719666
39,1,GSM331485,1,0.5855598449707031
39,1,GSM331486,1,0.45652973651885986
39,1,GSM331488,1,0.7192538380622864
39,1,GSM331489,1,0.4442145526409149
39,1,GSM331491,1,0.5440617799758911
39,1,GSM331497,1,0.38104915618896484
39,1,GSM331499,1,0.7246717214584351
39,1,GSM331500,1,0.5677286386489868
39,1,GSM331502,1,0.7188729643821716
39,1,GSM331505,1,0.48941338062286377
39,1,GSM331506,1,0.4441114664077759
39,1,GSM331508,1,0.5960469245910645
39,1,GSM331509,1,0.3792021870613098
39,1,GSM331512,1,0.5720387101173401
39,1,GSM331513,1,0.6310356259346008
39,1,GSM331514,1,0.46242547035217285
39,1,GSM331515,1,0.572824239730835
39,1,GSM331517,1,0.5720051527023315
39,1,GSM331519,1,0.4312657117843628
39,1,GSM331520,1,0.40349090099334717
39,1,GSM331522,1,0.4806744456291199
39,1,GSM331523,1,0.6999338865280151
39,1,GSM331530,1,0.6206169128417969
39,1,GSM331534,1,0.590008020401001
39,1,GSM331535,1,0.3153153359889984
39,1,GSM331537,1,0.7779445052146912
39,1,GSM331539,1,0.40385901927948
39,1,GSM331540,1,0.5987361073493958
39,1,GSM331546,1,0.5315791964530945
39,1,GSM331548,1,0.38790079951286316
39,1,GSM331549,1,0.6472846865653992
39,1,GSM331552,1,0.33125969767570496
39,1,GSM331555,1,0.30271345376968384
39,1,GSM331556,1,0.3832879662513733
39,1,GSM331557,1,0.41976097226142883
39,1,GSM331561,1,0.6271800398826599
39,1,GSM331562,1,0.5099143981933594
39,1,GSM331563,1,0.47115394473075867
39,1,GSM331564,1,0.3266684114933014
39,1,GSM331565,1,0.49469953775405884
39,1,GSM331567,1,0.6270038485527039
39,1,GSM331568,1,0.636224627494812
39,1,GSM331569,1,0.42262884974479675
39,1,GSM331576,1,0.7015148401260376
39,1,GSM331577,1,0.375374972820282
39,1,GSM331580,1,0.3978305459022522
39,1,GSM331585,1,0.5652030110359192
39,1,GSM331586,1,0.2916564345359802
39,1,GSM331587,1,0.41283318400382996
39,1,GSM331588,1,0.5324450731277466
39,1,GSM331589,1,0.40569621324539185
39,1,GSM331590,1,0.4702491760253906
39,1,GSM331591,1,0.5743891000747681
39,1,GSM331592,1,0.5330101251602173
39,1,GSM331594,1,0.4119890630245209
39,1,GSM331603,1,0.6866537928581238
39,1,GSM331608,1,0.1652810126543045
39,1,GSM331611,1,0.6480209231376648
39,1,GSM331616,1,0.5362712740898132
39,1,GSM331618,1,0.651125967502594
39,1,GSM331620,1,0.615341305732727
39,1,GSM331621,1,0.6455487012863159
39,1,GSM331622,1,0.6215448379516602
39,1,GSM331623,1,0.2148314118385315
39,1,GSM331624,1,0.40697020292282104
39,1,GSM331625,1,0.3349311649799347
39,1,GSM331626,1,0.5122783184051514
39,1,GSM331629,1,0.21334941685199738
39,1,GSM331630,1,0.6356031894683838
39,1,GSM331631,1,0.2289949655532837
39,1,GSM331634,1,0.4995046854019165
39,1,GSM331635,1,0.3679303228855133
39,1,GSM331636,1,0.3966575860977173
39,1,GSM331642,1,0.36752673983573914
39,1,GSM331644,1,0.2915116548538208
39,1,GSM331645,1,0.42683887481689453
39,1,GSM331646,1,0.2771892249584198
39,1,GSM331648,1,0.35333144664764404
39,1,GSM331649,1,0.6626975536346436
39,1,GSM331650,1,0.5285610556602478
39,1,GSM331651,1,0.716192901134491
39,1,GSM331652,1,0.6771400570869446
39,1,GSM331656,1,0.5417741537094116
39,1,GSM331657,1,0.7322757244110107
39,1,GSM331659,1,0.34706807136535645
39,2,GSM331638,0,0.6695355176925659
39,2,GSM331662,0,0.4782697856426239
39,2,GSM331665,0,0.5161418318748474
39,2,GSM331668,0,0.6076597571372986
39,2,GSM331669,0,0.7186001539230347
39,2,GSM331670,0,0.4526064693927765
39,2,GSM331671,0,0.5562949180603027
39,2,GSM331672,0,0.478153258562088
39,2,GSM331674,0,0.4901502728462219
39,2,GSM331676,0,0.4027492105960846
39,2,GSM331681,0,0.5746924877166748
39,2,GSM331684,0,0.348468154668808
39,2,GSM331685,0,0.20543459057807922
39,2,GSM331689,0,0.5734947323799133
39,2,GSM331691,0,0.5860055088996887
39,2,GSM331692,0,0.32978639006614685
39,2,GSM331693,0,0.4564019441604614
39,2,GSM331694,0,0.6098331809043884
39,2,GSM331695,0,0.4985966682434082
39,2,GSM331698,0,0.17456112802028656
39,2,GSM331702,0,0.43442538380622864
39,2,GSM331703,0,0.5878838896751404
39,2,GSM331705,0,0.5014280676841736
39,2,GSM331706,0,0.805633008480072
39,2,GSM331708,0,0.5023893117904663
39,2,GSM331710,0,0.5436334609985352
39,2,GSM331712,0,0.5510846972465515
39,2,GSM331713,0,0.41002580523490906
39,2,GSM331714,0,0.7019418478012085
39,2,GSM331718,0,0.6636049151420593
39,2,GSM331721,0,0.7007036805152893
39,2,GSM331722,0,0.5871269702911377
39,2,GSM331724,0,0.3478991389274597
39,2,GSM331725,0,0.5669355392456055
39,2,GSM331726,0,0.3151651620864868
39,2,GSM331727,0,0.45464324951171875
39,2,GSM331453,1,0.39807671308517456
39,2,GSM331454,1,0.33144712448120117
39,2,GSM331456,1,0.5724253058433533
39,2,GSM331459,1,0.5350266695022583
39,2,GSM331463,1,0.4775991141796112
39,2,GSM331467,1,0.482697457075119
39,2,GSM331468,1,0.5877562165260315
39,2,GSM331473,1,0.47039559483528137
39,2,GSM331476,1,0.33345770835876465
39,2,GSM331477,1,0.3088741600513458
39,2,GSM331479,1,0.47980087995529175
39,2,GSM331480,1,0.4858376979827881
39,2,GSM331481,1,0.4679775834083557
39,2,GSM331484,1,0.33544352650642395
39,2,GSM331487,1,0.7957201600074768
39,2,GSM331490,1,0.25293102860450745
39,2,GSM331492,1,0.4732167422771454
39,2,GSM331493,1,0.23434759676456451
39,2,GSM331494,1,0.7302349209785461
39,2,GSM331495,1,0.6089138388633728
39,2,GSM331496,1,0.31064078211784363
39,2,GSM331498,1,0.24920424818992615
39,2,GSM331501,1,0.5025508999824524
39,2,GSM331503,1,0.3069782257080078
39,2,GSM331504,1,0.35164836049079895
39,2,GSM331507,1,0.16773495078086853
39,2,GSM331510,1,0.4228905737400055
39,2,GSM331511,1,0.7221120595932007
39,2,GSM331516,1,0.6592634916305542
39,2,GSM331518,1,0.41517403721809387
39,2,GSM331521,1,0.19979915022850037
39,2,GSM331524,1,0.5443060398101807
39,2,GSM331525,1,0.474946528673172
39,2,GSM331526,1,0.5782990455627441
39,2,GSM331527,1,0.21186037361621857
39,2,GSM331528,1,0.492748498916626
39,2,GSM331529,1,0.330006867647171
39,2,GSM331531,1,0.4828709363937378
39,2,GSM331532,1,0.30499544739723206
39,2,GSM331533,1,0.33303579688072205
39,2,GSM331536,1,0.5153722763061523
39,2,GSM331538,1,0.3903275728225708
39,2,GSM331541,1,0.4232574999332428
39,2,GSM331542,1,0.2600504159927368
39,2,GSM331543,1,0.49681535363197327
39,2,GSM331544,1,0.15516620874404907
39,2,GSM331545,1,0.3216252624988556
39,2,GSM331547,1,0.41853615641593933
39,2,GSM331550,1,0.4415726065635681
39,2,GSM331551,1,0.5966728925704956
39,2,GSM331553,1,0.7801129221916199
39,2,GSM331554,1,0.4352250099182129
39,2,GSM331558,1,0.2920040786266327
39,2,GSM331559,1,0.6631904244422913
39,2,GSM331560,1,0.3521057963371277
39,2,GSM331566,1,0.6415007710456848
39,2,GSM331570,1,0.42134058475494385
39,2,GSM331571,1,0.5216577649116516
39,2,GSM331572,1,0.4488406777381897
39,2,GSM331573,1,0.5518772602081299
39,2,GSM331574,1,0.32753559947013855
39,2,GSM331575,1,0.5708701014518738
39,2,GSM331578,1,0.5628787875175476
39,2,GSM331579,1,0.4729999005794525
39,2,GSM331581,1,0.3545505702495575
39,2,GSM331582,1,0.3153672218322754
39,2,GSM331583,1,0.45975494384765625
39,2,GSM331584,1,0.33906930685043335
39,2,GSM331593,1,0.5693909525871277
39,2,GSM331595,1,0.4535582661628723
39,2,GSM331596,1,0.6314751505851746
39,2,GSM331597,1,0.637144923210144
39,2,GSM331598,1,0.3338538408279419
39,2,GSM331599,1,0.8037359714508057
39,2,GSM331600,1,0.6422520279884338
39,2,GSM331601,1,0.486552894115448
39,2,GSM331602,1,0.5457257628440857
39,2,GSM331604,1,0.27026820182800293
39,2,GSM331605,1,0.5373070240020752
39,2,GSM331606,1,0.2801731526851654
39,2,GSM331607,1,0.6497421860694885
39,2,GSM331609,1,0.5128815770149231
39,2,GSM331610,1,0.5421913266181946
39,2,GSM331612,1,0.4414571225643158
39,2,GSM331613,1,0.4058617055416107
39,2,GSM331614,1,0.36095932126045227
39,2,GSM331615,1,0.5297322273254395
39,2,GSM331617,1,0.5187067985534668
39,2,GSM331619,1,0.4397833049297333
39,2,GSM331627,1,0.4721585214138031
39,2,GSM331628,1,0.4815468192100525
39,2,GSM331632,1,0.21709881722927094
39,2,GSM331633,1,0.33930641412734985
39,2,GSM331637,1,0.4072819650173187
39,2,GSM331639,1,0.437692254781723
39,2,GSM331640,1,0.2084168940782547
39,2,GSM331641,1,0.33617621660232544
39,2,GSM331643,1,0.7997720241546631
39,2,GSM331647,1,0.3762911260128021
39,2,GSM331653,1,0.4189927279949188
39,2,GSM331654,1,0.7994274497032166
39,2,GSM331655,1,0.35029336810112
39,2,GSM331658,1,0.391783207654953
40,1,GSM331660,0,0.5108231902122498
40,1,GSM331661,0,0.6014477610588074
40,1,GSM331662,0,0.5800215601921082
40,1,GSM331663,0,0.4452783465385437
40,1,GSM331664,0,0.41953057050704956
40,1,GSM331666,0,0.37832188606262207
40,1,GSM331669,0,0.7133329510688782
40,1,GSM331670,0,0.5154035687446594
40,1,GSM331676,0,0.6321747899055481
40,1,GSM331681,0,0.4491896331310272
40,1,GSM331683,0,0.7741619944572449
40,1,GSM331687,0,0.5213552713394165
40,1,GSM331688,0,0.7277168035507202
40,1,GSM331692,0,0.34403449296951294
40,1,GSM331693,0,0.4965367019176483
40,1,GSM331694,0,0.45557498931884766
40,1,GSM331696,0,0.5893053412437439
40,1,GSM331699,0,0.5364775657653809
40,1,GSM331700,0,0.38415104150772095
40,1,GSM331701,0,0.29887327551841736
40,1,GSM331704,0,0.5017249584197998
40,1,GSM331706,0,0.516055703163147
40,1,GSM331707,0,0.5921621322631836
40,1,GSM331709,0,0.49532055854797363
40,1,GSM331714,0,0.8425745368003845
40,1,GSM331715,0,0.37785080075263977
40,1,GSM331716,0,0.7546846866607666
40,1,GSM331717,0,0.6272251605987549
40,1,GSM331718,0,0.7429006099700928
40,1,GSM331719,0,0.33275139331817627
40,1,GSM331721,0,0.5538708567619324
40,1,GSM331724,0,0.3939419686794281
40,1,GSM331725,0,0.5296002626419067
40,1,GSM331726,0,0.44339069724082947
40,1,GSM331727,0,0.6169899702072144
40,1,GSM331730,0,0.6310311555862427
40,1,GSM331732,0,0.5523366928100586
40,1,GSM331453,1,0.3422137498855591
40,1,GSM331454,1,0.2238389402627945
40,1,GSM331455,1,0.2959843873977661
40,1,GSM331456,1,0.43237438797950745
40,1,GSM331458,1,0.578561007976532
40,1,GSM331460,1,0.39431917667388916
40,1,GSM331461,1,0.47097015380859375
40,1,GSM331462,1,0.44095078110694885
40,1,GSM331466,1,0.7092278599739075
40,1,GSM331467,1,0.4475955367088318
40,1,GSM331470,1,0.7903633713722229
40,1,GSM331472,1,0.27741682529449463
40,1,GSM331473,1,0.6719790101051331
40,1,GSM331475,1,0.6011870503425598
40,1,GSM331476,1,0.6352178454399109
40,1,GSM331477,1,0.666006326675415
40,1,GSM331479,1,0.47398319840431213
40,1,GSM331480,1,0.770039439201355
40,1,GSM331481,1,0.6075450778007507
40,1,GSM331482,1,0.37938666343688965
40,1,GSM331484,1,0.3812706172466278
40,1,GSM331485,1,0.7233024835586548
40,1,GSM331486,1,0.6068980693817139
40,1,GSM331488,1,0.6037789583206177
40,1,GSM331490,1,0.21984641253948212
40,1,GSM331496,1,0.5108349919319153
40,1,GSM331503,1,0.48138096928596497
40,1,GSM331506,1,0.5437567234039307
40,1,GSM331507,1,0.4863291382789612
40,1,GSM331508,1,0.7017922401428223
40,1,GSM331510,1,0.652768611907959
40,1,GSM331512,1,0.5962560772895813
40,1,GSM331513,1,0.5023645162582397
40,1,GSM331514,1,0.36775267124176025
40,1,GSM331515,1,0.48958566784858704
40,1,GSM331516,1,0.7131211161613464
40,1,GSM331519,1,0.31992101669311523
40,1,GSM331520,1,0.443081796169281
40,1,GSM331522,1,0.4361487030982971
40,1,GSM331523,1,0.7759644389152527
40,1,GSM331524,1,0.5113711357116699
40,1,GSM331527,1,0.30551159381866455
40,1,GSM331528,1,0.6536831259727478
40,1,GSM331531,1,0.7174214720726013
40,1,GSM331532,1,0.38006502389907837
40,1,GSM331535,1,0.3866998553276062
40,1,GSM331538,1,0.42627960443496704
40,1,GSM331539,1,0.48628467321395874
40,1,GSM331540,1,0.5681653022766113
40,1,GSM331546,1,0.4804385006427765
40,1,GSM331550,1,0.49348652362823486
40,1,GSM331551,1,0.3661976456642151
40,1,GSM331557,1,0.44739195704460144
40,1,GSM331558,1,0.4309156835079193
40,1,GSM331561,1,0.6562938690185547
40,1,GSM331563,1,0.6221681237220764
40,1,GSM331565,1,0.4619281589984894
40,1,GSM331569,1,0.4259139895439148
40,1,GSM331570,1,0.4272870123386383
40,1,GSM331571,1,0.42945757508277893
40,1,GSM331572,1,0.5349205136299133
40,1,GSM331573,1,0.6922459006309509
40,1,GSM331574,1,0.49201294779777527
40,1,GSM331581,1,0.39515191316604614
40,1,GSM331582,1,0.5938740968704224
40,1,GSM331583,1,0.5770399570465088
40,1,GSM331584,1,0.4096682667732239
40,1,GSM331587,1,0.6763964891433716
40,1,GSM331591,1,0.6435244679450989
40,1,GSM331593,1,0.6368273496627808
40,1,GSM331595,1,0.6690492033958435
40,1,GSM331597,1,0.5091837048530579
40,1,GSM331601,1,0.5420148968696594
40,1,GSM331602,1,0.4884018301963806
40,1,GSM331603,1,0.5689196586608887
40,1,GSM331604,1,0.4542373716831207
40,1,GSM331607,1,0.676887571811676
40,1,GSM331609,1,0.41440725326538086
40,1,GSM331610,1,0.4686012864112854
40,1,GSM331612,1,0.6529933214187622
40,1,GSM331615,1,0.5843014717102051
40,1,GSM331616,1,0.6092711687088013
40,1,GSM331617,1,0.6058070659637451
40,1,GSM331618,1,0.4440990388393402
40,1,GSM331619,1,0.3284423351287842
40,1,GSM331620,1,0.59548419713974
40,1,GSM331621,1,0.4833277761936188
40,1,GSM331623,1,0.5448447465896606
40,1,GSM331624,1,0.701073169708252
40,1,GSM331626,1,0.4603918194770813
40,1,GSM331627,1,0.4604475200176239
40,1,GSM331630,1,0.5480052828788757
40,1,GSM331632,1,0.5158740878105164
40,1,GSM331633,1,0.30431607365608215
40,1,GSM331639,1,0.4508151113986969
40,1,GSM331640,1,0.2918833792209625
40,1,GSM331642,1,0.48802584409713745
40,1,GSM331649,1,0.7324751019477844
40,1,GSM331650,1,0.5073519349098206
40,1,GSM331653,1,0.5577360391616821
40,1,GSM331654,1,0.602078378200531
40,1,GSM331657,1,0.5546098947525024
40,1,GSM331659,1,0.3928707540035248
40,2,GSM331638,0,0.5259304642677307
40,2,GSM331665,0,0.47551587224006653
40,2,GSM331668,0,0.6464645266532898
40,2,GSM331671,0,0.5367128252983093
40,2,GSM331672,0,0.5659304857254028
40,2,GSM331673,0,0.40648823976516724
40,2,GSM331674,0,0.4361230134963989
40,2,GSM331675,0,0.21855905652046204
40,2,GSM331677,0,0.340087354183197
40,2,GSM331678,0,0.36956655979156494
40,2,GSM331679,0,0.36456698179244995
40,2,GSM331680,0,0.39890462160110474
40,2,GSM331682,0,0.5647413730621338
40,2,GSM331684,0,0.3070841431617737
40,2,GSM331685,0,0.4073326289653778
40,2,GSM331686,0,0.6906132698059082
40,2,GSM331689,0,0.38654279708862305
40,2,GSM331690,0,0.46779876947402954
40,2,GSM331691,0,0.6017071008682251
40,2,GSM331695,0,0.6219543218612671
40,2,GSM331697,0,0.4158734381198883
40,2,GSM331698,0,0.29632091522216797
40,2,GSM331702,0,0.4366735816001892
40,2,GSM331703,0,0.657336950302124
40,2,GSM331705,0,0.38123708963394165
40,2,GSM331708,0,0.7975187301635742
40,2,GSM331710,0,0.37774673104286194
40,2,GSM331711,0,0.6473209857940674
40,2,GSM331712,0,0.5054367780685425
40,2,GSM331713,0,0.30026301741600037
40,2,GSM331720,0,0.5000684261322021
40,2,GSM331722,0,0.581653356552124
40,2,GSM331723,0,0.6106012463569641
40,2,GSM331728,0,0.45159438252449036
40,2,GSM331729,0,0.3451334536075592
40,2,GSM331731,0,0.6721891760826111
40,2,GSM331457,1,0.5916776657104492
40,2,GSM331459,1,0.4502931833267212
40,2,GSM331463,1,0.5633164644241333
40,2,GSM331464,1,0.4840584993362427
40,2,GSM331465,1,0.5369323492050171
40,2,GSM331468,1,0.5695714354515076
40,2,GSM331469,1,0.6584774851799011
40,2,GSM331471,1,0.5647862553596497
40,2,GSM331474,1,0.6279485821723938
40,2,GSM331478,1,0.37258145213127136
40,2,GSM331483,1,0.6865376234054565
40,2,GSM331487,1,0.8623112440109253
40,2,GSM331489,1,0.3374943733215332
40,2,GSM331491,1,0.35301148891448975
40,2,GSM331492,1,0.6017244458198547
40,2,GSM331493,1,0.22466206550598145
40,2,GSM331494,1,0.5851811170578003
40,2,GSM331495,1,0.6348833441734314
40,2,GSM331497,1,0.5300019383430481
40,2,GSM331498,1,0.31269559264183044
40,2,GSM331499,1,0.6550235748291016
40,2,GSM331500,1,0.5778840780258179
40,2,GSM331501,1,0.4200250804424286
40,2,GSM331502,1,0.7330896258354187
40,2,GSM331504,1,0.2816289961338043
40,2,GSM331505,1,0.783494234085083
40,2,GSM331509,1,0.4672863781452179
40,2,GSM331511,1,0.5952333211898804
40,2,GSM331517,1,0.5103030204772949
40,2,GSM331518,1,0.5668866038322449
40,2,GSM331521,1,0.42704668641090393
40,2,GSM331525,1,0.5639204382896423
40,2,GSM331526,1,0.6442959308624268
40,2,GSM331529,1,0.3459088206291199
40,2,GSM331530,1,0.6742116212844849
40,2,GSM331533,1,0.5196340084075928
40,2,GSM331534,1,0.40914252400398254
40,2,GSM331536,1,0.5031214952468872
40,2,GSM331537,1,0.49219584465026855
40,2,GSM331541,1,0.5157192349433899
40,2,GSM331542,1,0.29849496483802795
40,2,GSM331543,1,0.530166745185852
40,2,GSM331544,1,0.19993261992931366
40,2,GSM331545,1,0.3684103488922119
40,2,GSM331547,1,0.579030454158783
40,2,GSM331548,1,0.7056925296783447
40,2,GSM331549,1,0.5679444670677185
40,2,GSM331552,1,0.340249240398407
40,2,GSM331553,1,0.6726219058036804
40,2,GSM331554,1,0.6144996285438538
40,2,GSM331555,1,0.3736841678619385
40,2,GSM331556,1,0.5013703107833862
40,2,GSM331559,1,0.5986785292625427
40,2,GSM331560,1,0.21387135982513428
40,2,GSM331562,1,0.5788074135780334
40,2,GSM331564,1,0.5602722764015198
40,2,GSM331566,1,0.7557389736175537
40,2,GSM331567,1,0.5883850455284119
40,2,GSM331568,1,0.604106068611145
40,2,GSM331575,1,0.6018370389938354
40,2,GSM331576,1,0.7612296342849731
40,2,GSM331577,1,0.4542770981788635
40,2,GSM331578,1,0.5378802418708801
40,2,GSM331579,1,0.41254323720932007
40,2,GSM331580,1,0.3973568379878998
40,2,GSM331585,1,0.3592645227909088
40,2,GSM331586,1,0.21153269708156586
40,2,GSM331588,1,0.45769208669662476
40,2,GSM331589,1,0.43324247002601624
40,2,GSM331590,1,0.5795204043388367
40,2,GSM331592,1,0.508765459060669
40,2,GSM331594,1,0.3612182140350342
40,2,GSM331596,1,0.5169811844825745
40,2,GSM331598,1,0.2660174071788788
40,2,GSM331599,1,0.5701349973678589
40,2,GSM331600,1,0.6216516494750977
40,2,GSM331605,1,0.6463853120803833
40,2,GSM331606,1,0.2175925225019455
40,2,GSM331608,1,0.28317397832870483
40,2,GSM331611,1,0.7484907507896423
40,2,GSM331613,1,0.6208457350730896
40,2,GSM331614,1,0.4056316316127777
40,2,GSM331622,1,0.4957118332386017
40,2,GSM331625,1,0.5083353519439697
40,2,GSM331628,1,0.4956657886505127
40,2,GSM331629,1,0.3454309403896332
40,2,GSM331631,1,0.14840169250965118
40,2,GSM331634,1,0.5381395220756531
40,2,GSM331635,1,0.4165478050708771
40,2,GSM331636,1,0.2438209503889084
40,2,GSM331637,1,0.3906747102737427
40,2,GSM331641,1,0.3708416223526001
40,2,GSM331643,1,0.7241371870040894
40,2,GSM331644,1,0.24069055914878845
40,2,GSM331645,1,0.4200880229473114
40,2,GSM331646,1,0.4918215274810791
40,2,GSM331647,1,0.4519197642803192
40,2,GSM331648,1,0.2727755606174469
40,2,GSM331651,1,0.7157701253890991
40,2,GSM331652,1,0.6448723673820496
40,2,GSM331655,1,0.31105706095695496
40,2,GSM331656,1,0.3653116524219513
40,2,GSM331658,1,0.43777501583099365
41,1,GSM331638,0,0.6056068539619446
41,1,GSM331662,0,0.4653361737728119
41,1,GSM331664,0,0.30297884345054626
41,1,GSM331665,0,0.54668128490448
41,1,GSM331668,0,0.46929407119750977
41,1,GSM331669,0,0.6935044527053833
41,1,GSM331673,0,0.5114409327507019
41,1,GSM331674,0,0.4243735074996948
41,1,GSM331675,0,0.26811110973358154
41,1,GSM331677,0,0.27179163694381714
41,1,GSM331678,0,0.2901664674282074
41,1,GSM331679,0,0.2240351140499115
41,1,GSM331682,0,0.7073658108711243
41,1,GSM331683,0,0.7139509916305542
41,1,GSM331691,0,0.560448408126831
41,1,GSM331693,0,0.6319704055786133
41,1,GSM331695,0,0.4152768850326538
41,1,GSM331699,0,0.3012111783027649
41,1,GSM331701,0,0.24161884188652039
41,1,GSM331703,0,0.6442400813102722
41,1,GSM331704,0,0.7024598121643066
41,1,GSM331705,0,0.5301977396011353
41,1,GSM331706,0,0.8697975873947144
41,1,GSM331708,0,0.45950785279273987
41,1,GSM331709,0,0.34836405515670776
41,1,GSM331710,0,0.44748440384864807
41,1,GSM331711,0,0.7993682026863098
41,1,GSM331713,0,0.33218061923980713
41,1,GSM331719,0,0.2790564298629761
41,1,GSM331721,0,0.7841561436653137
41,1,GSM331722,0,0.6564169526100159
41,1,GSM331723,0,0.7598966956138611
41,1,GSM331724,0,0.2960697412490845
41,1,GSM331725,0,0.48846927285194397
41,1,GSM331726,0,0.25565749406814575
41,1,GSM331727,0,0.43785572052001953
41,1,GSM331732,0,0.5315670371055603
41,1,GSM331454,1,0.48494917154312134
41,1,GSM331455,1,0.2329505831003189
41,1,GSM331456,1,0.6186186671257019
41,1,GSM331465,1,0.49851393699645996
41,1,GSM331469,1,0.32963550090789795
41,1,GSM331471,1,0.6296038627624512
41,1,GSM331472,1,0.4221120774745941
41,1,GSM331473,1,0.5047820806503296
41,1,GSM331478,1,0.6585565805435181
41,1,GSM331479,1,0.35364046692848206
41,1,GSM331480,1,0.6140023469924927
41,1,GSM331481,1,0.5160968899726868
41,1,GSM331482,1,0.4396771490573883
41,1,GSM331486,1,0.5899060368537903
41,1,GSM331487,1,0.7745575308799744
41,1,GSM331488,1,0.7152387499809265
41,1,GSM331489,1,0.7076636552810669
41,1,GSM331492,1,0.5226863026618958
41,1,GSM331493,1,0.3333762586116791
41,1,GSM331496,1,0.26906251907348633
41,1,GSM331497,1,0.330356240272522
41,1,GSM331500,1,0.6508052945137024
41,1,GSM331501,1,0.4636835753917694
41,1,GSM331502,1,0.8554404377937317
41,1,GSM331503,1,0.5432683229446411
41,1,GSM331505,1,0.40697187185287476
41,1,GSM331506,1,0.675762951374054
41,1,GSM331508,1,0.6076778173446655
41,1,GSM331509,1,0.271235853433609
41,1,GSM331511,1,0.7235652804374695
41,1,GSM331512,1,0.676186740398407
41,1,GSM331513,1,0.6949325799942017
41,1,GSM331514,1,0.5176913142204285
41,1,GSM331517,1,0.5115571022033691
41,1,GSM331524,1,0.5788999795913696
41,1,GSM331526,1,0.6624926924705505
41,1,GSM331529,1,0.40613853931427
41,1,GSM331530,1,0.6670336127281189
41,1,GSM331532,1,0.23248395323753357
41,1,GSM331533,1,0.45278361439704895
41,1,GSM331534,1,0.697094738483429
41,1,GSM331535,1,0.44413354992866516
41,1,GSM331536,1,0.5059453845024109
41,1,GSM331539,1,0.5293121933937073
41,1,GSM331540,1,0.7589725255966187
41,1,GSM331544,1,0.2931320071220398
41,1,GSM331545,1,0.5740188360214233
41,1,GSM331548,1,0.3143343925476074
41,1,GSM331549,1,0.6391899585723877
41,1,GSM331553,1,0.8809453248977661
41,1,GSM331555,1,0.2555261254310608
41,1,GSM331559,1,0.733756422996521
41,1,GSM331560,1,0.34359055757522583
41,1,GSM331562,1,0.348959743976593
41,1,GSM331565,1,0.5206509232521057
41,1,GSM331571,1,0.5418078303337097
41,1,GSM331572,1,0.6900696158409119
41,1,GSM331573,1,0.6146054267883301
41,1,GSM331574,1,0.46213144063949585
41,1,GSM331575,1,0.501480221748352
41,1,GSM331576,1,0.7439128160476685
41,1,GSM331578,1,0.6898335814476013
41,1,GSM331579,1,0.4408572018146515
41,1,GSM331584,1,0.1944643259048462
41,1,GSM331585,1,0.7040624022483826
41,1,GSM331586,1,0.38116514682769775
41,1,GSM331589,1,0.4823819696903229
41,1,GSM331590,1,0.46010273694992065
41,1,GSM331591,1,0.6454205513000488
41,1,GSM331594,1,0.3719656467437744
41,1,GSM331597,1,0.5338119864463806
41,1,GSM331599,1,0.7829643487930298
41,1,GSM331601,1,0.5312708020210266
41,1,GSM331603,1,0.4781058430671692
41,1,GSM331604,1,0.4384269118309021
41,1,GSM331605,1,0.7292757630348206
41,1,GSM331606,1,0.39490675926208496
41,1,GSM331607,1,0.7517302632331848
41,1,GSM331608,1,0.2203092873096466
41,1,GSM331610,1,0.5999033451080322
41,1,GSM331611,1,0.7213576436042786
41,1,GSM331613,1,0.4397861361503601
41,1,GSM331614,1,0.36317378282546997
41,1,GSM331616,1,0.5312747955322266
41,1,GSM331617,1,0.6229766011238098
41,1,GSM331622,1,0.8767911195755005
41,1,GSM331623,1,0.39443591237068176
41,1,GSM331626,1,0.4608297348022461
41,1,GSM331629,1,0.21872420608997345
41,1,GSM331632,1,0.2532999813556671
41,1,GSM331634,1,0.5874711275100708
41,1,GSM331636,1,0.20579949021339417
41,1,GSM331637,1,0.6104204058647156
41,1,GSM331639,1,0.4227443039417267
41,1,GSM331641,1,0.45216166973114014
41,1,GSM331642,1,0.6736441850662231
41,1,GSM331644,1,0.4234786927700043
41,1,GSM331646,1,0.39360693097114563
41,1,GSM331649,1,0.7132808566093445
41,1,GSM331651,1,0.7314812541007996
41,1,GSM331656,1,0.4700404107570648
41,1,GSM331658,1,0.4659063220024109
41,1,GSM331659,1,0.48754048347473145
41,2,GSM331660,0,0.3484923839569092
41,2,GSM331661,0,0.8036954402923584
41,2,GSM331663,0,0.34081095457077026
41,2,GSM331666,0,0.3515864610671997
41,2,GSM331670,0,0.5507252216339111
41,2,GSM331671,0,0.5342756509780884
41,2,GSM331672,0,0.8219512701034546
41,2,GSM331676,0,0.6302895545959473
41,2,GSM331680,0,0.5711678266525269
41,2,GSM331681,0,0.7062196135520935
41,2,GSM331684,0,0.3765498101711273
41,2,GSM331685,0,0.1263568252325058
41,2,GSM331686,0,0.8366889953613281
41,2,GSM331687,0,0.23013271391391754
41,2,GSM331688,0,0.6845211982727051
41,2,GSM331689,0,0.4828348159790039
41,2,GSM331690,0,0.5124279856681824
41,2,GSM331692,0,0.30654287338256836
41,2,GSM331694,0,0.4617633819580078
41,2,GSM331696,0,0.46186161041259766
41,2,GSM331697,0,0.36703023314476013
41,2,GSM331698,0,0.29790735244750977
41,2,GSM331700,0,0.3907584846019745
41,2,GSM331702,0,0.6227887272834778
41,2,GSM331707,0,0.2241884022951126
41,2,GSM331712,0,0.8051000237464905
41,2,GSM331714,0,0.5813133120536804
41,2,GSM331715,0,0.2809497117996216
41,2,GSM331716,0,0.9198843836784363
41,2,GSM331717,0,0.8258929252624512
41,2,GSM331718,0,0.7262893319129944
41,2,GSM331720,0,0.36231449246406555
41,2,GSM331728,0,0.21773788332939148
41,2,GSM331729,0,0.217841237783432
41,2,GSM331730,0,0.7207428812980652
41,2,GSM331731,0,0.448158323764801
41,2,GSM331453,1,0.421286940574646
41,2,GSM331457,1,0.5087213516235352
41,2,GSM331458,1,0.4864523410797119
41,2,GSM331459,1,0.5667033195495605
41,2,GSM331460,1,0.3434809446334839
41,2,GSM331461,1,0.4786641299724579
41,2,GSM331462,1,0.2558319568634033
41,2,GSM331463,1,0.4515857994556427
41,2,GSM331464,1,0.38020679354667664
41,2,GSM331466,1,0.3337131142616272
41,2,GSM331467,1,0.5078684091567993
41,2,GSM331468,1,0.6896399855613708
41,2,GSM331470,1,0.5171093940734863
41,2,GSM331474,1,0.28492701053619385
41,2,GSM331475,1,0.46752476692199707
41,2,GSM331476,1,0.4246898293495178
41,2,GSM331477,1,0.5238008499145508
41,2,GSM331483,1,0.41841065883636475
41,2,GSM331484,1,0.21615485846996307
41,2,GSM331485,1,0.7782867550849915
41,2,GSM331490,1,0.44729623198509216
41,2,GSM331491,1,0.5148346424102783
41,2,GSM331494,1,0.705796480178833
41,2,GSM331495,1,0.3549054265022278
41,2,GSM331498,1,0.35548052191734314
41,2,GSM331499,1,0.6477102041244507
41,2,GSM331504,1,0.578532338142395
41,2,GSM331507,1,0.17731843888759613
41,2,GSM331510,1,0.47584420442581177
41,2,GSM331515,1,0.4818500280380249
41,2,GSM331516,1,0.6762232184410095
41,2,GSM331518,1,0.3901154398918152
41,2,GSM331519,1,0.4041045010089874
41,2,GSM331520,1,0.48298293352127075
41,2,GSM331521,1,0.220159113407135
41,2,GSM331522,1,0.4883151650428772
41,2,GSM331523,1,0.6387588977813721
41,2,GSM331525,1,0.5037230849266052
41,2,GSM331527,1,0.3431265950202942
41,2,GSM331528,1,0.4774249196052551
41,2,GSM331531,1,0.421083927154541
41,2,GSM331537,1,0.4823477268218994
41,2,GSM331538,1,0.3601289987564087
41,2,GSM331541,1,0.4063754975795746
41,2,GSM331542,1,0.47553977370262146
41,2,GSM331543,1,0.5424066781997681
41,2,GSM331546,1,0.6088912487030029
41,2,GSM331547,1,0.38549816608428955
41,2,GSM331550,1,0.2914334535598755
41,2,GSM331551,1,0.32978981733322144
41,2,GSM331552,1,0.422939658164978
41,2,GSM331554,1,0.24044068157672882
41,2,GSM331556,1,0.4568711817264557
41,2,GSM331557,1,0.44873207807540894
41,2,GSM331558,1,0.36056455969810486
41,2,GSM331561,1,0.5610464215278625
41,2,GSM331563,1,0.593333899974823
41,2,GSM331564,1,0.5959725379943848
41,2,GSM331566,1,0.6075168251991272
41,2,GSM331567,1,0.47017455101013184
41,2,GSM331568,1,0.7035759091377258
41,2,GSM331569,1,0.5900558233261108
41,2,GSM331570,1,0.6283155083656311
41,2,GSM331577,1,0.5137086510658264
41,2,GSM331580,1,0.24699033796787262
41,2,GSM331581,1,0.4376157820224762
41,2,GSM331582,1,0.3190997838973999
41,2,GSM331583,1,0.23840029537677765
41,2,GSM331587,1,0.6180635094642639
41,2,GSM331588,1,0.6117643117904663
41,2,GSM331592,1,0.5329734683036804
41,2,GSM331593,1,0.3803510367870331
41,2,GSM331595,1,0.6956027746200562
41,2,GSM331596,1,0.4404967129230499
41,2,GSM331598,1,0.3905714154243469
41,2,GSM331600,1,0.7327944040298462
41,2,GSM331602,1,0.44296565651893616
41,2,GSM331609,1,0.5239585638046265
41,2,GSM331612,1,0.497055321931839
41,2,GSM331615,1,0.5459849238395691
41,2,GSM331618,1,0.6756977438926697
41,2,GSM331619,1,0.17865382134914398
41,2,GSM331620,1,0.5175273418426514
41,2,GSM331621,1,0.5140502452850342
41,2,GSM331624,1,0.47758421301841736
41,2,GSM331625,1,0.6827883720397949
41,2,GSM331627,1,0.554158091545105
41,2,GSM331628,1,0.5034307241439819
41,2,GSM331630,1,0.43436887860298157
41,2,GSM331631,1,0.1874173879623413
41,2,GSM331633,1,0.38245832920074463
41,2,GSM331635,1,0.39282211661338806
41,2,GSM331640,1,0.21056148409843445
41,2,GSM331643,1,0.6642352938652039
41,2,GSM331645,1,0.4855266511440277
41,2,GSM331647,1,0.5340756773948669
41,2,GSM331648,1,0.3354068398475647
41,2,GSM331650,1,0.5600520968437195
41,2,GSM331652,1,0.7132654786109924
41,2,GSM331653,1,0.33828774094581604
41,2,GSM331654,1,0.8127758502960205
41,2,GSM331655,1,0.4113972783088684
41,2,GSM331657,1,0.6407003998756409
42,1,GSM331638,0,0.651060938835144
42,1,GSM331662,0,0.538822591304779
42,1,GSM331668,0,0.5101222991943359
42,1,GSM331669,0,0.7398256659507751
42,1,GSM331670,0,0.4837794601917267
42,1,GSM331671,0,0.6889214515686035
42,1,GSM331672,0,0.7288115620613098
42,1,GSM331673,0,0.6514681577682495
42,1,GSM331674,0,0.7187408208847046
42,1,GSM331677,0,0.4687173366546631
42,1,GSM331678,0,0.4956930875778198
42,1,GSM331679,0,0.5668993592262268
42,1,GSM331681,0,0.5823760032653809
42,1,GSM331684,0,0.529727578163147
42,1,GSM331686,0,0.5663677453994751
42,1,GSM331687,0,0.35518065094947815
42,1,GSM331689,0,0.5987903475761414
42,1,GSM331691,0,0.35848140716552734
42,1,GSM331693,0,0.4266030490398407
42,1,GSM331694,0,0.5343390703201294
42,1,GSM331695,0,0.37319546937942505
42,1,GSM331696,0,0.483888179063797
42,1,GSM331699,0,0.4818280041217804
42,1,GSM331700,0,0.4104941785335541
42,1,GSM331702,0,0.4310153126716614
42,1,GSM331704,0,0.6572927832603455
42,1,GSM331705,0,0.5390719175338745
42,1,GSM331708,0,0.495414674282074
42,1,GSM331709,0,0.6430169343948364
42,1,GSM331710,0,0.5020917654037476
42,1,GSM331711,0,0.7778972387313843
42,1,GSM331713,0,0.5655837655067444
42,1,GSM331715,0,0.40682312846183777
42,1,GSM331719,0,0.36446723341941833
42,1,GSM331721,0,0.7161650657653809
42,1,GSM331722,0,0.6153484582901001
42,1,GSM331726,0,0.3701851963996887
42,1,GSM331453,1,0.520989716053009
42,1,GSM331454,1,0.36205488443374634
42,1,GSM331455,1,0.2421800047159195
42,1,GSM331456,1,0.39160144329071045
42,1,GSM331457,1,0.5915431976318359
42,1,GSM331460,1,0.5495142936706543
42,1,GSM331462,1,0.45324620604515076
42,1,GSM331463,1,0.3834764063358307
42,1,GSM331464,1,0.43642640113830566
42,1,GSM331465,1,0.43518558144569397
42,1,GSM331468,1,0.6657821536064148
42,1,GSM331469,1,0.5660343766212463
42,1,GSM331470,1,0.5159136056900024
42,1,GSM331471,1,0.4829055368900299
42,1,GSM331472,1,0.5579923391342163
42,1,GSM331473,1,0.5733213424682617
42,1,GSM331476,1,0.6674233675003052
42,1,GSM331477,1,0.46546757221221924
42,1,GSM331478,1,0.6199723482131958
42,1,GSM331480,1,0.7734392285346985
42,1,GSM331485,1,0.6341546773910522
42,1,GSM331486,1,0.5240270495414734
42,1,GSM331487,1,0.6458663940429688
42,1,GSM331488,1,0.6511389017105103
42,1,GSM331493,1,0.3671264946460724
42,1,GSM331495,1,0.4268564283847809
42,1,GSM331498,1,0.4452901780605316
42,1,GSM331500,1,0.5725307464599609
42,1,GSM331501,1,0.5193554759025574
42,1,GSM331502,1,0.7163978219032288
42,1,GSM331503,1,0.34156498312950134
42,1,GSM331511,1,0.5872800350189209
42,1,GSM331513,1,0.588231086730957
42,1,GSM331514,1,0.5672334432601929
42,1,GSM331515,1,0.5523216128349304
42,1,GSM331516,1,0.5996206402778625
42,1,GSM331517,1,0.6326406598091125
42,1,GSM331520,1,0.38006791472435
42,1,GSM331523,1,0.45966747403144836
42,1,GSM331524,1,0.5051670074462891
42,1,GSM331525,1,0.5808264017105103
42,1,GSM331526,1,0.47595393657684326
42,1,GSM331528,1,0.6539302468299866
42,1,GSM331529,1,0.44947415590286255
42,1,GSM331530,1,0.35333511233329773
42,1,GSM331531,1,0.6126582026481628
42,1,GSM331533,1,0.47881707549095154
42,1,GSM331535,1,0.5065577030181885
42,1,GSM331536,1,0.6849231123924255
42,1,GSM331537,1,0.4077504277229309
42,1,GSM331538,1,0.21176089346408844
42,1,GSM331540,1,0.354045569896698
42,1,GSM331541,1,0.5982152223587036
42,1,GSM331542,1,0.5460414886474609
42,1,GSM331547,1,0.4339299201965332
42,1,GSM331550,1,0.5391048192977905
42,1,GSM331557,1,0.6400504112243652
42,1,GSM331560,1,0.30233144760131836
42,1,GSM331561,1,0.5641636848449707
42,1,GSM331562,1,0.3854483664035797
42,1,GSM331563,1,0.6933795213699341
42,1,GSM331564,1,0.34549620747566223
42,1,GSM331565,1,0.35116833448410034
42,1,GSM331568,1,0.6504083871841431
42,1,GSM331569,1,0.5255178809165955
42,1,GSM331570,1,0.4027165472507477
42,1,GSM331571,1,0.5655087828636169
42,1,GSM331574,1,0.4782680869102478
42,1,GSM331575,1,0.4104371964931488
42,1,GSM331577,1,0.3540709316730499
42,1,GSM331581,1,0.3606531023979187
42,1,GSM331589,1,0.5884023904800415
42,1,GSM331590,1,0.3793504238128662
42,1,GSM331591,1,0.6434856653213501
42,1,GSM331592,1,0.5942114591598511
42,1,GSM331594,1,0.579896092414856
42,1,GSM331597,1,0.4224890470504761
42,1,GSM331598,1,0.3563743233680725
42,1,GSM331599,1,0.8089056015014648
42,1,GSM331602,1,0.4402126669883728
42,1,GSM331603,1,0.5905392169952393
42,1,GSM331608,1,0.42524510622024536
42,1,GSM331611,1,0.47292274236679077
42,1,GSM331612,1,0.5453373193740845
42,1,GSM331614,1,0.5033760070800781
42,1,GSM331616,1,0.5846163034439087
42,1,GSM331617,1,0.726178765296936
42,1,GSM331618,1,0.3861347734928131
42,1,GSM331619,1,0.3080035150051117
42,1,GSM331620,1,0.4817027151584625
42,1,GSM331625,1,0.5898757576942444
42,1,GSM331627,1,0.29287099838256836
42,1,GSM331628,1,0.5234522819519043
42,1,GSM331633,1,0.54059237241745
42,1,GSM331634,1,0.535047709941864
42,1,GSM331635,1,0.4124710261821747
42,1,GSM331637,1,0.5418911576271057
42,1,GSM331643,1,0.7943136096000671
42,1,GSM331644,1,0.31854984164237976
42,1,GSM331647,1,0.6933264136314392
42,1,GSM331650,1,0.5251647233963013
42,1,GSM331651,1,0.43119552731513977
42,1,GSM331654,1,0.6864489316940308
42,2,GSM331660,0,0.42983102798461914
42,2,GSM331661,0,0.5611922740936279
42,2,GSM331663,0,0.49229395389556885
42,2,GSM331664,0,0.4506942629814148
42,2,GSM331665,0,0.6041918396949768
42,2,GSM331666,0,0.39508628845214844
42,2,GSM331675,0,0.3949807584285736
42,2,GSM331676,0,0.47466668486595154
42,2,GSM331680,0,0.5038650631904602
42,2,GSM331682,0,0.40137824416160583
42,2,GSM331683,0,0.7091467976570129
42,2,GSM331685,0,0.34682098031044006
42,2,GSM331688,0,0.719650149345398
42,2,GSM331690,0,0.4027843475341797
42,2,GSM331692,0,0.32048192620277405
42,2,GSM331697,0,0.3872648775577545
42,2,GSM331698,0,0.2598802149295807
42,2,GSM331701,0,0.4220891296863556
42,2,GSM331703,0,0.3412379026412964
42,2,GSM331706,0,0.5323722958564758
42,2,GSM331707,0,0.3622453212738037
42,2,GSM331712,0,0.42700764536857605
42,2,GSM331714,0,0.6980535387992859
42,2,GSM331716,0,0.6988706588745117
42,2,GSM331717,0,0.6165820956230164
42,2,GSM331718,0,0.6160315871238708
42,2,GSM331720,0,0.4242057800292969
42,2,GSM331723,0,0.443505197763443
42,2,GSM331724,0,0.44689539074897766
42,2,GSM331725,0,0.5555081367492676
42,2,GSM331727,0,0.4923364818096161
42,2,GSM331728,0,0.3606131076812744
42,2,GSM331729,0,0.4161335229873657
42,2,GSM331730,0,0.4848577380180359
42,2,GSM331731,0,0.5762380361557007
42,2,GSM331732,0,0.5848604440689087
42,2,GSM331458,1,0.4698391556739807
42,2,GSM331459,1,0.3515250086784363
42,2,GSM331461,1,0.4933162331581116
42,2,GSM331466,1,0.4683769643306732
42,2,GSM331467,1,0.15944267809391022
42,2,GSM331474,1,0.34174248576164246
42,2,GSM331475,1,0.4299767017364502
42,2,GSM331479,1,0.5641294121742249
42,2,GSM331481,1,0.6044151782989502
42,2,GSM331482,1,0.3422061502933502
42,2,GSM331483,1,0.6278861165046692
42,2,GSM331484,1,0.3408275842666626
42,2,GSM331489,1,0.42201709747314453
42,2,GSM331490,1,0.30430787801742554
42,2,GSM331491,1,0.5247148871421814
42,2,GSM331492,1,0.3446611166000366
42,2,GSM331494,1,0.584803581237793
42,2,GSM331496,1,0.46546506881713867
42,2,GSM331497,1,0.43195652961730957
42,2,GSM331499,1,0.41456544399261475
42,2,GSM331504,1,0.4109661281108856
42,2,GSM331505,1,0.44585901498794556
42,2,GSM331506,1,0.3743787407875061
42,2,GSM331507,1,0.2493942826986313
42,2,GSM331508,1,0.4108826518058777
42,2,GSM331509,1,0.41101574897766113
42,2,GSM331510,1,0.44805625081062317
42,2,GSM331512,1,0.5498926639556885
42,2,GSM331518,1,0.3652122914791107
42,2,GSM331519,1,0.4648023545742035
42,2,GSM331521,1,0.4271027743816376
42,2,GSM331522,1,0.47252970933914185
42,2,GSM331527,1,0.3276914060115814
42,2,GSM331532,1,0.19227583706378937
42,2,GSM331534,1,0.5006077289581299
42,2,GSM331539,1,0.3346721827983856
42,2,GSM331543,1,0.36882978677749634
42,2,GSM331544,1,0.23523704707622528
42,2,GSM331545,1,0.45733505487442017
42,2,GSM331546,1,0.4204377830028534
42,2,GSM331548,1,0.4708068072795868
42,2,GSM331549,1,0.4907273054122925
42,2,GSM331551,1,0.43139421939849854
42,2,GSM331552,1,0.24649162590503693
42,2,GSM331553,1,0.5658310651779175
42,2,GSM331554,1,0.35147249698638916
42,2,GSM331555,1,0.3445124328136444
42,2,GSM331556,1,0.5613762736320496
42,2,GSM331558,1,0.2446289360523224
42,2,GSM331559,1,0.7288915514945984
42,2,GSM331566,1,0.48504316806793213
42,2,GSM331567,1,0.211923748254776
42,2,GSM331572,1,0.47956618666648865
42,2,GSM331573,1,0.6268806457519531
42,2,GSM331576,1,0.6554164290428162
42,2,GSM331578,1,0.2669919431209564
42,2,GSM331579,1,0.4057556390762329
42,2,GSM331580,1,0.49708205461502075
42,2,GSM331582,1,0.30184969305992126
42,2,GSM331583,1,0.38939979672431946
42,2,GSM331584,1,0.3051666021347046
42,2,GSM331585,1,0.42843902111053467
42,2,GSM331586,1,0.31880563497543335
42,2,GSM331587,1,0.4735313653945923
42,2,GSM331588,1,0.4985864758491516
42,2,GSM331593,1,0.3629183769226074
42,2,GSM331595,1,0.35212016105651855
42,2,GSM331596,1,0.686502993106842
42,2,GSM331600,1,0.6403244733810425
42,2,GSM331601,1,0.6133273243904114
42,2,GSM331604,1,0.359932005405426
42,2,GSM331605,1,0.4633747339248657
42,2,GSM331606,1,0.2762342095375061
42,2,GSM331607,1,0.5592303276062012
42,2,GSM331609,1,0.3466833829879761
42,2,GSM331610,1,0.517292857170105
42,2,GSM331613,1,0.38957124948501587
42,2,GSM331615,1,0.3727041184902191
42,2,GSM331621,1,0.2963038682937622
42,2,GSM331622,1,0.5088235139846802
42,2,GSM331623,1,0.5426303148269653
42,2,GSM331624,1,0.5387676358222961
42,2,GSM331626,1,0.162960022687912
42,2,GSM331629,1,0.41606658697128296
42,2,GSM331630,1,0.3851231038570404
42,2,GSM331631,1,0.27115607261657715
42,2,GSM331632,1,0.24332262575626373
42,2,GSM331636,1,0.3337966203689575
42,2,GSM331639,1,0.3398902416229248
42,2,GSM331640,1,0.20270289480686188
42,2,GSM331641,1,0.4068392217159271
42,2,GSM331642,1,0.4608059823513031
42,2,GSM331645,1,0.3903551697731018
42,2,GSM331646,1,0.23410622775554657
42,2,GSM331648,1,0.22882956266403198
42,2,GSM331649,1,0.48327603936195374
42,2,GSM331652,1,0.5405793190002441
42,2,GSM331653,1,0.3864198625087738
42,2,GSM331655,1,0.34268441796302795
42,2,GSM331656,1,0.32152092456817627
42,2,GSM331657,1,0.49278661608695984
42,2,GSM331658,1,0.3308071494102478
42,2,GSM331659,1,0.38168224692344666
43,1,GSM331660,0,0.14443133771419525
43,1,GSM331662,0,0.24252855777740479
43,1,GSM331663,0,0.4208790957927704
43,1,GSM331666,0,0.2584471106529236
43,1,GSM331668,0,0.4073120653629303
43,1,GSM331669,0,0.9266995191574097
43,1,GSM331670,0,0.6717222332954407
43,1,GSM331673,0,0.5393322706222534
43,1,GSM331674,0,0.8283904194831848
43,1,GSM331675,0,0.4568774998188019
43,1,GSM331676,0,0.8143649101257324
43,1,GSM331677,0,0.4097825586795807
43,1,GSM331679,0,0.5832216739654541
43,1,GSM331681,0,0.9347150921821594
43,1,GSM331682,0,0.8704290986061096
43,1,GSM331683,0,0.8168458342552185
43,1,GSM331685,0,0.12506906688213348
43,1,GSM331689,0,0.4693501591682434
43,1,GSM331690,0,0.7231786251068115
43,1,GSM331691,0,0.7630466818809509
43,1,GSM331692,0,0.6047878265380859
43,1,GSM331695,0,0.2650774419307709
43,1,GSM331697,0,0.2602006494998932
43,1,GSM331704,0,0.9014003276824951
43,1,GSM331705,0,0.589284360408783
43,1,GSM331707,0,0.5830674767494202
43,1,GSM331711,0,0.5777212381362915
43,1,GSM331713,0,0.5616936683654785
43,1,GSM331715,0,0.378573477268219
43,1,GSM331716,0,0.9927458167076111
43,1,GSM331717,0,0.9362151026725769
43,1,GSM331721,0,0.9468458294868469
43,1,GSM331726,0,0.06553997099399567
43,1,GSM331728,0,0.10466761887073517
43,1,GSM331729,0,0.09114746004343033
43,1,GSM331730,0,0.8032804131507874
43,1,GSM331731,0,0.6118481159210205
43,1,GSM331453,1,0.537696897983551
43,1,GSM331454,1,0.6382642388343811
43,1,GSM331455,1,0.21334774792194366
43,1,GSM331457,1,0.6003126502037048
43,1,GSM331458,1,0.5945591330528259
43,1,GSM331460,1,0.5886913537979126
43,1,GSM331461,1,0.1626017689704895
43,1,GSM331462,1,0.5024606585502625
43,1,GSM331463,1,0.11984524130821228
43,1,GSM331467,1,0.5063702464103699
43,1,GSM331468,1,0.8023884892463684
43,1,GSM331469,1,0.6397879123687744
43,1,GSM331472,1,0.2783471941947937
43,1,GSM331474,1,0.200747549533844
43,1,GSM331480,1,0.8108722567558289
43,1,GSM331481,1,0.41613519191741943
43,1,GSM331487,1,0.9015669822692871
43,1,GSM331491,1,0.7772536277770996
43,1,GSM331492,1,0.2868346869945526
43,1,GSM331497,1,0.5027081966400146
43,1,GSM331498,1,0.2638486921787262
43,1,GSM331501,1,0.42510029673576355
43,1,GSM331502,1,0.7105308175086975
43,1,GSM331503,1,0.6401196718215942
43,1,GSM331504,1,0.631321370601654
43,1,GSM331505,1,0.78790283203125
43,1,GSM331508,1,0.4601452350616455
43,1,GSM331510,1,0.2915135622024536
43,1,GSM331512,1,0.6593424081802368
43,1,GSM331513,1,0.7966514825820923
43,1,GSM331515,1,0.29187721014022827
43,1,GSM331518,1,0.17281945049762726
43,1,GSM331521,1,0.391250878572464
43,1,GSM331522,1,0.40786978602409363
43,1,GSM331524,1,0.624458372592926
43,1,GSM331529,1,0.2614258825778961
43,1,GSM331533,1,0.6146548390388489
43,1,GSM331535,1,0.4878362715244293
43,1,GSM331536,1,0.7007030248641968
43,1,GSM331539,1,0.5418080687522888
43,1,GSM331540,1,0.16734173893928528
43,1,GSM331542,1,0.37117400765419006
43,1,GSM331543,1,0.6367706656455994
43,1,GSM331545,1,0.6370271444320679
43,1,GSM331548,1,0.44032156467437744
43,1,GSM331557,1,0.5661338567733765
43,1,GSM331558,1,0.5138347148895264
43,1,GSM331559,1,0.8588011264801025
43,1,GSM331560,1,0.4084482192993164
43,1,GSM331561,1,0.8694230914115906
43,1,GSM331563,1,0.7755247950553894
43,1,GSM331564,1,0.29201415181159973
43,1,GSM331567,1,0.3168889582157135
43,1,GSM331568,1,0.7949845194816589
43,1,GSM331570,1,0.5669766068458557
43,1,GSM331572,1,0.8569855690002441
43,1,GSM331573,1,0.839777946472168
43,1,GSM331575,1,0.7964079976081848
43,1,GSM331576,1,0.8860677480697632
43,1,GSM331577,1,0.499930202960968
43,1,GSM331578,1,0.7526996731758118
43,1,GSM331584,1,0.2747211754322052
43,1,GSM331585,1,0.7423614859580994
43,1,GSM331586,1,0.6186359524726868
43,1,GSM331587,1,0.5315185189247131
43,1,GSM331590,1,0.29836970567703247
43,1,GSM331592,1,0.7664548754692078
43,1,GSM331596,1,0.7927624583244324
43,1,GSM331597,1,0.5006744265556335
43,1,GSM331598,1,0.3445188105106354
43,1,GSM331600,1,0.8777544498443604
43,1,GSM331603,1,0.539842426776886
43,1,GSM331604,1,0.559974730014801
43,1,GSM331605,1,0.7076904773712158
43,1,GSM331607,1,0.8537338376045227
43,1,GSM331608,1,0.15331673622131348
43,1,GSM331609,1,0.25909799337387085
43,1,GSM331610,1,0.8559797406196594
43,1,GSM331613,1,0.34399154782295227
43,1,GSM331614,1,0.3859649896621704
43,1,GSM331615,1,0.38311508297920227
43,1,GSM331618,1,0.714384138584137
43,1,GSM331620,1,0.5045841932296753
43,1,GSM331621,1,0.44816848635673523
43,1,GSM331624,1,0.41644659638404846
43,1,GSM331626,1,0.3758563995361328
43,1,GSM331627,1,0.6696909666061401
43,1,GSM331631,1,0.21216794848442078
43,1,GSM331633,1,0.28678059577941895
43,1,GSM331634,1,0.42712366580963135
43,1,GSM331636,1,0.5044163465499878
43,1,GSM331639,1,0.3558987081050873
43,1,GSM331640,1,0.14629949629306793
43,1,GSM331641,1,0.7274864315986633
43,1,GSM331642,1,0.5076900720596313
43,1,GSM331644,1,0.5577265620231628
43,1,GSM331645,1,0.7737313508987427
43,1,GSM331646,1,0.21494874358177185
43,1,GSM331648,1,0.43299993872642517
43,1,GSM331653,1,0.591865062713623
43,1,GSM331654,1,0.7732614278793335
43,1,GSM331656,1,0.6271752715110779
43,1,GSM331657,1,0.7234043478965759
43,2,GSM331638,0,0.49500715732574463
43,2,GSM331661,0,0.8375304341316223
43,2,GSM331664,0,0.2743282914161682
43,2,GSM331665,0,0.5681296586990356
43,2,GSM331671,0,0.7066091895103455
43,2,GSM331672,0,0.8710014224052429
43,2,GSM331678,0,0.06194469705224037
43,2,GSM331680,0,0.47702908515930176
43,2,GSM331684,0,0.542748749256134
43,2,GSM331686,0,0.9172041416168213
43,2,GSM331687,0,0.34057822823524475
43,2,GSM331688,0,0.80404132604599
43,2,GSM331693,0,0.7441129684448242
43,2,GSM331694,0,0.40390530228614807
43,2,GSM331696,0,0.3592550456523895
43,2,GSM331698,0,0.39287906885147095
43,2,GSM331699,0,0.4067605137825012
43,2,GSM331700,0,0.32856014370918274
43,2,GSM331701,0,0.27755123376846313
43,2,GSM331702,0,0.8120625019073486
43,2,GSM331703,0,0.3346724510192871
43,2,GSM331706,0,0.9650179743766785
43,2,GSM331708,0,0.4751589298248291
43,2,GSM331709,0,0.4700148105621338
43,2,GSM331710,0,0.6054452061653137
43,2,GSM331712,0,0.8730522394180298
43,2,GSM331714,0,0.7074824571609497
43,2,GSM331718,0,0.7929757833480835
43,2,GSM331719,0,0.3808789849281311
43,2,GSM331720,0,0.14399860799312592
43,2,GSM331722,0,0.5562536120414734
43,2,GSM331723,0,0.8339259624481201
43,2,GSM331724,0,0.37490174174308777
43,2,GSM331725,0,0.6939523220062256
43,2,GSM331727,0,0.4338518977165222
43,2,GSM331732,0,0.7214992642402649
43,2,GSM331456,1,0.6078305840492249
43,2,GSM331459,1,0.6712355613708496
43,2,GSM331464,1,0.32135480642318726
43,2,GSM331465,1,0.35972270369529724
43,2,GSM331466,1,0.268037885427475
43,2,GSM331470,1,0.5377690196037292
43,2,GSM331471,1,0.8550286293029785
43,2,GSM331473,1,0.40106698870658875
43,2,GSM331475,1,0.5613651275634766
43,2,GSM331476,1,0.4732910692691803
43,2,GSM331477,1,0.6204783916473389
43,2,GSM331478,1,0.44666624069213867
43,2,GSM331479,1,0.39806053042411804
43,2,GSM331482,1,0.62131267786026
43,2,GSM331483,1,0.6317922472953796
43,2,GSM331484,1,0.08310094475746155
43,2,GSM331485,1,0.8355780839920044
43,2,GSM331486,1,0.5317833423614502
43,2,GSM331488,1,0.662419855594635
43,2,GSM331489,1,0.5640434622764587
43,2,GSM331490,1,0.379120409488678
43,2,GSM331493,1,0.22372089326381683
43,2,GSM331494,1,0.8362607955932617
43,2,GSM331495,1,0.1675359457731247
43,2,GSM331496,1,0.3649766147136688
43,2,GSM331499,1,0.5371938943862915
43,2,GSM331500,1,0.5511283874511719
43,2,GSM331506,1,0.696560800075531
43,2,GSM331507,1,0.08167704194784164
43,2,GSM331509,1,0.19766955077648163
43,2,GSM331511,1,0.5723040103912354
43,2,GSM331514,1,0.38082531094551086
43,2,GSM331516,1,0.4425210654735565
43,2,GSM331517,1,0.44529274106025696
43,2,GSM331519,1,0.46047443151474
43,2,GSM331520,1,0.42796963453292847
43,2,GSM331523,1,0.7484904527664185
43,2,GSM331525,1,0.48960018157958984
43,2,GSM331526,1,0.5274015069007874
43,2,GSM331527,1,0.47912004590034485
43,2,GSM331528,1,0.6756039261817932
43,2,GSM331530,1,0.37535712122917175
43,2,GSM331531,1,0.5443710684776306
43,2,GSM331532,1,0.23663365840911865
43,2,GSM331534,1,0.7743479013442993
43,2,GSM331537,1,0.6133086681365967
43,2,GSM331538,1,0.2043047547340393
43,2,GSM331541,1,0.6170845627784729
43,2,GSM331544,1,0.15197831392288208
43,2,GSM331546,1,0.4853860139846802
43,2,GSM331547,1,0.30560076236724854
43,2,GSM331549,1,0.5604932904243469
43,2,GSM331550,1,0.3310641050338745
43,2,GSM331551,1,0.2570842504501343
43,2,GSM331552,1,0.3551410138607025
43,2,GSM331553,1,0.9302123785018921
43,2,GSM331554,1,0.19899657368659973
43,2,GSM331555,1,0.19080322980880737
43,2,GSM331556,1,0.5547821521759033
43,2,GSM331562,1,0.1406785398721695
43,2,GSM331565,1,0.657136857509613
43,2,GSM331566,1,0.740717351436615
43,2,GSM331569,1,0.7839991450309753
43,2,GSM331571,1,0.2452855259180069
43,2,GSM331574,1,0.28668561577796936
43,2,GSM331579,1,0.7263889312744141
43,2,GSM331580,1,0.3697747588157654
43,2,GSM331581,1,0.37172970175743103
43,2,GSM331582,1,0.277694970369339
43,2,GSM331583,1,0.49388203024864197
43,2,GSM331588,1,0.5785927176475525
43,2,GSM331589,1,0.7512087225914001
43,2,GSM331591,1,0.7923131585121155
43,2,GSM331593,1,0.5647400617599487
43,2,GSM331594,1,0.3399897515773773
43,2,GSM331595,1,0.45541897416114807
43,2,GSM331599,1,0.9394512176513672
43,2,GSM331601,1,0.4584408700466156
43,2,GSM331602,1,0.2881975769996643
43,2,GSM331606,1,0.48741471767425537
43,2,GSM331611,1,0.5967617034912109
43,2,GSM331612,1,0.5282225012779236
43,2,GSM331616,1,0.6584084630012512
43,2,GSM331617,1,0.9335271716117859
43,2,GSM331619,1,0.27053168416023254
43,2,GSM331622,1,0.8760662078857422
43,2,GSM331623,1,0.18511812388896942
43,2,GSM331625,1,0.8609533905982971
43,2,GSM331628,1,0.36662009358406067
43,2,GSM331629,1,0.1252080798149109
43,2,GSM331630,1,0.34209927916526794
43,2,GSM331632,1,0.1947973221540451
43,2,GSM331635,1,0.37021705508232117
43,2,GSM331637,1,0.5256355404853821
43,2,GSM331643,1,0.8154655694961548
43,2,GSM331647,1,0.4137287139892578
43,2,GSM331649,1,0.37169697880744934
43,2,GSM331650,1,0.49122950434684753
43,2,GSM331651,1,0.2850217819213867
43,2,GSM331652,1,0.5429829359054565
43,2,GSM331655,1,0.42713770270347595
43,2,GSM331658,1,0.583497941493988
43,2,GSM331659,1,0.7672397494316101
44,1,GSM331664,0,0.2468392252922058
44,1,GSM331665,0,0.3236251175403595
44,1,GSM331666,0,0.30814674496650696
44,1,GSM331668,0,0.7048027515411377
44,1,GSM331670,0,0.6599525809288025
44,1,GSM331671,0,0.4155575633049011
44,1,GSM331672,0,0.6302772164344788
44,1,GSM331673,0,0.4309074580669403
44,1,GSM331674,0,0.37600642442703247
44,1,GSM331676,0,0.5646365284919739
44,1,GSM331678,0,0.16345195472240448
44,1,GSM331680,0,0.6313347220420837
44,1,GSM331682,0,0.49729612469673157
44,1,GSM331686,0,0.2927455008029938
44,1,GSM331687,0,0.5322393774986267
44,1,GSM331689,0,0.5742814540863037
44,1,GSM331691,0,0.4952671527862549
44,1,GSM331693,0,0.5541109442710876
44,1,GSM331696,0,0.548829197883606
44,1,GSM331698,0,0.2001871019601822
44,1,GSM331700,0,0.12661713361740112
44,1,GSM331702,0,0.33093899488449097
44,1,GSM331703,0,0.4660108983516693
44,1,GSM331705,0,0.38782840967178345
44,1,GSM331708,0,0.40566715598106384
44,1,GSM331709,0,0.6731814742088318
44,1,GSM331712,0,0.307761013507843
44,1,GSM331713,0,0.3425348103046417
44,1,GSM331715,0,0.3691442906856537
44,1,GSM331721,0,0.6782696843147278
44,1,GSM331724,0,0.3716388940811157
44,1,GSM331725,0,0.3069944679737091
44,1,GSM331727,0,0.4467611014842987
44,1,GSM331728,0,0.3959529995918274
44,1,GSM331729,0,0.26755034923553467
44,1,GSM331730,0,0.48145145177841187
44,1,GSM331732,0,0.7484020590782166
44,1,GSM331453,1,0.4851900041103363
44,1,GSM331457,1,0.429331511259079
44,1,GSM331460,1,0.32503896951675415
44,1,GSM331464,1,0.5442854166030884
44,1,GSM331468,1,0.7674307227134705
44,1,GSM331470,1,0.7281029224395752
44,1,GSM331471,1,0.5979541540145874
44,1,GSM331473,1,0.28352269530296326
44,1,GSM331475,1,0.41041988134384155
44,1,GSM331479,1,0.5188502073287964
44,1,GSM331480,1,0.8507387042045593
44,1,GSM331481,1,0.4168664216995239
44,1,GSM331482,1,0.43169671297073364
44,1,GSM331484,1,0.11389341205358505
44,1,GSM331486,1,0.19785095751285553
44,1,GSM331487,1,0.8444448709487915
44,1,GSM331490,1,0.4454345107078552
44,1,GSM331493,1,0.17969518899917603
44,1,GSM331495,1,0.4796214699745178
44,1,GSM331496,1,0.14044241607189178
44,1,GSM331499,1,0.6470968723297119
44,1,GSM331500,1,0.5103991627693176
44,1,GSM331502,1,0.8069717884063721
44,1,GSM331503,1,0.4285218417644501
44,1,GSM331505,1,0.4792706072330475
44,1,GSM331506,1,0.377590149641037
44,1,GSM331508,1,0.7906493544578552
44,1,GSM331509,1,0.2773984670639038
44,1,GSM331511,1,0.81709885597229
44,1,GSM331515,1,0.19586284458637238
44,1,GSM331516,1,0.49928992986679077
44,1,GSM331518,1,0.35082685947418213
44,1,GSM331519,1,0.6724063158035278
44,1,GSM331520,1,0.38370752334594727
44,1,GSM331521,1,0.27473074197769165
44,1,GSM331522,1,0.4995567500591278
44,1,GSM331523,1,0.5818263292312622
44,1,GSM331525,1,0.18532812595367432
44,1,GSM331527,1,0.43866828083992004
44,1,GSM331529,1,0.18793050944805145
44,1,GSM331530,1,0.6767956018447876
44,1,GSM331531,1,0.29974639415740967
44,1,GSM331533,1,0.6085721254348755
44,1,GSM331534,1,0.40135276317596436
44,1,GSM331535,1,0.34577399492263794
44,1,GSM331537,1,0.8588171601295471
44,1,GSM331541,1,0.7300286889076233
44,1,GSM331542,1,0.3859655559062958
44,1,GSM331544,1,0.18646517395973206
44,1,GSM331545,1,0.3645375072956085
44,1,GSM331546,1,0.5633202791213989
44,1,GSM331547,1,0.4261991083621979
44,1,GSM331548,1,0.4745232164859772
44,1,GSM331549,1,0.7838104963302612
44,1,GSM331550,1,0.4605012536048889
44,1,GSM331555,1,0.3180369734764099
44,1,GSM331556,1,0.3734048306941986
44,1,GSM331562,1,0.5030500292778015
44,1,GSM331563,1,0.2240629345178604
44,1,GSM331564,1,0.2887578010559082
44,1,GSM331565,1,0.550504207611084
44,1,GSM331568,1,0.4933435022830963
44,1,GSM331571,1,0.5461328029632568
44,1,GSM331573,1,0.6802940368652344
44,1,GSM331574,1,0.40764671564102173
44,1,GSM331577,1,0.3368121087551117
44,1,GSM331578,1,0.5364266037940979
44,1,GSM331579,1,0.5086997151374817
44,1,GSM331581,1,0.5185099840164185
44,1,GSM331582,1,0.30138805508613586
44,1,GSM331583,1,0.4814186990261078
44,1,GSM331584,1,0.10853711515665054
44,1,GSM331585,1,0.41604676842689514
44,1,GSM331586,1,0.15582714974880219
44,1,GSM331590,1,0.3544791638851166
44,1,GSM331592,1,0.5697353482246399
44,1,GSM331594,1,0.3578510880470276
44,1,GSM331597,1,0.8332211971282959
44,1,GSM331598,1,0.3108222782611847
44,1,GSM331600,1,0.8394546508789062
44,1,GSM331601,1,0.4669969975948334
44,1,GSM331602,1,0.5266773104667664
44,1,GSM331604,1,0.07791703194379807
44,1,GSM331609,1,0.26732727885246277
44,1,GSM331611,1,0.778577983379364
44,1,GSM331612,1,0.40530166029930115
44,1,GSM331613,1,0.3879447877407074
44,1,GSM331614,1,0.5346254110336304
44,1,GSM331617,1,0.7091061472892761
44,1,GSM331619,1,0.402395635843277
44,1,GSM331624,1,0.7567191123962402
44,1,GSM331625,1,0.5218273997306824
44,1,GSM331630,1,0.5738906860351562
44,1,GSM331637,1,0.5114181041717529
44,1,GSM331640,1,0.2673076093196869
44,1,GSM331641,1,0.6725096702575684
44,1,GSM331646,1,0.27194440364837646
44,1,GSM331649,1,0.8251214623451233
44,1,GSM331650,1,0.6290313005447388
44,1,GSM331651,1,0.6665030717849731
44,1,GSM331656,1,0.4057278335094452
44,1,GSM331658,1,0.4346107542514801
44,1,GSM331659,1,0.3493976891040802
44,2,GSM331638,0,0.7271700501441956
44,2,GSM331660,0,0.38739773631095886
44,2,GSM331661,0,0.5940026044845581
44,2,GSM331662,0,0.8653972744941711
44,2,GSM331663,0,0.5824861526489258
44,2,GSM331669,0,0.7764350771903992
44,2,GSM331675,0,0.19516514241695404
44,2,GSM331677,0,0.5761858224868774
44,2,GSM331679,0,0.39241132140159607
44,2,GSM331681,0,0.5230913758277893
44,2,GSM331683,0,0.9340903759002686
44,2,GSM331684,0,0.40964385867118835
44,2,GSM331685,0,0.3179945647716522
44,2,GSM331688,0,0.949367880821228
44,2,GSM331690,0,0.3667113184928894
44,2,GSM331692,0,0.3653457760810852
44,2,GSM331694,0,0.46033385396003723
44,2,GSM331695,0,0.5077716112136841
44,2,GSM331697,0,0.6284368634223938
44,2,GSM331699,0,0.3966044783592224
44,2,GSM331701,0,0.23721705377101898
44,2,GSM331704,0,0.704735517501831
44,2,GSM331706,0,0.8636860847473145
44,2,GSM331707,0,0.23119361698627472
44,2,GSM331710,0,0.3188168704509735
44,2,GSM331711,0,0.9186998605728149
44,2,GSM331714,0,0.97220379114151
44,2,GSM331716,0,0.861912727355957
44,2,GSM331717,0,0.7334011793136597
44,2,GSM331718,0,0.6740372776985168
44,2,GSM331719,0,0.19943977892398834
44,2,GSM331720,0,0.24064181745052338
44,2,GSM331722,0,0.7315769791603088
44,2,GSM331723,0,0.5442771315574646
44,2,GSM331726,0,0.4545973241329193
44,2,GSM331731,0,0.9171473979949951
44,2,GSM331454,1,0.36415061354637146
44,2,GSM331455,1,0.14367634057998657
44,2,GSM331456,1,0.5404005646705627
44,2,GSM331458,1,0.5859910845756531
44,2,GSM331459,1,0.561245858669281
44,2,GSM331461,1,0.3268911838531494
44,2,GSM331462,1,0.16220799088478088
44,2,GSM331463,1,0.41616079211235046
44,2,GSM331465,1,0.49902665615081787
44,2,GSM331466,1,0.4834458827972412
44,2,GSM331467,1,0.42518648505210876
44,2,GSM331469,1,0.2964863181114197
44,2,GSM331472,1,0.5544387102127075
44,2,GSM331474,1,0.2739546298980713
44,2,GSM331476,1,0.6560251116752625
44,2,GSM331477,1,0.6463779807090759
44,2,GSM331478,1,0.623490035533905
44,2,GSM331483,1,0.8878304958343506
44,2,GSM331485,1,0.5496481657028198
44,2,GSM331488,1,0.7421548962593079
44,2,GSM331489,1,0.2989360988140106
44,2,GSM331491,1,0.3782764673233032
44,2,GSM331492,1,0.3415627181529999
44,2,GSM331494,1,0.9372712969779968
44,2,GSM331497,1,0.34646522998809814
44,2,GSM331498,1,0.1889761984348297
44,2,GSM331501,1,0.2786242365837097
44,2,GSM331504,1,0.20332013070583344
44,2,GSM331507,1,0.2784484326839447
44,2,GSM331510,1,0.6822717785835266
44,2,GSM331512,1,0.9251652359962463
44,2,GSM331513,1,0.7478925585746765
44,2,GSM331514,1,0.3622647821903229
44,2,GSM331517,1,0.6011802554130554
44,2,GSM331524,1,0.6606354713439941
44,2,GSM331526,1,0.360954225063324
44,2,GSM331528,1,0.9182415008544922
44,2,GSM331532,1,0.3407578468322754
44,2,GSM331536,1,0.38364410400390625
44,2,GSM331538,1,0.18862874805927277
44,2,GSM331539,1,0.6056056022644043
44,2,GSM331540,1,0.4320163428783417
44,2,GSM331543,1,0.46935775876045227
44,2,GSM331551,1,0.5810109376907349
44,2,GSM331552,1,0.14548860490322113
44,2,GSM331553,1,0.9544297456741333
44,2,GSM331554,1,0.443977952003479
44,2,GSM331557,1,0.6851572394371033
44,2,GSM331558,1,0.2393873631954193
44,2,GSM331559,1,0.7851289510726929
44,2,GSM331560,1,0.18152330815792084
44,2,GSM331561,1,0.6974679827690125
44,2,GSM331566,1,0.6317575573921204
44,2,GSM331567,1,0.25607797503471375
44,2,GSM331569,1,0.415632426738739
44,2,GSM331570,1,0.30836448073387146
44,2,GSM331572,1,0.625764012336731
44,2,GSM331575,1,0.22954006493091583
44,2,GSM331576,1,0.8210521936416626
44,2,GSM331580,1,0.8351597189903259
44,2,GSM331587,1,0.8092597126960754
44,2,GSM331588,1,0.8151698708534241
44,2,GSM331589,1,0.5397012233734131
44,2,GSM331591,1,0.8717702031135559
44,2,GSM331593,1,0.3595605492591858
44,2,GSM331595,1,0.2357633113861084
44,2,GSM331596,1,0.8925337791442871
44,2,GSM331599,1,0.8994988203048706
44,2,GSM331603,1,0.492596834897995
44,2,GSM331605,1,0.5758723616600037
44,2,GSM331606,1,0.32291147112846375
44,2,GSM331607,1,0.9459033012390137
44,2,GSM331608,1,0.10898608714342117
44,2,GSM331610,1,0.5212640166282654
44,2,GSM331615,1,0.7095062732696533
44,2,GSM331616,1,0.5130922198295593
44,2,GSM331618,1,0.4738714396953583
44,2,GSM331620,1,0.5047739148139954
44,2,GSM331621,1,0.25769713521003723
44,2,GSM331622,1,0.8088935613632202
44,2,GSM331623,1,0.6358371376991272
44,2,GSM331626,1,0.21173830330371857
44,2,GSM331627,1,0.40563756227493286
44,2,GSM331628,1,0.6298544406890869
44,2,GSM331629,1,0.18031471967697144
44,2,GSM331631,1,0.23544514179229736
44,2,GSM331632,1,0.1067078709602356
44,2,GSM331633,1,0.3258959650993347
44,2,GSM331634,1,0.39783647656440735
44,2,GSM331635,1,0.3341343402862549
44,2,GSM331636,1,0.2723568379878998
44,2,GSM331639,1,0.30493104457855225
44,2,GSM331642,1,0.5883093476295471
44,2,GSM331643,1,0.8643035292625427
44,2,GSM331644,1,0.20575159788131714
44,2,GSM331645,1,0.6858172416687012
44,2,GSM331647,1,0.8276828527450562
44,2,GSM331648,1,0.07951118797063828
44,2,GSM331652,1,0.8999646306037903
44,2,GSM331653,1,0.777667224407196
44,2,GSM331654,1,0.7173137068748474
44,2,GSM331655,1,0.3248245418071747
44,2,GSM331657,1,0.671034574508667
45,1,GSM331638,0,0.4694078266620636
45,1,GSM331663,0,0.3713463246822357
45,1,GSM331665,0,0.32438158988952637
45,1,GSM331668,0,0.7315710783004761
45,1,GSM331669,0,0.7142766714096069
45,1,GSM331672,0,0.8210100531578064
45,1,GSM331674,0,0.4103600084781647
45,1,GSM331676,0,0.7533482909202576
45,1,GSM331677,0,0.5559066534042358
45,1,GSM331681,0,0.5904228091239929
45,1,GSM331683,0,0.7495865821838379
45,1,GSM331684,0,0.34397998452186584
45,1,GSM331690,0,0.6542368531227112
45,1,GSM331695,0,0.5703098773956299
45,1,GSM331697,0,0.48314571380615234
45,1,GSM331699,0,0.40684035420417786
45,1,GSM331700,0,0.29587462544441223
45,1,GSM331701,0,0.37839606404304504
45,1,GSM331706,0,0.9126819968223572
45,1,GSM331707,0,0.4029533267021179
45,1,GSM331709,0,0.5069674253463745
45,1,GSM331710,0,0.4212380051612854
45,1,GSM331711,0,0.6771246194839478
45,1,GSM331713,0,0.18560120463371277
45,1,GSM331714,0,0.6622466444969177
45,1,GSM331716,0,0.8662389516830444
45,1,GSM331717,0,0.7853015065193176
45,1,GSM331720,0,0.2264869213104248
45,1,GSM331721,0,0.7937269806861877
45,1,GSM331722,0,0.6252282857894897
45,1,GSM331723,0,0.732305109500885
45,1,GSM331727,0,0.4849400818347931
45,1,GSM331728,0,0.32138684391975403
45,1,GSM331729,0,0.3068883419036865
45,1,GSM331730,0,0.6565601825714111
45,1,GSM331731,0,0.7488824725151062
45,1,GSM331732,0,0.4706197679042816
45,1,GSM331457,1,0.6257894039154053
45,1,GSM331459,1,0.6379750967025757
45,1,GSM331460,1,0.5285621285438538
45,1,GSM331461,1,0.2640054523944855
45,1,GSM331464,1,0.550123929977417
45,1,GSM331467,1,0.6020258069038391
45,1,GSM331468,1,0.8392540216445923
45,1,GSM331469,1,0.560276448726654
45,1,GSM331470,1,0.7095308899879456
45,1,GSM331472,1,0.32800108194351196
45,1,GSM331473,1,0.49891066551208496
45,1,GSM331474,1,0.3315424621105194
45,1,GSM331478,1,0.502260148525238
45,1,GSM331481,1,0.46486061811447144
45,1,GSM331483,1,0.5663765072822571
45,1,GSM331486,1,0.4170551896095276
45,1,GSM331489,1,0.6699773669242859
45,1,GSM331492,1,0.3866398334503174
45,1,GSM331493,1,0.3830873370170593
45,1,GSM331496,1,0.3134613633155823
45,1,GSM331497,1,0.3098028004169464
45,1,GSM331501,1,0.30580925941467285
45,1,GSM331502,1,0.7727643847465515
45,1,GSM331503,1,0.3832586705684662
45,1,GSM331505,1,0.5778568387031555
45,1,GSM331507,1,0.2666044235229492
45,1,GSM331509,1,0.22877085208892822
45,1,GSM331510,1,0.5085835456848145
45,1,GSM331511,1,0.7162035703659058
45,1,GSM331516,1,0.6067306399345398
45,1,GSM331518,1,0.6444390416145325
45,1,GSM331519,1,0.7000494599342346
45,1,GSM331522,1,0.44114136695861816
45,1,GSM331524,1,0.5742315649986267
45,1,GSM331525,1,0.4509546458721161
45,1,GSM331526,1,0.4246932864189148
45,1,GSM331529,1,0.2580912113189697
45,1,GSM331531,1,0.43147265911102295
45,1,GSM331533,1,0.4917236268520355
45,1,GSM331534,1,0.7613751888275146
45,1,GSM331537,1,0.7566635608673096
45,1,GSM331538,1,0.49778398871421814
45,1,GSM331539,1,0.5205424427986145
45,1,GSM331542,1,0.5930714011192322
45,1,GSM331545,1,0.5171428322792053
45,1,GSM331547,1,0.4402039051055908
45,1,GSM331548,1,0.5810441374778748
45,1,GSM331549,1,0.6481971144676208
45,1,GSM331551,1,0.31224456429481506
45,1,GSM331553,1,0.8720517754554749
45,1,GSM331557,1,0.46478649973869324
45,1,GSM331558,1,0.3753233253955841
45,1,GSM331559,1,0.9473721385002136
45,1,GSM331560,1,0.38678815960884094
45,1,GSM331562,1,0.23854993283748627
45,1,GSM331565,1,0.6118189692497253
45,1,GSM331566,1,0.6888196468353271
45,1,GSM331567,1,0.6872565746307373
45,1,GSM331568,1,0.5010793209075928
45,1,GSM331570,1,0.5034500360488892
45,1,GSM331571,1,0.22824202477931976
45,1,GSM331574,1,0.3440192639827728
45,1,GSM331576,1,0.8626800775527954
45,1,GSM331577,1,0.2750200927257538
45,1,GSM331580,1,0.5791585445404053
45,1,GSM331581,1,0.6356268525123596
45,1,GSM331582,1,0.3149617612361908
45,1,GSM331588,1,0.5526659488677979
45,1,GSM331593,1,0.5534171462059021
45,1,GSM331594,1,0.43822774291038513
45,1,GSM331595,1,0.6293522119522095
45,1,GSM331596,1,0.5824320912361145
45,1,GSM331598,1,0.4375309646129608
45,1,GSM331603,1,0.3222569525241852
45,1,GSM331605,1,0.8953516483306885
45,1,GSM331609,1,0.43676844239234924
45,1,GSM331610,1,0.5173850059509277
45,1,GSM331612,1,0.5443395376205444
45,1,GSM331614,1,0.5119349360466003
45,1,GSM331615,1,0.693656325340271
45,1,GSM331616,1,0.6506666541099548
45,1,GSM331617,1,0.6673987507820129
45,1,GSM331620,1,0.7435770630836487
45,1,GSM331621,1,0.6291798949241638
45,1,GSM331623,1,0.4729515314102173
45,1,GSM331628,1,0.4120972156524658
45,1,GSM331629,1,0.43991026282310486
45,1,GSM331633,1,0.43851161003112793
45,1,GSM331634,1,0.48682859539985657
45,1,GSM331635,1,0.3874777555465698
45,1,GSM331640,1,0.31073859333992004
45,1,GSM331641,1,0.6918975114822388
45,1,GSM331642,1,0.6509996056556702
45,1,GSM331643,1,0.6901630163192749
45,1,GSM331644,1,0.33592793345451355
45,1,GSM331647,1,0.4955773651599884
45,1,GSM331648,1,0.5279670357704163
45,1,GSM331649,1,0.5682207345962524
45,1,GSM331653,1,0.6192886829376221
45,1,GSM331654,1,0.8646300435066223
45,1,GSM331656,1,0.35936349630355835
45,1,GSM331657,1,0.6118528842926025
45,1,GSM331658,1,0.6032367944717407
45,2,GSM331660,0,0.3235970735549927
45,2,GSM331661,0,0.5068237781524658
45,2,GSM331662,0,0.3929128348827362
45,2,GSM331664,0,0.17521771788597107
45,2,GSM331666,0,0.2178722470998764
45,2,GSM331670,0,0.5081149935722351
45,2,GSM331671,0,0.5767024755477905
45,2,GSM331673,0,0.3736511766910553
45,2,GSM331675,0,0.2314450740814209
45,2,GSM331678,0,0.22595883905887604
45,2,GSM331679,0,0.3010804355144501
45,2,GSM331680,0,0.4409602880477905
45,2,GSM331682,0,0.5113847851753235
45,2,GSM331685,0,0.12669864296913147
45,2,GSM331686,0,0.6815310120582581
45,2,GSM331687,0,0.5336796045303345
45,2,GSM331688,0,0.5902886390686035
45,2,GSM331689,0,0.3633234202861786
45,2,GSM331691,0,0.7538123726844788
45,2,GSM331692,0,0.2743980586528778
45,2,GSM331693,0,0.5959793925285339
45,2,GSM331694,0,0.5585534572601318
45,2,GSM331696,0,0.42407140135765076
45,2,GSM331698,0,0.45521923899650574
45,2,GSM331702,0,0.5746914744377136
45,2,GSM331703,0,0.4407307505607605
45,2,GSM331704,0,0.6985635757446289
45,2,GSM331705,0,0.3778659999370575
45,2,GSM331708,0,0.5390637516975403
45,2,GSM331712,0,0.6810153722763062
45,2,GSM331715,0,0.2967085540294647
45,2,GSM331718,0,0.6474630236625671
45,2,GSM331719,0,0.3282845914363861
45,2,GSM331724,0,0.31986692547798157
45,2,GSM331725,0,0.40966901183128357
45,2,GSM331726,0,0.22204434871673584
45,2,GSM331453,1,0.4005088210105896
45,2,GSM331454,1,0.5692002773284912
45,2,GSM331455,1,0.3530809283256531
45,2,GSM331456,1,0.6364886164665222
45,2,GSM331458,1,0.6452285051345825
45,2,GSM331462,1,0.23023119568824768
45,2,GSM331463,1,0.4581924080848694
45,2,GSM331465,1,0.6651976108551025
45,2,GSM331466,1,0.3505003750324249
45,2,GSM331471,1,0.6152628064155579
45,2,GSM331475,1,0.5092270970344543
45,2,GSM331476,1,0.2918128967285156
45,2,GSM331477,1,0.6531009674072266
45,2,GSM331479,1,0.27022552490234375
45,2,GSM331480,1,0.8437632918357849
45,2,GSM331482,1,0.4524489641189575
45,2,GSM331484,1,0.21188892424106598
45,2,GSM331485,1,0.767668604850769
45,2,GSM331487,1,0.7364065051078796
45,2,GSM331488,1,0.417609304189682
45,2,GSM331490,1,0.5022964477539062
45,2,GSM331491,1,0.6495729088783264
45,2,GSM331494,1,0.7574657201766968
45,2,GSM331495,1,0.3679070770740509
45,2,GSM331498,1,0.5218413472175598
45,2,GSM331499,1,0.5297858715057373
45,2,GSM331500,1,0.7578597664833069
45,2,GSM331504,1,0.558508574962616
45,2,GSM331506,1,0.48946961760520935
45,2,GSM331508,1,0.5451129674911499
45,2,GSM331512,1,0.5743298530578613
45,2,GSM331513,1,0.6511896848678589
45,2,GSM331514,1,0.4032643735408783
45,2,GSM331515,1,0.2503426969051361
45,2,GSM331517,1,0.36439117789268494
45,2,GSM331520,1,0.5830954909324646
45,2,GSM331521,1,0.2413368970155716
45,2,GSM331523,1,0.820563018321991
45,2,GSM331527,1,0.5169790387153625
45,2,GSM331528,1,0.526370644569397
45,2,GSM331530,1,0.4441474676132202
45,2,GSM331532,1,0.24145087599754333
45,2,GSM331535,1,0.6569815278053284
45,2,GSM331536,1,0.4068904221057892
45,2,GSM331540,1,0.5101202130317688
45,2,GSM331541,1,0.6276240944862366
45,2,GSM331543,1,0.6787358522415161
45,2,GSM331544,1,0.3200722932815552
45,2,GSM331546,1,0.7030049562454224
45,2,GSM331550,1,0.24010968208312988
45,2,GSM331552,1,0.56673663854599
45,2,GSM331554,1,0.3924010396003723
45,2,GSM331555,1,0.23468387126922607
45,2,GSM331556,1,0.3425619304180145
45,2,GSM331561,1,0.48945003747940063
45,2,GSM331563,1,0.5184769034385681
45,2,GSM331564,1,0.5897669792175293
45,2,GSM331569,1,0.6367632150650024
45,2,GSM331572,1,0.6167386174201965
45,2,GSM331573,1,0.6589701771736145
45,2,GSM331575,1,0.6099096536636353
45,2,GSM331578,1,0.5626665949821472
45,2,GSM331579,1,0.45448189973831177
45,2,GSM331583,1,0.3281632959842682
45,2,GSM331584,1,0.36737149953842163
45,2,GSM331585,1,0.5462028384208679
45,2,GSM331586,1,0.26166680455207825
45,2,GSM331587,1,0.6048451662063599
45,2,GSM331589,1,0.6298211216926575
45,2,GSM331590,1,0.25846371054649353
45,2,GSM331591,1,0.6058881878852844
45,2,GSM331592,1,0.5789161920547485
45,2,GSM331597,1,0.7101439237594604
45,2,GSM331599,1,0.6203169822692871
45,2,GSM331600,1,0.7809205651283264
45,2,GSM331601,1,0.5340130925178528
45,2,GSM331602,1,0.3564712703227997
45,2,GSM331604,1,0.48008501529693604
45,2,GSM331606,1,0.28977397084236145
45,2,GSM331607,1,0.8292465209960938
45,2,GSM331608,1,0.2167678028345108
45,2,GSM331611,1,0.835464596748352
45,2,GSM331613,1,0.2606146037578583
45,2,GSM331618,1,0.4068816602230072
45,2,GSM331619,1,0.19081714749336243
45,2,GSM331622,1,0.715569794178009
45,2,GSM331624,1,0.4962393343448639
45,2,GSM331625,1,0.5834149122238159
45,2,GSM331626,1,0.535802960395813
45,2,GSM331627,1,0.5858786702156067
45,2,GSM331630,1,0.5240321755409241
45,2,GSM331631,1,0.2741977572441101
45,2,GSM331632,1,0.5699859857559204
45,2,GSM331636,1,0.3524168133735657
45,2,GSM331637,1,0.42003417015075684
45,2,GSM331639,1,0.4688379466533661
45,2,GSM331645,1,0.4197485148906708
45,2,GSM331646,1,0.28381049633026123
45,2,GSM331650,1,0.5701144933700562
45,2,GSM331651,1,0.686496913433075
45,2,GSM331652,1,0.6219898462295532
45,2,GSM331655,1,0.5903949737548828
45,2,GSM331659,1,0.4477824568748474
46,1,GSM331638,0,0.703448474407196
46,1,GSM331660,0,0.3295052945613861
46,1,GSM331661,0,0.6514332890510559
46,1,GSM331665,0,0.6430742740631104
46,1,GSM331669,0,0.7667014598846436
46,1,GSM331672,0,0.751592218875885
46,1,GSM331673,0,0.6061038374900818
46,1,GSM331675,0,0.44087696075439453
46,1,GSM331677,0,0.30451640486717224
46,1,GSM331680,0,0.3947797119617462
46,1,GSM331681,0,0.6686171293258667
46,1,GSM331683,0,0.7661147713661194
46,1,GSM331686,0,0.705572783946991
46,1,GSM331691,0,0.5573777556419373
46,1,GSM331697,0,0.6573614478111267
46,1,GSM331698,0,0.3653008043766022
46,1,GSM331700,0,0.212118461728096
46,1,GSM331701,0,0.3922359049320221
46,1,GSM331703,0,0.6676984429359436
46,1,GSM331704,0,0.8604405522346497
46,1,GSM331707,0,0.2883729338645935
46,1,GSM331708,0,0.5963515043258667
46,1,GSM331709,0,0.6663821339607239
46,1,GSM331710,0,0.5744211673736572
46,1,GSM331711,0,0.7897754311561584
46,1,GSM331712,0,0.6589913964271545
46,1,GSM331713,0,0.6163995265960693
46,1,GSM331714,0,0.7164900302886963
46,1,GSM331715,0,0.41656315326690674
46,1,GSM331717,0,0.8747714161872864
46,1,GSM331718,0,0.6422704458236694
46,1,GSM331720,0,0.2631717026233673
46,1,GSM331723,0,0.676027238368988
46,1,GSM331724,0,0.5279223322868347
46,1,GSM331725,0,0.5079368352890015
46,1,GSM331726,0,0.20507049560546875
46,1,GSM331728,0,0.3868720233440399
46,1,GSM331457,1,0.6409181356430054
46,1,GSM331459,1,0.7176259160041809
46,1,GSM331461,1,0.39643728733062744
46,1,GSM331462,1,0.5149765014648438
46,1,GSM331463,1,0.41289371252059937
46,1,GSM331464,1,0.4015465974807739
46,1,GSM331465,1,0.46532049775123596
46,1,GSM331466,1,0.6140972375869751
46,1,GSM331467,1,0.5929043292999268
46,1,GSM331468,1,0.7278943061828613
46,1,GSM331469,1,0.41620078682899475
46,1,GSM331471,1,0.6564451456069946
46,1,GSM331474,1,0.2850956320762634
46,1,GSM331477,1,0.6311582326889038
46,1,GSM331478,1,0.6932224035263062
46,1,GSM331479,1,0.4647131562232971
46,1,GSM331481,1,0.43216976523399353
46,1,GSM331482,1,0.6020721793174744
46,1,GSM331483,1,0.5590431094169617
46,1,GSM331486,1,0.2477169632911682
46,1,GSM331487,1,0.7682824730873108
46,1,GSM331488,1,0.7064521908760071
46,1,GSM331490,1,0.46489229798316956
46,1,GSM331491,1,0.707539975643158
46,1,GSM331492,1,0.3740626871585846
46,1,GSM331494,1,0.8389606475830078
46,1,GSM331496,1,0.2051479071378708
46,1,GSM331498,1,0.30417296290397644
46,1,GSM331499,1,0.6555123925209045
46,1,GSM331500,1,0.5961024761199951
46,1,GSM331501,1,0.4785105586051941
46,1,GSM331505,1,0.5821115374565125
46,1,GSM331506,1,0.5443627834320068
46,1,GSM331515,1,0.43673643469810486
46,1,GSM331518,1,0.2500702738761902
46,1,GSM331520,1,0.6417863965034485
46,1,GSM331522,1,0.5871124863624573
46,1,GSM331525,1,0.3580543100833893
46,1,GSM331526,1,0.5361896753311157
46,1,GSM331527,1,0.5468613505363464
46,1,GSM331532,1,0.4324762225151062
46,1,GSM331537,1,0.7575286626815796
46,1,GSM331541,1,0.7258725166320801
46,1,GSM331543,1,0.6564354300498962
46,1,GSM331544,1,0.30412986874580383
46,1,GSM331545,1,0.6622308492660522
46,1,GSM331547,1,0.4415615499019623
46,1,GSM331549,1,0.772300660610199
46,1,GSM331551,1,0.5861390233039856
46,1,GSM331554,1,0.4235301911830902
46,1,GSM331555,1,0.37021589279174805
46,1,GSM331556,1,0.37758561968803406
46,1,GSM331558,1,0.5134890675544739
46,1,GSM331562,1,0.37980979681015015
46,1,GSM331563,1,0.601401686668396
46,1,GSM331566,1,0.5206012725830078
46,1,GSM331570,1,0.5785202980041504
46,1,GSM331573,1,0.6103123426437378
46,1,GSM331574,1,0.528993546962738
46,1,GSM331575,1,0.6932808756828308
46,1,GSM331576,1,0.8609636425971985
46,1,GSM331580,1,0.41836875677108765
46,1,GSM331584,1,0.26641613245010376
46,1,GSM331586,1,0.37063899636268616
46,1,GSM331590,1,0.41411539912223816
46,1,GSM331591,1,0.5402698516845703
46,1,GSM331592,1,0.4568755626678467
46,1,GSM331594,1,0.5271773934364319
46,1,GSM331595,1,0.27516844868659973
46,1,GSM331596,1,0.7871529459953308
46,1,GSM331598,1,0.588750422000885
46,1,GSM331599,1,0.8061283826828003
46,1,GSM331603,1,0.4612896740436554
46,1,GSM331604,1,0.2784026861190796
46,1,GSM331605,1,0.6212235689163208
46,1,GSM331607,1,0.8618419170379639
46,1,GSM331608,1,0.13959315419197083
46,1,GSM331611,1,0.8023333549499512
46,1,GSM331612,1,0.35473689436912537
46,1,GSM331615,1,0.42232125997543335
46,1,GSM331616,1,0.6209768056869507
46,1,GSM331620,1,0.5339470505714417
46,1,GSM331621,1,0.6291906833648682
46,1,GSM331622,1,0.7549835443496704
46,1,GSM331627,1,0.6640936732292175
46,1,GSM331628,1,0.4892304837703705
46,1,GSM331631,1,0.4253135323524475
46,1,GSM331634,1,0.6591390371322632
46,1,GSM331635,1,0.5153357982635498
46,1,GSM331637,1,0.4507546126842499
46,1,GSM331639,1,0.4467350244522095
46,1,GSM331643,1,0.7541715502738953
46,1,GSM331644,1,0.42632943391799927
46,1,GSM331645,1,0.7141210436820984
46,1,GSM331647,1,0.5892033576965332
46,1,GSM331649,1,0.6368811726570129
46,1,GSM331651,1,0.723383903503418
46,1,GSM331652,1,0.6804432272911072
46,1,GSM331653,1,0.6668446063995361
46,1,GSM331656,1,0.5068802237510681
46,1,GSM331657,1,0.7494258284568787
46,1,GSM331658,1,0.5799622535705566
46,1,GSM331659,1,0.4542355537414551
46,2,GSM331662,0,0.4283594787120819
46,2,GSM331663,0,0.5703206658363342
46,2,GSM331664,0,0.3682934045791626
46,2,GSM331666,0,0.3910042345523834
46,2,GSM331668,0,0.7456055283546448
46,2,GSM331670,0,0.5102821588516235
46,2,GSM331671,0,0.53122478723526
46,2,GSM331674,0,0.4692842364311218
46,2,GSM331676,0,0.6955443024635315
46,2,GSM331678,0,0.20269529521465302
46,2,GSM331679,0,0.5207463502883911
46,2,GSM331682,0,0.6097807884216309
46,2,GSM331684,0,0.47075924277305603
46,2,GSM331685,0,0.14336244761943817
46,2,GSM331687,0,0.22518625855445862
46,2,GSM331688,0,0.7571638822555542
46,2,GSM331689,0,0.5474514961242676
46,2,GSM331690,0,0.7274879813194275
46,2,GSM331692,0,0.5945852994918823
46,2,GSM331693,0,0.6077886819839478
46,2,GSM331694,0,0.4947291612625122
46,2,GSM331695,0,0.3716895580291748
46,2,GSM331696,0,0.6263239979743958
46,2,GSM331699,0,0.41129061579704285
46,2,GSM331702,0,0.6262422800064087
46,2,GSM331705,0,0.49285250902175903
46,2,GSM331706,0,0.9528194665908813
46,2,GSM331716,0,0.9414559602737427
46,2,GSM331719,0,0.29924094676971436
46,2,GSM331721,0,0.8562052845954895
46,2,GSM331722,0,0.5680187940597534
46,2,GSM331727,0,0.5733419060707092
46,2,GSM331729,0,0.3826717436313629
46,2,GSM331730,0,0.44349244236946106
46,2,GSM331731,0,0.8311591744422913
46,2,GSM331732,0,0.7920341491699219
46,2,GSM331453,1,0.5001744627952576
46,2,GSM331454,1,0.591396689414978
46,2,GSM331455,1,0.18016697466373444
46,2,GSM331456,1,0.5516014695167542
46,2,GSM331458,1,0.35617393255233765
46,2,GSM331460,1,0.4334584176540375
46,2,GSM331470,1,0.55265212059021
46,2,GSM331472,1,0.5238779187202454
46,2,GSM331473,1,0.2943792939186096
46,2,GSM331475,1,0.43453627824783325
46,2,GSM331476,1,0.3122888505458832
46,2,GSM331480,1,0.8308410048484802
46,2,GSM331484,1,0.13130785524845123
46,2,GSM331485,1,0.6993477940559387
46,2,GSM331489,1,0.6394984722137451
46,2,GSM331493,1,0.1473773717880249
46,2,GSM331495,1,0.6612560153007507
46,2,GSM331497,1,0.33943474292755127
46,2,GSM331502,1,0.7970507144927979
46,2,GSM331503,1,0.4080840051174164
46,2,GSM331504,1,0.29000720381736755
46,2,GSM331507,1,0.21301111578941345
46,2,GSM331508,1,0.6225993037223816
46,2,GSM331509,1,0.3365800380706787
46,2,GSM331510,1,0.4083854556083679
46,2,GSM331511,1,0.8378639817237854
46,2,GSM331512,1,0.7980008721351624
46,2,GSM331513,1,0.7079147100448608
46,2,GSM331514,1,0.289977103471756
46,2,GSM331516,1,0.5634681582450867
46,2,GSM331517,1,0.709871232509613
46,2,GSM331519,1,0.41413018107414246
46,2,GSM331521,1,0.22219352424144745
46,2,GSM331523,1,0.44714418053627014
46,2,GSM331524,1,0.57137531042099
46,2,GSM331528,1,0.44410815834999084
46,2,GSM331529,1,0.24520115554332733
46,2,GSM331530,1,0.6431689262390137
46,2,GSM331531,1,0.32009801268577576
46,2,GSM331533,1,0.5659286379814148
46,2,GSM331534,1,0.5866685509681702
46,2,GSM331535,1,0.3406111001968384
46,2,GSM331536,1,0.6174390316009521
46,2,GSM331538,1,0.2701263129711151
46,2,GSM331539,1,0.43109551072120667
46,2,GSM331540,1,0.2945755124092102
46,2,GSM331542,1,0.40906766057014465
46,2,GSM331546,1,0.3158103823661804
46,2,GSM331548,1,0.3509025573730469
46,2,GSM331550,1,0.2454119473695755
46,2,GSM331552,1,0.4177505373954773
46,2,GSM331553,1,0.8994308114051819
46,2,GSM331557,1,0.515974760055542
46,2,GSM331559,1,0.7778368592262268
46,2,GSM331560,1,0.42406517267227173
46,2,GSM331561,1,0.641090989112854
46,2,GSM331564,1,0.5959978103637695
46,2,GSM331565,1,0.5974442958831787
46,2,GSM331567,1,0.2923801839351654
46,2,GSM331568,1,0.7050631046295166
46,2,GSM331569,1,0.7394813299179077
46,2,GSM331571,1,0.6581122875213623
46,2,GSM331572,1,0.6566311717033386
46,2,GSM331577,1,0.2531546354293823
46,2,GSM331578,1,0.6016528606414795
46,2,GSM331579,1,0.5266954302787781
46,2,GSM331581,1,0.34285968542099
46,2,GSM331582,1,0.24337120354175568
46,2,GSM331583,1,0.24117201566696167
46,2,GSM331585,1,0.5414289236068726
46,2,GSM331587,1,0.570681631565094
46,2,GSM331588,1,0.8285651206970215
46,2,GSM331589,1,0.7267825603485107
46,2,GSM331593,1,0.46386978030204773
46,2,GSM331597,1,0.6411358714103699
46,2,GSM331600,1,0.8388517498970032
46,2,GSM331601,1,0.4539327323436737
46,2,GSM331602,1,0.5339015126228333
46,2,GSM331606,1,0.48746421933174133
46,2,GSM331609,1,0.1797214299440384
46,2,GSM331610,1,0.49259647727012634
46,2,GSM331613,1,0.3760509788990021
46,2,GSM331614,1,0.5294861197471619
46,2,GSM331617,1,0.700955867767334
46,2,GSM331618,1,0.6478069424629211
46,2,GSM331619,1,0.4802757799625397
46,2,GSM331623,1,0.3013286888599396
46,2,GSM331624,1,0.6350840330123901
46,2,GSM331625,1,0.777114748954773
46,2,GSM331626,1,0.22117573022842407
46,2,GSM331629,1,0.3777715563774109
46,2,GSM331630,1,0.4955902397632599
46,2,GSM331632,1,0.11701180040836334
46,2,GSM331633,1,0.22433114051818848
46,2,GSM331636,1,0.4674733281135559
46,2,GSM331640,1,0.2125277817249298
46,2,GSM331641,1,0.6019371151924133
46,2,GSM331642,1,0.5716710686683655
46,2,GSM331646,1,0.31354549527168274
46,2,GSM331648,1,0.3891737759113312
46,2,GSM331650,1,0.36744847893714905
46,2,GSM331654,1,0.6609041690826416
46,2,GSM331655,1,0.3860243260860443
47,1,GSM331660,0,0.3693618178367615
47,1,GSM331661,0,0.5958381295204163
47,1,GSM331662,0,0.3287820518016815
47,1,GSM331665,0,0.5558022856712341
47,1,GSM331671,0,0.6107634902000427
47,1,GSM331672,0,0.615001916885376
47,1,GSM331673,0,0.580406904220581
47,1,GSM331675,0,0.5314803719520569
47,1,GSM331676,0,0.4066424071788788
47,1,GSM331677,0,0.34454384446144104
47,1,GSM331678,0,0.33267807960510254
47,1,GSM331680,0,0.7130244970321655
47,1,GSM331681,0,0.6211097240447998
47,1,GSM331683,0,0.6681623458862305
47,1,GSM331684,0,0.5542191863059998
47,1,GSM331685,0,0.35460156202316284
47,1,GSM331686,0,0.6752965450286865
47,1,GSM331691,0,0.42958661913871765
47,1,GSM331695,0,0.29101234674453735
47,1,GSM331696,0,0.3046433627605438
47,1,GSM331700,0,0.31399470567703247
47,1,GSM331701,0,0.5371918678283691
47,1,GSM331703,0,0.3516538441181183
47,1,GSM331704,0,0.6340981721878052
47,1,GSM331705,0,0.6215071082115173
47,1,GSM331709,0,0.4615091383457184
47,1,GSM331710,0,0.6031498312950134
47,1,GSM331713,0,0.6449007987976074
47,1,GSM331714,0,0.5366451740264893
47,1,GSM331715,0,0.40151116251945496
47,1,GSM331716,0,0.754136860370636
47,1,GSM331719,0,0.5167678594589233
47,1,GSM331724,0,0.6379115581512451
47,1,GSM331727,0,0.35882988572120667
47,1,GSM331729,0,0.33446526527404785
47,1,GSM331731,0,0.49031952023506165
47,1,GSM331732,0,0.5570847988128662
47,1,GSM331455,1,0.3763825595378876
47,1,GSM331456,1,0.6206847429275513
47,1,GSM331458,1,0.49283158779144287
47,1,GSM331460,1,0.6221300959587097
47,1,GSM331462,1,0.5394999980926514
47,1,GSM331463,1,0.5071667432785034
47,1,GSM331464,1,0.5242654085159302
47,1,GSM331465,1,0.5305570363998413
47,1,GSM331466,1,0.5204330086708069
47,1,GSM331467,1,0.3719567358493805
47,1,GSM331468,1,0.5635464191436768
47,1,GSM331471,1,0.482717901468277
47,1,GSM331472,1,0.4476625919342041
47,1,GSM331473,1,0.4538206458091736
47,1,GSM331477,1,0.44662246108055115
47,1,GSM331478,1,0.7499518394470215
47,1,GSM331484,1,0.4116033911705017
47,1,GSM331485,1,0.7311820983886719
47,1,GSM331486,1,0.41574984788894653
47,1,GSM331491,1,0.6872714161872864
47,1,GSM331494,1,0.4769190847873688
47,1,GSM331496,1,0.49998021125793457
47,1,GSM331497,1,0.3981351852416992
47,1,GSM331500,1,0.6578897833824158
47,1,GSM331501,1,0.5443481802940369
47,1,GSM331504,1,0.46871936321258545
47,1,GSM331506,1,0.4613780677318573
47,1,GSM331509,1,0.36881527304649353
47,1,GSM331510,1,0.4053475260734558
47,1,GSM331511,1,0.46809861063957214
47,1,GSM331513,1,0.6394572854042053
47,1,GSM331514,1,0.45493340492248535
47,1,GSM331517,1,0.5677173733711243
47,1,GSM331519,1,0.5270142555236816
47,1,GSM331521,1,0.543997585773468
47,1,GSM331522,1,0.5318750739097595
47,1,GSM331523,1,0.6529762148857117
47,1,GSM331524,1,0.41251447796821594
47,1,GSM331525,1,0.6193838715553284
47,1,GSM331529,1,0.31963473558425903
47,1,GSM331532,1,0.6181562542915344
47,1,GSM331535,1,0.5113356709480286
47,1,GSM331536,1,0.5809611082077026
47,1,GSM331537,1,0.6304346919059753
47,1,GSM331543,1,0.7104838490486145
47,1,GSM331545,1,0.552862823009491
47,1,GSM331546,1,0.577975332736969
47,1,GSM331548,1,0.39137303829193115
47,1,GSM331549,1,0.5722551345825195
47,1,GSM331550,1,0.5306133031845093
47,1,GSM331551,1,0.43135228753089905
47,1,GSM331554,1,0.43411603569984436
47,1,GSM331555,1,0.3777964115142822
47,1,GSM331556,1,0.3615148067474365
47,1,GSM331559,1,0.602197527885437
47,1,GSM331562,1,0.4883340299129486
47,1,GSM331563,1,0.4224607050418854
47,1,GSM331567,1,0.34700194001197815
47,1,GSM331569,1,0.5199300646781921
47,1,GSM331571,1,0.5149351954460144
47,1,GSM331573,1,0.6608731150627136
47,1,GSM331575,1,0.7393041849136353
47,1,GSM331577,1,0.6110489964485168
47,1,GSM331580,1,0.3344569504261017
47,1,GSM331582,1,0.5913774967193604
47,1,GSM331583,1,0.5415629148483276
47,1,GSM331585,1,0.6936120986938477
47,1,GSM331586,1,0.38450244069099426
47,1,GSM331590,1,0.37283092737197876
47,1,GSM331596,1,0.4507860839366913
47,1,GSM331598,1,0.4761970043182373
47,1,GSM331599,1,0.6326626539230347
47,1,GSM331603,1,0.6674421429634094
47,1,GSM331604,1,0.5593409538269043
47,1,GSM331607,1,0.5113348960876465
47,1,GSM331609,1,0.4708847105503082
47,1,GSM331611,1,0.4005900025367737
47,1,GSM331612,1,0.46672722697257996
47,1,GSM331613,1,0.2916643023490906
47,1,GSM331614,1,0.4774363338947296
47,1,GSM331619,1,0.3516194522380829
47,1,GSM331620,1,0.5044578909873962
47,1,GSM331621,1,0.6979787945747375
47,1,GSM331622,1,0.5940888524055481
47,1,GSM331624,1,0.41313251852989197
47,1,GSM331625,1,0.5418855547904968
47,1,GSM331628,1,0.26688873767852783
47,1,GSM331629,1,0.4633345901966095
47,1,GSM331630,1,0.5341382026672363
47,1,GSM331631,1,0.41591763496398926
47,1,GSM331632,1,0.41784876585006714
47,1,GSM331635,1,0.5719019174575806
47,1,GSM331637,1,0.5188879370689392
47,1,GSM331642,1,0.40723490715026855
47,1,GSM331645,1,0.5730950832366943
47,1,GSM331649,1,0.4490731954574585
47,1,GSM331651,1,0.3814537823200226
47,1,GSM331653,1,0.34182119369506836
47,1,GSM331654,1,0.7790729403495789
47,1,GSM331655,1,0.6054614782333374
47,1,GSM331656,1,0.5112128853797913
47,1,GSM331657,1,0.7937655448913574
47,1,GSM331659,1,0.5778613090515137
47,2,GSM331638,0,0.48387712240219116
47,2,GSM331663,0,0.46284019947052
47,2,GSM331664,0,0.34528443217277527
47,2,GSM331666,0,0.32735010981559753
47,2,GSM331668,0,0.32910507917404175
47,2,GSM331669,0,0.5104613900184631
47,2,GSM331670,0,0.6248286366462708
47,2,GSM331674,0,0.5954732298851013
47,2,GSM331679,0,0.5518290400505066
47,2,GSM331682,0,0.6590081453323364
47,2,GSM331687,0,0.3465611934661865
47,2,GSM331688,0,0.4826166033744812
47,2,GSM331689,0,0.4080521762371063
47,2,GSM331690,0,0.4817967116832733
47,2,GSM331692,0,0.4037320017814636
47,2,GSM331693,0,0.6988918781280518
47,2,GSM331694,0,0.48026835918426514
47,2,GSM331697,0,0.5543886423110962
47,2,GSM331698,0,0.3992820680141449
47,2,GSM331699,0,0.485674113035202
47,2,GSM331702,0,0.6665838360786438
47,2,GSM331706,0,0.5739238858222961
47,2,GSM331707,0,0.5432689189910889
47,2,GSM331708,0,0.5531805753707886
47,2,GSM331711,0,0.4605352282524109
47,2,GSM331712,0,0.6509053707122803
47,2,GSM331717,0,0.7749572992324829
47,2,GSM331718,0,0.5593212246894836
47,2,GSM331720,0,0.472682386636734
47,2,GSM331721,0,0.5491565465927124
47,2,GSM331722,0,0.5361901521682739
47,2,GSM331723,0,0.4648083746433258
47,2,GSM331725,0,0.5119378566741943
47,2,GSM331726,0,0.2750754654407501
47,2,GSM331728,0,0.31929388642311096
47,2,GSM331730,0,0.5994316935539246
47,2,GSM331453,1,0.6496520042419434
47,2,GSM331454,1,0.41455310583114624
47,2,GSM331457,1,0.634804904460907
47,2,GSM331459,1,0.5393096804618835
47,2,GSM331461,1,0.4282786548137665
47,2,GSM331469,1,0.4598481059074402
47,2,GSM331470,1,0.3132011294364929
47,2,GSM331474,1,0.5871584415435791
47,2,GSM331475,1,0.406343936920166
47,2,GSM331476,1,0.6082368493080139
47,2,GSM331479,1,0.6955952048301697
47,2,GSM331480,1,0.5395776033401489
47,2,GSM331481,1,0.36460959911346436
47,2,GSM331482,1,0.47032901644706726
47,2,GSM331483,1,0.6232084035873413
47,2,GSM331487,1,0.6619144082069397
47,2,GSM331488,1,0.4769757091999054
47,2,GSM331489,1,0.5945720076560974
47,2,GSM331490,1,0.4473027288913727
47,2,GSM331492,1,0.29118457436561584
47,2,GSM331493,1,0.44565117359161377
47,2,GSM331495,1,0.2852303385734558
47,2,GSM331498,1,0.4915720522403717
47,2,GSM331499,1,0.4799843728542328
47,2,GSM331502,1,0.6182313561439514
47,2,GSM331503,1,0.46921777725219727
47,2,GSM331505,1,0.6653169393539429
47,2,GSM331507,1,0.18752066791057587
47,2,GSM331508,1,0.4195695221424103
47,2,GSM331512,1,0.5037869215011597
47,2,GSM331515,1,0.35803988575935364
47,2,GSM331516,1,0.5482867956161499
47,2,GSM331518,1,0.3128342926502228
47,2,GSM331520,1,0.5613663196563721
47,2,GSM331526,1,0.6194254755973816
47,2,GSM331527,1,0.5009273290634155
47,2,GSM331528,1,0.625901997089386
47,2,GSM331530,1,0.29109662771224976
47,2,GSM331531,1,0.638516366481781
47,2,GSM331533,1,0.41666027903556824
47,2,GSM331534,1,0.6063097715377808
47,2,GSM331538,1,0.30918723344802856
47,2,GSM331539,1,0.32166987657546997
47,2,GSM331540,1,0.47315189242362976
47,2,GSM331541,1,0.6564913392066956
47,2,GSM331542,1,0.5457466244697571
47,2,GSM331544,1,0.3943426311016083
47,2,GSM331547,1,0.3169565200805664
47,2,GSM331552,1,0.470281720161438
47,2,GSM331553,1,0.4626142978668213
47,2,GSM331557,1,0.6689069867134094
47,2,GSM331558,1,0.36585864424705505
47,2,GSM331560,1,0.4967802166938782
47,2,GSM331561,1,0.43454986810684204
47,2,GSM331564,1,0.2673178017139435
47,2,GSM331565,1,0.5416133403778076
47,2,GSM331566,1,0.4368925094604492
47,2,GSM331568,1,0.5696006417274475
47,2,GSM331570,1,0.6012870669364929
47,2,GSM331572,1,0.6230469346046448
47,2,GSM331574,1,0.3521193861961365
47,2,GSM331576,1,0.6315866112709045
47,2,GSM331578,1,0.528469979763031
47,2,GSM331579,1,0.6447331309318542
47,2,GSM331581,1,0.48251742124557495
47,2,GSM331584,1,0.48903241753578186
47,2,GSM331587,1,0.2881135046482086
47,2,GSM331588,1,0.369745671749115
47,2,GSM331589,1,0.5704591870307922
47,2,GSM331591,1,0.48543959856033325
47,2,GSM331592,1,0.4734565317630768
47,2,GSM331593,1,0.47127625346183777
47,2,GSM331594,1,0.3713163137435913
47,2,GSM331595,1,0.4091797173023224
47,2,GSM331597,1,0.5626938939094543
47,2,GSM331600,1,0.6346973180770874
47,2,GSM331601,1,0.5584118366241455
47,2,GSM331602,1,0.3955863416194916
47,2,GSM331605,1,0.3995126187801361
47,2,GSM331606,1,0.386595755815506
47,2,GSM331608,1,0.472110778093338
47,2,GSM331610,1,0.4905160367488861
47,2,GSM331615,1,0.5247206091880798
47,2,GSM331616,1,0.6649726033210754
47,2,GSM331617,1,0.6937516331672668
47,2,GSM331618,1,0.7151150703430176
47,2,GSM331623,1,0.2528828978538513
47,2,GSM331626,1,0.43178629875183105
47,2,GSM331627,1,0.4038633406162262
47,2,GSM331633,1,0.48589053750038147
47,2,GSM331634,1,0.45482268929481506
47,2,GSM331636,1,0.6032355427742004
47,2,GSM331639,1,0.4615212678909302
47,2,GSM331640,1,0.3530846834182739
47,2,GSM331641,1,0.5801351070404053
47,2,GSM331643,1,0.5794177651405334
47,2,GSM331644,1,0.526542603969574
47,2,GSM331646,1,0.19849392771720886
47,2,GSM331647,1,0.42118826508522034
47,2,GSM331648,1,0.5278077721595764
47,2,GSM331650,1,0.5758676528930664
47,2,GSM331652,1,0.39963996410369873
47,2,GSM331658,1,0.5262154936790466
48,1,GSM331661,0,0.592557966709137
48,1,GSM331663,0,0.39381974935531616
48,1,GSM331666,0,0.3947019875049591
48,1,GSM331668,0,0.686098039150238
48,1,GSM331669,0,0.7514932751655579
48,1,GSM331671,0,0.6574418544769287
48,1,GSM331673,0,0.5153254270553589
48,1,GSM331675,0,0.38636958599090576
48,1,GSM331676,0,0.6587546467781067
48,1,GSM331679,0,0.4784240126609802
48,1,GSM331681,0,0.6766476631164551
48,1,GSM331682,0,0.6243000626564026
48,1,GSM331685,0,0.2973707318305969
48,1,GSM331686,0,0.6436278223991394
48,1,GSM331687,0,0.36847740411758423
48,1,GSM331693,0,0.4427339732646942
48,1,GSM331696,0,0.5244616866111755
48,1,GSM331698,0,0.18062230944633484
48,1,GSM331702,0,0.3954686224460602
48,1,GSM331703,0,0.527944028377533
48,1,GSM331707,0,0.2876276969909668
48,1,GSM331709,0,0.5557063817977905
48,1,GSM331710,0,0.48637911677360535
48,1,GSM331711,0,0.8549733757972717
48,1,GSM331713,0,0.45520979166030884
48,1,GSM331714,0,0.8629868030548096
48,1,GSM331719,0,0.36555594205856323
48,1,GSM331720,0,0.42112305760383606
48,1,GSM331721,0,0.743299663066864
48,1,GSM331722,0,0.6215290427207947
48,1,GSM331723,0,0.5039252042770386
48,1,GSM331724,0,0.44946807622909546
48,1,GSM331725,0,0.6201791167259216
48,1,GSM331728,0,0.33785295486450195
48,1,GSM331729,0,0.29471850395202637
48,1,GSM331730,0,0.5615614652633667
48,1,GSM331732,0,0.6306047439575195
48,1,GSM331454,1,0.3586915135383606
48,1,GSM331455,1,0.12828582525253296
48,1,GSM331456,1,0.41971009969711304
48,1,GSM331457,1,0.45186105370521545
48,1,GSM331458,1,0.4294443428516388
48,1,GSM331459,1,0.42355984449386597
48,1,GSM331460,1,0.5324133038520813
48,1,GSM331464,1,0.30605459213256836
48,1,GSM331466,1,0.47073855996131897
48,1,GSM331467,1,0.32783743739128113
48,1,GSM331469,1,0.47688233852386475
48,1,GSM331470,1,0.6978815793991089
48,1,GSM331472,1,0.30431506037712097
48,1,GSM331474,1,0.2875745892524719
48,1,GSM331482,1,0.3776709735393524
48,1,GSM331483,1,0.697117805480957
48,1,GSM331490,1,0.19150026142597198
48,1,GSM331491,1,0.4941486418247223
48,1,GSM331493,1,0.2628767192363739
48,1,GSM331496,1,0.3198200762271881
48,1,GSM331497,1,0.5367593765258789
48,1,GSM331500,1,0.2686821222305298
48,1,GSM331501,1,0.541808009147644
48,1,GSM331502,1,0.7345162630081177
48,1,GSM331503,1,0.360454797744751
48,1,GSM331504,1,0.28784632682800293
48,1,GSM331506,1,0.6820149421691895
48,1,GSM331508,1,0.44541358947753906
48,1,GSM331510,1,0.6451498866081238
48,1,GSM331511,1,0.6891412734985352
48,1,GSM331512,1,0.6414300203323364
48,1,GSM331513,1,0.5620656609535217
48,1,GSM331518,1,0.454635351896286
48,1,GSM331519,1,0.33117398619651794
48,1,GSM331520,1,0.25862932205200195
48,1,GSM331522,1,0.3373497426509857
48,1,GSM331523,1,0.511796236038208
48,1,GSM331524,1,0.527575671672821
48,1,GSM331525,1,0.6969621777534485
48,1,GSM331528,1,0.8187795877456665
48,1,GSM331532,1,0.29002201557159424
48,1,GSM331533,1,0.6555813550949097
48,1,GSM331534,1,0.525474488735199
48,1,GSM331535,1,0.19213473796844482
48,1,GSM331537,1,0.46795812249183655
48,1,GSM331539,1,0.4080426096916199
48,1,GSM331541,1,0.42038416862487793
48,1,GSM331542,1,0.28285112977027893
48,1,GSM331543,1,0.3235328495502472
48,1,GSM331544,1,0.1567123383283615
48,1,GSM331547,1,0.5504443049430847
48,1,GSM331548,1,0.696276843547821
48,1,GSM331550,1,0.4104745090007782
48,1,GSM331551,1,0.5406757593154907
48,1,GSM331553,1,0.8437083959579468
48,1,GSM331559,1,0.7516767382621765
48,1,GSM331560,1,0.16964362561702728
48,1,GSM331563,1,0.6186376810073853
48,1,GSM331564,1,0.5280418992042542
48,1,GSM331570,1,0.3722038269042969
48,1,GSM331573,1,0.6403482556343079
48,1,GSM331580,1,0.6773454546928406
48,1,GSM331581,1,0.20644111931324005
48,1,GSM331582,1,0.39285802841186523
48,1,GSM331588,1,0.7960379123687744
48,1,GSM331589,1,0.39850112795829773
48,1,GSM331590,1,0.3906308114528656
48,1,GSM331591,1,0.809546947479248
48,1,GSM331593,1,0.5069674849510193
48,1,GSM331597,1,0.2559575140476227
48,1,GSM331599,1,0.913491427898407
48,1,GSM331600,1,0.665108323097229
48,1,GSM331602,1,0.4285944402217865
48,1,GSM331603,1,0.4278409779071808
48,1,GSM331606,1,0.47176244854927063
48,1,GSM331607,1,0.6999025940895081
48,1,GSM331609,1,0.2557620108127594
48,1,GSM331610,1,0.6718758940696716
48,1,GSM331612,1,0.5420946478843689
48,1,GSM331613,1,0.5172446966171265
48,1,GSM331614,1,0.4326343536376953
48,1,GSM331615,1,0.35770559310913086
48,1,GSM331616,1,0.5455514788627625
48,1,GSM331619,1,0.3161797523498535
48,1,GSM331621,1,0.31655558943748474
48,1,GSM331622,1,0.7983483076095581
48,1,GSM331623,1,0.5908181071281433
48,1,GSM331624,1,0.7109279036521912
48,1,GSM331625,1,0.6266790628433228
48,1,GSM331628,1,0.5255286693572998
48,1,GSM331632,1,0.17083999514579773
48,1,GSM331635,1,0.2977747321128845
48,1,GSM331636,1,0.22583644092082977
48,1,GSM331640,1,0.14961843192577362
48,1,GSM331646,1,0.2775820195674896
48,1,GSM331649,1,0.7744359374046326
48,1,GSM331650,1,0.3258507549762726
48,1,GSM331651,1,0.5195802450180054
48,1,GSM331652,1,0.8140870332717896
48,1,GSM331656,1,0.373309463262558
48,1,GSM331657,1,0.4334304630756378
48,1,GSM331658,1,0.4697827398777008
48,1,GSM331659,1,0.42991137504577637
48,2,GSM331638,0,0.5468407869338989
48,2,GSM331660,0,0.5154721140861511
48,2,GSM331662,0,0.7378718852996826
48,2,GSM331664,0,0.5300218462944031
48,2,GSM331665,0,0.5620269179344177
48,2,GSM331670,0,0.44791242480278015
48,2,GSM331672,0,0.7048706412315369
48,2,GSM331674,0,0.6209115386009216
48,2,GSM331677,0,0.3758118748664856
48,2,GSM331678,0,0.35128945112228394
48,2,GSM331680,0,0.46023476123809814
48,2,GSM331683,0,0.8529503345489502
48,2,GSM331684,0,0.4131647050380707
48,2,GSM331688,0,0.8242495059967041
48,2,GSM331689,0,0.661755383014679
48,2,GSM331690,0,0.5310718417167664
48,2,GSM331691,0,0.3965863585472107
48,2,GSM331692,0,0.38463523983955383
48,2,GSM331694,0,0.4528622329235077
48,2,GSM331695,0,0.40077316761016846
48,2,GSM331697,0,0.5151054859161377
48,2,GSM331699,0,0.21147888898849487
48,2,GSM331700,0,0.5172997117042542
48,2,GSM331701,0,0.2778013050556183
48,2,GSM331704,0,0.6859580874443054
48,2,GSM331705,0,0.49546098709106445
48,2,GSM331706,0,0.7750744819641113
48,2,GSM331708,0,0.4104800522327423
48,2,GSM331712,0,0.5456288456916809
48,2,GSM331715,0,0.20576350390911102
48,2,GSM331716,0,0.9177032709121704
48,2,GSM331717,0,0.7305763959884644
48,2,GSM331718,0,0.670863687992096
48,2,GSM331726,0,0.40416252613067627
48,2,GSM331727,0,0.5577068328857422
48,2,GSM331731,0,0.795534610748291
48,2,GSM331453,1,0.32633188366889954
48,2,GSM331461,1,0.4643142521381378
48,2,GSM331462,1,0.37895771861076355
48,2,GSM331463,1,0.2451176941394806
48,2,GSM331465,1,0.14352720975875854
48,2,GSM331468,1,0.6246312260627747
48,2,GSM331471,1,0.5183953046798706
48,2,GSM331473,1,0.630504310131073
48,2,GSM331475,1,0.5043540596961975
48,2,GSM331476,1,0.5466623306274414
48,2,GSM331477,1,0.30293694138526917
48,2,GSM331478,1,0.5573244690895081
48,2,GSM331479,1,0.4494113624095917
48,2,GSM331480,1,0.7680307030677795
48,2,GSM331481,1,0.7208831310272217
48,2,GSM331484,1,0.3941541314125061
48,2,GSM331485,1,0.6405813097953796
48,2,GSM331486,1,0.6649353504180908
48,2,GSM331487,1,0.7920413017272949
48,2,GSM331488,1,0.7864614129066467
48,2,GSM331489,1,0.41168591380119324
48,2,GSM331492,1,0.4016716182231903
48,2,GSM331494,1,0.7943378686904907
48,2,GSM331495,1,0.37019824981689453
48,2,GSM331498,1,0.15957294404506683
48,2,GSM331499,1,0.5553564429283142
48,2,GSM331505,1,0.40242570638656616
48,2,GSM331507,1,0.34175944328308105
48,2,GSM331509,1,0.4759327471256256
48,2,GSM331514,1,0.3922254145145416
48,2,GSM331515,1,0.6871057152748108
48,2,GSM331516,1,0.600631594657898
48,2,GSM331517,1,0.7043330073356628
48,2,GSM331521,1,0.3768174648284912
48,2,GSM331526,1,0.4014583230018616
48,2,GSM331527,1,0.21586965024471283
48,2,GSM331529,1,0.5416332483291626
48,2,GSM331530,1,0.5179917812347412
48,2,GSM331531,1,0.42789554595947266
48,2,GSM331536,1,0.5778043270111084
48,2,GSM331538,1,0.17083019018173218
48,2,GSM331540,1,0.5274308323860168
48,2,GSM331545,1,0.3962842524051666
48,2,GSM331546,1,0.37805694341659546
48,2,GSM331549,1,0.7211048603057861
48,2,GSM331552,1,0.20819859206676483
48,2,GSM331554,1,0.35467708110809326
48,2,GSM331555,1,0.26083409786224365
48,2,GSM331556,1,0.6482012271881104
48,2,GSM331557,1,0.5613259673118591
48,2,GSM331558,1,0.33013710379600525
48,2,GSM331561,1,0.7084782123565674
48,2,GSM331562,1,0.6229921579360962
48,2,GSM331565,1,0.2784646153450012
48,2,GSM331566,1,0.6128786206245422
48,2,GSM331567,1,0.18560419976711273
48,2,GSM331568,1,0.6670072078704834
48,2,GSM331569,1,0.3926926553249359
48,2,GSM331571,1,0.5932734608650208
48,2,GSM331572,1,0.7328173518180847
48,2,GSM331574,1,0.6117924451828003
48,2,GSM331575,1,0.38104143738746643
48,2,GSM331576,1,0.6826826333999634
48,2,GSM331577,1,0.45287230610847473
48,2,GSM331578,1,0.5902755856513977
48,2,GSM331579,1,0.40550896525382996
48,2,GSM331583,1,0.4810969829559326
48,2,GSM331584,1,0.38414400815963745
48,2,GSM331585,1,0.6471956968307495
48,2,GSM331586,1,0.5141571164131165
48,2,GSM331587,1,0.7390639781951904
48,2,GSM331592,1,0.7401512265205383
48,2,GSM331594,1,0.651043713092804
48,2,GSM331595,1,0.4108140170574188
48,2,GSM331596,1,0.7403918504714966
48,2,GSM331598,1,0.21562473475933075
48,2,GSM331601,1,0.5912202000617981
48,2,GSM331604,1,0.27611345052719116
48,2,GSM331605,1,0.4702301025390625
48,2,GSM331608,1,0.43402403593063354
48,2,GSM331611,1,0.6688429713249207
48,2,GSM331617,1,0.8720021843910217
48,2,GSM331618,1,0.5731498599052429
48,2,GSM331620,1,0.32265806198120117
48,2,GSM331626,1,0.16683955490589142
48,2,GSM331627,1,0.31040841341018677
48,2,GSM331629,1,0.27053701877593994
48,2,GSM331630,1,0.4730784595012665
48,2,GSM331631,1,0.18921439349651337
48,2,GSM331633,1,0.39254823327064514
48,2,GSM331634,1,0.31446588039398193
48,2,GSM331637,1,0.5292849540710449
48,2,GSM331639,1,0.27622517943382263
48,2,GSM331641,1,0.30216237902641296
48,2,GSM331642,1,0.6321383118629456
48,2,GSM331643,1,0.8587397933006287
48,2,GSM331644,1,0.30008941888809204
48,2,GSM331645,1,0.5768627524375916
48,2,GSM331647,1,0.6379827857017517
48,2,GSM331648,1,0.1785832792520523
48,2,GSM331653,1,0.41861259937286377
48,2,GSM331654,1,0.6462404727935791
48,2,GSM331655,1,0.23669272661209106
49,1,GSM331638,0,0.7889444231987
49,1,GSM331660,0,0.4362587332725525
49,1,GSM331665,0,0.2641070783138275
49,1,GSM331666,0,0.2525925040245056
49,1,GSM331668,0,0.8701876401901245
49,1,GSM331669,0,0.8055933713912964
49,1,GSM331671,0,0.6196736693382263
49,1,GSM331672,0,0.5711159706115723
49,1,GSM331674,0,0.5199403762817383
49,1,GSM331678,0,0.31382325291633606
49,1,GSM331679,0,0.2685716450214386
49,1,GSM331680,0,0.4946646988391876
49,1,GSM331681,0,0.6258381605148315
49,1,GSM331682,0,0.6502938270568848
49,1,GSM331684,0,0.22939857840538025
49,1,GSM331687,0,0.44319626688957214
49,1,GSM331689,0,0.6118327379226685
49,1,GSM331690,0,0.41003385186195374
49,1,GSM331693,0,0.4800525903701782
49,1,GSM331694,0,0.5209170579910278
49,1,GSM331695,0,0.69471275806427
49,1,GSM331697,0,0.3370392620563507
49,1,GSM331702,0,0.29837584495544434
49,1,GSM331703,0,0.8570907711982727
49,1,GSM331704,0,0.6265650391578674
49,1,GSM331705,0,0.3609260320663452
49,1,GSM331711,0,0.9375747442245483
49,1,GSM331712,0,0.5380366444587708
49,1,GSM331713,0,0.29210910201072693
49,1,GSM331714,0,0.9359076619148254
49,1,GSM331720,0,0.3792122006416321
49,1,GSM331721,0,0.8977165222167969
49,1,GSM331723,0,0.6786681413650513
49,1,GSM331724,0,0.1485700011253357
49,1,GSM331726,0,0.311183363199234
49,1,GSM331729,0,0.1552007645368576
49,1,GSM331731,0,0.8348041772842407
49,1,GSM331453,1,0.36963433027267456
49,1,GSM331454,1,0.462471604347229
49,1,GSM331455,1,0.1983940601348877
49,1,GSM331457,1,0.5106856226921082
49,1,GSM331458,1,0.5216416716575623
49,1,GSM331459,1,0.5564525127410889
49,1,GSM331462,1,0.20812471210956573
49,1,GSM331463,1,0.30711400508880615
49,1,GSM331464,1,0.2967948019504547
49,1,GSM331465,1,0.5261898040771484
49,1,GSM331471,1,0.745354950428009
49,1,GSM331473,1,0.5892268419265747
49,1,GSM331474,1,0.17828190326690674
49,1,GSM331476,1,0.44761914014816284
49,1,GSM331478,1,0.5090456008911133
49,1,GSM331479,1,0.40985217690467834
49,1,GSM331481,1,0.8052811622619629
49,1,GSM331482,1,0.29368898272514343
49,1,GSM331487,1,0.9313234090805054
49,1,GSM331488,1,0.6730075478553772
49,1,GSM331489,1,0.5207734704017639
49,1,GSM331490,1,0.35167959332466125
49,1,GSM331492,1,0.6663679480552673
49,1,GSM331493,1,0.13757260143756866
49,1,GSM331494,1,0.919475257396698
49,1,GSM331497,1,0.3484654128551483
49,1,GSM331498,1,0.21203745901584625
49,1,GSM331499,1,0.7801578044891357
49,1,GSM331501,1,0.4362426698207855
49,1,GSM331502,1,0.9154431819915771
49,1,GSM331504,1,0.3277539014816284
49,1,GSM331506,1,0.7940549850463867
49,1,GSM331507,1,0.14152568578720093
49,1,GSM331508,1,0.76651930809021
49,1,GSM331509,1,0.4877347946166992
49,1,GSM331514,1,0.2588587701320648
49,1,GSM331516,1,0.7493962049484253
49,1,GSM331518,1,0.4671754539012909
49,1,GSM331520,1,0.5130835175514221
49,1,GSM331523,1,0.7727466225624084
49,1,GSM331524,1,0.643943190574646
49,1,GSM331527,1,0.24355655908584595
49,1,GSM331528,1,0.6583840847015381
49,1,GSM331529,1,0.3645797371864319
49,1,GSM331532,1,0.2571842074394226
49,1,GSM331534,1,0.6631396412849426
49,1,GSM331535,1,0.24219802021980286
49,1,GSM331539,1,0.8087660670280457
49,1,GSM331540,1,0.4217429757118225
49,1,GSM331544,1,0.14735710620880127
49,1,GSM331545,1,0.31203046441078186
49,1,GSM331546,1,0.29802608489990234
49,1,GSM331549,1,0.7692350149154663
49,1,GSM331552,1,0.31802329421043396
49,1,GSM331553,1,0.9609431624412537
49,1,GSM331554,1,0.46416524052619934
49,1,GSM331556,1,0.5781216621398926
49,1,GSM331561,1,0.8478405475616455
49,1,GSM331565,1,0.38848254084587097
49,1,GSM331566,1,0.7953428626060486
49,1,GSM331567,1,0.6053919196128845
49,1,GSM331572,1,0.5907911658287048
49,1,GSM331573,1,0.6673440337181091
49,1,GSM331574,1,0.5805270671844482
49,1,GSM331576,1,0.8740852475166321
49,1,GSM331577,1,0.39526939392089844
49,1,GSM331579,1,0.22224949300289154
49,1,GSM331580,1,0.8137692213058472
49,1,GSM331584,1,0.07531701773405075
49,1,GSM331590,1,0.48213914036750793
49,1,GSM331591,1,0.8714433312416077
49,1,GSM331592,1,0.7954614758491516
49,1,GSM331594,1,0.2706204056739807
49,1,GSM331598,1,0.24205131828784943
49,1,GSM331601,1,0.5161002278327942
49,1,GSM331602,1,0.6389281749725342
49,1,GSM331603,1,0.4673998951911926
49,1,GSM331605,1,0.8408746123313904
49,1,GSM331607,1,0.8615114092826843
49,1,GSM331608,1,0.08547941595315933
49,1,GSM331611,1,0.9070814251899719
49,1,GSM331614,1,0.4726037085056305
49,1,GSM331617,1,0.6993419528007507
49,1,GSM331618,1,0.6884315609931946
49,1,GSM331621,1,0.5248652100563049
49,1,GSM331624,1,0.7221714854240417
49,1,GSM331625,1,0.5164632797241211
49,1,GSM331627,1,0.5802353024482727
49,1,GSM331629,1,0.12835107743740082
49,1,GSM331631,1,0.08172565698623657
49,1,GSM331632,1,0.10946360230445862
49,1,GSM331633,1,0.29269081354141235
49,1,GSM331634,1,0.5196831822395325
49,1,GSM331637,1,0.4735807776451111
49,1,GSM331639,1,0.39933300018310547
49,1,GSM331641,1,0.2642090618610382
49,1,GSM331646,1,0.37895655632019043
49,1,GSM331648,1,0.2754130959510803
49,1,GSM331651,1,0.7805302143096924
49,1,GSM331653,1,0.5523486733436584
49,1,GSM331656,1,0.3305874466896057
49,1,GSM331658,1,0.46978357434272766
49,1,GSM331659,1,0.3373643159866333
49,2,GSM331661,0,0.5427025556564331
49,2,GSM331662,0,0.7045357823371887
49,2,GSM331663,0,0.29872408509254456
49,2,GSM331664,0,0.3833176791667938
49,2,GSM331670,0,0.49879780411720276
49,2,GSM331673,0,0.30260446667671204
49,2,GSM331675,0,0.09664358198642731
49,2,GSM331676,0,0.7257123589515686
49,2,GSM331677,0,0.29162392020225525
49,2,GSM331683,0,0.8306466341018677
49,2,GSM331685,0,0.160239115357399
49,2,GSM331686,0,0.7076005935668945
49,2,GSM331688,0,0.8467376828193665
49,2,GSM331691,0,0.4824144244194031
49,2,GSM331692,0,0.1426568329334259
49,2,GSM331696,0,0.7116667628288269
49,2,GSM331698,0,0.18988826870918274
49,2,GSM331699,0,0.434072345495224
49,2,GSM331700,0,0.192745640873909
49,2,GSM331701,0,0.3412975072860718
49,2,GSM331706,0,0.8442363739013672
49,2,GSM331707,0,0.33782249689102173
49,2,GSM331708,0,0.6494271755218506
49,2,GSM331709,0,0.6176274418830872
49,2,GSM331710,0,0.3470175266265869
49,2,GSM331715,0,0.25839880108833313
49,2,GSM331716,0,0.9563610553741455
49,2,GSM331717,0,0.8080217838287354
49,2,GSM331718,0,0.7186141014099121
49,2,GSM331719,0,0.1472526639699936
49,2,GSM331722,0,0.5898685455322266
49,2,GSM331725,0,0.512435257434845
49,2,GSM331727,0,0.6037949919700623
49,2,GSM331728,0,0.29876968264579773
49,2,GSM331730,0,0.8023043870925903
49,2,GSM331732,0,0.5007140636444092
49,2,GSM331456,1,0.7113566398620605
49,2,GSM331460,1,0.3588654398918152
49,2,GSM331461,1,0.35373300313949585
49,2,GSM331466,1,0.42550912499427795
49,2,GSM331467,1,0.3055804669857025
49,2,GSM331468,1,0.7121743559837341
49,2,GSM331469,1,0.5365995168685913
49,2,GSM331470,1,0.8657671213150024
49,2,GSM331472,1,0.39105015993118286
49,2,GSM331475,1,0.5398510098457336
49,2,GSM331477,1,0.47548532485961914
49,2,GSM331480,1,0.63874751329422
49,2,GSM331483,1,0.6432934999465942
49,2,GSM331484,1,0.1320333629846573
49,2,GSM331485,1,0.9153788685798645
49,2,GSM331486,1,0.5280653238296509
49,2,GSM331491,1,0.47809702157974243
49,2,GSM331495,1,0.6619784832000732
49,2,GSM331496,1,0.2113906443119049
49,2,GSM331500,1,0.47475019097328186
49,2,GSM331503,1,0.46604663133621216
49,2,GSM331505,1,0.6488414406776428
49,2,GSM331510,1,0.5765373706817627
49,2,GSM331511,1,0.8099764585494995
49,2,GSM331512,1,0.7245462536811829
49,2,GSM331513,1,0.7237165570259094
49,2,GSM331515,1,0.7421395182609558
49,2,GSM331517,1,0.6689826250076294
49,2,GSM331519,1,0.4000522494316101
49,2,GSM331521,1,0.11347056180238724
49,2,GSM331522,1,0.3121674358844757
49,2,GSM331525,1,0.530843198299408
49,2,GSM331526,1,0.7170034646987915
49,2,GSM331530,1,0.7495093941688538
49,2,GSM331531,1,0.2987888753414154
49,2,GSM331533,1,0.5262667536735535
49,2,GSM331536,1,0.39674949645996094
49,2,GSM331537,1,0.7366577386856079
49,2,GSM331538,1,0.4360060691833496
49,2,GSM331541,1,0.5085923671722412
49,2,GSM331542,1,0.17103272676467896
49,2,GSM331543,1,0.5849610567092896
49,2,GSM331547,1,0.43562379479408264
49,2,GSM331548,1,0.5976052284240723
49,2,GSM331550,1,0.39860352873802185
49,2,GSM331551,1,0.5101012587547302
49,2,GSM331555,1,0.27748602628707886
49,2,GSM331557,1,0.44634395837783813
49,2,GSM331558,1,0.14451494812965393
49,2,GSM331559,1,0.9336429238319397
49,2,GSM331560,1,0.2648911476135254
49,2,GSM331562,1,0.42355191707611084
49,2,GSM331563,1,0.4116736054420471
49,2,GSM331564,1,0.46607282757759094
49,2,GSM331568,1,0.6189017295837402
49,2,GSM331569,1,0.5040674805641174
49,2,GSM331570,1,0.30181631445884705
49,2,GSM331571,1,0.5785050392150879
49,2,GSM331575,1,0.33201852440834045
49,2,GSM331578,1,0.5694396495819092
49,2,GSM331581,1,0.349094033241272
49,2,GSM331582,1,0.24535231292247772
49,2,GSM331583,1,0.44062772393226624
49,2,GSM331585,1,0.6950563788414001
49,2,GSM331586,1,0.24540412425994873
49,2,GSM331587,1,0.8253310322761536
49,2,GSM331588,1,0.5790161490440369
49,2,GSM331589,1,0.6089805960655212
49,2,GSM331593,1,0.49577128887176514
49,2,GSM331595,1,0.6891641020774841
49,2,GSM331596,1,0.757861316204071
49,2,GSM331597,1,0.7447530627250671
49,2,GSM331599,1,0.8706077337265015
49,2,GSM331600,1,0.8615157008171082
49,2,GSM331604,1,0.21156001091003418
49,2,GSM331606,1,0.10820342600345612
49,2,GSM331609,1,0.40236231684684753
49,2,GSM331610,1,0.6513300538063049
49,2,GSM331612,1,0.6130415797233582
49,2,GSM331613,1,0.6881191730499268
49,2,GSM331615,1,0.5949615836143494
49,2,GSM331616,1,0.6231138706207275
49,2,GSM331619,1,0.26541048288345337
49,2,GSM331620,1,0.6581828594207764
49,2,GSM331622,1,0.8111878633499146
49,2,GSM331623,1,0.27309179306030273
49,2,GSM331626,1,0.21161790192127228
49,2,GSM331628,1,0.5917460322380066
49,2,GSM331630,1,0.5624685287475586
49,2,GSM331635,1,0.1598573923110962
49,2,GSM331636,1,0.26016131043434143
49,2,GSM331640,1,0.1626092791557312
49,2,GSM331642,1,0.5623406171798706
49,2,GSM331643,1,0.9286626577377319
49,2,GSM331644,1,0.18842341005802155
49,2,GSM331645,1,0.22379714250564575
49,2,GSM331647,1,0.5976876616477966
49,2,GSM331649,1,0.8194088935852051
49,2,GSM331650,1,0.4890954792499542
49,2,GSM331652,1,0.888842761516571
49,2,GSM331654,1,0.8854156136512756
49,2,GSM331655,1,0.5113154053688049
49,2,GSM331657,1,0.6672558188438416
50,1,GSM331638,0,0.5410420298576355
50,1,GSM331660,0,0.4018891453742981
50,1,GSM331662,0,0.5971643924713135
50,1,GSM331670,0,0.6738736629486084
50,1,GSM331671,0,0.5930944085121155
50,1,GSM331673,0,0.4418903589248657
50,1,GSM331675,0,0.325701504945755
50,1,GSM331676,0,0.47278493642807007
50,1,GSM331678,0,0.23322492837905884
50,1,GSM331679,0,0.4107467830181122
50,1,GSM331681,0,0.6516185998916626
50,1,GSM331682,0,0.6760008931159973
50,1,GSM331684,0,0.4065530002117157
50,1,GSM331687,0,0.2938390374183655
50,1,GSM331689,0,0.4745701253414154
50,1,GSM331691,0,0.6498833894729614
50,1,GSM331694,0,0.668599009513855
50,1,GSM331695,0,0.4737081229686737
50,1,GSM331701,0,0.31510910391807556
50,1,GSM331702,0,0.4999488592147827
50,1,GSM331703,0,0.5661321878433228
50,1,GSM331704,0,0.5507985949516296
50,1,GSM331705,0,0.5515190958976746
50,1,GSM331706,0,0.6554512977600098
50,1,GSM331708,0,0.6282550692558289
50,1,GSM331710,0,0.5035176873207092
50,1,GSM331712,0,0.6087487936019897
50,1,GSM331713,0,0.3869783580303192
50,1,GSM331714,0,0.7361882925033569
50,1,GSM331718,0,0.6737329363822937
50,1,GSM331720,0,0.4024898409843445
50,1,GSM331721,0,0.6891254186630249
50,1,GSM331722,0,0.5767989754676819
50,1,GSM331724,0,0.34985730051994324
50,1,GSM331729,0,0.2839282751083374
50,1,GSM331730,0,0.5066126585006714
50,1,GSM331731,0,0.6141979694366455
50,1,GSM331453,1,0.4866942763328552
50,1,GSM331454,1,0.4105546176433563
50,1,GSM331461,1,0.5788216590881348
50,1,GSM331462,1,0.35256680846214294
50,1,GSM331464,1,0.45622918009757996
50,1,GSM331466,1,0.6265828013420105
50,1,GSM331467,1,0.5873569250106812
50,1,GSM331471,1,0.6827688217163086
50,1,GSM331473,1,0.5959799289703369
50,1,GSM331474,1,0.6112275719642639
50,1,GSM331475,1,0.5991967916488647
50,1,GSM331477,1,0.6406804919242859
50,1,GSM331478,1,0.5784901976585388
50,1,GSM331479,1,0.7174951434135437
50,1,GSM331482,1,0.46229779720306396
50,1,GSM331483,1,0.6976730823516846
50,1,GSM331484,1,0.2161785513162613
50,1,GSM331486,1,0.41791239380836487
50,1,GSM331487,1,0.8172423839569092
50,1,GSM331488,1,0.6848689913749695
50,1,GSM331491,1,0.515341579914093
50,1,GSM331492,1,0.533734142780304
50,1,GSM331493,1,0.26320940256118774
50,1,GSM331494,1,0.6882740259170532
50,1,GSM331495,1,0.6010772585868835
50,1,GSM331496,1,0.3742299973964691
50,1,GSM331498,1,0.3431679308414459
50,1,GSM331502,1,0.7641427516937256
50,1,GSM331504,1,0.47968804836273193
50,1,GSM331505,1,0.6784906983375549
50,1,GSM331509,1,0.4408209025859833
50,1,GSM331512,1,0.61150062084198
50,1,GSM331514,1,0.40917596220970154
50,1,GSM331515,1,0.38343414664268494
50,1,GSM331519,1,0.4064561724662781
50,1,GSM331520,1,0.5218200087547302
50,1,GSM331521,1,0.5377168655395508
50,1,GSM331525,1,0.5763684511184692
50,1,GSM331528,1,0.5633816123008728
50,1,GSM331529,1,0.36211541295051575
50,1,GSM331530,1,0.6365314722061157
50,1,GSM331531,1,0.4601832628250122
50,1,GSM331532,1,0.5675021409988403
50,1,GSM331536,1,0.6080115437507629
50,1,GSM331538,1,0.4203568696975708
50,1,GSM331541,1,0.5493967533111572
50,1,GSM331544,1,0.2704264223575592
50,1,GSM331545,1,0.40363016724586487
50,1,GSM331549,1,0.7236174941062927
50,1,GSM331551,1,0.3480706512928009
50,1,GSM331552,1,0.3454986810684204
50,1,GSM331553,1,0.6664844751358032
50,1,GSM331555,1,0.3094417154788971
50,1,GSM331556,1,0.4535728693008423
50,1,GSM331561,1,0.5805968642234802
50,1,GSM331563,1,0.4591100811958313
50,1,GSM331565,1,0.605904221534729
50,1,GSM331566,1,0.6794075965881348
50,1,GSM331567,1,0.5413556694984436
50,1,GSM331568,1,0.7169364094734192
50,1,GSM331570,1,0.5798105001449585
50,1,GSM331574,1,0.45009174942970276
50,1,GSM331575,1,0.6403070092201233
50,1,GSM331579,1,0.48479780554771423
50,1,GSM331580,1,0.35246774554252625
50,1,GSM331581,1,0.5835362672805786
50,1,GSM331584,1,0.330860435962677
50,1,GSM331588,1,0.665074348449707
50,1,GSM331589,1,0.5395940542221069
50,1,GSM331591,1,0.727736234664917
50,1,GSM331594,1,0.5399667620658875
50,1,GSM331595,1,0.5281882286071777
50,1,GSM331598,1,0.41658449172973633
50,1,GSM331599,1,0.7624697089195251
50,1,GSM331600,1,0.7283161282539368
50,1,GSM331602,1,0.505560576915741
50,1,GSM331604,1,0.3420829772949219
50,1,GSM331609,1,0.38200774788856506
50,1,GSM331612,1,0.5390940308570862
50,1,GSM331614,1,0.4880586862564087
50,1,GSM331615,1,0.5782793164253235
50,1,GSM331616,1,0.57668536901474
50,1,GSM331617,1,0.6141684651374817
50,1,GSM331618,1,0.6455642580986023
50,1,GSM331619,1,0.3459734618663788
50,1,GSM331620,1,0.5613030195236206
50,1,GSM331621,1,0.6089639067649841
50,1,GSM331623,1,0.49597835540771484
50,1,GSM331626,1,0.4413550794124603
50,1,GSM331631,1,0.29925787448883057
50,1,GSM331632,1,0.27090081572532654
50,1,GSM331633,1,0.3581589162349701
50,1,GSM331636,1,0.48990315198898315
50,1,GSM331637,1,0.4572834074497223
50,1,GSM331639,1,0.4632079601287842
50,1,GSM331641,1,0.47950279712677
50,1,GSM331643,1,0.6403049230575562
50,1,GSM331644,1,0.3267267346382141
50,1,GSM331645,1,0.6493735313415527
50,1,GSM331646,1,0.41572585701942444
50,1,GSM331650,1,0.4968736171722412
50,1,GSM331653,1,0.48239195346832275
50,1,GSM331656,1,0.41391807794570923
50,2,GSM331661,0,0.6610327959060669
50,2,GSM331663,0,0.35424476861953735
50,2,GSM331664,0,0.3028874695301056
50,2,GSM331665,0,0.5656688213348389
50,2,GSM331666,0,0.15162570774555206
50,2,GSM331668,0,0.4990411400794983
50,2,GSM331669,0,0.6151285767555237
50,2,GSM331672,0,0.770973801612854
50,2,GSM331674,0,0.5538296699523926
50,2,GSM331677,0,0.3461199700832367
50,2,GSM331680,0,0.4498697519302368
50,2,GSM331683,0,0.7284050583839417
50,2,GSM331685,0,0.17544688284397125
50,2,GSM331686,0,0.7631452083587646
50,2,GSM331688,0,0.6108939051628113
50,2,GSM331690,0,0.38252899050712585
50,2,GSM331692,0,0.461200088262558
50,2,GSM331693,0,0.5049181580543518
50,2,GSM331696,0,0.31435665488243103
50,2,GSM331697,0,0.4616185426712036
50,2,GSM331698,0,0.2167803794145584
50,2,GSM331699,0,0.49357283115386963
50,2,GSM331700,0,0.27924320101737976
50,2,GSM331707,0,0.5027951598167419
50,2,GSM331709,0,0.46059781312942505
50,2,GSM331711,0,0.537453293800354
50,2,GSM331715,0,0.19778360426425934
50,2,GSM331716,0,0.8488655090332031
50,2,GSM331717,0,0.7155798077583313
50,2,GSM331719,0,0.40306535363197327
50,2,GSM331723,0,0.6923128366470337
50,2,GSM331725,0,0.5076354146003723
50,2,GSM331726,0,0.222876638174057
50,2,GSM331727,0,0.39730891585350037
50,2,GSM331728,0,0.23305819928646088
50,2,GSM331732,0,0.5495748519897461
50,2,GSM331455,1,0.2724498510360718
50,2,GSM331456,1,0.4772127568721771
50,2,GSM331457,1,0.6727717518806458
50,2,GSM331458,1,0.38381245732307434
50,2,GSM331459,1,0.45928332209587097
50,2,GSM331460,1,0.5121643543243408
50,2,GSM331463,1,0.48307371139526367
50,2,GSM331465,1,0.5020474791526794
50,2,GSM331468,1,0.7102905511856079
50,2,GSM331469,1,0.42738306522369385
50,2,GSM331470,1,0.48347264528274536
50,2,GSM331472,1,0.3005615472793579
50,2,GSM331476,1,0.5333837270736694
50,2,GSM331480,1,0.5546787977218628
50,2,GSM331481,1,0.3261658251285553
50,2,GSM331485,1,0.5278356075286865
50,2,GSM331489,1,0.4673188030719757
50,2,GSM331490,1,0.30665555596351624
50,2,GSM331497,1,0.4684227406978607
50,2,GSM331499,1,0.6620463728904724
50,2,GSM331500,1,0.5601573586463928
50,2,GSM331501,1,0.4197075366973877
50,2,GSM331503,1,0.41600126028060913
50,2,GSM331506,1,0.4919191300868988
50,2,GSM331507,1,0.2566758394241333
50,2,GSM331508,1,0.46755698323249817
50,2,GSM331510,1,0.45526641607284546
50,2,GSM331511,1,0.6022806167602539
50,2,GSM331513,1,0.6310264468193054
50,2,GSM331516,1,0.6271143555641174
50,2,GSM331517,1,0.395220011472702
50,2,GSM331518,1,0.2754446566104889
50,2,GSM331522,1,0.495464950799942
50,2,GSM331523,1,0.6386668682098389
50,2,GSM331524,1,0.4425387382507324
50,2,GSM331526,1,0.6521316766738892
50,2,GSM331527,1,0.4304046034812927
50,2,GSM331533,1,0.4347183108329773
50,2,GSM331534,1,0.626833975315094
50,2,GSM331535,1,0.39227986335754395
50,2,GSM331537,1,0.5592390894889832
50,2,GSM331539,1,0.28702449798583984
50,2,GSM331540,1,0.5218966007232666
50,2,GSM331542,1,0.3556133210659027
50,2,GSM331543,1,0.6815733313560486
50,2,GSM331546,1,0.6030035614967346
50,2,GSM331547,1,0.3147273063659668
50,2,GSM331548,1,0.49706462025642395
50,2,GSM331550,1,0.3626372814178467
50,2,GSM331554,1,0.3425410985946655
50,2,GSM331557,1,0.5549213290214539
50,2,GSM331558,1,0.412290096282959
50,2,GSM331559,1,0.6185303330421448
50,2,GSM331560,1,0.3139883577823639
50,2,GSM331562,1,0.5185502767562866
50,2,GSM331564,1,0.34110376238822937
50,2,GSM331569,1,0.6013376116752625
50,2,GSM331571,1,0.32025542855262756
50,2,GSM331572,1,0.5478617548942566
50,2,GSM331573,1,0.7019933462142944
50,2,GSM331576,1,0.6917241811752319
50,2,GSM331577,1,0.35625791549682617
50,2,GSM331578,1,0.6616859436035156
50,2,GSM331582,1,0.42139527201652527
50,2,GSM331583,1,0.4829363226890564
50,2,GSM331585,1,0.5868455171585083
50,2,GSM331586,1,0.5091444253921509
50,2,GSM331587,1,0.3703900873661041
50,2,GSM331590,1,0.3453395664691925
50,2,GSM331592,1,0.5476635694503784
50,2,GSM331593,1,0.44918912649154663
50,2,GSM331596,1,0.513067901134491
50,2,GSM331597,1,0.4500921368598938
50,2,GSM331601,1,0.5427030920982361
50,2,GSM331603,1,0.5810216665267944
50,2,GSM331605,1,0.5728071331977844
50,2,GSM331606,1,0.6057114005088806
50,2,GSM331607,1,0.6237834692001343
50,2,GSM331608,1,0.39476916193962097
50,2,GSM331610,1,0.4717951714992523
50,2,GSM331611,1,0.4880804717540741
50,2,GSM331613,1,0.381863534450531
50,2,GSM331622,1,0.5851180553436279
50,2,GSM331624,1,0.45520445704460144
50,2,GSM331625,1,0.5803183317184448
50,2,GSM331627,1,0.4508363902568817
50,2,GSM331628,1,0.3053167462348938
50,2,GSM331629,1,0.2936839163303375
50,2,GSM331630,1,0.5643758177757263
50,2,GSM331634,1,0.4525745213031769
50,2,GSM331635,1,0.5614373683929443
50,2,GSM331640,1,0.32167255878448486
50,2,GSM331642,1,0.5130471587181091
50,2,GSM331647,1,0.4844323992729187
50,2,GSM331648,1,0.2821289896965027
50,2,GSM331649,1,0.6105144619941711
50,2,GSM331651,1,0.43757790327072144
50,2,GSM331652,1,0.4943986237049103
50,2,GSM331654,1,0.7153286933898926
50,2,GSM331655,1,0.4144120514392853
50,2,GSM331657,1,0.6745879054069519
50,2,GSM331658,1,0.6101865172386169
50,2,GSM331659,1,0.47434964776039124
51,1,GSM331638,0,0.5076640844345093
51,1,GSM331664,0,0.2646285891532898
51,1,GSM331669,0,0.7915747761726379
51,1,GSM331670,0,0.4654799699783325
51,1,GSM331671,0,0.4684543311595917
51,1,GSM331673,0,0.4238128960132599
51,1,GSM331675,0,0.18613731861114502
51,1,GSM331676,0,0.7347375154495239
51,1,GSM331677,0,0.5435527563095093
51,1,GSM331678,0,0.2597712278366089
51,1,GSM331679,0,0.3803873658180237
51,1,GSM331680,0,0.40762320160865784
51,1,GSM331681,0,0.5914523005485535
51,1,GSM331683,0,0.7342380285263062
51,1,GSM331686,0,0.6305528879165649
51,1,GSM331688,0,0.6417071223258972
51,1,GSM331689,0,0.3131921589374542
51,1,GSM331690,0,0.5957647562026978
51,1,GSM331692,0,0.2921565771102905
51,1,GSM331693,0,0.6256838440895081
51,1,GSM331694,0,0.3978055417537689
51,1,GSM331698,0,0.4114019572734833
51,1,GSM331700,0,0.3423084318637848
51,1,GSM331702,0,0.529837965965271
51,1,GSM331703,0,0.5608955025672913
51,1,GSM331704,0,0.6533236503601074
51,1,GSM331705,0,0.5058128833770752
51,1,GSM331707,0,0.41541463136672974
51,1,GSM331708,0,0.5274783372879028
51,1,GSM331710,0,0.3884819746017456
51,1,GSM331713,0,0.32454946637153625
51,1,GSM331716,0,0.9038548469543457
51,1,GSM331718,0,0.5661720037460327
51,1,GSM331722,0,0.4164561927318573
51,1,GSM331723,0,0.6840509176254272
51,1,GSM331727,0,0.4266801178455353
51,1,GSM331731,0,0.7079496383666992
51,1,GSM331454,1,0.5851672291755676
51,1,GSM331455,1,0.2990580201148987
51,1,GSM331461,1,0.24125249683856964
51,1,GSM331462,1,0.4535037875175476
51,1,GSM331466,1,0.4909972846508026
51,1,GSM331467,1,0.4888971149921417
51,1,GSM331469,1,0.6577960252761841
51,1,GSM331471,1,0.6955196261405945
51,1,GSM331472,1,0.31180036067962646
51,1,GSM331473,1,0.4556174576282501
51,1,GSM331476,1,0.40259960293769836
51,1,GSM331478,1,0.5884499549865723
51,1,GSM331479,1,0.3243747055530548
51,1,GSM331485,1,0.8190462589263916
51,1,GSM331489,1,0.6988786458969116
51,1,GSM331491,1,0.5791589021682739
51,1,GSM331494,1,0.8554062247276306
51,1,GSM331497,1,0.27327558398246765
51,1,GSM331498,1,0.4702385365962982
51,1,GSM331501,1,0.44674453139305115
51,1,GSM331502,1,0.8012687563896179
51,1,GSM331503,1,0.4102310538291931
51,1,GSM331505,1,0.6854770183563232
51,1,GSM331508,1,0.4380033314228058
51,1,GSM331510,1,0.4418119788169861
51,1,GSM331511,1,0.7139976620674133
51,1,GSM331519,1,0.6084571480751038
51,1,GSM331520,1,0.6140304207801819
51,1,GSM331528,1,0.5824838280677795
51,1,GSM331530,1,0.5279368758201599
51,1,GSM331531,1,0.35607483983039856
51,1,GSM331532,1,0.30910101532936096
51,1,GSM331534,1,0.7053120732307434
51,1,GSM331537,1,0.6168085932731628
51,1,GSM331538,1,0.2475416213274002
51,1,GSM331539,1,0.587448000907898
51,1,GSM331540,1,0.3222843110561371
51,1,GSM331543,1,0.6626859903335571
51,1,GSM331546,1,0.6228232383728027
51,1,GSM331547,1,0.3535569906234741
51,1,GSM331549,1,0.5953270196914673
51,1,GSM331550,1,0.25157326459884644
51,1,GSM331555,1,0.19508878886699677
51,1,GSM331556,1,0.3604470491409302
51,1,GSM331558,1,0.30957651138305664
51,1,GSM331560,1,0.48382604122161865
51,1,GSM331562,1,0.3243626654148102
51,1,GSM331565,1,0.7446941137313843
51,1,GSM331567,1,0.4584622085094452
51,1,GSM331568,1,0.5193802118301392
51,1,GSM331569,1,0.6127433180809021
51,1,GSM331571,1,0.43123820424079895
51,1,GSM331575,1,0.6414434313774109
51,1,GSM331579,1,0.4133679270744324
51,1,GSM331581,1,0.35486987233161926
51,1,GSM331583,1,0.4160449802875519
51,1,GSM331584,1,0.17502397298812866
51,1,GSM331585,1,0.6783410906791687
51,1,GSM331586,1,0.2987387776374817
51,1,GSM331589,1,0.7199481129646301
51,1,GSM331590,1,0.4191772937774658
51,1,GSM331591,1,0.806705892086029
51,1,GSM331592,1,0.5933812260627747
51,1,GSM331595,1,0.6424218416213989
51,1,GSM331597,1,0.6242087483406067
51,1,GSM331598,1,0.5319609045982361
51,1,GSM331600,1,0.7576252818107605
51,1,GSM331601,1,0.2946547269821167
51,1,GSM331602,1,0.4735942482948303
51,1,GSM331603,1,0.2760005295276642
51,1,GSM331604,1,0.5184098482131958
51,1,GSM331605,1,0.8032431602478027
51,1,GSM331606,1,0.21391449868679047
51,1,GSM331607,1,0.7978734970092773
51,1,GSM331608,1,0.2373359054327011
51,1,GSM331609,1,0.41909146308898926
51,1,GSM331611,1,0.6591817140579224
51,1,GSM331612,1,0.41203615069389343
51,1,GSM331615,1,0.45418888330459595
51,1,GSM331619,1,0.32968080043792725
51,1,GSM331621,1,0.5731338858604431
51,1,GSM331624,1,0.4285888373851776
51,1,GSM331625,1,0.5104464292526245
51,1,GSM331628,1,0.45766472816467285
51,1,GSM331629,1,0.2002863585948944
51,1,GSM331630,1,0.3939090967178345
51,1,GSM331631,1,0.2882285714149475
51,1,GSM331632,1,0.37386366724967957
51,1,GSM331633,1,0.4422343969345093
51,1,GSM331634,1,0.421836793422699
51,1,GSM331636,1,0.3897232115268707
51,1,GSM331637,1,0.42704686522483826
51,1,GSM331639,1,0.4144878089427948
51,1,GSM331641,1,0.5275247693061829
51,1,GSM331642,1,0.4635867178440094
51,1,GSM331643,1,0.761608898639679
51,1,GSM331644,1,0.3365512788295746
51,1,GSM331648,1,0.5794893503189087
51,1,GSM331649,1,0.5266864895820618
51,1,GSM331650,1,0.489352285861969
51,1,GSM331651,1,0.6437411904335022
51,1,GSM331653,1,0.515838086605072
51,1,GSM331654,1,0.8901112675666809
51,2,GSM331660,0,0.37673240900039673
51,2,GSM331661,0,0.5078036785125732
51,2,GSM331662,0,0.3378976285457611
51,2,GSM331663,0,0.5202617049217224
51,2,GSM331665,0,0.49501532316207886
51,2,GSM331666,0,0.1943468302488327
51,2,GSM331668,0,0.6727029085159302
51,2,GSM331672,0,0.6474055051803589
51,2,GSM331674,0,0.5714902877807617
51,2,GSM331682,0,0.4830314517021179
51,2,GSM331684,0,0.27807578444480896
51,2,GSM331685,0,0.13404449820518494
51,2,GSM331687,0,0.44427600502967834
51,2,GSM331691,0,0.6116525530815125
51,2,GSM331695,0,0.5374327898025513
51,2,GSM331696,0,0.5087288022041321
51,2,GSM331697,0,0.5471565127372742
51,2,GSM331699,0,0.5995022654533386
51,2,GSM331701,0,0.373831182718277
51,2,GSM331706,0,0.709847092628479
51,2,GSM331709,0,0.5957704186439514
51,2,GSM331711,0,0.7245607376098633
51,2,GSM331712,0,0.5105392932891846
51,2,GSM331714,0,0.6957916021347046
51,2,GSM331715,0,0.567720353603363
51,2,GSM331717,0,0.7036461234092712
51,2,GSM331719,0,0.2539747655391693
51,2,GSM331720,0,0.3182814121246338
51,2,GSM331721,0,0.800896942615509
51,2,GSM331724,0,0.32400426268577576
51,2,GSM331725,0,0.37887904047966003
51,2,GSM331726,0,0.3275527060031891
51,2,GSM331728,0,0.2644411325454712
51,2,GSM331729,0,0.30749091506004333
51,2,GSM331730,0,0.682147204875946
51,2,GSM331732,0,0.6263490915298462
51,2,GSM331453,1,0.537273108959198
51,2,GSM331456,1,0.6652615070343018
51,2,GSM331457,1,0.5647648572921753
51,2,GSM331458,1,0.5662244558334351
51,2,GSM331459,1,0.629762589931488
51,2,GSM331460,1,0.49381330609321594
51,2,GSM331463,1,0.48314717411994934
51,2,GSM331464,1,0.5406849980354309
51,2,GSM331465,1,0.6774734854698181
51,2,GSM331468,1,0.7595613598823547
51,2,GSM331470,1,0.591796338558197
51,2,GSM331474,1,0.3089620769023895
51,2,GSM331475,1,0.45074066519737244
51,2,GSM331477,1,0.7089005708694458
51,2,GSM331480,1,0.7007637619972229
51,2,GSM331481,1,0.5538162589073181
51,2,GSM331482,1,0.3787052631378174
51,2,GSM331483,1,0.4577467739582062
51,2,GSM331484,1,0.23936603963375092
51,2,GSM331486,1,0.2770914137363434
51,2,GSM331487,1,0.8328413367271423
51,2,GSM331488,1,0.4635988473892212
51,2,GSM331490,1,0.5282735824584961
51,2,GSM331492,1,0.40894120931625366
51,2,GSM331493,1,0.24698606133460999
51,2,GSM331495,1,0.5763683915138245
51,2,GSM331496,1,0.20279696583747864
51,2,GSM331499,1,0.5033025145530701
51,2,GSM331500,1,0.7588490843772888
51,2,GSM331504,1,0.4962265193462372
51,2,GSM331506,1,0.4682811498641968
51,2,GSM331507,1,0.13918283581733704
51,2,GSM331509,1,0.25361600518226624
51,2,GSM331512,1,0.5077492594718933
51,2,GSM331513,1,0.8188998699188232
51,2,GSM331514,1,0.41969597339630127
51,2,GSM331515,1,0.4976713955402374
51,2,GSM331516,1,0.5946860909461975
51,2,GSM331517,1,0.47120264172554016
51,2,GSM331518,1,0.3621746301651001
51,2,GSM331521,1,0.26553085446357727
51,2,GSM331522,1,0.3189779818058014
51,2,GSM331523,1,0.7897660732269287
51,2,GSM331524,1,0.6165878176689148
51,2,GSM331525,1,0.27414411306381226
51,2,GSM331526,1,0.5838966369628906
51,2,GSM331527,1,0.5463036894798279
51,2,GSM331529,1,0.23514126241207123
51,2,GSM331533,1,0.44297319650650024
51,2,GSM331535,1,0.4789524972438812
51,2,GSM331536,1,0.5448065400123596
51,2,GSM331541,1,0.6120404005050659
51,2,GSM331542,1,0.5005971193313599
51,2,GSM331544,1,0.3333248198032379
51,2,GSM331545,1,0.5411911606788635
51,2,GSM331548,1,0.3588177263736725
51,2,GSM331551,1,0.627139151096344
51,2,GSM331552,1,0.632949948310852
51,2,GSM331553,1,0.6555435061454773
51,2,GSM331554,1,0.3889732360839844
51,2,GSM331557,1,0.45248791575431824
51,2,GSM331559,1,0.8524247407913208
51,2,GSM331561,1,0.5749818086624146
51,2,GSM331563,1,0.5778687596321106
51,2,GSM331564,1,0.48141688108444214
51,2,GSM331566,1,0.6550059914588928
51,2,GSM331570,1,0.47300514578819275
51,2,GSM331572,1,0.5256474614143372
51,2,GSM331573,1,0.7388314604759216
51,2,GSM331574,1,0.40657466650009155
51,2,GSM331576,1,0.812156081199646
51,2,GSM331577,1,0.3296181857585907
51,2,GSM331578,1,0.42688223719596863
51,2,GSM331580,1,0.4889923334121704
51,2,GSM331582,1,0.34105414152145386
51,2,GSM331587,1,0.638343334197998
51,2,GSM331588,1,0.44432124495506287
51,2,GSM331593,1,0.3646866977214813
51,2,GSM331594,1,0.3022001385688782
51,2,GSM331596,1,0.4915013015270233
51,2,GSM331599,1,0.6809014678001404
51,2,GSM331610,1,0.5089514851570129
51,2,GSM331613,1,0.4756275415420532
51,2,GSM331614,1,0.47303256392478943
51,2,GSM331616,1,0.6718884706497192
51,2,GSM331617,1,0.5309940576553345
51,2,GSM331618,1,0.49728092551231384
51,2,GSM331620,1,0.6442004442214966
51,2,GSM331622,1,0.6471366286277771
51,2,GSM331623,1,0.2478753626346588
51,2,GSM331626,1,0.32275810837745667
51,2,GSM331627,1,0.4918995499610901
51,2,GSM331635,1,0.36816924810409546
51,2,GSM331640,1,0.23990236222743988
51,2,GSM331645,1,0.34675413370132446
51,2,GSM331646,1,0.26464784145355225
51,2,GSM331647,1,0.3532264530658722
51,2,GSM331652,1,0.6758579015731812
51,2,GSM331655,1,0.5495707988739014
51,2,GSM331656,1,0.34628015756607056
51,2,GSM331657,1,0.7965324521064758
51,2,GSM331658,1,0.5078358054161072
51,2,GSM331659,1,0.4896652400493622
52,1,GSM331638,0,0.6186259984970093
52,1,GSM331660,0,0.3648439943790436
52,1,GSM331665,0,0.7860206961631775
52,1,GSM331670,0,0.6297470927238464
52,1,GSM331671,0,0.7465027570724487
52,1,GSM331672,0,0.6560484170913696
52,1,GSM331673,0,0.642488956451416
52,1,GSM331674,0,0.6673628687858582
52,1,GSM331675,0,0.26615655422210693
52,1,GSM331676,0,0.6542841196060181
52,1,GSM331678,0,0.30206266045570374
52,1,GSM331680,0,0.8583208918571472
52,1,GSM331684,0,0.40663281083106995
52,1,GSM331685,0,0.5853717923164368
52,1,GSM331690,0,0.5650882124900818
52,1,GSM331691,0,0.6277333498001099
52,1,GSM331692,0,0.35924845933914185
52,1,GSM331698,0,0.09604983031749725
52,1,GSM331699,0,0.3775794208049774
52,1,GSM331700,0,0.6336933970451355
52,1,GSM331701,0,0.20787563920021057
52,1,GSM331706,0,0.6729394793510437
52,1,GSM331707,0,0.36354348063468933
52,1,GSM331709,0,0.385947585105896
52,1,GSM331711,0,0.7949050068855286
52,1,GSM331712,0,0.4977022409439087
52,1,GSM331713,0,0.46533969044685364
52,1,GSM331716,0,0.8927384614944458
52,1,GSM331717,0,0.6527757048606873
52,1,GSM331718,0,0.8928430080413818
52,1,GSM331719,0,0.1802121251821518
52,1,GSM331721,0,0.6657701134681702
52,1,GSM331722,0,0.8569086194038391
52,1,GSM331727,0,0.8295262455940247
52,1,GSM331728,0,0.31008806824684143
52,1,GSM331731,0,0.8149108290672302
52,1,GSM331732,0,0.5563569664955139
52,1,GSM331453,1,0.285834938287735
52,1,GSM331455,1,0.045561790466308594
52,1,GSM331458,1,0.35956475138664246
52,1,GSM331459,1,0.5926656723022461
52,1,GSM331461,1,0.7365981340408325
52,1,GSM331462,1,0.5243555903434753
52,1,GSM331463,1,0.36077722907066345
52,1,GSM331464,1,0.12991003692150116
52,1,GSM331468,1,0.4327987730503082
52,1,GSM331472,1,0.26852208375930786
52,1,GSM331474,1,0.6861019730567932
52,1,GSM331475,1,0.7513607740402222
52,1,GSM331478,1,0.5912114977836609
52,1,GSM331479,1,0.7099161744117737
52,1,GSM331480,1,0.710523247718811
52,1,GSM331484,1,0.3776499330997467
52,1,GSM331485,1,0.5029247403144836
52,1,GSM331486,1,0.8502917885780334
52,1,GSM331488,1,0.8435370922088623
52,1,GSM331489,1,0.23009999096393585
52,1,GSM331491,1,0.42593124508857727
52,1,GSM331493,1,0.08801405131816864
52,1,GSM331494,1,0.8731090426445007
52,1,GSM331495,1,0.580827534198761
52,1,GSM331497,1,0.7300359010696411
52,1,GSM331498,1,0.0675075352191925
52,1,GSM331500,1,0.35694965720176697
52,1,GSM331505,1,0.3769778609275818
52,1,GSM331507,1,0.632123589515686
52,1,GSM331508,1,0.7911116480827332
52,1,GSM331510,1,0.730968177318573
52,1,GSM331511,1,0.8656822443008423
52,1,GSM331513,1,0.46835482120513916
52,1,GSM331516,1,0.9314391613006592
52,1,GSM331517,1,0.823239803314209
52,1,GSM331519,1,0.15963780879974365
52,1,GSM331523,1,0.48516085743904114
52,1,GSM331525,1,0.8780373334884644
52,1,GSM331526,1,0.6001349687576294
52,1,GSM331528,1,0.7327970266342163
52,1,GSM331530,1,0.6943025588989258
52,1,GSM331532,1,0.24143587052822113
52,1,GSM331535,1,0.09238994121551514
52,1,GSM331536,1,0.4816402196884155
52,1,GSM331539,1,0.43810927867889404
52,1,GSM331540,1,0.9106042981147766
52,1,GSM331541,1,0.5052255392074585
52,1,GSM331542,1,0.12221809476613998
52,1,GSM331544,1,0.04771939292550087
52,1,GSM331548,1,0.8658958673477173
52,1,GSM331549,1,0.7969661355018616
52,1,GSM331554,1,0.6842300891876221
52,1,GSM331556,1,0.5762156248092651
52,1,GSM331563,1,0.7318212389945984
52,1,GSM331565,1,0.3397885859012604
52,1,GSM331568,1,0.8821797966957092
52,1,GSM331571,1,0.725761353969574
52,1,GSM331573,1,0.7032864093780518
52,1,GSM331577,1,0.44875094294548035
52,1,GSM331578,1,0.5887863039970398
52,1,GSM331581,1,0.15055789053440094
52,1,GSM331582,1,0.4579816460609436
52,1,GSM331584,1,0.6223398447036743
52,1,GSM331587,1,0.8666550517082214
52,1,GSM331588,1,0.8531941175460815
52,1,GSM331589,1,0.27484220266342163
52,1,GSM331593,1,0.7170576453208923
52,1,GSM331595,1,0.31461215019226074
52,1,GSM331596,1,0.7649434208869934
52,1,GSM331599,1,0.8865329623222351
52,1,GSM331600,1,0.621221661567688
52,1,GSM331603,1,0.7167664170265198
52,1,GSM331610,1,0.6656044721603394
52,1,GSM331611,1,0.8376059532165527
52,1,GSM331613,1,0.589930534362793
52,1,GSM331614,1,0.25073930621147156
52,1,GSM331617,1,0.7816537618637085
52,1,GSM331619,1,0.3429233133792877
52,1,GSM331621,1,0.31508395075798035
52,1,GSM331623,1,0.6326934695243835
52,1,GSM331624,1,0.8774327635765076
52,1,GSM331626,1,0.13610517978668213
52,1,GSM331628,1,0.5422972440719604
52,1,GSM331629,1,0.4193178415298462
52,1,GSM331632,1,0.06546303629875183
52,1,GSM331634,1,0.27493155002593994
52,1,GSM331635,1,0.1021379828453064
52,1,GSM331636,1,0.18858195841312408
52,1,GSM331637,1,0.36363616585731506
52,1,GSM331642,1,0.662147045135498
52,1,GSM331643,1,0.882121741771698
52,1,GSM331644,1,0.1879403442144394
52,1,GSM331645,1,0.3901020586490631
52,1,GSM331648,1,0.07790885865688324
52,1,GSM331651,1,0.8303239345550537
52,1,GSM331652,1,0.8645808696746826
52,1,GSM331653,1,0.5106189846992493
52,1,GSM331654,1,0.7718887329101562
52,1,GSM331655,1,0.15749835968017578
52,1,GSM331656,1,0.25820016860961914
52,1,GSM331657,1,0.6055369973182678
52,1,GSM331658,1,0.48043498396873474
52,1,GSM331659,1,0.4380878508090973
52,2,GSM331661,0,0.47803544998168945
52,2,GSM331662,0,0.7320735454559326
52,2,GSM331663,0,0.14744910597801208
52,2,GSM331664,0,0.5189075469970703
52,2,GSM331666,0,0.35705962777137756
52,2,GSM331668,0,0.699368417263031
52,2,GSM331669,0,0.7554436326026917
52,2,GSM331677,0,0.09703619033098221
52,2,GSM331679,0,0.5358999371528625
52,2,GSM331681,0,0.548640787601471
52,2,GSM331682,0,0.5661659240722656
52,2,GSM331683,0,0.9337331056594849
52,2,GSM331686,0,0.43536388874053955
52,2,GSM331687,0,0.19478140771389008
52,2,GSM331688,0,0.7935658097267151
52,2,GSM331689,0,0.6838294267654419
52,2,GSM331693,0,0.22775425016880035
52,2,GSM331694,0,0.6207359433174133
52,2,GSM331695,0,0.48045778274536133
52,2,GSM331696,0,0.5529512763023376
52,2,GSM331697,0,0.19277845323085785
52,2,GSM331702,0,0.3744809329509735
52,2,GSM331703,0,0.5083736777305603
52,2,GSM331704,0,0.32848432660102844
52,2,GSM331705,0,0.3594251871109009
52,2,GSM331708,0,0.5554694533348083
52,2,GSM331710,0,0.28244927525520325
52,2,GSM331714,0,0.9257016181945801
52,2,GSM331715,0,0.08747872710227966
52,2,GSM331720,0,0.5830523371696472
52,2,GSM331723,0,0.7418695688247681
52,2,GSM331724,0,0.19725565612316132
52,2,GSM331725,0,0.6787323355674744
52,2,GSM331726,0,0.17338235676288605
52,2,GSM331729,0,0.2153981775045395
52,2,GSM331730,0,0.48986369371414185
52,2,GSM331454,1,0.20347809791564941
52,2,GSM331456,1,0.3536919355392456
52,2,GSM331457,1,0.4216174781322479
52,2,GSM331460,1,0.4627094268798828
52,2,GSM331465,1,0.18208353221416473
52,2,GSM331466,1,0.5830895304679871
52,2,GSM331467,1,0.3389090597629547
52,2,GSM331469,1,0.40668901801109314
52,2,GSM331470,1,0.6819336414337158
52,2,GSM331471,1,0.4907703697681427
52,2,GSM331473,1,0.7097163796424866
52,2,GSM331476,1,0.634016215801239
52,2,GSM331477,1,0.2544024884700775
52,2,GSM331481,1,0.4094141721725464
52,2,GSM331482,1,0.28508859872817993
52,2,GSM331483,1,0.6461155414581299
52,2,GSM331487,1,0.845367431640625
52,2,GSM331490,1,0.10067248344421387
52,2,GSM331492,1,0.4048946499824524
52,2,GSM331496,1,0.5404503345489502
52,2,GSM331499,1,0.5652697682380676
52,2,GSM331501,1,0.5237542390823364
52,2,GSM331502,1,0.8676388263702393
52,2,GSM331503,1,0.2491087019443512
52,2,GSM331504,1,0.10836253315210342
52,2,GSM331506,1,0.5897693634033203
52,2,GSM331509,1,0.5701085329055786
52,2,GSM331512,1,0.7576133608818054
52,2,GSM331514,1,0.13150836527347565
52,2,GSM331515,1,0.6401956677436829
52,2,GSM331518,1,0.7090020179748535
52,2,GSM331520,1,0.18395161628723145
52,2,GSM331521,1,0.1910542994737625
52,2,GSM331522,1,0.31820914149284363
52,2,GSM331524,1,0.22395755350589752
52,2,GSM331527,1,0.08679609000682831
52,2,GSM331529,1,0.4356106221675873
52,2,GSM331531,1,0.5481519103050232
52,2,GSM331533,1,0.6328659653663635
52,2,GSM331534,1,0.3630719780921936
52,2,GSM331537,1,0.5816762447357178
52,2,GSM331538,1,0.16455592215061188
52,2,GSM331543,1,0.36239680647850037
52,2,GSM331545,1,0.2531604766845703
52,2,GSM331546,1,0.1487700641155243
52,2,GSM331547,1,0.6879536509513855
52,2,GSM331550,1,0.4523758590221405
52,2,GSM331551,1,0.5194814801216125
52,2,GSM331552,1,0.0623447448015213
52,2,GSM331553,1,0.7527202367782593
52,2,GSM331555,1,0.22915306687355042
52,2,GSM331557,1,0.3119896352291107
52,2,GSM331558,1,0.234225332736969
52,2,GSM331559,1,0.5547762513160706
52,2,GSM331560,1,0.14143472909927368
52,2,GSM331561,1,0.6779754757881165
52,2,GSM331562,1,0.7203091979026794
52,2,GSM331564,1,0.7125828266143799
52,2,GSM331566,1,0.569337785243988
52,2,GSM331567,1,0.2854808568954468
52,2,GSM331569,1,0.14933602511882782
52,2,GSM331570,1,0.4919624328613281
52,2,GSM331572,1,0.5929448008537292
52,2,GSM331574,1,0.7636557817459106
52,2,GSM331575,1,0.22308127582073212
52,2,GSM331576,1,0.7305542230606079
52,2,GSM331579,1,0.28115028142929077
52,2,GSM331580,1,0.6921017169952393
52,2,GSM331583,1,0.5664259195327759
52,2,GSM331585,1,0.6601296067237854
52,2,GSM331586,1,0.3728190064430237
52,2,GSM331590,1,0.448005348443985
52,2,GSM331591,1,0.6705363392829895
52,2,GSM331592,1,0.4817751944065094
52,2,GSM331594,1,0.4781266748905182
52,2,GSM331597,1,0.3842669725418091
52,2,GSM331598,1,0.1260623186826706
52,2,GSM331601,1,0.6056305766105652
52,2,GSM331602,1,0.34587177634239197
52,2,GSM331604,1,0.15329726040363312
52,2,GSM331605,1,0.49998193979263306
52,2,GSM331606,1,0.21047011017799377
52,2,GSM331607,1,0.7660408020019531
52,2,GSM331608,1,0.36463236808776855
52,2,GSM331609,1,0.3235853314399719
52,2,GSM331612,1,0.7300907373428345
52,2,GSM331615,1,0.26073139905929565
52,2,GSM331616,1,0.37637484073638916
52,2,GSM331618,1,0.4672369658946991
52,2,GSM331620,1,0.2784785032272339
52,2,GSM331622,1,0.7018471956253052
52,2,GSM331625,1,0.5325045585632324
52,2,GSM331627,1,0.2781812846660614
52,2,GSM331630,1,0.7473499774932861
52,2,GSM331631,1,0.046499911695718765
52,2,GSM331633,1,0.08364708721637726
52,2,GSM331639,1,0.1897679716348648
52,2,GSM331640,1,0.0950089544057846
52,2,GSM331641,1,0.20747177302837372
52,2,GSM331646,1,0.42530232667922974
52,2,GSM331647,1,0.7327209711074829
52,2,GSM331649,1,0.6519566178321838
52,2,GSM331650,1,0.17604763805866241
53,1,GSM331666,0,0.10846629738807678
53,1,GSM331668,0,0.6374433636665344
53,1,GSM331669,0,0.7446452975273132
53,1,GSM331671,0,0.38375189900398254
53,1,GSM331676,0,0.6754640340805054
53,1,GSM331677,0,0.23553015291690826
53,1,GSM331678,0,0.2391994148492813
53,1,GSM331681,0,0.7905508279800415
53,1,GSM331682,0,0.6381840705871582
53,1,GSM331683,0,0.9563295245170593
53,1,GSM331684,0,0.33812078833580017
53,1,GSM331686,0,0.7698387503623962
53,1,GSM331689,0,0.55192631483078
53,1,GSM331692,0,0.3971235156059265
53,1,GSM331693,0,0.43183544278144836
53,1,GSM331694,0,0.3395659923553467
53,1,GSM331695,0,0.20996743440628052
53,1,GSM331696,0,0.3556811511516571
53,1,GSM331698,0,0.16748712956905365
53,1,GSM331699,0,0.32714566588401794
53,1,GSM331700,0,0.1877506822347641
53,1,GSM331703,0,0.2288714200258255
53,1,GSM331705,0,0.5152493715286255
53,1,GSM331706,0,0.9163069725036621
53,1,GSM331707,0,0.18191403150558472
53,1,GSM331708,0,0.5157921314239502
53,1,GSM331709,0,0.4693847596645355
53,1,GSM331711,0,0.4969561994075775
53,1,GSM331712,0,0.728877067565918
53,1,GSM331714,0,0.8605123162269592
53,1,GSM331720,0,0.22515392303466797
53,1,GSM331721,0,0.7014004588127136
53,1,GSM331722,0,0.5669217705726624
53,1,GSM331725,0,0.5855240225791931
53,1,GSM331726,0,0.24400702118873596
53,1,GSM331728,0,0.35193273425102234
53,1,GSM331731,0,0.5827439427375793
53,1,GSM331453,1,0.4720779061317444
53,1,GSM331454,1,0.5132249593734741
53,1,GSM331456,1,0.39979448914527893
53,1,GSM331457,1,0.4867083430290222
53,1,GSM331458,1,0.3623009920120239
53,1,GSM331459,1,0.7548732161521912
53,1,GSM331460,1,0.16498160362243652
53,1,GSM331463,1,0.4726773202419281
53,1,GSM331466,1,0.4152987599372864
53,1,GSM331469,1,0.474337637424469
53,1,GSM331470,1,0.6942301988601685
53,1,GSM331472,1,0.4977518320083618
53,1,GSM331477,1,0.7338663935661316
53,1,GSM331478,1,0.5146498084068298
53,1,GSM331479,1,0.2799367606639862
53,1,GSM331484,1,0.0432598814368248
53,1,GSM331487,1,0.9007737636566162
53,1,GSM331489,1,0.47388777136802673
53,1,GSM331490,1,0.38953664898872375
53,1,GSM331491,1,0.6294631958007812
53,1,GSM331492,1,0.2942213714122772
53,1,GSM331494,1,0.40727758407592773
53,1,GSM331497,1,0.6432619690895081
53,1,GSM331501,1,0.4088825285434723
53,1,GSM331502,1,0.9429027438163757
53,1,GSM331505,1,0.4502559304237366
53,1,GSM331508,1,0.6269426345825195
53,1,GSM331511,1,0.7289276123046875
53,1,GSM331512,1,0.9081301689147949
53,1,GSM331517,1,0.7409963607788086
53,1,GSM331520,1,0.3719155490398407
53,1,GSM331521,1,0.1646103411912918
53,1,GSM331522,1,0.4572896957397461
53,1,GSM331523,1,0.7747350335121155
53,1,GSM331526,1,0.6648109555244446
53,1,GSM331527,1,0.49010786414146423
53,1,GSM331530,1,0.4768172800540924
53,1,GSM331531,1,0.4765211045742035
53,1,GSM331533,1,0.39238715171813965
53,1,GSM331534,1,0.48622846603393555
53,1,GSM331537,1,0.8589680194854736
53,1,GSM331539,1,0.3922572433948517
53,1,GSM331545,1,0.4107610285282135
53,1,GSM331546,1,0.591485321521759
53,1,GSM331547,1,0.22629770636558533
53,1,GSM331550,1,0.12665975093841553
53,1,GSM331551,1,0.3749007284641266
53,1,GSM331556,1,0.23284214735031128
53,1,GSM331557,1,0.5684764981269836
53,1,GSM331558,1,0.5854892730712891
53,1,GSM331559,1,0.7619012594223022
53,1,GSM331560,1,0.3671484589576721
53,1,GSM331562,1,0.22597382962703705
53,1,GSM331563,1,0.6474677920341492
53,1,GSM331564,1,0.31791967153549194
53,1,GSM331565,1,0.4275760352611542
53,1,GSM331567,1,0.18534068763256073
53,1,GSM331569,1,0.6383959650993347
53,1,GSM331570,1,0.5426861643791199
53,1,GSM331573,1,0.6342134475708008
53,1,GSM331574,1,0.2595360577106476
53,1,GSM331575,1,0.6856212615966797
53,1,GSM331576,1,0.8924173712730408
53,1,GSM331577,1,0.43304526805877686
53,1,GSM331578,1,0.5878211259841919
53,1,GSM331582,1,0.2127094864845276
53,1,GSM331585,1,0.4132857322692871
53,1,GSM331586,1,0.154966339468956
53,1,GSM331588,1,0.5101300477981567
53,1,GSM331593,1,0.1855558156967163
53,1,GSM331594,1,0.37058761715888977
53,1,GSM331595,1,0.18938013911247253
53,1,GSM331599,1,0.8962792158126831
53,1,GSM331600,1,0.8265836238861084
53,1,GSM331603,1,0.38261106610298157
53,1,GSM331605,1,0.5580960512161255
53,1,GSM331606,1,0.24943076074123383
53,1,GSM331609,1,0.1799946278333664
53,1,GSM331610,1,0.4308690130710602
53,1,GSM331611,1,0.7427749037742615
53,1,GSM331614,1,0.47442594170570374
53,1,GSM331618,1,0.5636271834373474
53,1,GSM331619,1,0.21522264182567596
53,1,GSM331621,1,0.5703024864196777
53,1,GSM331622,1,0.8004783391952515
53,1,GSM331623,1,0.5903257727622986
53,1,GSM331624,1,0.49329397082328796
53,1,GSM331629,1,0.3048310875892639
53,1,GSM331630,1,0.46457016468048096
53,1,GSM331633,1,0.26064079999923706
53,1,GSM331634,1,0.6309023499488831
53,1,GSM331637,1,0.16348381340503693
53,1,GSM331639,1,0.23561576008796692
53,1,GSM331643,1,0.6961496472358704
53,1,GSM331644,1,0.15711645781993866
53,1,GSM331645,1,0.7595850229263306
53,1,GSM331646,1,0.10563210397958755
53,1,GSM331650,1,0.5676886439323425
53,1,GSM331654,1,0.905707061290741
53,1,GSM331655,1,0.4342685639858246
53,1,GSM331656,1,0.4171975553035736
53,1,GSM331658,1,0.4173382818698883
53,1,GSM331659,1,0.22400516271591187
53,2,GSM331638,0,0.693507730960846
53,2,GSM331660,0,0.24126482009887695
53,2,GSM331661,0,0.4840867817401886
53,2,GSM331662,0,0.17279121279716492
53,2,GSM331663,0,0.2998878061771393
53,2,GSM331664,0,0.0870099887251854
53,2,GSM331665,0,0.6227609515190125
53,2,GSM331670,0,0.5344004034996033
53,2,GSM331672,0,0.7694230675697327
53,2,GSM331673,0,0.4689156115055084
53,2,GSM331674,0,0.5940912961959839
53,2,GSM331675,0,0.2792944312095642
53,2,GSM331679,0,0.4167706370353699
53,2,GSM331680,0,0.6282510757446289
53,2,GSM331685,0,0.04662538319826126
53,2,GSM331687,0,0.1287028044462204
53,2,GSM331688,0,0.6552515029907227
53,2,GSM331690,0,0.5407041311264038
53,2,GSM331691,0,0.6791205406188965
53,2,GSM331697,0,0.42230597138404846
53,2,GSM331701,0,0.320994108915329
53,2,GSM331702,0,0.45883116126060486
53,2,GSM331704,0,0.7515614628791809
53,2,GSM331710,0,0.5266110301017761
53,2,GSM331713,0,0.35155507922172546
53,2,GSM331715,0,0.366468608379364
53,2,GSM331716,0,0.9006246328353882
53,2,GSM331717,0,0.8745058178901672
53,2,GSM331718,0,0.6495879888534546
53,2,GSM331719,0,0.2090119570493698
53,2,GSM331723,0,0.5883167386054993
53,2,GSM331724,0,0.4060152471065521
53,2,GSM331727,0,0.35506463050842285
53,2,GSM331729,0,0.19274432957172394
53,2,GSM331730,0,0.626022458076477
53,2,GSM331732,0,0.8840222954750061
53,2,GSM331455,1,0.2873075306415558
53,2,GSM331461,1,0.7692648768424988
53,2,GSM331462,1,0.2559690773487091
53,2,GSM331464,1,0.4616386592388153
53,2,GSM331465,1,0.7637444138526917
53,2,GSM331467,1,0.5425358414649963
53,2,GSM331468,1,0.7412590980529785
53,2,GSM331471,1,0.5911926627159119
53,2,GSM331473,1,0.29336124658584595
53,2,GSM331474,1,0.3018400967121124
53,2,GSM331475,1,0.32502925395965576
53,2,GSM331476,1,0.28366619348526
53,2,GSM331480,1,0.919011652469635
53,2,GSM331481,1,0.36131733655929565
53,2,GSM331482,1,0.6164114475250244
53,2,GSM331483,1,0.36180830001831055
53,2,GSM331485,1,0.7699117064476013
53,2,GSM331486,1,0.17833444476127625
53,2,GSM331488,1,0.4700806438922882
53,2,GSM331493,1,0.11420821398496628
53,2,GSM331495,1,0.511799693107605
53,2,GSM331496,1,0.12916706502437592
53,2,GSM331498,1,0.3433437943458557
53,2,GSM331499,1,0.44681259989738464
53,2,GSM331500,1,0.9264213442802429
53,2,GSM331503,1,0.22773858904838562
53,2,GSM331504,1,0.31851765513420105
53,2,GSM331506,1,0.32713595032691956
53,2,GSM331507,1,0.2461840659379959
53,2,GSM331509,1,0.10688835382461548
53,2,GSM331510,1,0.22589823603630066
53,2,GSM331513,1,0.7341240644454956
53,2,GSM331514,1,0.2764539420604706
53,2,GSM331515,1,0.250018835067749
53,2,GSM331516,1,0.891106903553009
53,2,GSM331518,1,0.4216781556606293
53,2,GSM331519,1,0.5246662497520447
53,2,GSM331524,1,0.3215689957141876
53,2,GSM331525,1,0.40867966413497925
53,2,GSM331528,1,0.5754845142364502
53,2,GSM331529,1,0.14633096754550934
53,2,GSM331532,1,0.4777563214302063
53,2,GSM331535,1,0.5637285113334656
53,2,GSM331536,1,0.4684739410877228
53,2,GSM331538,1,0.16978806257247925
53,2,GSM331540,1,0.6768685579299927
53,2,GSM331541,1,0.6785686612129211
53,2,GSM331542,1,0.39244553446769714
53,2,GSM331543,1,0.6373178958892822
53,2,GSM331544,1,0.20299804210662842
53,2,GSM331548,1,0.2527080476284027
53,2,GSM331549,1,0.7423684000968933
53,2,GSM331552,1,0.40368643403053284
53,2,GSM331553,1,0.6444644331932068
53,2,GSM331554,1,0.44094425439834595
53,2,GSM331555,1,0.16695623099803925
53,2,GSM331561,1,0.4933660328388214
53,2,GSM331566,1,0.4250166416168213
53,2,GSM331568,1,0.4359607994556427
53,2,GSM331571,1,0.27425616979599
53,2,GSM331572,1,0.6772862672805786
53,2,GSM331579,1,0.5212540030479431
53,2,GSM331580,1,0.2332513928413391
53,2,GSM331581,1,0.6834354996681213
53,2,GSM331583,1,0.25224465131759644
53,2,GSM331584,1,0.21991728246212006
53,2,GSM331587,1,0.40816572308540344
53,2,GSM331589,1,0.6436388492584229
53,2,GSM331590,1,0.26413461565971375
53,2,GSM331591,1,0.26087918877601624
53,2,GSM331592,1,0.48410019278526306
53,2,GSM331596,1,0.7219656109809875
53,2,GSM331597,1,0.9012267589569092
53,2,GSM331598,1,0.35921886563301086
53,2,GSM331601,1,0.563283383846283
53,2,GSM331602,1,0.39138421416282654
53,2,GSM331604,1,0.05351735278964043
53,2,GSM331607,1,0.8078256845474243
53,2,GSM331608,1,0.2143365740776062
53,2,GSM331612,1,0.308836966753006
53,2,GSM331613,1,0.24349521100521088
53,2,GSM331615,1,0.7936397194862366
53,2,GSM331616,1,0.6138159036636353
53,2,GSM331617,1,0.47107410430908203
53,2,GSM331620,1,0.5261839032173157
53,2,GSM331625,1,0.813332200050354
53,2,GSM331626,1,0.47823241353034973
53,2,GSM331627,1,0.4147312641143799
53,2,GSM331628,1,0.2861848771572113
53,2,GSM331631,1,0.18679898977279663
53,2,GSM331632,1,0.17040227353572845
53,2,GSM331635,1,0.35697421431541443
53,2,GSM331636,1,0.5332498550415039
53,2,GSM331640,1,0.12250163406133652
53,2,GSM331641,1,0.8018785715103149
53,2,GSM331642,1,0.7194764018058777
53,2,GSM331647,1,0.555256187915802
53,2,GSM331648,1,0.19895035028457642
53,2,GSM331649,1,0.56842440366745
53,2,GSM331651,1,0.6521213054656982
53,2,GSM331652,1,0.5826600193977356
53,2,GSM331653,1,0.6241847276687622
53,2,GSM331657,1,0.673575222492218
54,1,GSM331638,0,0.691921591758728
54,1,GSM331661,0,0.6384733319282532
54,1,GSM331662,0,0.6377670168876648
54,1,GSM331663,0,0.28150948882102966
54,1,GSM331664,0,0.3772880434989929
54,1,GSM331668,0,0.7858097553253174
54,1,GSM331669,0,0.7830981016159058
54,1,GSM331670,0,0.5121999382972717
54,1,GSM331672,0,0.6636654734611511
54,1,GSM331673,0,0.4670499861240387
54,1,GSM331680,0,0.5030180811882019
54,1,GSM331681,0,0.552858293056488
54,1,GSM331682,0,0.6702336072921753
54,1,GSM331686,0,0.5319952964782715
54,1,GSM331688,0,0.7892266511917114
54,1,GSM331689,0,0.5966349244117737
54,1,GSM331690,0,0.3282415568828583
54,1,GSM331693,0,0.5559324026107788
54,1,GSM331694,0,0.5715056657791138
54,1,GSM331695,0,0.4881214499473572
54,1,GSM331696,0,0.4616349935531616
54,1,GSM331698,0,0.08359899371862411
54,1,GSM331701,0,0.22793376445770264
54,1,GSM331703,0,0.6885660886764526
54,1,GSM331705,0,0.5540103316307068
54,1,GSM331707,0,0.31776732206344604
54,1,GSM331709,0,0.417865514755249
54,1,GSM331710,0,0.443491131067276
54,1,GSM331711,0,0.8177855014801025
54,1,GSM331717,0,0.6196867823600769
54,1,GSM331719,0,0.1236882135272026
54,1,GSM331720,0,0.3675592541694641
54,1,GSM331724,0,0.34518367052078247
54,1,GSM331726,0,0.3423490822315216
54,1,GSM331730,0,0.42815762758255005
54,1,GSM331731,0,0.8270643353462219
54,1,GSM331732,0,0.6283327341079712
54,1,GSM331453,1,0.47912776470184326
54,1,GSM331455,1,0.07996125519275665
54,1,GSM331457,1,0.3786134421825409
54,1,GSM331458,1,0.4830828011035919
54,1,GSM331459,1,0.5192908644676208
54,1,GSM331462,1,0.2238198071718216
54,1,GSM331463,1,0.485639750957489
54,1,GSM331464,1,0.23897407948970795
54,1,GSM331468,1,0.5942007899284363
54,1,GSM331469,1,0.47388091683387756
54,1,GSM331470,1,0.8118005990982056
54,1,GSM331474,1,0.19653163850307465
54,1,GSM331475,1,0.5453274846076965
54,1,GSM331476,1,0.6028920412063599
54,1,GSM331478,1,0.5870859026908875
54,1,GSM331481,1,0.599837601184845
54,1,GSM331485,1,0.6433624625205994
54,1,GSM331488,1,0.7840083241462708
54,1,GSM331492,1,0.37518954277038574
54,1,GSM331493,1,0.07566387951374054
54,1,GSM331495,1,0.552908718585968
54,1,GSM331499,1,0.6311502456665039
54,1,GSM331502,1,0.8454500436782837
54,1,GSM331504,1,0.1637086272239685
54,1,GSM331505,1,0.7238839864730835
54,1,GSM331506,1,0.5149085521697998
54,1,GSM331507,1,0.36340436339378357
54,1,GSM331509,1,0.3799208998680115
54,1,GSM331513,1,0.6710343360900879
54,1,GSM331515,1,0.40700069069862366
54,1,GSM331516,1,0.7935956716537476
54,1,GSM331518,1,0.4107752740383148
54,1,GSM331520,1,0.43636730313301086
54,1,GSM331523,1,0.6804245114326477
54,1,GSM331525,1,0.7163533568382263
54,1,GSM331526,1,0.6849236488342285
54,1,GSM331527,1,0.20459820330142975
54,1,GSM331528,1,0.7017495632171631
54,1,GSM331529,1,0.3195021152496338
54,1,GSM331530,1,0.7951723337173462
54,1,GSM331531,1,0.5385123491287231
54,1,GSM331533,1,0.4664161801338196
54,1,GSM331535,1,0.19223567843437195
54,1,GSM331536,1,0.5451895594596863
54,1,GSM331540,1,0.6133922934532166
54,1,GSM331542,1,0.2998190224170685
54,1,GSM331543,1,0.5858600735664368
54,1,GSM331547,1,0.5401588678359985
54,1,GSM331552,1,0.14222067594528198
54,1,GSM331553,1,0.8596935868263245
54,1,GSM331554,1,0.6092004179954529
54,1,GSM331555,1,0.19281335175037384
54,1,GSM331556,1,0.36899831891059875
54,1,GSM331559,1,0.8472616672515869
54,1,GSM331562,1,0.5616676807403564
54,1,GSM331565,1,0.3849838376045227
54,1,GSM331570,1,0.5477499961853027
54,1,GSM331571,1,0.4464998245239258
54,1,GSM331574,1,0.6666238307952881
54,1,GSM331578,1,0.6002705097198486
54,1,GSM331579,1,0.4307323694229126
54,1,GSM331580,1,0.5683226585388184
54,1,GSM331582,1,0.36231693625450134
54,1,GSM331585,1,0.653156042098999
54,1,GSM331591,1,0.6398314833641052
54,1,GSM331594,1,0.6263868808746338
54,1,GSM331595,1,0.5426470041275024
54,1,GSM331597,1,0.3988320529460907
54,1,GSM331599,1,0.8528264164924622
54,1,GSM331600,1,0.7664193511009216
54,1,GSM331601,1,0.5000935196876526
54,1,GSM331603,1,0.5409213900566101
54,1,GSM331606,1,0.42405372858047485
54,1,GSM331609,1,0.3978923261165619
54,1,GSM331610,1,0.3128306269645691
54,1,GSM331611,1,0.8434550166130066
54,1,GSM331613,1,0.4995453357696533
54,1,GSM331614,1,0.37966975569725037
54,1,GSM331615,1,0.4862951934337616
54,1,GSM331617,1,0.7746474742889404
54,1,GSM331618,1,0.5604076981544495
54,1,GSM331619,1,0.1619141697883606
54,1,GSM331621,1,0.49483200907707214
54,1,GSM331622,1,0.7968238592147827
54,1,GSM331623,1,0.634598433971405
54,1,GSM331625,1,0.7621458768844604
54,1,GSM331626,1,0.1801198422908783
54,1,GSM331628,1,0.5548121929168701
54,1,GSM331629,1,0.25830382108688354
54,1,GSM331630,1,0.48991116881370544
54,1,GSM331631,1,0.141258105635643
54,1,GSM331634,1,0.28438714146614075
54,1,GSM331635,1,0.19784893095493317
54,1,GSM331637,1,0.4185042083263397
54,1,GSM331639,1,0.2666207551956177
54,1,GSM331642,1,0.6123579740524292
54,1,GSM331643,1,0.5453019738197327
54,1,GSM331644,1,0.15261714160442352
54,1,GSM331648,1,0.16974769532680511
54,1,GSM331650,1,0.33957454562187195
54,1,GSM331655,1,0.34703192114830017
54,1,GSM331656,1,0.29660674929618835
54,1,GSM331659,1,0.31659412384033203
54,2,GSM331660,0,0.4278075695037842
54,2,GSM331665,0,0.7039340734481812
54,2,GSM331666,0,0.1701352745294571
54,2,GSM331671,0,0.4950469434261322
54,2,GSM331674,0,0.48495903611183167
54,2,GSM331675,0,0.26765644550323486
54,2,GSM331676,0,0.6989128589630127
54,2,GSM331677,0,0.327486515045166
54,2,GSM331678,0,0.3968040645122528
54,2,GSM331679,0,0.5273800492286682
54,2,GSM331683,0,0.9341331124305725
54,2,GSM331684,0,0.4077158570289612
54,2,GSM331685,0,0.2623555660247803
54,2,GSM331687,0,0.15267403423786163
54,2,GSM331691,0,0.4624941647052765
54,2,GSM331692,0,0.5891119837760925
54,2,GSM331697,0,0.46219000220298767
54,2,GSM331699,0,0.41063210368156433
54,2,GSM331700,0,0.2510756850242615
54,2,GSM331702,0,0.533784806728363
54,2,GSM331704,0,0.6441622376441956
54,2,GSM331706,0,0.4632298946380615
54,2,GSM331708,0,0.6715084910392761
54,2,GSM331712,0,0.4329706132411957
54,2,GSM331713,0,0.4589010179042816
54,2,GSM331714,0,0.8848699331283569
54,2,GSM331715,0,0.10490258038043976
54,2,GSM331716,0,0.7889212965965271
54,2,GSM331718,0,0.6104329824447632
54,2,GSM331721,0,0.5468428730964661
54,2,GSM331722,0,0.5379794836044312
54,2,GSM331723,0,0.6171833872795105
54,2,GSM331725,0,0.4601687788963318
54,2,GSM331727,0,0.527925431728363
54,2,GSM331728,0,0.2777594327926636
54,2,GSM331729,0,0.38834065198898315
54,2,GSM331454,1,0.21373173594474792
54,2,GSM331456,1,0.44269031286239624
54,2,GSM331460,1,0.3950978219509125
54,2,GSM331461,1,0.268092542886734
54,2,GSM331465,1,0.3248498737812042
54,2,GSM331466,1,0.6224554181098938
54,2,GSM331467,1,0.3287144899368286
54,2,GSM331471,1,0.591788649559021
54,2,GSM331472,1,0.33029040694236755
54,2,GSM331473,1,0.6561800241470337
54,2,GSM331477,1,0.3603940010070801
54,2,GSM331479,1,0.5485051870346069
54,2,GSM331480,1,0.7523185014724731
54,2,GSM331482,1,0.3183763325214386
54,2,GSM331483,1,0.6670406460762024
54,2,GSM331484,1,0.23446902632713318
54,2,GSM331486,1,0.39662036299705505
54,2,GSM331487,1,0.8304471969604492
54,2,GSM331489,1,0.31954872608184814
54,2,GSM331490,1,0.16584691405296326
54,2,GSM331491,1,0.26630905270576477
54,2,GSM331494,1,0.8225517868995667
54,2,GSM331496,1,0.2816944420337677
54,2,GSM331497,1,0.5053229331970215
54,2,GSM331498,1,0.14785030484199524
54,2,GSM331500,1,0.4357164800167084
54,2,GSM331501,1,0.3035321533679962
54,2,GSM331503,1,0.5050092935562134
54,2,GSM331508,1,0.602063775062561
54,2,GSM331510,1,0.39851322770118713
54,2,GSM331511,1,0.6539303660392761
54,2,GSM331512,1,0.700137197971344
54,2,GSM331514,1,0.2724900245666504
54,2,GSM331517,1,0.5665637254714966
54,2,GSM331519,1,0.2365359365940094
54,2,GSM331521,1,0.1620699018239975
54,2,GSM331522,1,0.4075346291065216
54,2,GSM331524,1,0.2950267493724823
54,2,GSM331532,1,0.35928836464881897
54,2,GSM331534,1,0.37724605202674866
54,2,GSM331537,1,0.5428760051727295
54,2,GSM331538,1,0.096189484000206
54,2,GSM331539,1,0.36697328090667725
54,2,GSM331541,1,0.6394757032394409
54,2,GSM331544,1,0.09849920868873596
54,2,GSM331545,1,0.5916199684143066
54,2,GSM331546,1,0.5725506544113159
54,2,GSM331548,1,0.6303128004074097
54,2,GSM331549,1,0.8223520517349243
54,2,GSM331550,1,0.33194464445114136
54,2,GSM331551,1,0.4066038429737091
54,2,GSM331557,1,0.6758707761764526
54,2,GSM331558,1,0.5178422331809998
54,2,GSM331560,1,0.12064117938280106
54,2,GSM331561,1,0.431201696395874
54,2,GSM331563,1,0.5641964077949524
54,2,GSM331564,1,0.6389972567558289
54,2,GSM331566,1,0.4909577965736389
54,2,GSM331567,1,0.1739293932914734
54,2,GSM331568,1,0.6478496193885803
54,2,GSM331569,1,0.2455710917711258
54,2,GSM331572,1,0.6381033658981323
54,2,GSM331573,1,0.6694257855415344
54,2,GSM331575,1,0.4219110608100891
54,2,GSM331576,1,0.8063023090362549
54,2,GSM331577,1,0.3158837556838989
54,2,GSM331581,1,0.12415604293346405
54,2,GSM331583,1,0.3329884707927704
54,2,GSM331584,1,0.24633237719535828
54,2,GSM331586,1,0.32086366415023804
54,2,GSM331587,1,0.7097522020339966
54,2,GSM331588,1,0.8021885752677917
54,2,GSM331589,1,0.5262652635574341
54,2,GSM331590,1,0.5604510307312012
54,2,GSM331592,1,0.5422431826591492
54,2,GSM331593,1,0.28260141611099243
54,2,GSM331596,1,0.6523967981338501
54,2,GSM331598,1,0.14816595613956451
54,2,GSM331602,1,0.4131062626838684
54,2,GSM331604,1,0.21401886641979218
54,2,GSM331605,1,0.5663206577301025
54,2,GSM331607,1,0.8452866077423096
54,2,GSM331608,1,0.3703809976577759
54,2,GSM331612,1,0.5901652574539185
54,2,GSM331616,1,0.5824313759803772
54,2,GSM331620,1,0.4387592375278473
54,2,GSM331624,1,0.6542000770568848
54,2,GSM331627,1,0.29533863067626953
54,2,GSM331632,1,0.15380124747753143
54,2,GSM331633,1,0.29174017906188965
54,2,GSM331636,1,0.12268627434968948
54,2,GSM331640,1,0.08822964131832123
54,2,GSM331641,1,0.379300981760025
54,2,GSM331645,1,0.5124607682228088
54,2,GSM331646,1,0.3319895267486572
54,2,GSM331647,1,0.6202461123466492
54,2,GSM331649,1,0.6276290416717529
54,2,GSM331651,1,0.7326970100402832
54,2,GSM331652,1,0.6823173761367798
54,2,GSM331653,1,0.5973002910614014
54,2,GSM331654,1,0.6766176223754883
54,2,GSM331657,1,0.6034923791885376
54,2,GSM331658,1,0.5834537744522095
55,1,GSM331660,0,0.3006678819656372
55,1,GSM331661,0,0.6897886991500854
55,1,GSM331662,0,0.37962257862091064
55,1,GSM331663,0,0.418711394071579
55,1,GSM331668,0,0.5978944301605225
55,1,GSM331669,0,0.698876678943634
55,1,GSM331670,0,0.6868881583213806
55,1,GSM331674,0,0.4595194160938263
55,1,GSM331677,0,0.32908403873443604
55,1,GSM331678,0,0.3106277883052826
55,1,GSM331680,0,0.40485087037086487
55,1,GSM331681,0,0.6939222812652588
55,1,GSM331682,0,0.6472113728523254
55,1,GSM331686,0,0.7623013257980347
55,1,GSM331687,0,0.2924574017524719
55,1,GSM331689,0,0.5627419948577881
55,1,GSM331690,0,0.4749644696712494
55,1,GSM331693,0,0.4245642125606537
55,1,GSM331694,0,0.4679342210292816
55,1,GSM331695,0,0.4287085235118866
55,1,GSM331697,0,0.39146220684051514
55,1,GSM331700,0,0.2714354395866394
55,1,GSM331701,0,0.37772971391677856
55,1,GSM331705,0,0.49500077962875366
55,1,GSM331708,0,0.4858878552913666
55,1,GSM331709,0,0.5143653750419617
55,1,GSM331710,0,0.46514636278152466
55,1,GSM331711,0,0.4377553164958954
55,1,GSM331712,0,0.7043753266334534
55,1,GSM331714,0,0.6588612794876099
55,1,GSM331715,0,0.44675225019454956
55,1,GSM331716,0,0.8648236393928528
55,1,GSM331719,0,0.30851811170578003
55,1,GSM331720,0,0.2353038638830185
55,1,GSM331724,0,0.38128793239593506
55,1,GSM331725,0,0.5119187831878662
55,1,GSM331731,0,0.6330082416534424
55,1,GSM331456,1,0.4753136932849884
55,1,GSM331459,1,0.5092597007751465
55,1,GSM331461,1,0.5078107714653015
55,1,GSM331462,1,0.33669906854629517
55,1,GSM331464,1,0.33697986602783203
55,1,GSM331465,1,0.4122297465801239
55,1,GSM331467,1,0.44693973660469055
55,1,GSM331468,1,0.7513706088066101
55,1,GSM331469,1,0.42134106159210205
55,1,GSM331473,1,0.5429196953773499
55,1,GSM331475,1,0.6046280264854431
55,1,GSM331479,1,0.45876240730285645
55,1,GSM331483,1,0.5825241208076477
55,1,GSM331484,1,0.19237786531448364
55,1,GSM331486,1,0.549077570438385
55,1,GSM331487,1,0.8297358155250549
55,1,GSM331489,1,0.37304651737213135
55,1,GSM331490,1,0.32159119844436646
55,1,GSM331491,1,0.6780109405517578
55,1,GSM331492,1,0.5952887535095215
55,1,GSM331496,1,0.33162569999694824
55,1,GSM331499,1,0.682913064956665
55,1,GSM331502,1,0.668192982673645
55,1,GSM331503,1,0.5405117869377136
55,1,GSM331505,1,0.5188519954681396
55,1,GSM331507,1,0.2590670883655548
55,1,GSM331510,1,0.46826645731925964
55,1,GSM331514,1,0.31838640570640564
55,1,GSM331516,1,0.616257905960083
55,1,GSM331519,1,0.34490934014320374
55,1,GSM331520,1,0.5253084897994995
55,1,GSM331521,1,0.38919976353645325
55,1,GSM331527,1,0.4875025153160095
55,1,GSM331529,1,0.28464943170547485
55,1,GSM331530,1,0.6535162925720215
55,1,GSM331535,1,0.4881555736064911
55,1,GSM331539,1,0.43107175827026367
55,1,GSM331545,1,0.43859580159187317
55,1,GSM331548,1,0.5444347858428955
55,1,GSM331549,1,0.6483654379844666
55,1,GSM331550,1,0.36554306745529175
55,1,GSM331552,1,0.344756543636322
55,1,GSM331553,1,0.7302015423774719
55,1,GSM331556,1,0.43422308564186096
55,1,GSM331557,1,0.44390416145324707
55,1,GSM331559,1,0.4738563597202301
55,1,GSM331560,1,0.3963308334350586
55,1,GSM331562,1,0.4033658802509308
55,1,GSM331563,1,0.6114399433135986
55,1,GSM331564,1,0.5145229697227478
55,1,GSM331565,1,0.5204715132713318
55,1,GSM331568,1,0.676575243473053
55,1,GSM331569,1,0.6576839685440063
55,1,GSM331570,1,0.5514941811561584
55,1,GSM331571,1,0.545360267162323
55,1,GSM331574,1,0.2835942506790161
55,1,GSM331575,1,0.6046638488769531
55,1,GSM331577,1,0.3075963854789734
55,1,GSM331578,1,0.6333398818969727
55,1,GSM331580,1,0.299197256565094
55,1,GSM331581,1,0.43051764369010925
55,1,GSM331583,1,0.5012173056602478
55,1,GSM331586,1,0.44332608580589294
55,1,GSM331590,1,0.42572906613349915
55,1,GSM331591,1,0.6975394487380981
55,1,GSM331592,1,0.5764611959457397
55,1,GSM331595,1,0.6141320466995239
55,1,GSM331596,1,0.675987720489502
55,1,GSM331597,1,0.6005556583404541
55,1,GSM331599,1,0.7336891293525696
55,1,GSM331600,1,0.7279624938964844
55,1,GSM331601,1,0.504754364490509
55,1,GSM331602,1,0.41217342019081116
55,1,GSM331606,1,0.48059704899787903
55,1,GSM331611,1,0.618282675743103
55,1,GSM331613,1,0.47587162256240845
55,1,GSM331614,1,0.4165206551551819
55,1,GSM331615,1,0.4483378827571869
55,1,GSM331616,1,0.6021585464477539
55,1,GSM331619,1,0.43566590547561646
55,1,GSM331620,1,0.5475831031799316
55,1,GSM331621,1,0.6677637100219727
55,1,GSM331622,1,0.6352365612983704
55,1,GSM331623,1,0.3431262671947479
55,1,GSM331630,1,0.5685209035873413
55,1,GSM331633,1,0.33625003695487976
55,1,GSM331634,1,0.45383208990097046
55,1,GSM331635,1,0.36408284306526184
55,1,GSM331639,1,0.5242147445678711
55,1,GSM331641,1,0.4407006502151489
55,1,GSM331642,1,0.39460811018943787
55,1,GSM331643,1,0.7327237725257874
55,1,GSM331646,1,0.3596608638763428
55,1,GSM331647,1,0.5458489656448364
55,1,GSM331648,1,0.2571144998073578
55,1,GSM331649,1,0.5734853744506836
55,1,GSM331650,1,0.45371297001838684
55,1,GSM331651,1,0.5857952833175659
55,1,GSM331652,1,0.5180112719535828
55,1,GSM331653,1,0.5194616317749023
55,1,GSM331654,1,0.7159186601638794
55,1,GSM331655,1,0.4192782938480377
55,1,GSM331659,1,0.46992459893226624
55,2,GSM331638,0,0.6545913815498352
55,2,GSM331664,0,0.3710727095603943
55,2,GSM331665,0,0.3149414360523224
55,2,GSM331666,0,0.28755950927734375
55,2,GSM331671,0,0.676482081413269
55,2,GSM331672,0,0.5669258236885071
55,2,GSM331673,0,0.3342105448246002
55,2,GSM331675,0,0.22440104186534882
55,2,GSM331676,0,0.5878748893737793
55,2,GSM331679,0,0.39363130927085876
55,2,GSM331683,0,0.6603721380233765
55,2,GSM331684,0,0.3029998540878296
55,2,GSM331685,0,0.2403395026922226
55,2,GSM331688,0,0.6388214230537415
55,2,GSM331691,0,0.5241829752922058
55,2,GSM331692,0,0.3295615315437317
55,2,GSM331696,0,0.5176347494125366
55,2,GSM331698,0,0.3729223608970642
55,2,GSM331699,0,0.41487449407577515
55,2,GSM331702,0,0.5020982623100281
55,2,GSM331703,0,0.6777545213699341
55,2,GSM331704,0,0.5719106197357178
55,2,GSM331706,0,0.7750033140182495
55,2,GSM331707,0,0.42136192321777344
55,2,GSM331713,0,0.26528602838516235
55,2,GSM331717,0,0.681797981262207
55,2,GSM331718,0,0.7228996157646179
55,2,GSM331721,0,0.7732831239700317
55,2,GSM331722,0,0.5878484845161438
55,2,GSM331723,0,0.7324435710906982
55,2,GSM331726,0,0.20374728739261627
55,2,GSM331727,0,0.5150493383407593
55,2,GSM331728,0,0.3853943645954132
55,2,GSM331729,0,0.24357986450195312
55,2,GSM331730,0,0.606127142906189
55,2,GSM331732,0,0.6065685153007507
55,2,GSM331453,1,0.40956345200538635
55,2,GSM331454,1,0.4214670956134796
55,2,GSM331455,1,0.33480000495910645
55,2,GSM331457,1,0.521997332572937
55,2,GSM331458,1,0.5058677792549133
55,2,GSM331460,1,0.5108380317687988
55,2,GSM331463,1,0.5043217539787292
55,2,GSM331466,1,0.5259819030761719
55,2,GSM331470,1,0.764436662197113
55,2,GSM331471,1,0.6737964153289795
55,2,GSM331472,1,0.34307003021240234
55,2,GSM331474,1,0.4739327132701874
55,2,GSM331476,1,0.4234815239906311
55,2,GSM331477,1,0.5364001393318176
55,2,GSM331478,1,0.48546499013900757
55,2,GSM331480,1,0.7874771356582642
55,2,GSM331481,1,0.3556046187877655
55,2,GSM331482,1,0.3422794044017792
55,2,GSM331485,1,0.7580379247665405
55,2,GSM331488,1,0.6282023191452026
55,2,GSM331493,1,0.3678126633167267
55,2,GSM331494,1,0.6542317271232605
55,2,GSM331495,1,0.49992215633392334
55,2,GSM331497,1,0.5131463408470154
55,2,GSM331498,1,0.2957333028316498
55,2,GSM331500,1,0.6197068095207214
55,2,GSM331501,1,0.45834818482398987
55,2,GSM331504,1,0.4312613606452942
55,2,GSM331506,1,0.4836377799510956
55,2,GSM331508,1,0.6123582720756531
55,2,GSM331509,1,0.49531060457229614
55,2,GSM331511,1,0.6255321502685547
55,2,GSM331512,1,0.6379138231277466
55,2,GSM331513,1,0.6387540698051453
55,2,GSM331515,1,0.4496190845966339
55,2,GSM331517,1,0.560784101486206
55,2,GSM331518,1,0.3574792444705963
55,2,GSM331522,1,0.5118841528892517
55,2,GSM331523,1,0.6243855357170105
55,2,GSM331524,1,0.590665340423584
55,2,GSM331525,1,0.4463981091976166
55,2,GSM331526,1,0.5843238830566406
55,2,GSM331528,1,0.5041242837905884
55,2,GSM331531,1,0.5152462124824524
55,2,GSM331532,1,0.3123801648616791
55,2,GSM331533,1,0.4817022681236267
55,2,GSM331534,1,0.5639455914497375
55,2,GSM331536,1,0.59090256690979
55,2,GSM331537,1,0.5974987149238586
55,2,GSM331538,1,0.3532065451145172
55,2,GSM331540,1,0.5998852252960205
55,2,GSM331541,1,0.4967056214809418
55,2,GSM331542,1,0.3208100199699402
55,2,GSM331543,1,0.45383283495903015
55,2,GSM331544,1,0.1580284684896469
55,2,GSM331546,1,0.4489856958389282
55,2,GSM331547,1,0.3660257160663605
55,2,GSM331551,1,0.4539393186569214
55,2,GSM331554,1,0.5140624046325684
55,2,GSM331555,1,0.4271676540374756
55,2,GSM331558,1,0.40317976474761963
55,2,GSM331561,1,0.6709463000297546
55,2,GSM331566,1,0.6391636729240417
55,2,GSM331567,1,0.591424822807312
55,2,GSM331572,1,0.5179150104522705
55,2,GSM331573,1,0.5608326196670532
55,2,GSM331576,1,0.755297839641571
55,2,GSM331579,1,0.4338623881340027
55,2,GSM331582,1,0.47835400700569153
55,2,GSM331584,1,0.4214877486228943
55,2,GSM331585,1,0.37658044695854187
55,2,GSM331587,1,0.406785786151886
55,2,GSM331588,1,0.5059190988540649
55,2,GSM331589,1,0.468189001083374
55,2,GSM331593,1,0.6996929049491882
55,2,GSM331594,1,0.4596351385116577
55,2,GSM331598,1,0.40030544996261597
55,2,GSM331603,1,0.6569428443908691
55,2,GSM331604,1,0.4430500566959381
55,2,GSM331605,1,0.717566192150116
55,2,GSM331607,1,0.732064962387085
55,2,GSM331608,1,0.1904350221157074
55,2,GSM331609,1,0.30304402112960815
55,2,GSM331610,1,0.46735894680023193
55,2,GSM331612,1,0.5940715074539185
55,2,GSM331617,1,0.6116647720336914
55,2,GSM331618,1,0.4655342102050781
55,2,GSM331624,1,0.48229965567588806
55,2,GSM331625,1,0.6378408670425415
55,2,GSM331626,1,0.5510826110839844
55,2,GSM331627,1,0.6483135223388672
55,2,GSM331628,1,0.4655410349369049
55,2,GSM331629,1,0.3526228368282318
55,2,GSM331631,1,0.23395316302776337
55,2,GSM331632,1,0.227409228682518
55,2,GSM331636,1,0.5405839681625366
55,2,GSM331637,1,0.37142741680145264
55,2,GSM331640,1,0.3452221751213074
55,2,GSM331644,1,0.27907806634902954
55,2,GSM331645,1,0.5683883428573608
55,2,GSM331656,1,0.523470938205719
55,2,GSM331657,1,0.5250715017318726
55,2,GSM331658,1,0.5727069973945618
56,1,GSM331638,0,0.41827625036239624
56,1,GSM331660,0,0.2668859362602234
56,1,GSM331661,0,0.6315348744392395
56,1,GSM331662,0,0.3065639138221741
56,1,GSM331664,0,0.22731240093708038
56,1,GSM331665,0,0.43963682651519775
56,1,GSM331672,0,0.7686172127723694
56,1,GSM331675,0,0.44368118047714233
56,1,GSM331676,0,0.6715046763420105
56,1,GSM331677,0,0.4985980987548828
56,1,GSM331679,0,0.26499250531196594
56,1,GSM331681,0,0.7920728921890259
56,1,GSM331686,0,0.7936583161354065
56,1,GSM331687,0,0.4077039957046509
56,1,GSM331690,0,0.5330307483673096
56,1,GSM331691,0,0.5638861060142517
56,1,GSM331692,0,0.4506954252719879
56,1,GSM331693,0,0.7196496725082397
56,1,GSM331695,0,0.243623748421669
56,1,GSM331696,0,0.4857608377933502
56,1,GSM331698,0,0.4599992632865906
56,1,GSM331700,0,0.3472898304462433
56,1,GSM331701,0,0.5221360325813293
56,1,GSM331703,0,0.443864107131958
56,1,GSM331704,0,0.778883159160614
56,1,GSM331707,0,0.35220828652381897
56,1,GSM331710,0,0.5535857081413269
56,1,GSM331711,0,0.6907286643981934
56,1,GSM331712,0,0.6981307864189148
56,1,GSM331715,0,0.41202762722969055
56,1,GSM331716,0,0.918168842792511
56,1,GSM331718,0,0.4784812927246094
56,1,GSM331725,0,0.4577021598815918
56,1,GSM331727,0,0.28181958198547363
56,1,GSM331728,0,0.23240725696086884
56,1,GSM331731,0,0.43545496463775635
56,1,GSM331732,0,0.5506981015205383
56,1,GSM331454,1,0.5362108945846558
56,1,GSM331456,1,0.6047878265380859
56,1,GSM331457,1,0.48307865858078003
56,1,GSM331458,1,0.4624331593513489
56,1,GSM331465,1,0.49877646565437317
56,1,GSM331466,1,0.26520365476608276
56,1,GSM331469,1,0.47045716643333435
56,1,GSM331470,1,0.5123737454414368
56,1,GSM331471,1,0.5770153999328613
56,1,GSM331472,1,0.3503336012363434
56,1,GSM331475,1,0.372846782207489
56,1,GSM331478,1,0.6948108673095703
56,1,GSM331479,1,0.28174301981925964
56,1,GSM331482,1,0.5640280246734619
56,1,GSM331483,1,0.4177608788013458
56,1,GSM331484,1,0.2878530025482178
56,1,GSM331486,1,0.3399188220500946
56,1,GSM331487,1,0.6234249472618103
56,1,GSM331491,1,0.5684940218925476
56,1,GSM331492,1,0.23391099274158478
56,1,GSM331493,1,0.36492887139320374
56,1,GSM331494,1,0.5714815258979797
56,1,GSM331496,1,0.17332035303115845
56,1,GSM331498,1,0.42190563678741455
56,1,GSM331499,1,0.41583409905433655
56,1,GSM331501,1,0.3910057544708252
56,1,GSM331502,1,0.5974591374397278
56,1,GSM331503,1,0.5113841891288757
56,1,GSM331507,1,0.11277400702238083
56,1,GSM331510,1,0.3595345616340637
56,1,GSM331512,1,0.4757118225097656
56,1,GSM331513,1,0.6125594973564148
56,1,GSM331514,1,0.5033798217773438
56,1,GSM331518,1,0.18830718100070953
56,1,GSM331520,1,0.5374996662139893
56,1,GSM331524,1,0.5270443558692932
56,1,GSM331525,1,0.4167637825012207
56,1,GSM331526,1,0.5359476208686829
56,1,GSM331527,1,0.5866743922233582
56,1,GSM331528,1,0.6614186763763428
56,1,GSM331530,1,0.42391863465309143
56,1,GSM331532,1,0.36071696877479553
56,1,GSM331533,1,0.5746706128120422
56,1,GSM331534,1,0.6982875466346741
56,1,GSM331536,1,0.6231065988540649
56,1,GSM331538,1,0.39083099365234375
56,1,GSM331539,1,0.481447696685791
56,1,GSM331540,1,0.29990726709365845
56,1,GSM331541,1,0.5009075999259949
56,1,GSM331546,1,0.5438849329948425
56,1,GSM331547,1,0.20901700854301453
56,1,GSM331550,1,0.20281636714935303
56,1,GSM331553,1,0.8210060000419617
56,1,GSM331557,1,0.5266695022583008
56,1,GSM331561,1,0.5524783730506897
56,1,GSM331562,1,0.3672500252723694
56,1,GSM331565,1,0.5392851829528809
56,1,GSM331566,1,0.4390254616737366
56,1,GSM331568,1,0.3739538788795471
56,1,GSM331569,1,0.6386048197746277
56,1,GSM331572,1,0.8309352397918701
56,1,GSM331576,1,0.7145864963531494
56,1,GSM331578,1,0.716259777545929
56,1,GSM331581,1,0.46822068095207214
56,1,GSM331582,1,0.2416153848171234
56,1,GSM331583,1,0.2932113707065582
56,1,GSM331584,1,0.18673624098300934
56,1,GSM331585,1,0.7005228996276855
56,1,GSM331586,1,0.5487507581710815
56,1,GSM331588,1,0.5402773022651672
56,1,GSM331589,1,0.7036633491516113
56,1,GSM331591,1,0.6915156841278076
56,1,GSM331599,1,0.7089472413063049
56,1,GSM331601,1,0.31369948387145996
56,1,GSM331603,1,0.3121640384197235
56,1,GSM331606,1,0.4505251944065094
56,1,GSM331609,1,0.4134308397769928
56,1,GSM331610,1,0.5908781290054321
56,1,GSM331611,1,0.5736662149429321
56,1,GSM331613,1,0.2816008925437927
56,1,GSM331616,1,0.6808710694313049
56,1,GSM331617,1,0.7668843269348145
56,1,GSM331619,1,0.4178033173084259
56,1,GSM331621,1,0.6477569341659546
56,1,GSM331622,1,0.8590942621231079
56,1,GSM331623,1,0.22539949417114258
56,1,GSM331624,1,0.4104214310646057
56,1,GSM331625,1,0.7659611701965332
56,1,GSM331628,1,0.32044532895088196
56,1,GSM331629,1,0.3823204040527344
56,1,GSM331630,1,0.34871578216552734
56,1,GSM331633,1,0.4477461278438568
56,1,GSM331636,1,0.4651229679584503
56,1,GSM331639,1,0.44650545716285706
56,1,GSM331640,1,0.24963432550430298
56,1,GSM331644,1,0.49304473400115967
56,1,GSM331645,1,0.6821723580360413
56,1,GSM331647,1,0.32172688841819763
56,1,GSM331650,1,0.5722029209136963
56,1,GSM331651,1,0.3974844813346863
56,1,GSM331652,1,0.5173330307006836
56,1,GSM331654,1,0.855865478515625
56,1,GSM331656,1,0.5133312344551086
56,2,GSM331663,0,0.4522462487220764
56,2,GSM331666,0,0.2955333888530731
56,2,GSM331668,0,0.5721436738967896
56,2,GSM331669,0,0.6520090699195862
56,2,GSM331670,0,0.5990628004074097
56,2,GSM331671,0,0.44378817081451416
56,2,GSM331673,0,0.4634908139705658
56,2,GSM331674,0,0.44466274976730347
56,2,GSM331678,0,0.21655794978141785
56,2,GSM331680,0,0.4267016649246216
56,2,GSM331682,0,0.7205103635787964
56,2,GSM331683,0,0.6203421950340271
56,2,GSM331684,0,0.5524027943611145
56,2,GSM331685,0,0.17852526903152466
56,2,GSM331688,0,0.5499072670936584
56,2,GSM331689,0,0.3762393593788147
56,2,GSM331694,0,0.37558799982070923
56,2,GSM331697,0,0.5453740954399109
56,2,GSM331699,0,0.31922805309295654
56,2,GSM331702,0,0.6447485685348511
56,2,GSM331705,0,0.5744540691375732
56,2,GSM331706,0,0.8115296959877014
56,2,GSM331708,0,0.34849682450294495
56,2,GSM331709,0,0.525678277015686
56,2,GSM331713,0,0.44569066166877747
56,2,GSM331714,0,0.682443380355835
56,2,GSM331717,0,0.7711976170539856
56,2,GSM331719,0,0.48666316270828247
56,2,GSM331720,0,0.3455846607685089
56,2,GSM331721,0,0.6500547528266907
56,2,GSM331722,0,0.4515668749809265
56,2,GSM331723,0,0.5620548725128174
56,2,GSM331724,0,0.4594707489013672
56,2,GSM331726,0,0.25391918420791626
56,2,GSM331729,0,0.24554601311683655
56,2,GSM331730,0,0.6644720435142517
56,2,GSM331453,1,0.49333277344703674
56,2,GSM331455,1,0.39790108799934387
56,2,GSM331459,1,0.5566532015800476
56,2,GSM331460,1,0.432166188955307
56,2,GSM331461,1,0.4424147307872772
56,2,GSM331462,1,0.4019372761249542
56,2,GSM331463,1,0.3058765232563019
56,2,GSM331464,1,0.4931182861328125
56,2,GSM331467,1,0.5469020009040833
56,2,GSM331468,1,0.7173640727996826
56,2,GSM331473,1,0.39925310015678406
56,2,GSM331474,1,0.24814382195472717
56,2,GSM331476,1,0.3496381342411041
56,2,GSM331477,1,0.5733634829521179
56,2,GSM331480,1,0.5816439390182495
56,2,GSM331481,1,0.5504559278488159
56,2,GSM331485,1,0.831096351146698
56,2,GSM331488,1,0.4496157169342041
56,2,GSM331489,1,0.6792476177215576
56,2,GSM331490,1,0.4741505980491638
56,2,GSM331495,1,0.35919344425201416
56,2,GSM331497,1,0.25714442133903503
56,2,GSM331500,1,0.6607246994972229
56,2,GSM331504,1,0.4497855007648468
56,2,GSM331505,1,0.6084714531898499
56,2,GSM331506,1,0.6915838122367859
56,2,GSM331508,1,0.43259096145629883
56,2,GSM331509,1,0.30015286803245544
56,2,GSM331511,1,0.6339129209518433
56,2,GSM331515,1,0.4922034740447998
56,2,GSM331516,1,0.4500638246536255
56,2,GSM331517,1,0.5149129629135132
56,2,GSM331519,1,0.44774478673934937
56,2,GSM331521,1,0.35309839248657227
56,2,GSM331522,1,0.49919697642326355
56,2,GSM331523,1,0.6992102861404419
56,2,GSM331529,1,0.28877341747283936
56,2,GSM331531,1,0.38846516609191895
56,2,GSM331535,1,0.5104751586914062
56,2,GSM331537,1,0.6375813484191895
56,2,GSM331542,1,0.5536424517631531
56,2,GSM331543,1,0.615406334400177
56,2,GSM331544,1,0.27989256381988525
56,2,GSM331545,1,0.5413323044776917
56,2,GSM331548,1,0.4165407717227936
56,2,GSM331549,1,0.5210183262825012
56,2,GSM331551,1,0.4472581744194031
56,2,GSM331552,1,0.49911999702453613
56,2,GSM331554,1,0.2494935542345047
56,2,GSM331555,1,0.24086414277553558
56,2,GSM331556,1,0.3903957009315491
56,2,GSM331558,1,0.5504661202430725
56,2,GSM331559,1,0.8152311444282532
56,2,GSM331560,1,0.49924707412719727
56,2,GSM331563,1,0.4798707962036133
56,2,GSM331564,1,0.33939144015312195
56,2,GSM331567,1,0.3382793962955475
56,2,GSM331570,1,0.6002635955810547
56,2,GSM331571,1,0.4504939317703247
56,2,GSM331573,1,0.6777828335762024
56,2,GSM331574,1,0.4831026494503021
56,2,GSM331575,1,0.6345978379249573
56,2,GSM331577,1,0.6723840236663818
56,2,GSM331579,1,0.5662116408348083
56,2,GSM331580,1,0.43254855275154114
56,2,GSM331587,1,0.4787110984325409
56,2,GSM331590,1,0.26880237460136414
56,2,GSM331592,1,0.5942398309707642
56,2,GSM331593,1,0.40008142590522766
56,2,GSM331594,1,0.35579103231430054
56,2,GSM331595,1,0.44585686922073364
56,2,GSM331596,1,0.5212913751602173
56,2,GSM331597,1,0.5451045632362366
56,2,GSM331598,1,0.5398039817810059
56,2,GSM331600,1,0.6981381773948669
56,2,GSM331602,1,0.37320926785469055
56,2,GSM331604,1,0.38567808270454407
56,2,GSM331605,1,0.5165321826934814
56,2,GSM331607,1,0.5984025597572327
56,2,GSM331608,1,0.2653655409812927
56,2,GSM331612,1,0.36169877648353577
56,2,GSM331614,1,0.4485512375831604
56,2,GSM331615,1,0.4612889885902405
56,2,GSM331618,1,0.6366878151893616
56,2,GSM331620,1,0.5264368653297424
56,2,GSM331626,1,0.3966495096683502
56,2,GSM331627,1,0.5699101090431213
56,2,GSM331631,1,0.4226536452770233
56,2,GSM331632,1,0.36641961336135864
56,2,GSM331634,1,0.505648136138916
56,2,GSM331635,1,0.5809068083763123
56,2,GSM331637,1,0.6573985815048218
56,2,GSM331641,1,0.6518176794052124
56,2,GSM331642,1,0.6011768579483032
56,2,GSM331643,1,0.752702534198761
56,2,GSM331646,1,0.24692979454994202
56,2,GSM331648,1,0.3548756241798401
56,2,GSM331649,1,0.5183092951774597
56,2,GSM331653,1,0.46150314807891846
56,2,GSM331655,1,0.5863775610923767
56,2,GSM331657,1,0.6498442888259888
56,2,GSM331658,1,0.623733401298523
56,2,GSM331659,1,0.4542863965034485
57,1,GSM331638,0,0.41511204838752747
57,1,GSM331661,0,0.6695171594619751
57,1,GSM331662,0,0.5662805438041687
57,1,GSM331663,0,0.35615620017051697
57,1,GSM331666,0,0.393241822719574
57,1,GSM331668,0,0.5962916016578674
57,1,GSM331669,0,0.7915038466453552
57,1,GSM331671,0,0.7375185489654541
57,1,GSM331673,0,0.614769458770752
57,1,GSM331676,0,0.7194789052009583
57,1,GSM331679,0,0.6792212128639221
57,1,GSM331681,0,0.7007098197937012
57,1,GSM331685,0,0.5131198763847351
57,1,GSM331686,0,0.705992579460144
57,1,GSM331689,0,0.6139256954193115
57,1,GSM331690,0,0.5852121710777283
57,1,GSM331691,0,0.5943997502326965
57,1,GSM331692,0,0.4770348370075226
57,1,GSM331695,0,0.3725607991218567
57,1,GSM331698,0,0.29102766513824463
57,1,GSM331699,0,0.2162364423274994
57,1,GSM331700,0,0.6618229150772095
57,1,GSM331703,0,0.41216909885406494
57,1,GSM331704,0,0.5346648693084717
57,1,GSM331708,0,0.5574259161949158
57,1,GSM331709,0,0.394666850566864
57,1,GSM331713,0,0.6405267715454102
57,1,GSM331714,0,0.8715734481811523
57,1,GSM331715,0,0.2778875529766083
57,1,GSM331720,0,0.6393084526062012
57,1,GSM331721,0,0.6132131218910217
57,1,GSM331723,0,0.52408766746521
57,1,GSM331725,0,0.7679129838943481
57,1,GSM331727,0,0.674968957901001
57,1,GSM331728,0,0.3943043649196625
57,1,GSM331729,0,0.3348006308078766
57,1,GSM331731,0,0.6669617891311646
57,1,GSM331453,1,0.3983222544193268
57,1,GSM331455,1,0.12366826087236404
57,1,GSM331456,1,0.39749467372894287
57,1,GSM331460,1,0.6514042615890503
57,1,GSM331461,1,0.5641991496086121
57,1,GSM331462,1,0.5841604471206665
57,1,GSM331464,1,0.1654396653175354
57,1,GSM331465,1,0.22832636535167694
57,1,GSM331468,1,0.6394422650337219
57,1,GSM331470,1,0.6513041257858276
57,1,GSM331473,1,0.5933616161346436
57,1,GSM331474,1,0.47370645403862
57,1,GSM331479,1,0.41259250044822693
57,1,GSM331480,1,0.6974955201148987
57,1,GSM331484,1,0.49168258905410767
57,1,GSM331486,1,0.8149921298027039
57,1,GSM331487,1,0.7512357831001282
57,1,GSM331489,1,0.450573205947876
57,1,GSM331490,1,0.24456189572811127
57,1,GSM331492,1,0.380189448595047
57,1,GSM331496,1,0.31390380859375
57,1,GSM331497,1,0.6636776328086853
57,1,GSM331498,1,0.1994183212518692
57,1,GSM331501,1,0.5033320188522339
57,1,GSM331504,1,0.28926870226860046
57,1,GSM331505,1,0.4448191523551941
57,1,GSM331506,1,0.7147461175918579
57,1,GSM331507,1,0.3549591600894928
57,1,GSM331508,1,0.5149937868118286
57,1,GSM331509,1,0.4812013506889343
57,1,GSM331515,1,0.6726951599121094
57,1,GSM331516,1,0.6965349316596985
57,1,GSM331517,1,0.7948043942451477
57,1,GSM331521,1,0.46075865626335144
57,1,GSM331522,1,0.5142627954483032
57,1,GSM331526,1,0.3852553963661194
57,1,GSM331529,1,0.6530968546867371
57,1,GSM331530,1,0.3295755982398987
57,1,GSM331532,1,0.2296174317598343
57,1,GSM331533,1,0.7749304175376892
57,1,GSM331534,1,0.6541367769241333
57,1,GSM331541,1,0.5693762302398682
57,1,GSM331543,1,0.4733847677707672
57,1,GSM331546,1,0.3290739059448242
57,1,GSM331548,1,0.7500719428062439
57,1,GSM331549,1,0.6754006147384644
57,1,GSM331550,1,0.40726757049560547
57,1,GSM331551,1,0.5326917767524719
57,1,GSM331552,1,0.27361318469047546
57,1,GSM331557,1,0.6258853077888489
57,1,GSM331564,1,0.5371930003166199
57,1,GSM331567,1,0.2070161998271942
57,1,GSM331568,1,0.579089879989624
57,1,GSM331570,1,0.6330751180648804
57,1,GSM331579,1,0.45761987566947937
57,1,GSM331580,1,0.6887498497962952
57,1,GSM331582,1,0.36819103360176086
57,1,GSM331584,1,0.46829140186309814
57,1,GSM331585,1,0.7403463125228882
57,1,GSM331588,1,0.7900747060775757
57,1,GSM331589,1,0.46378540992736816
57,1,GSM331590,1,0.2479461133480072
57,1,GSM331591,1,0.650985062122345
57,1,GSM331593,1,0.4961260259151459
57,1,GSM331594,1,0.5162057876586914
57,1,GSM331596,1,0.6661688685417175
57,1,GSM331597,1,0.3569530248641968
57,1,GSM331598,1,0.3189675807952881
57,1,GSM331599,1,0.8508627414703369
57,1,GSM331600,1,0.6811197996139526
57,1,GSM331605,1,0.41079747676849365
57,1,GSM331606,1,0.4168606698513031
57,1,GSM331608,1,0.5139933228492737
57,1,GSM331609,1,0.2916679084300995
57,1,GSM331610,1,0.7850522398948669
57,1,GSM331611,1,0.7292929887771606
57,1,GSM331612,1,0.6201993823051453
57,1,GSM331613,1,0.4606907367706299
57,1,GSM331614,1,0.35847631096839905
57,1,GSM331616,1,0.5121591091156006
57,1,GSM331619,1,0.35935309529304504
57,1,GSM331621,1,0.43895989656448364
57,1,GSM331624,1,0.7034907341003418
57,1,GSM331626,1,0.2081175148487091
57,1,GSM331628,1,0.4648370146751404
57,1,GSM331629,1,0.3761149048805237
57,1,GSM331630,1,0.4629920721054077
57,1,GSM331631,1,0.15103983879089355
57,1,GSM331632,1,0.15964974462985992
57,1,GSM331633,1,0.23549878597259521
57,1,GSM331634,1,0.30640551447868347
57,1,GSM331635,1,0.2314920276403427
57,1,GSM331636,1,0.31641685962677
57,1,GSM331641,1,0.36984938383102417
57,1,GSM331645,1,0.45203471183776855
57,1,GSM331646,1,0.25239449739456177
57,1,GSM331647,1,0.6208821535110474
57,1,GSM331648,1,0.22680047154426575
57,1,GSM331650,1,0.3337234854698181
57,1,GSM331651,1,0.5156568288803101
57,1,GSM331653,1,0.47632110118865967
57,1,GSM331655,1,0.2513328790664673
57,1,GSM331656,1,0.2932125926017761
57,2,GSM331660,0,0.3362077474594116
57,2,GSM331664,0,0.48438218235969543
57,2,GSM331665,0,0.6698590517044067
57,2,GSM331670,0,0.43693608045578003
57,2,GSM331672,0,0.6803983449935913
57,2,GSM331674,0,0.6702251434326172
57,2,GSM331675,0,0.2527352273464203
57,2,GSM331677,0,0.24375075101852417
57,2,GSM331678,0,0.2514788508415222
57,2,GSM331680,0,0.41177770495414734
57,2,GSM331682,0,0.5129967331886292
57,2,GSM331683,0,0.8751375675201416
57,2,GSM331684,0,0.33957862854003906
57,2,GSM331687,0,0.3233482837677002
57,2,GSM331688,0,0.6851951479911804
57,2,GSM331693,0,0.5486059188842773
57,2,GSM331694,0,0.45829230546951294
57,2,GSM331696,0,0.37127095460891724
57,2,GSM331697,0,0.27321627736091614
57,2,GSM331701,0,0.45666465163230896
57,2,GSM331702,0,0.5304989814758301
57,2,GSM331705,0,0.35832858085632324
57,2,GSM331706,0,0.4896329939365387
57,2,GSM331707,0,0.37884947657585144
57,2,GSM331710,0,0.34296923875808716
57,2,GSM331711,0,0.6634811758995056
57,2,GSM331712,0,0.525115430355072
57,2,GSM331716,0,0.7955299615859985
57,2,GSM331717,0,0.7206048965454102
57,2,GSM331718,0,0.7558666467666626
57,2,GSM331719,0,0.24383684992790222
57,2,GSM331722,0,0.5903769135475159
57,2,GSM331724,0,0.3750908076763153
57,2,GSM331726,0,0.1674908995628357
57,2,GSM331730,0,0.4550902843475342
57,2,GSM331732,0,0.5722457766532898
57,2,GSM331454,1,0.3009370267391205
57,2,GSM331457,1,0.4797670543193817
57,2,GSM331458,1,0.39536237716674805
57,2,GSM331459,1,0.655466616153717
57,2,GSM331463,1,0.15534469485282898
57,2,GSM331466,1,0.3769749402999878
57,2,GSM331467,1,0.3043704330921173
57,2,GSM331469,1,0.415323942899704
57,2,GSM331471,1,0.5909932851791382
57,2,GSM331472,1,0.17022165656089783
57,2,GSM331475,1,0.31125470995903015
57,2,GSM331476,1,0.39078813791275024
57,2,GSM331477,1,0.31511247158050537
57,2,GSM331478,1,0.5687637329101562
57,2,GSM331481,1,0.6032978296279907
57,2,GSM331482,1,0.33669787645339966
57,2,GSM331483,1,0.5680516362190247
57,2,GSM331485,1,0.6445820331573486
57,2,GSM331488,1,0.5983913540840149
57,2,GSM331491,1,0.562399685382843
57,2,GSM331493,1,0.15380723774433136
57,2,GSM331494,1,0.5098251700401306
57,2,GSM331495,1,0.21325188875198364
57,2,GSM331499,1,0.4245215058326721
57,2,GSM331500,1,0.35097527503967285
57,2,GSM331502,1,0.6025803685188293
57,2,GSM331503,1,0.3750118911266327
57,2,GSM331510,1,0.40902936458587646
57,2,GSM331511,1,0.4447392523288727
57,2,GSM331512,1,0.5459964871406555
57,2,GSM331513,1,0.46566519141197205
57,2,GSM331514,1,0.2226262241601944
57,2,GSM331518,1,0.34989434480667114
57,2,GSM331519,1,0.2536460757255554
57,2,GSM331520,1,0.3237248659133911
57,2,GSM331523,1,0.38960981369018555
57,2,GSM331524,1,0.3454265594482422
57,2,GSM331525,1,0.7855753302574158
57,2,GSM331527,1,0.23657284677028656
57,2,GSM331528,1,0.821881115436554
57,2,GSM331531,1,0.3917963206768036
57,2,GSM331535,1,0.3093494176864624
57,2,GSM331536,1,0.43338972330093384
57,2,GSM331537,1,0.3559556305408478
57,2,GSM331538,1,0.12196364998817444
57,2,GSM331539,1,0.30116182565689087
57,2,GSM331540,1,0.3594508171081543
57,2,GSM331542,1,0.2956099510192871
57,2,GSM331544,1,0.1575653851032257
57,2,GSM331545,1,0.5032570958137512
57,2,GSM331547,1,0.471039354801178
57,2,GSM331553,1,0.8074190020561218
57,2,GSM331554,1,0.3936688303947449
57,2,GSM331555,1,0.23561975359916687
57,2,GSM331556,1,0.6404412984848022
57,2,GSM331558,1,0.2608381509780884
57,2,GSM331559,1,0.6836101412773132
57,2,GSM331560,1,0.24802713096141815
57,2,GSM331561,1,0.588343620300293
57,2,GSM331562,1,0.5273410677909851
57,2,GSM331563,1,0.6231140494346619
57,2,GSM331565,1,0.4341963827610016
57,2,GSM331566,1,0.4599398672580719
57,2,GSM331569,1,0.3433661460876465
57,2,GSM331571,1,0.4499775767326355
57,2,GSM331572,1,0.7394430041313171
57,2,GSM331573,1,0.6626603603363037
57,2,GSM331574,1,0.6769881248474121
57,2,GSM331575,1,0.36609554290771484
57,2,GSM331576,1,0.6207980513572693
57,2,GSM331577,1,0.5985069274902344
57,2,GSM331578,1,0.5368809700012207
57,2,GSM331581,1,0.10759501159191132
57,2,GSM331583,1,0.3941827416419983
57,2,GSM331586,1,0.548768937587738
57,2,GSM331587,1,0.6386492848396301
57,2,GSM331592,1,0.4905407130718231
57,2,GSM331595,1,0.27411752939224243
57,2,GSM331601,1,0.38992100954055786
57,2,GSM331602,1,0.237254336476326
57,2,GSM331603,1,0.345524400472641
57,2,GSM331604,1,0.291565865278244
57,2,GSM331607,1,0.6930368542671204
57,2,GSM331615,1,0.1846315562725067
57,2,GSM331617,1,0.886626660823822
57,2,GSM331618,1,0.583916187286377
57,2,GSM331620,1,0.2408730685710907
57,2,GSM331622,1,0.8438963890075684
57,2,GSM331623,1,0.5122970342636108
57,2,GSM331625,1,0.7029617428779602
57,2,GSM331627,1,0.2258613556623459
57,2,GSM331637,1,0.4807101786136627
57,2,GSM331639,1,0.16212674975395203
57,2,GSM331640,1,0.1528616100549698
57,2,GSM331642,1,0.5730034112930298
57,2,GSM331643,1,0.7543377876281738
57,2,GSM331644,1,0.26509350538253784
57,2,GSM331649,1,0.4451819360256195
57,2,GSM331652,1,0.7736738920211792
57,2,GSM331654,1,0.7549089789390564
57,2,GSM331657,1,0.5197435617446899
57,2,GSM331658,1,0.5242204666137695
57,2,GSM331659,1,0.554071843624115
58,1,GSM331638,0,0.5511940717697144
58,1,GSM331660,0,0.42610853910446167
58,1,GSM331661,0,0.47821006178855896
58,1,GSM331664,0,0.18002580106258392
58,1,GSM331665,0,0.279999703168869
58,1,GSM331671,0,0.3625846803188324
58,1,GSM331672,0,0.6384599804878235
58,1,GSM331673,0,0.3505290150642395
58,1,GSM331676,0,0.5629616975784302
58,1,GSM331678,0,0.28075432777404785
58,1,GSM331679,0,0.1819722205400467
58,1,GSM331680,0,0.4527745246887207
58,1,GSM331681,0,0.5894920229911804
58,1,GSM331686,0,0.7039952874183655
58,1,GSM331687,0,0.3840549886226654
58,1,GSM331688,0,0.5939203500747681
58,1,GSM331689,0,0.516764223575592
58,1,GSM331691,0,0.7545488476753235
58,1,GSM331696,0,0.4056740701198578
58,1,GSM331698,0,0.306160569190979
58,1,GSM331699,0,0.3799481689929962
58,1,GSM331702,0,0.3773878216743469
58,1,GSM331706,0,0.6293882131576538
58,1,GSM331708,0,0.3623838722705841
58,1,GSM331709,0,0.5347694158554077
58,1,GSM331710,0,0.6318185329437256
58,1,GSM331712,0,0.622475266456604
58,1,GSM331713,0,0.2888682782649994
58,1,GSM331715,0,0.3099444508552551
58,1,GSM331717,0,0.5285294651985168
58,1,GSM331718,0,0.4364531934261322
58,1,GSM331720,0,0.3523275852203369
58,1,GSM331723,0,0.461750864982605
58,1,GSM331728,0,0.37353983521461487
58,1,GSM331729,0,0.34991908073425293
58,1,GSM331731,0,0.4173510670661926
58,1,GSM331732,0,0.5687711834907532
58,1,GSM331453,1,0.4074191153049469
58,1,GSM331455,1,0.5069273710250854
58,1,GSM331458,1,0.47090867161750793
58,1,GSM331459,1,0.35269924998283386
58,1,GSM331461,1,0.5124712586402893
58,1,GSM331462,1,0.16444052755832672
58,1,GSM331463,1,0.6560428738594055
58,1,GSM331466,1,0.468709796667099
58,1,GSM331468,1,0.6848177313804626
58,1,GSM331469,1,0.2996562719345093
58,1,GSM331471,1,0.5610819458961487
58,1,GSM331472,1,0.3828483819961548
58,1,GSM331473,1,0.333759605884552
58,1,GSM331474,1,0.2715018093585968
58,1,GSM331476,1,0.4468483030796051
58,1,GSM331477,1,0.6728342771530151
58,1,GSM331479,1,0.46808889508247375
58,1,GSM331480,1,0.7401638031005859
58,1,GSM331483,1,0.48307761549949646
58,1,GSM331487,1,0.7300204038619995
58,1,GSM331491,1,0.3930284082889557
58,1,GSM331492,1,0.5238290429115295
58,1,GSM331493,1,0.43166056275367737
58,1,GSM331496,1,0.25026023387908936
58,1,GSM331500,1,0.6694228649139404
58,1,GSM331501,1,0.3374897837638855
58,1,GSM331502,1,0.7823835611343384
58,1,GSM331503,1,0.3345188498497009
58,1,GSM331506,1,0.3215501308441162
58,1,GSM331508,1,0.583094596862793
58,1,GSM331510,1,0.45574048161506653
58,1,GSM331513,1,0.6254282593727112
58,1,GSM331514,1,0.4467237591743469
58,1,GSM331515,1,0.2683050334453583
58,1,GSM331520,1,0.5224249362945557
58,1,GSM331522,1,0.47111353278160095
58,1,GSM331525,1,0.38581597805023193
58,1,GSM331527,1,0.5242587327957153
58,1,GSM331530,1,0.7462430000305176
58,1,GSM331531,1,0.3144757151603699
58,1,GSM331540,1,0.5170023441314697
58,1,GSM331545,1,0.3613225519657135
58,1,GSM331547,1,0.4089633822441101
58,1,GSM331549,1,0.6091145873069763
58,1,GSM331551,1,0.28284960985183716
58,1,GSM331552,1,0.4354296326637268
58,1,GSM331553,1,0.6694745421409607
58,1,GSM331554,1,0.38859689235687256
58,1,GSM331555,1,0.3406330645084381
58,1,GSM331557,1,0.4122437536716461
58,1,GSM331558,1,0.5378568768501282
58,1,GSM331559,1,0.5739054083824158
58,1,GSM331561,1,0.45435193181037903
58,1,GSM331562,1,0.3124144375324249
58,1,GSM331567,1,0.503257691860199
58,1,GSM331568,1,0.5654333829879761
58,1,GSM331569,1,0.5652275085449219
58,1,GSM331570,1,0.349181205034256
58,1,GSM331573,1,0.4198547601699829
58,1,GSM331574,1,0.3493562340736389
58,1,GSM331575,1,0.6555907726287842
58,1,GSM331577,1,0.34787872433662415
58,1,GSM331581,1,0.6183954477310181
58,1,GSM331582,1,0.4969109296798706
58,1,GSM331583,1,0.32033637166023254
58,1,GSM331586,1,0.22620584070682526
58,1,GSM331587,1,0.4330139756202698
58,1,GSM331588,1,0.4956631064414978
58,1,GSM331592,1,0.6869140267372131
58,1,GSM331594,1,0.3975272476673126
58,1,GSM331595,1,0.5750933885574341
58,1,GSM331596,1,0.510700523853302
58,1,GSM331597,1,0.6902446746826172
58,1,GSM331598,1,0.38162532448768616
58,1,GSM331601,1,0.5328078866004944
58,1,GSM331607,1,0.6258634924888611
58,1,GSM331608,1,0.19162653386592865
58,1,GSM331610,1,0.3770611584186554
58,1,GSM331613,1,0.5154656171798706
58,1,GSM331615,1,0.7087710499763489
58,1,GSM331616,1,0.5313909649848938
58,1,GSM331618,1,0.5023927688598633
58,1,GSM331622,1,0.40465858578681946
58,1,GSM331624,1,0.4982054531574249
58,1,GSM331625,1,0.5584264397621155
58,1,GSM331626,1,0.5667960047721863
58,1,GSM331629,1,0.4215739369392395
58,1,GSM331631,1,0.3995729982852936
58,1,GSM331632,1,0.42645686864852905
58,1,GSM331633,1,0.5528618097305298
58,1,GSM331634,1,0.6318703889846802
58,1,GSM331635,1,0.46453434228897095
58,1,GSM331636,1,0.486759215593338
58,1,GSM331639,1,0.6219497323036194
58,1,GSM331640,1,0.3861055374145508
58,1,GSM331641,1,0.5839363932609558
58,1,GSM331642,1,0.5892456769943237
58,1,GSM331648,1,0.39831000566482544
58,1,GSM331649,1,0.7139670252799988
58,1,GSM331651,1,0.6058913469314575
58,1,GSM331652,1,0.49058735370635986
58,1,GSM331656,1,0.5753833651542664
58,1,GSM331659,1,0.24712346494197845
58,2,GSM331662,0,0.49841952323913574
58,2,GSM331663,0,0.4446921944618225
58,2,GSM331666,0,0.21715888381004333
58,2,GSM331668,0,0.5767574906349182
58,2,GSM331669,0,0.42190486192703247
58,2,GSM331670,0,0.6132736802101135
58,2,GSM331674,0,0.39993515610694885
58,2,GSM331675,0,0.33292028307914734
58,2,GSM331677,0,0.41886284947395325
58,2,GSM331682,0,0.5524897575378418
58,2,GSM331683,0,0.5574876666069031
58,2,GSM331684,0,0.3951457738876343
58,2,GSM331685,0,0.19029510021209717
58,2,GSM331690,0,0.5052540898323059
58,2,GSM331692,0,0.3743046820163727
58,2,GSM331693,0,0.5111259818077087
58,2,GSM331694,0,0.4420357346534729
58,2,GSM331695,0,0.4374854266643524
58,2,GSM331697,0,0.7195072174072266
58,2,GSM331700,0,0.1628780961036682
58,2,GSM331701,0,0.3517796993255615
58,2,GSM331703,0,0.6371040940284729
58,2,GSM331704,0,0.7078862190246582
58,2,GSM331705,0,0.5499943494796753
58,2,GSM331707,0,0.37642914056777954
58,2,GSM331711,0,0.7904545664787292
58,2,GSM331714,0,0.6164722442626953
58,2,GSM331716,0,0.8015371561050415
58,2,GSM331719,0,0.40872442722320557
58,2,GSM331721,0,0.511859118938446
58,2,GSM331722,0,0.4517766237258911
58,2,GSM331724,0,0.49853262305259705
58,2,GSM331725,0,0.30594131350517273
58,2,GSM331726,0,0.41497746109962463
58,2,GSM331727,0,0.3954807221889496
58,2,GSM331730,0,0.6278893351554871
58,2,GSM331454,1,0.43895456194877625
58,2,GSM331456,1,0.7729436159133911
58,2,GSM331457,1,0.5760560631752014
58,2,GSM331460,1,0.457968145608902
58,2,GSM331464,1,0.6739686727523804
58,2,GSM331465,1,0.6795898675918579
58,2,GSM331467,1,0.5824998021125793
58,2,GSM331470,1,0.7577161192893982
58,2,GSM331475,1,0.45584458112716675
58,2,GSM331478,1,0.668172299861908
58,2,GSM331481,1,0.5840058922767639
58,2,GSM331482,1,0.5586282014846802
58,2,GSM331484,1,0.26259294152259827
58,2,GSM331485,1,0.8401613831520081
58,2,GSM331486,1,0.3455687463283539
58,2,GSM331488,1,0.5295718312263489
58,2,GSM331489,1,0.598577618598938
58,2,GSM331490,1,0.4437091052532196
58,2,GSM331494,1,0.6839854121208191
58,2,GSM331495,1,0.5981965661048889
58,2,GSM331497,1,0.45712900161743164
58,2,GSM331498,1,0.5247229933738708
58,2,GSM331499,1,0.6744331121444702
58,2,GSM331504,1,0.5401710867881775
58,2,GSM331505,1,0.663435697555542
58,2,GSM331507,1,0.2753104269504547
58,2,GSM331509,1,0.27861300110816956
58,2,GSM331511,1,0.7044252753257751
58,2,GSM331512,1,0.5901983976364136
58,2,GSM331516,1,0.5920293927192688
58,2,GSM331517,1,0.46423476934432983
58,2,GSM331518,1,0.4550626277923584
58,2,GSM331519,1,0.5969740748405457
58,2,GSM331521,1,0.34587961435317993
58,2,GSM331523,1,0.8748307228088379
58,2,GSM331524,1,0.4504624009132385
58,2,GSM331526,1,0.7398141622543335
58,2,GSM331528,1,0.6045864820480347
58,2,GSM331529,1,0.1775975525379181
58,2,GSM331532,1,0.6178495287895203
58,2,GSM331533,1,0.42795825004577637
58,2,GSM331534,1,0.553960382938385
58,2,GSM331535,1,0.5650643110275269
58,2,GSM331536,1,0.6250272989273071
58,2,GSM331537,1,0.7000199556350708
58,2,GSM331538,1,0.5564019680023193
58,2,GSM331539,1,0.520828127861023
58,2,GSM331541,1,0.48355212807655334
58,2,GSM331542,1,0.4352664351463318
58,2,GSM331543,1,0.6053789258003235
58,2,GSM331544,1,0.43052342534065247
58,2,GSM331546,1,0.725496232509613
58,2,GSM331548,1,0.35659271478652954
58,2,GSM331550,1,0.4280805289745331
58,2,GSM331556,1,0.41355741024017334
58,2,GSM331560,1,0.4122752845287323
58,2,GSM331563,1,0.48009347915649414
58,2,GSM331564,1,0.5839369893074036
58,2,GSM331565,1,0.484841912984848
58,2,GSM331566,1,0.5434818863868713
58,2,GSM331571,1,0.5968908667564392
58,2,GSM331572,1,0.41878747940063477
58,2,GSM331576,1,0.84512859582901
58,2,GSM331578,1,0.5598744750022888
58,2,GSM331579,1,0.46236398816108704
58,2,GSM331580,1,0.3645004332065582
58,2,GSM331584,1,0.30946654081344604
58,2,GSM331585,1,0.456411212682724
58,2,GSM331589,1,0.6249321699142456
58,2,GSM331590,1,0.3966313600540161
58,2,GSM331591,1,0.7040738463401794
58,2,GSM331593,1,0.4709329307079315
58,2,GSM331599,1,0.7116954922676086
58,2,GSM331600,1,0.7142766714096069
58,2,GSM331602,1,0.5857911109924316
58,2,GSM331603,1,0.5078186988830566
58,2,GSM331604,1,0.5180079936981201
58,2,GSM331605,1,0.7528757452964783
58,2,GSM331606,1,0.35512417554855347
58,2,GSM331609,1,0.5314772725105286
58,2,GSM331611,1,0.7008825540542603
58,2,GSM331612,1,0.3847818970680237
58,2,GSM331614,1,0.49155500531196594
58,2,GSM331617,1,0.39987900853157043
58,2,GSM331619,1,0.3531106412410736
58,2,GSM331620,1,0.6438241004943848
58,2,GSM331621,1,0.7264557480812073
58,2,GSM331623,1,0.5115935802459717
58,2,GSM331627,1,0.5033943057060242
58,2,GSM331628,1,0.3881727457046509
58,2,GSM331630,1,0.6263465881347656
58,2,GSM331637,1,0.3589008152484894
58,2,GSM331643,1,0.7390991449356079
58,2,GSM331644,1,0.36518630385398865
58,2,GSM331645,1,0.6374921798706055
58,2,GSM331646,1,0.4615682065486908
58,2,GSM331647,1,0.48563188314437866
58,2,GSM331650,1,0.5518794655799866
58,2,GSM331653,1,0.6003884077072144
58,2,GSM331654,1,0.8163390755653381
58,2,GSM331655,1,0.7386409640312195
58,2,GSM331657,1,0.5736692547798157
58,2,GSM331658,1,0.5212637186050415
59,1,GSM331638,0,0.5455309152603149
59,1,GSM331660,0,0.3228069245815277
59,1,GSM331664,0,0.2178032249212265
59,1,GSM331665,0,0.4398079514503479
59,1,GSM331666,0,0.2237703949213028
59,1,GSM331669,0,0.6306478381156921
59,1,GSM331671,0,0.5279455184936523
59,1,GSM331673,0,0.2857530117034912
59,1,GSM331674,0,0.5038978457450867
59,1,GSM331675,0,0.13381651043891907
59,1,GSM331678,0,0.3091811239719391
59,1,GSM331679,0,0.42724287509918213
59,1,GSM331682,0,0.4774734079837799
59,1,GSM331684,0,0.20672756433486938
59,1,GSM331685,0,0.2586270272731781
59,1,GSM331686,0,0.6922488212585449
59,1,GSM331688,0,0.6518010497093201
59,1,GSM331694,0,0.4585556387901306
59,1,GSM331695,0,0.551193356513977
59,1,GSM331696,0,0.4073585867881775
59,1,GSM331698,0,0.3978353440761566
59,1,GSM331702,0,0.3961455821990967
59,1,GSM331703,0,0.7158660292625427
59,1,GSM331704,0,0.4935298562049866
59,1,GSM331708,0,0.5449128746986389
59,1,GSM331709,0,0.3386373221874237
59,1,GSM331711,0,0.5970429182052612
59,1,GSM331715,0,0.44694095849990845
59,1,GSM331718,0,0.6779424548149109
59,1,GSM331720,0,0.35074669122695923
59,1,GSM331721,0,0.6847020387649536
59,1,GSM331723,0,0.5780659914016724
59,1,GSM331724,0,0.18374837934970856
59,1,GSM331725,0,0.41227832436561584
59,1,GSM331726,0,0.28909435868263245
59,1,GSM331727,0,0.4518204629421234
59,1,GSM331728,0,0.4298965632915497
59,1,GSM331453,1,0.5418764352798462
59,1,GSM331454,1,0.3996557891368866
59,1,GSM331462,1,0.28994858264923096
59,1,GSM331465,1,0.7274638414382935
59,1,GSM331467,1,0.3311295211315155
59,1,GSM331468,1,0.799112856388092
59,1,GSM331469,1,0.5809829235076904
59,1,GSM331471,1,0.6749706268310547
59,1,GSM331472,1,0.3337198495864868
59,1,GSM331474,1,0.4990050494670868
59,1,GSM331476,1,0.47267231345176697
59,1,GSM331478,1,0.6041224598884583
59,1,GSM331479,1,0.35856443643569946
59,1,GSM331480,1,0.46912267804145813
59,1,GSM331483,1,0.4160950183868408
59,1,GSM331484,1,0.4277908504009247
59,1,GSM331487,1,0.8718344569206238
59,1,GSM331488,1,0.7173294425010681
59,1,GSM331490,1,0.47578537464141846
59,1,GSM331495,1,0.6115567088127136
59,1,GSM331498,1,0.3620796799659729
59,1,GSM331500,1,0.8747077584266663
59,1,GSM331502,1,0.9156502485275269
59,1,GSM331504,1,0.6863275170326233
59,1,GSM331506,1,0.6638011336326599
59,1,GSM331509,1,0.3641097843647003
59,1,GSM331510,1,0.5466388463973999
59,1,GSM331511,1,0.7290003895759583
59,1,GSM331517,1,0.4637378752231598
59,1,GSM331520,1,0.6211714148521423
59,1,GSM331523,1,0.9027422666549683
59,1,GSM331524,1,0.5520837306976318
59,1,GSM331526,1,0.7509644031524658
59,1,GSM331527,1,0.5132012963294983
59,1,GSM331531,1,0.4981640875339508
59,1,GSM331532,1,0.39913585782051086
59,1,GSM331533,1,0.2905256152153015
59,1,GSM331534,1,0.8174182772636414
59,1,GSM331537,1,0.815444827079773
59,1,GSM331538,1,0.38473495841026306
59,1,GSM331539,1,0.6908425092697144
59,1,GSM331540,1,0.6615260243415833
59,1,GSM331541,1,0.5514066815376282
59,1,GSM331542,1,0.49606430530548096
59,1,GSM331545,1,0.4922686219215393
59,1,GSM331546,1,0.5163449645042419
59,1,GSM331547,1,0.2624135911464691
59,1,GSM331549,1,0.7912392020225525
59,1,GSM331550,1,0.32587510347366333
59,1,GSM331551,1,0.5445439219474792
59,1,GSM331556,1,0.5620711445808411
59,1,GSM331558,1,0.20741796493530273
59,1,GSM331559,1,0.8517074584960938
59,1,GSM331564,1,0.4716799259185791
59,1,GSM331565,1,0.6165301203727722
59,1,GSM331567,1,0.7026896476745605
59,1,GSM331568,1,0.5896189212799072
59,1,GSM331569,1,0.7101884484291077
59,1,GSM331570,1,0.4612865149974823
59,1,GSM331573,1,0.7977757453918457
59,1,GSM331575,1,0.7354423999786377
59,1,GSM331577,1,0.259353369474411
59,1,GSM331581,1,0.6458635926246643
59,1,GSM331582,1,0.5711339116096497
59,1,GSM331584,1,0.37180274724960327
59,1,GSM331585,1,0.5926765203475952
59,1,GSM331587,1,0.4664159417152405
59,1,GSM331588,1,0.17880356311798096
59,1,GSM331589,1,0.6200881004333496
59,1,GSM331590,1,0.5872092247009277
59,1,GSM331593,1,0.5080599188804626
59,1,GSM331594,1,0.5783353447914124
59,1,GSM331598,1,0.4364722967147827
59,1,GSM331600,1,0.8702498078346252
59,1,GSM331602,1,0.5506253242492676
59,1,GSM331603,1,0.5548659563064575
59,1,GSM331607,1,0.623674213886261
59,1,GSM331608,1,0.34971383213996887
59,1,GSM331610,1,0.602117121219635
59,1,GSM331613,1,0.623956561088562
59,1,GSM331614,1,0.5418200492858887
59,1,GSM331616,1,0.7290822863578796
59,1,GSM331620,1,0.7133746147155762
59,1,GSM331621,1,0.7133070230484009
59,1,GSM331623,1,0.3847472071647644
59,1,GSM331624,1,0.618353545665741
59,1,GSM331626,1,0.5890806317329407
59,1,GSM331627,1,0.3999749720096588
59,1,GSM331628,1,0.47779420018196106
59,1,GSM331629,1,0.3833214342594147
59,1,GSM331630,1,0.743289589881897
59,1,GSM331631,1,0.3178147077560425
59,1,GSM331633,1,0.4399978518486023
59,1,GSM331639,1,0.6913003325462341
59,1,GSM331640,1,0.29371121525764465
59,1,GSM331641,1,0.362316757440567
59,1,GSM331642,1,0.34672990441322327
59,1,GSM331643,1,0.7975836992263794
59,1,GSM331644,1,0.17638252675533295
59,1,GSM331648,1,0.5688959956169128
59,1,GSM331649,1,0.7539770007133484
59,1,GSM331655,1,0.661547839641571
59,1,GSM331657,1,0.7649406790733337
59,2,GSM331661,0,0.7053027749061584
59,2,GSM331662,0,0.25434374809265137
59,2,GSM331663,0,0.40366697311401367
59,2,GSM331668,0,0.4241543710231781
59,2,GSM331670,0,0.5201849937438965
59,2,GSM331672,0,0.8026487231254578
59,2,GSM331676,0,0.6356824636459351
59,2,GSM331677,0,0.3375494182109833
59,2,GSM331680,0,0.49247172474861145
59,2,GSM331681,0,0.7793758511543274
59,2,GSM331683,0,0.7439623475074768
59,2,GSM331687,0,0.254454642534256
59,2,GSM331689,0,0.5191813111305237
59,2,GSM331690,0,0.5366458296775818
59,2,GSM331691,0,0.6357360482215881
59,2,GSM331692,0,0.4442808926105499
59,2,GSM331693,0,0.6828840374946594
59,2,GSM331697,0,0.23890961706638336
59,2,GSM331699,0,0.2651318907737732
59,2,GSM331700,0,0.28556495904922485
59,2,GSM331701,0,0.5083524584770203
59,2,GSM331705,0,0.44852256774902344
59,2,GSM331706,0,0.7013034820556641
59,2,GSM331707,0,0.2913087010383606
59,2,GSM331710,0,0.5231427550315857
59,2,GSM331712,0,0.8030088543891907
59,2,GSM331713,0,0.45003893971443176
59,2,GSM331714,0,0.5884294509887695
59,2,GSM331716,0,0.881883978843689
59,2,GSM331717,0,0.8162713050842285
59,2,GSM331719,0,0.3544383645057678
59,2,GSM331722,0,0.42025208473205566
59,2,GSM331729,0,0.14423899352550507
59,2,GSM331730,0,0.7708306908607483
59,2,GSM331731,0,0.3327554166316986
59,2,GSM331732,0,0.4752509593963623
59,2,GSM331455,1,0.2749904692173004
59,2,GSM331456,1,0.7918937802314758
59,2,GSM331457,1,0.4430176317691803
59,2,GSM331458,1,0.6466223001480103
59,2,GSM331459,1,0.6644737720489502
59,2,GSM331460,1,0.42219868302345276
59,2,GSM331461,1,0.3923589587211609
59,2,GSM331463,1,0.47261103987693787
59,2,GSM331464,1,0.3332386314868927
59,2,GSM331466,1,0.5075529217720032
59,2,GSM331470,1,0.5908207893371582
59,2,GSM331473,1,0.5413751602172852
59,2,GSM331475,1,0.47036266326904297
59,2,GSM331477,1,0.5964698195457458
59,2,GSM331481,1,0.4719880521297455
59,2,GSM331482,1,0.45393452048301697
59,2,GSM331485,1,0.9426389336585999
59,2,GSM331486,1,0.6471680402755737
59,2,GSM331489,1,0.7177540063858032
59,2,GSM331491,1,0.7372501492500305
59,2,GSM331492,1,0.3625280261039734
59,2,GSM331493,1,0.3511447012424469
59,2,GSM331494,1,0.4974549114704132
59,2,GSM331496,1,0.28980809450149536
59,2,GSM331497,1,0.4368932545185089
59,2,GSM331499,1,0.6503905057907104
59,2,GSM331501,1,0.3451051712036133
59,2,GSM331503,1,0.49670684337615967
59,2,GSM331505,1,0.4166472852230072
59,2,GSM331507,1,0.08549686521291733
59,2,GSM331508,1,0.4227645695209503
59,2,GSM331512,1,0.5458537340164185
59,2,GSM331513,1,0.6598658561706543
59,2,GSM331514,1,0.4087003767490387
59,2,GSM331515,1,0.5697397589683533
59,2,GSM331516,1,0.7598448991775513
59,2,GSM331518,1,0.36280491948127747
59,2,GSM331519,1,0.38839322328567505
59,2,GSM331521,1,0.1774507761001587
59,2,GSM331522,1,0.5078664422035217
59,2,GSM331525,1,0.6722710728645325
59,2,GSM331528,1,0.6204915046691895
59,2,GSM331529,1,0.22676531970500946
59,2,GSM331530,1,0.5765212774276733
59,2,GSM331535,1,0.5445554852485657
59,2,GSM331536,1,0.5538397431373596
59,2,GSM331543,1,0.6360660195350647
59,2,GSM331544,1,0.314392626285553
59,2,GSM331548,1,0.2462051957845688
59,2,GSM331552,1,0.5651499629020691
59,2,GSM331553,1,0.7456132173538208
59,2,GSM331554,1,0.3520674407482147
59,2,GSM331555,1,0.23674200475215912
59,2,GSM331557,1,0.561795175075531
59,2,GSM331560,1,0.45628583431243896
59,2,GSM331561,1,0.4519924819469452
59,2,GSM331562,1,0.32176655530929565
59,2,GSM331563,1,0.6028124690055847
59,2,GSM331566,1,0.5559614300727844
59,2,GSM331571,1,0.31690481305122375
59,2,GSM331572,1,0.7409521341323853
59,2,GSM331574,1,0.1542978137731552
59,2,GSM331576,1,0.8194945454597473
59,2,GSM331578,1,0.6496313214302063
59,2,GSM331579,1,0.4303334057331085
59,2,GSM331580,1,0.4429808557033539
59,2,GSM331583,1,0.31540098786354065
59,2,GSM331586,1,0.46777576208114624
59,2,GSM331591,1,0.5241994857788086
59,2,GSM331592,1,0.5988250970840454
59,2,GSM331595,1,0.6927931904792786
59,2,GSM331596,1,0.33632931113243103
59,2,GSM331597,1,0.8121854066848755
59,2,GSM331599,1,0.8595684170722961
59,2,GSM331601,1,0.38028183579444885
59,2,GSM331604,1,0.6183534264564514
59,2,GSM331605,1,0.628054141998291
59,2,GSM331606,1,0.3626118004322052
59,2,GSM331609,1,0.661672055721283
59,2,GSM331611,1,0.5220270156860352
59,2,GSM331612,1,0.3226119875907898
59,2,GSM331615,1,0.6352593302726746
59,2,GSM331617,1,0.7620390057563782
59,2,GSM331618,1,0.567835807800293
59,2,GSM331619,1,0.390459805727005
59,2,GSM331622,1,0.894315779209137
59,2,GSM331625,1,0.6550917029380798
59,2,GSM331632,1,0.30170318484306335
59,2,GSM331634,1,0.40583398938179016
59,2,GSM331635,1,0.36048808693885803
59,2,GSM331636,1,0.6231710910797119
59,2,GSM331637,1,0.4856790602207184
59,2,GSM331645,1,0.3955414593219757
59,2,GSM331646,1,0.2201477438211441
59,2,GSM331647,1,0.4448068141937256
59,2,GSM331650,1,0.6826003193855286
59,2,GSM331651,1,0.5533298850059509
59,2,GSM331652,1,0.6756433248519897
59,2,GSM331653,1,0.2832027077674866
59,2,GSM331654,1,0.9404297471046448
59,2,GSM331656,1,0.5187186002731323
59,2,GSM331658,1,0.6767466068267822
59,2,GSM331659,1,0.5827427506446838
60,1,GSM331638,0,0.6329618692398071
60,1,GSM331660,0,0.31373709440231323
60,1,GSM331662,0,0.3955574631690979
60,1,GSM331665,0,0.591705858707428
60,1,GSM331668,0,0.7254310250282288
60,1,GSM331669,0,0.7813810706138611
60,1,GSM331670,0,0.5291954278945923
60,1,GSM331671,0,0.3972882926464081
60,1,GSM331672,0,0.8408159017562866
60,1,GSM331676,0,0.6867946982383728
60,1,GSM331678,0,0.18809263408184052
60,1,GSM331683,0,0.8294514417648315
60,1,GSM331684,0,0.5559290051460266
60,1,GSM331685,0,0.1080644428730011
60,1,GSM331686,0,0.7952705025672913
60,1,GSM331687,0,0.39754626154899597
60,1,GSM331690,0,0.6526282429695129
60,1,GSM331692,0,0.3168192207813263
60,1,GSM331700,0,0.3494601547718048
60,1,GSM331702,0,0.6737571358680725
60,1,GSM331706,0,0.8625717759132385
60,1,GSM331707,0,0.2481856644153595
60,1,GSM331709,0,0.5878788828849792
60,1,GSM331710,0,0.454977422952652
60,1,GSM331711,0,0.7681934237480164
60,1,GSM331713,0,0.4355372488498688
60,1,GSM331714,0,0.8244728446006775
60,1,GSM331715,0,0.3482673764228821
60,1,GSM331716,0,0.9459328651428223
60,1,GSM331718,0,0.7479183077812195
60,1,GSM331719,0,0.3898654282093048
60,1,GSM331722,0,0.5257291793823242
60,1,GSM331723,0,0.7203513383865356
60,1,GSM331728,0,0.11928273737430573
60,1,GSM331730,0,0.7090409398078918
60,1,GSM331731,0,0.7461938858032227
60,1,GSM331732,0,0.6973869204521179
60,1,GSM331453,1,0.5368208885192871
60,1,GSM331455,1,0.26928529143333435
60,1,GSM331459,1,0.7425097823143005
60,1,GSM331460,1,0.35347768664360046
60,1,GSM331461,1,0.3500382602214813
60,1,GSM331462,1,0.404071569442749
60,1,GSM331464,1,0.5118967294692993
60,1,GSM331466,1,0.569170355796814
60,1,GSM331467,1,0.5231179594993591
60,1,GSM331469,1,0.49224311113357544
60,1,GSM331477,1,0.6917039752006531
60,1,GSM331479,1,0.21065904200077057
60,1,GSM331480,1,0.665912926197052
60,1,GSM331481,1,0.6646054983139038
60,1,GSM331482,1,0.3651546835899353
60,1,GSM331483,1,0.4975837767124176
60,1,GSM331487,1,0.7960399985313416
60,1,GSM331490,1,0.5348865985870361
60,1,GSM331491,1,0.5415042638778687
60,1,GSM331492,1,0.34349900484085083
60,1,GSM331493,1,0.36342963576316833
60,1,GSM331495,1,0.5287059545516968
60,1,GSM331497,1,0.2248028963804245
60,1,GSM331504,1,0.6477635502815247
60,1,GSM331505,1,0.5809164047241211
60,1,GSM331508,1,0.5763745903968811
60,1,GSM331509,1,0.16915731132030487
60,1,GSM331511,1,0.7912686467170715
60,1,GSM331512,1,0.6865742206573486
60,1,GSM331513,1,0.8662649989128113
60,1,GSM331514,1,0.5503700971603394
60,1,GSM331516,1,0.6190772652626038
60,1,GSM331517,1,0.6002215147018433
60,1,GSM331518,1,0.30027496814727783
60,1,GSM331521,1,0.15316453576087952
60,1,GSM331527,1,0.3254576325416565
60,1,GSM331528,1,0.6468555927276611
60,1,GSM331530,1,0.5995930433273315
60,1,GSM331531,1,0.5909096598625183
60,1,GSM331532,1,0.3957210183143616
60,1,GSM331535,1,0.4795040786266327
60,1,GSM331537,1,0.7526960968971252
60,1,GSM331538,1,0.2605000436306
60,1,GSM331542,1,0.5824356079101562
60,1,GSM331543,1,0.7632050514221191
60,1,GSM331547,1,0.3902178406715393
60,1,GSM331550,1,0.24132409691810608
60,1,GSM331553,1,0.8484246730804443
60,1,GSM331554,1,0.30939018726348877
60,1,GSM331556,1,0.23528245091438293
60,1,GSM331557,1,0.6618776917457581
60,1,GSM331558,1,0.4018164277076721
60,1,GSM331564,1,0.5077833533287048
60,1,GSM331567,1,0.5589314103126526
60,1,GSM331568,1,0.540278971195221
60,1,GSM331569,1,0.5222859382629395
60,1,GSM331570,1,0.5549220442771912
60,1,GSM331571,1,0.38732585310935974
60,1,GSM331575,1,0.5771439075469971
60,1,GSM331576,1,0.8601531982421875
60,1,GSM331579,1,0.6478362679481506
60,1,GSM331580,1,0.4809179902076721
60,1,GSM331584,1,0.1672123372554779
60,1,GSM331589,1,0.6227749586105347
60,1,GSM331590,1,0.4387240707874298
60,1,GSM331591,1,0.6024357676506042
60,1,GSM331593,1,0.33076968789100647
60,1,GSM331594,1,0.19620941579341888
60,1,GSM331597,1,0.8013399243354797
60,1,GSM331598,1,0.524053156375885
60,1,GSM331602,1,0.6115155220031738
60,1,GSM331604,1,0.48912081122398376
60,1,GSM331605,1,0.751401424407959
60,1,GSM331607,1,0.8171144127845764
60,1,GSM331610,1,0.6515579223632812
60,1,GSM331611,1,0.8311716914176941
60,1,GSM331614,1,0.638514518737793
60,1,GSM331615,1,0.5927780866622925
60,1,GSM331617,1,0.7377869486808777
60,1,GSM331618,1,0.7166469693183899
60,1,GSM331620,1,0.6814199686050415
60,1,GSM331621,1,0.7066050171852112
60,1,GSM331622,1,0.8901730179786682
60,1,GSM331624,1,0.5257976055145264
60,1,GSM331625,1,0.577030599117279
60,1,GSM331628,1,0.5217846632003784
60,1,GSM331629,1,0.11744756996631622
60,1,GSM331631,1,0.2756442427635193
60,1,GSM331637,1,0.4210807979106903
60,1,GSM331639,1,0.473495751619339
60,1,GSM331640,1,0.1955249011516571
60,1,GSM331641,1,0.5844935774803162
60,1,GSM331643,1,0.8240878582000732
60,1,GSM331644,1,0.41010183095932007
60,1,GSM331646,1,0.18832042813301086
60,1,GSM331647,1,0.2909942865371704
60,1,GSM331648,1,0.5206589102745056
60,1,GSM331649,1,0.5757734179496765
60,1,GSM331650,1,0.6626158356666565
60,1,GSM331651,1,0.7461910843849182
60,1,GSM331652,1,0.7188897132873535
60,1,GSM331655,1,0.6291007995605469
60,1,GSM331657,1,0.7842812538146973
60,2,GSM331661,0,0.5239899158477783
60,2,GSM331663,0,0.2730827033519745
60,2,GSM331664,0,0.15698231756687164
60,2,GSM331666,0,0.4053926169872284
60,2,GSM331673,0,0.4347718358039856
60,2,GSM331674,0,0.3240797817707062
60,2,GSM331675,0,0.21234548091888428
60,2,GSM331677,0,0.3495629131793976
60,2,GSM331679,0,0.13385692238807678
60,2,GSM331680,0,0.7811345458030701
60,2,GSM331681,0,0.47909486293792725
60,2,GSM331682,0,0.6279953718185425
60,2,GSM331688,0,0.6644988059997559
60,2,GSM331689,0,0.22179439663887024
60,2,GSM331691,0,0.7659990191459656
60,2,GSM331693,0,0.5294420123100281
60,2,GSM331694,0,0.3385562598705292
60,2,GSM331695,0,0.6661864519119263
60,2,GSM331696,0,0.39054855704307556
60,2,GSM331697,0,0.7045217156410217
60,2,GSM331698,0,0.30298954248428345
60,2,GSM331699,0,0.5112457275390625
60,2,GSM331701,0,0.1956082284450531
60,2,GSM331703,0,0.7700987458229065
60,2,GSM331704,0,0.5731978416442871
60,2,GSM331705,0,0.6226304769515991
60,2,GSM331708,0,0.5797656774520874
60,2,GSM331712,0,0.6504771709442139
60,2,GSM331717,0,0.692930281162262
60,2,GSM331720,0,0.2906428575515747
60,2,GSM331721,0,0.6762763261795044
60,2,GSM331724,0,0.36887452006340027
60,2,GSM331725,0,0.30247220396995544
60,2,GSM331726,0,0.34584835171699524
60,2,GSM331727,0,0.27948009967803955
60,2,GSM331729,0,0.18040990829467773
60,2,GSM331454,1,0.637054979801178
60,2,GSM331456,1,0.90644371509552
60,2,GSM331457,1,0.6277256011962891
60,2,GSM331458,1,0.7293404340744019
60,2,GSM331463,1,0.8810425996780396
60,2,GSM331465,1,0.8592138886451721
60,2,GSM331468,1,0.6127515435218811
60,2,GSM331470,1,0.630177915096283
60,2,GSM331471,1,0.6361271142959595
60,2,GSM331472,1,0.7889580726623535
60,2,GSM331473,1,0.15315067768096924
60,2,GSM331474,1,0.36625105142593384
60,2,GSM331475,1,0.6198774576187134
60,2,GSM331476,1,0.3160664141178131
60,2,GSM331478,1,0.6710519790649414
60,2,GSM331484,1,0.09320689737796783
60,2,GSM331485,1,0.8708156943321228
60,2,GSM331486,1,0.21748584508895874
60,2,GSM331488,1,0.683808445930481
60,2,GSM331489,1,0.6904351711273193
60,2,GSM331494,1,0.8698546886444092
60,2,GSM331496,1,0.12143254280090332
60,2,GSM331498,1,0.514545738697052
60,2,GSM331499,1,0.73208087682724
60,2,GSM331500,1,0.8812934160232544
60,2,GSM331501,1,0.3361552655696869
60,2,GSM331502,1,0.8584708571434021
60,2,GSM331503,1,0.37013551592826843
60,2,GSM331506,1,0.3699251115322113
60,2,GSM331507,1,0.1324835568666458
60,2,GSM331510,1,0.3863227665424347
60,2,GSM331515,1,0.33873099088668823
60,2,GSM331519,1,0.6704288125038147
60,2,GSM331520,1,0.7274401187896729
60,2,GSM331522,1,0.23757795989513397
60,2,GSM331523,1,0.9267084002494812
60,2,GSM331524,1,0.4502999186515808
60,2,GSM331525,1,0.1321372389793396
60,2,GSM331526,1,0.6930087208747864
60,2,GSM331529,1,0.08703659474849701
60,2,GSM331533,1,0.34266117215156555
60,2,GSM331534,1,0.8357846140861511
60,2,GSM331536,1,0.34160375595092773
60,2,GSM331539,1,0.7150507569313049
60,2,GSM331540,1,0.7870178818702698
60,2,GSM331541,1,0.5458791851997375
60,2,GSM331544,1,0.31822070479393005
60,2,GSM331545,1,0.4660578668117523
60,2,GSM331546,1,0.7196095585823059
60,2,GSM331548,1,0.21155321598052979
60,2,GSM331549,1,0.7628235816955566
60,2,GSM331551,1,0.656742513179779
60,2,GSM331552,1,0.6351261138916016
60,2,GSM331555,1,0.15947143733501434
60,2,GSM331559,1,0.6812285780906677
60,2,GSM331560,1,0.601139485836029
60,2,GSM331561,1,0.42309513688087463
60,2,GSM331562,1,0.47641420364379883
60,2,GSM331563,1,0.3046560287475586
60,2,GSM331565,1,0.7510756254196167
60,2,GSM331566,1,0.39107510447502136
60,2,GSM331572,1,0.43010157346725464
60,2,GSM331573,1,0.6031530499458313
60,2,GSM331574,1,0.30537861585617065
60,2,GSM331577,1,0.30541738867759705
60,2,GSM331578,1,0.4058390259742737
60,2,GSM331581,1,0.723372757434845
60,2,GSM331582,1,0.3183978199958801
60,2,GSM331583,1,0.3775422275066376
60,2,GSM331585,1,0.5872231721878052
60,2,GSM331586,1,0.14717653393745422
60,2,GSM331587,1,0.5887891054153442
60,2,GSM331588,1,0.49658313393592834
60,2,GSM331592,1,0.5882474184036255
60,2,GSM331595,1,0.6948292851448059
60,2,GSM331596,1,0.4758830666542053
60,2,GSM331599,1,0.5377116203308105
60,2,GSM331600,1,0.842214822769165
60,2,GSM331601,1,0.5654813051223755
60,2,GSM331603,1,0.2903871238231659
60,2,GSM331606,1,0.14138107001781464
60,2,GSM331608,1,0.05287712812423706
60,2,GSM331609,1,0.7989810109138489
60,2,GSM331612,1,0.4432283043861389
60,2,GSM331613,1,0.4218694865703583
60,2,GSM331616,1,0.7155725955963135
60,2,GSM331619,1,0.5600502490997314
60,2,GSM331623,1,0.1697511374950409
60,2,GSM331626,1,0.5527536273002625
60,2,GSM331627,1,0.8151856660842896
60,2,GSM331630,1,0.6600469350814819
60,2,GSM331632,1,0.43952393531799316
60,2,GSM331633,1,0.5495033860206604
60,2,GSM331634,1,0.8611606955528259
60,2,GSM331635,1,0.46435126662254333
60,2,GSM331636,1,0.4503158628940582
60,2,GSM331642,1,0.5513075590133667
60,2,GSM331645,1,0.4857392907142639
60,2,GSM331653,1,0.5798153281211853
60,2,GSM331654,1,0.9432865977287292
60,2,GSM331656,1,0.3754672408103943
60,2,GSM331658,1,0.3879680633544922
60,2,GSM331659,1,0.5617883801460266
61,1,GSM331664,0,0.6018180251121521
61,1,GSM331666,0,0.40063968300819397
61,1,GSM331669,0,0.6559140682220459
61,1,GSM331671,0,0.6800260543823242
61,1,GSM331672,0,0.695634126663208
61,1,GSM331673,0,0.588381290435791
61,1,GSM331674,0,0.6117597818374634
61,1,GSM331675,0,0.42947620153427124
61,1,GSM331676,0,0.6792436838150024
61,1,GSM331679,0,0.6803999543190002
61,1,GSM331681,0,0.4678334891796112
61,1,GSM331683,0,0.8131871223449707
61,1,GSM331686,0,0.5761758685112
61,1,GSM331688,0,0.6317785978317261
61,1,GSM331691,0,0.4046202600002289
61,1,GSM331692,0,0.4608423709869385
61,1,GSM331693,0,0.5493979454040527
61,1,GSM331694,0,0.6392725706100464
61,1,GSM331697,0,0.5060030817985535
61,1,GSM331699,0,0.5004718899726868
61,1,GSM331702,0,0.4551783800125122
61,1,GSM331705,0,0.5270355939865112
61,1,GSM331707,0,0.557800829410553
61,1,GSM331709,0,0.5539310574531555
61,1,GSM331711,0,0.7347233295440674
61,1,GSM331712,0,0.4840185046195984
61,1,GSM331715,0,0.2736246883869171
61,1,GSM331718,0,0.7334913611412048
61,1,GSM331719,0,0.3699119985103607
61,1,GSM331723,0,0.5710950493812561
61,1,GSM331724,0,0.5235510468482971
61,1,GSM331725,0,0.6322944760322571
61,1,GSM331726,0,0.42768174409866333
61,1,GSM331727,0,0.5719067454338074
61,1,GSM331728,0,0.4755205810070038
61,1,GSM331729,0,0.415568470954895
61,1,GSM331731,0,0.6116028428077698
61,1,GSM331453,1,0.4749032258987427
61,1,GSM331454,1,0.2517705261707306
61,1,GSM331455,1,0.17493179440498352
61,1,GSM331457,1,0.6026419997215271
61,1,GSM331458,1,0.4559457302093506
61,1,GSM331459,1,0.446980744600296
61,1,GSM331460,1,0.6125653386116028
61,1,GSM331462,1,0.4716796576976776
61,1,GSM331463,1,0.342459112405777
61,1,GSM331464,1,0.45444563031196594
61,1,GSM331465,1,0.32989105582237244
61,1,GSM331471,1,0.44283193349838257
61,1,GSM331473,1,0.7529740929603577
61,1,GSM331477,1,0.24565698206424713
61,1,GSM331480,1,0.6636229753494263
61,1,GSM331481,1,0.5504124760627747
61,1,GSM331484,1,0.6472695469856262
61,1,GSM331485,1,0.5951113700866699
61,1,GSM331486,1,0.6026601195335388
61,1,GSM331489,1,0.46206098794937134
61,1,GSM331491,1,0.5479221940040588
61,1,GSM331492,1,0.39982226490974426
61,1,GSM331498,1,0.3417741656303406
61,1,GSM331503,1,0.3558517098426819
61,1,GSM331508,1,0.48729759454727173
61,1,GSM331512,1,0.6240511536598206
61,1,GSM331513,1,0.5927203297615051
61,1,GSM331517,1,0.6278189420700073
61,1,GSM331519,1,0.36460021138191223
61,1,GSM331522,1,0.5220116376876831
61,1,GSM331525,1,0.7762922048568726
61,1,GSM331526,1,0.465383380651474
61,1,GSM331529,1,0.5964279770851135
61,1,GSM331531,1,0.6309388279914856
61,1,GSM331533,1,0.4482475221157074
61,1,GSM331535,1,0.39826473593711853
61,1,GSM331537,1,0.4600464105606079
61,1,GSM331538,1,0.23529863357543945
61,1,GSM331539,1,0.315031498670578
61,1,GSM331541,1,0.5423815846443176
61,1,GSM331542,1,0.5316967368125916
61,1,GSM331545,1,0.5542731285095215
61,1,GSM331547,1,0.538022518157959
61,1,GSM331548,1,0.6039506196975708
61,1,GSM331549,1,0.7008851170539856
61,1,GSM331555,1,0.3986048102378845
61,1,GSM331556,1,0.5670530796051025
61,1,GSM331557,1,0.6837286353111267
61,1,GSM331560,1,0.24910509586334229
61,1,GSM331561,1,0.5190463662147522
61,1,GSM331563,1,0.6354361176490784
61,1,GSM331564,1,0.4991820156574249
61,1,GSM331566,1,0.5994545817375183
61,1,GSM331567,1,0.257405161857605
61,1,GSM331569,1,0.3158436417579651
61,1,GSM331570,1,0.46274521946907043
61,1,GSM331574,1,0.49881523847579956
61,1,GSM331576,1,0.6179929375648499
61,1,GSM331578,1,0.529679000377655
61,1,GSM331581,1,0.3061651587486267
61,1,GSM331587,1,0.58256596326828
61,1,GSM331589,1,0.44792160391807556
61,1,GSM331590,1,0.41243889927864075
61,1,GSM331591,1,0.6017094254493713
61,1,GSM331594,1,0.6858873963356018
61,1,GSM331595,1,0.4705619812011719
61,1,GSM331596,1,0.677395224571228
61,1,GSM331597,1,0.3328726589679718
61,1,GSM331599,1,0.8210044503211975
61,1,GSM331600,1,0.6074950098991394
61,1,GSM331601,1,0.6215630173683167
61,1,GSM331602,1,0.47204703092575073
61,1,GSM331603,1,0.6741127371788025
61,1,GSM331604,1,0.5092896819114685
61,1,GSM331606,1,0.43458291888237
61,1,GSM331607,1,0.6984201073646545
61,1,GSM331608,1,0.6641383171081543
61,1,GSM331610,1,0.5536660552024841
61,1,GSM331612,1,0.5921177864074707
61,1,GSM331613,1,0.4795904755592346
61,1,GSM331614,1,0.3448553681373596
61,1,GSM331617,1,0.7074796557426453
61,1,GSM331618,1,0.4789983928203583
61,1,GSM331619,1,0.3008897602558136
61,1,GSM331620,1,0.5180597901344299
61,1,GSM331622,1,0.6149421334266663
61,1,GSM331623,1,0.5881140232086182
61,1,GSM331625,1,0.4900788962841034
61,1,GSM331626,1,0.19019372761249542
61,1,GSM331628,1,0.47383740544319153
61,1,GSM331630,1,0.44232481718063354
61,1,GSM331635,1,0.46888941526412964
61,1,GSM331636,1,0.38739603757858276
61,1,GSM331640,1,0.25982576608657837
61,1,GSM331641,1,0.3609369099140167
61,1,GSM331642,1,0.5460609793663025
61,1,GSM331648,1,0.38306114077568054
61,1,GSM331650,1,0.524696409702301
61,1,GSM331651,1,0.603787899017334
61,1,GSM331654,1,0.7366673946380615
61,1,GSM331657,1,0.5943145155906677
61,1,GSM331658,1,0.539570689201355
61,1,GSM331659,1,0.5182573199272156
61,2,GSM331638,0,0.5826323628425598
61,2,GSM331660,0,0.5288624167442322
61,2,GSM331661,0,0.5012564063072205
61,2,GSM331662,0,0.6181656718254089
61,2,GSM331663,0,0.37850475311279297
61,2,GSM331665,0,0.5166628956794739
61,2,GSM331668,0,0.5391887426376343
61,2,GSM331670,0,0.48209813237190247
61,2,GSM331677,0,0.40184879302978516
61,2,GSM331678,0,0.5067434310913086
61,2,GSM331680,0,0.6791802644729614
61,2,GSM331682,0,0.4614313542842865
61,2,GSM331684,0,0.4510141611099243
61,2,GSM331685,0,0.43802985548973083
61,2,GSM331687,0,0.35896220803260803
61,2,GSM331689,0,0.4634582996368408
61,2,GSM331690,0,0.4266979992389679
61,2,GSM331695,0,0.4658270478248596
61,2,GSM331696,0,0.42285528779029846
61,2,GSM331698,0,0.14828181266784668
61,2,GSM331700,0,0.44058462977409363
61,2,GSM331701,0,0.3613933026790619
61,2,GSM331703,0,0.450573593378067
61,2,GSM331704,0,0.5451751947402954
61,2,GSM331706,0,0.4690360724925995
61,2,GSM331708,0,0.5730692148208618
61,2,GSM331710,0,0.5229968428611755
61,2,GSM331713,0,0.478023886680603
61,2,GSM331714,0,0.7265737056732178
61,2,GSM331716,0,0.6707878112792969
61,2,GSM331717,0,0.5593976974487305
61,2,GSM331720,0,0.5738170146942139
61,2,GSM331721,0,0.5729737281799316
61,2,GSM331722,0,0.6375161409378052
61,2,GSM331730,0,0.4930249750614166
61,2,GSM331732,0,0.5011417865753174
61,2,GSM331456,1,0.3941209018230438
61,2,GSM331461,1,0.5727284550666809
61,2,GSM331466,1,0.5888441205024719
61,2,GSM331467,1,0.2510948181152344
61,2,GSM331468,1,0.5157092213630676
61,2,GSM331469,1,0.5444639921188354
61,2,GSM331470,1,0.5762870907783508
61,2,GSM331472,1,0.3397351801395416
61,2,GSM331474,1,0.5771631598472595
61,2,GSM331475,1,0.5546048879623413
61,2,GSM331476,1,0.6453390121459961
61,2,GSM331478,1,0.6413997411727905
61,2,GSM331479,1,0.72306227684021
61,2,GSM331482,1,0.28893524408340454
61,2,GSM331483,1,0.6779857873916626
61,2,GSM331487,1,0.6959830522537231
61,2,GSM331488,1,0.6695348024368286
61,2,GSM331490,1,0.2601724863052368
61,2,GSM331493,1,0.31153354048728943
61,2,GSM331494,1,0.664470374584198
61,2,GSM331495,1,0.4910160303115845
61,2,GSM331496,1,0.5452994704246521
61,2,GSM331497,1,0.5562583208084106
61,2,GSM331499,1,0.6240566968917847
61,2,GSM331500,1,0.3719630241394043
61,2,GSM331501,1,0.5288711786270142
61,2,GSM331502,1,0.740517258644104
61,2,GSM331504,1,0.35859596729278564
61,2,GSM331505,1,0.5311817526817322
61,2,GSM331506,1,0.423726350069046
61,2,GSM331507,1,0.40756410360336304
61,2,GSM331509,1,0.5586925745010376
61,2,GSM331510,1,0.6100290417671204
61,2,GSM331511,1,0.6029878258705139
61,2,GSM331514,1,0.5017958283424377
61,2,GSM331515,1,0.606213390827179
61,2,GSM331516,1,0.6307546496391296
61,2,GSM331518,1,0.6526282429695129
61,2,GSM331520,1,0.38841113448143005
61,2,GSM331521,1,0.40956610441207886
61,2,GSM331523,1,0.527410089969635
61,2,GSM331524,1,0.4187808930873871
61,2,GSM331527,1,0.30910471081733704
61,2,GSM331528,1,0.6576471328735352
61,2,GSM331530,1,0.4698813855648041
61,2,GSM331532,1,0.4067728519439697
61,2,GSM331534,1,0.5042010545730591
61,2,GSM331536,1,0.6531491279602051
61,2,GSM331540,1,0.5961679816246033
61,2,GSM331543,1,0.5257411003112793
61,2,GSM331544,1,0.19924774765968323
61,2,GSM331546,1,0.48109135031700134
61,2,GSM331550,1,0.5777453184127808
61,2,GSM331551,1,0.5904428362846375
61,2,GSM331552,1,0.2817656397819519
61,2,GSM331553,1,0.6077526211738586
61,2,GSM331554,1,0.470528244972229
61,2,GSM331558,1,0.2735234498977661
61,2,GSM331559,1,0.6532723903656006
61,2,GSM331562,1,0.6013116836547852
61,2,GSM331565,1,0.40624821186065674
61,2,GSM331568,1,0.6285251975059509
61,2,GSM331571,1,0.6015465259552002
61,2,GSM331572,1,0.4951931834220886
61,2,GSM331573,1,0.5950592160224915
61,2,GSM331575,1,0.5885597467422485
61,2,GSM331577,1,0.3336467444896698
61,2,GSM331579,1,0.3963523507118225
61,2,GSM331580,1,0.558662474155426
61,2,GSM331582,1,0.5033928155899048
61,2,GSM331583,1,0.5851512551307678
61,2,GSM331584,1,0.44531571865081787
61,2,GSM331585,1,0.5287920236587524
61,2,GSM331586,1,0.34913167357444763
61,2,GSM331588,1,0.5656010508537292
61,2,GSM331592,1,0.46549275517463684
61,2,GSM331593,1,0.5283753275871277
61,2,GSM331598,1,0.27428489923477173
61,2,GSM331605,1,0.49756819009780884
61,2,GSM331609,1,0.44559207558631897
61,2,GSM331611,1,0.672335684299469
61,2,GSM331615,1,0.3698412775993347
61,2,GSM331616,1,0.44701775908470154
61,2,GSM331621,1,0.38478216528892517
61,2,GSM331624,1,0.5773894786834717
61,2,GSM331627,1,0.25956472754478455
61,2,GSM331629,1,0.4153422713279724
61,2,GSM331631,1,0.35574236512184143
61,2,GSM331632,1,0.33993613719940186
61,2,GSM331633,1,0.4485851228237152
61,2,GSM331634,1,0.3562864363193512
61,2,GSM331637,1,0.3599294424057007
61,2,GSM331639,1,0.25949037075042725
61,2,GSM331643,1,0.7194714546203613
61,2,GSM331644,1,0.3420763909816742
61,2,GSM331645,1,0.4316747188568115
61,2,GSM331646,1,0.29446321725845337
61,2,GSM331647,1,0.615509033203125
61,2,GSM331649,1,0.5380634069442749
61,2,GSM331652,1,0.7073735594749451
61,2,GSM331653,1,0.4323330223560333
61,2,GSM331655,1,0.37304773926734924
61,2,GSM331656,1,0.3188614547252655
62,1,GSM331638,0,0.5043765306472778
62,1,GSM331660,0,0.2568662166595459
62,1,GSM331661,0,0.6310847401618958
62,1,GSM331662,0,0.44379284977912903
62,1,GSM331664,0,0.20794467628002167
62,1,GSM331666,0,0.1773587167263031
62,1,GSM331671,0,0.49856337904930115
62,1,GSM331672,0,0.7519229650497437
62,1,GSM331673,0,0.4021870493888855
62,1,GSM331674,0,0.4855993092060089
62,1,GSM331675,0,0.12860117852687836
62,1,GSM331677,0,0.3403007388114929
62,1,GSM331678,0,0.11324737221002579
62,1,GSM331680,0,0.42896324396133423
62,1,GSM331683,0,0.8198155760765076
62,1,GSM331686,0,0.8186575770378113
62,1,GSM331687,0,0.2078816443681717
62,1,GSM331692,0,0.12193192541599274
62,1,GSM331694,0,0.3361372649669647
62,1,GSM331697,0,0.36546018719673157
62,1,GSM331698,0,0.18981459736824036
62,1,GSM331699,0,0.32961249351501465
62,1,GSM331700,0,0.17764697968959808
62,1,GSM331704,0,0.7987300753593445
62,1,GSM331705,0,0.5714714527130127
62,1,GSM331706,0,0.8657808899879456
62,1,GSM331708,0,0.5039616823196411
62,1,GSM331710,0,0.30543890595436096
62,1,GSM331711,0,0.840422511100769
62,1,GSM331712,0,0.6765968203544617
62,1,GSM331713,0,0.31727075576782227
62,1,GSM331716,0,0.9755418300628662
62,1,GSM331718,0,0.5060682892799377
62,1,GSM331720,0,0.17750310897827148
62,1,GSM331726,0,0.20118246972560883
62,1,GSM331727,0,0.3564577102661133
62,1,GSM331729,0,0.06921345740556717
62,1,GSM331453,1,0.36283302307128906
62,1,GSM331454,1,0.43236857652664185
62,1,GSM331457,1,0.4565880298614502
62,1,GSM331458,1,0.4963342249393463
62,1,GSM331459,1,0.5620507001876831
62,1,GSM331461,1,0.24422217905521393
62,1,GSM331462,1,0.21434135735034943
62,1,GSM331463,1,0.2870146632194519
62,1,GSM331466,1,0.3871154189109802
62,1,GSM331467,1,0.3319973349571228
62,1,GSM331468,1,0.6460015773773193
62,1,GSM331469,1,0.3388324975967407
62,1,GSM331470,1,0.6434218287467957
62,1,GSM331472,1,0.35766562819480896
62,1,GSM331475,1,0.2617444694042206
62,1,GSM331476,1,0.24221357703208923
62,1,GSM331477,1,0.48368126153945923
62,1,GSM331479,1,0.22025874257087708
62,1,GSM331480,1,0.5220200419425964
62,1,GSM331481,1,0.5918282866477966
62,1,GSM331482,1,0.2673899531364441
62,1,GSM331484,1,0.11196653544902802
62,1,GSM331487,1,0.7880249619483948
62,1,GSM331488,1,0.6794533729553223
62,1,GSM331490,1,0.29809123277664185
62,1,GSM331492,1,0.3593710958957672
62,1,GSM331496,1,0.13984732329845428
62,1,GSM331497,1,0.21686452627182007
62,1,GSM331499,1,0.5838964581489563
62,1,GSM331500,1,0.47308415174484253
62,1,GSM331501,1,0.2674744725227356
62,1,GSM331503,1,0.3886165916919708
62,1,GSM331505,1,0.5423040986061096
62,1,GSM331509,1,0.21432077884674072
62,1,GSM331510,1,0.5400959849357605
62,1,GSM331513,1,0.7841658592224121
62,1,GSM331514,1,0.33970069885253906
62,1,GSM331516,1,0.5452657341957092
62,1,GSM331517,1,0.5787492990493774
62,1,GSM331520,1,0.4565301835536957
62,1,GSM331521,1,0.07231283187866211
62,1,GSM331525,1,0.4635007977485657
62,1,GSM331526,1,0.5421299934387207
62,1,GSM331527,1,0.2035650908946991
62,1,GSM331528,1,0.5839135050773621
62,1,GSM331529,1,0.16346603631973267
62,1,GSM331532,1,0.1630626618862152
62,1,GSM331544,1,0.17940229177474976
62,1,GSM331552,1,0.2927011251449585
62,1,GSM331555,1,0.07680810242891312
62,1,GSM331559,1,0.9102981090545654
62,1,GSM331563,1,0.44852307438850403
62,1,GSM331564,1,0.3013872504234314
62,1,GSM331565,1,0.5861518383026123
62,1,GSM331566,1,0.5113720893859863
62,1,GSM331570,1,0.39653921127319336
62,1,GSM331575,1,0.5299379825592041
62,1,GSM331577,1,0.4295869469642639
62,1,GSM331579,1,0.27635347843170166
62,1,GSM331581,1,0.2742394208908081
62,1,GSM331582,1,0.29780885577201843
62,1,GSM331584,1,0.05810829997062683
62,1,GSM331585,1,0.7745863795280457
62,1,GSM331586,1,0.3259255588054657
62,1,GSM331588,1,0.5276471972465515
62,1,GSM331590,1,0.219174325466156
62,1,GSM331591,1,0.7867946624755859
62,1,GSM331592,1,0.6447609663009644
62,1,GSM331593,1,0.3252209722995758
62,1,GSM331594,1,0.13538292050361633
62,1,GSM331598,1,0.34844422340393066
62,1,GSM331599,1,0.8743066191673279
62,1,GSM331600,1,0.8746119141578674
62,1,GSM331602,1,0.43816423416137695
62,1,GSM331603,1,0.24997878074645996
62,1,GSM331606,1,0.1381894201040268
62,1,GSM331608,1,0.12235668301582336
62,1,GSM331612,1,0.3748928904533386
62,1,GSM331614,1,0.4096048176288605
62,1,GSM331615,1,0.514210045337677
62,1,GSM331621,1,0.5240144729614258
62,1,GSM331623,1,0.2556353807449341
62,1,GSM331626,1,0.18192829191684723
62,1,GSM331630,1,0.3899856209754944
62,1,GSM331633,1,0.3221128582954407
62,1,GSM331635,1,0.2507130801677704
62,1,GSM331636,1,0.19565549492835999
62,1,GSM331637,1,0.5930148959159851
62,1,GSM331639,1,0.3024119734764099
62,1,GSM331640,1,0.11134689301252365
62,1,GSM331641,1,0.33487173914909363
62,1,GSM331642,1,0.44972848892211914
62,1,GSM331644,1,0.20391161739826202
62,1,GSM331645,1,0.2748437821865082
62,1,GSM331646,1,0.11933987587690353
62,1,GSM331647,1,0.29307544231414795
62,1,GSM331648,1,0.27473703026771545
62,1,GSM331649,1,0.7026435136795044
62,1,GSM331651,1,0.5341853499412537
62,1,GSM331653,1,0.3165181279182434
62,1,GSM331654,1,0.9168508648872375
62,1,GSM331657,1,0.6958422660827637
62,1,GSM331659,1,0.5019876956939697
62,2,GSM331663,0,0.5546870231628418
62,2,GSM331665,0,0.6831498742103577
62,2,GSM331668,0,0.7516739964485168
62,2,GSM331669,0,0.924317479133606
62,2,GSM331670,0,0.6352719068527222
62,2,GSM331676,0,0.8042993545532227
62,2,GSM331679,0,0.4252870976924896
62,2,GSM331681,0,0.8278725743293762
62,2,GSM331682,0,0.8401660323143005
62,2,GSM331684,0,0.43073105812072754
62,2,GSM331685,0,0.10807051509618759
62,2,GSM331688,0,0.8498777747154236
62,2,GSM331689,0,0.4815088212490082
62,2,GSM331690,0,0.5243595242500305
62,2,GSM331691,0,0.48857876658439636
62,2,GSM331693,0,0.7910306453704834
62,2,GSM331695,0,0.40568670630455017
62,2,GSM331696,0,0.5809651613235474
62,2,GSM331701,0,0.3423583209514618
62,2,GSM331702,0,0.7884414792060852
62,2,GSM331703,0,0.7544700503349304
62,2,GSM331707,0,0.4125421941280365
62,2,GSM331709,0,0.6145879030227661
62,2,GSM331714,0,0.8573499917984009
62,2,GSM331715,0,0.38416042923927307
62,2,GSM331717,0,0.8924131989479065
62,2,GSM331719,0,0.30916091799736023
62,2,GSM331721,0,0.9004643559455872
62,2,GSM331722,0,0.5726423263549805
62,2,GSM331723,0,0.8785002827644348
62,2,GSM331724,0,0.36901867389678955
62,2,GSM331725,0,0.5625720620155334
62,2,GSM331728,0,0.11354637145996094
62,2,GSM331730,0,0.8203011751174927
62,2,GSM331731,0,0.7460417747497559
62,2,GSM331732,0,0.7272337079048157
62,2,GSM331455,1,0.30193910002708435
62,2,GSM331456,1,0.8311429023742676
62,2,GSM331460,1,0.3990972638130188
62,2,GSM331464,1,0.38160744309425354
62,2,GSM331465,1,0.4687378704547882
62,2,GSM331471,1,0.868701696395874
62,2,GSM331473,1,0.5689173936843872
62,2,GSM331474,1,0.19483187794685364
62,2,GSM331478,1,0.7398741245269775
62,2,GSM331483,1,0.540924072265625
62,2,GSM331485,1,0.9353281259536743
62,2,GSM331486,1,0.5268709063529968
62,2,GSM331489,1,0.7188605070114136
62,2,GSM331491,1,0.6689214706420898
62,2,GSM331493,1,0.26880183815956116
62,2,GSM331494,1,0.8880273103713989
62,2,GSM331495,1,0.544223964214325
62,2,GSM331498,1,0.4025125503540039
62,2,GSM331502,1,0.9219530820846558
62,2,GSM331504,1,0.6205011606216431
62,2,GSM331506,1,0.9129744172096252
62,2,GSM331507,1,0.08950545638799667
62,2,GSM331508,1,0.45534756779670715
62,2,GSM331511,1,0.8091725707054138
62,2,GSM331512,1,0.6525502800941467
62,2,GSM331515,1,0.6939724087715149
62,2,GSM331518,1,0.31430119276046753
62,2,GSM331519,1,0.5623806715011597
62,2,GSM331522,1,0.4930790364742279
62,2,GSM331523,1,0.7517977356910706
62,2,GSM331524,1,0.6764822006225586
62,2,GSM331530,1,0.6712255477905273
62,2,GSM331531,1,0.3777599632740021
62,2,GSM331533,1,0.616001546382904
62,2,GSM331534,1,0.8722962737083435
62,2,GSM331535,1,0.4671395421028137
62,2,GSM331536,1,0.4587506651878357
62,2,GSM331537,1,0.7754366993904114
62,2,GSM331538,1,0.354114830493927
62,2,GSM331539,1,0.6461991667747498
62,2,GSM331540,1,0.4858349561691284
62,2,GSM331541,1,0.7024355530738831
62,2,GSM331542,1,0.4819265902042389
62,2,GSM331543,1,0.6653304696083069
62,2,GSM331545,1,0.6160215139389038
62,2,GSM331546,1,0.6808628439903259
62,2,GSM331547,1,0.24711796641349792
62,2,GSM331548,1,0.40043991804122925
62,2,GSM331549,1,0.6728647947311401
62,2,GSM331550,1,0.2381448596715927
62,2,GSM331551,1,0.5700598359107971
62,2,GSM331553,1,0.9709045886993408
62,2,GSM331554,1,0.46538832783699036
62,2,GSM331556,1,0.4994945824146271
62,2,GSM331557,1,0.6676827073097229
62,2,GSM331558,1,0.270829975605011
62,2,GSM331560,1,0.40182769298553467
62,2,GSM331561,1,0.7586049437522888
62,2,GSM331562,1,0.4190169870853424
62,2,GSM331567,1,0.5628164410591125
62,2,GSM331568,1,0.6600536108016968
62,2,GSM331569,1,0.7201640009880066
62,2,GSM331571,1,0.6819264888763428
62,2,GSM331572,1,0.7986584305763245
62,2,GSM331573,1,0.8959898948669434
62,2,GSM331574,1,0.38205909729003906
62,2,GSM331576,1,0.864520251750946
62,2,GSM331578,1,0.7661023736000061
62,2,GSM331580,1,0.571526288986206
62,2,GSM331583,1,0.3535615801811218
62,2,GSM331587,1,0.6235240697860718
62,2,GSM331589,1,0.7886612415313721
62,2,GSM331595,1,0.7197588682174683
62,2,GSM331596,1,0.6587702631950378
62,2,GSM331597,1,0.7683048844337463
62,2,GSM331601,1,0.5186964869499207
62,2,GSM331604,1,0.4434380531311035
62,2,GSM331605,1,0.7961607575416565
62,2,GSM331607,1,0.8347706198692322
62,2,GSM331609,1,0.6408462524414062
62,2,GSM331610,1,0.8210318684577942
62,2,GSM331611,1,0.7438139915466309
62,2,GSM331613,1,0.4222779870033264
62,2,GSM331616,1,0.8309464454650879
62,2,GSM331617,1,0.8259043097496033
62,2,GSM331618,1,0.684743344783783
62,2,GSM331619,1,0.44735100865364075
62,2,GSM331620,1,0.658251941204071
62,2,GSM331622,1,0.9487490653991699
62,2,GSM331624,1,0.5649791359901428
62,2,GSM331625,1,0.708686888217926
62,2,GSM331627,1,0.5594667792320251
62,2,GSM331628,1,0.6575706005096436
62,2,GSM331629,1,0.17569242417812347
62,2,GSM331631,1,0.19691158831119537
62,2,GSM331632,1,0.23807649314403534
62,2,GSM331634,1,0.578128457069397
62,2,GSM331643,1,0.9082826972007751
62,2,GSM331650,1,0.608922004699707
62,2,GSM331652,1,0.8226273655891418
62,2,GSM331655,1,0.6558476686477661
62,2,GSM331656,1,0.4644899070262909
62,2,GSM331658,1,0.6356189846992493
63,1,GSM331638,0,0.7817928791046143
63,1,GSM331660,0,0.5819844007492065
63,1,GSM331662,0,0.5622612833976746
63,1,GSM331663,0,0.3379124402999878
63,1,GSM331664,0,0.32817542552948
63,1,GSM331666,0,0.37343016266822815
63,1,GSM331668,0,0.5802732706069946
63,1,GSM331669,0,0.7455416321754456
63,1,GSM331670,0,0.7372238636016846
63,1,GSM331671,0,0.5284560918807983
63,1,GSM331672,0,0.7464619874954224
63,1,GSM331674,0,0.4728796184062958
63,1,GSM331677,0,0.2031516432762146
63,1,GSM331679,0,0.29522740840911865
63,1,GSM331680,0,0.8380467295646667
63,1,GSM331681,0,0.7379462718963623
63,1,GSM331682,0,0.7852690815925598
63,1,GSM331686,0,0.6733690500259399
63,1,GSM331688,0,0.7782232165336609
63,1,GSM331695,0,0.47280317544937134
63,1,GSM331696,0,0.5674553513526917
63,1,GSM331697,0,0.3826700448989868
63,1,GSM331699,0,0.30841848254203796
63,1,GSM331700,0,0.3687269687652588
63,1,GSM331706,0,0.5731160640716553
63,1,GSM331709,0,0.4763895571231842
63,1,GSM331712,0,0.7302888631820679
63,1,GSM331713,0,0.45366790890693665
63,1,GSM331714,0,0.9252666234970093
63,1,GSM331715,0,0.21303370594978333
63,1,GSM331719,0,0.22426928579807281
63,1,GSM331720,0,0.6580699682235718
63,1,GSM331724,0,0.38815200328826904
63,1,GSM331726,0,0.3180519640445709
63,1,GSM331729,0,0.3840427100658417
63,1,GSM331731,0,0.6179211139678955
63,1,GSM331732,0,0.7432863712310791
63,1,GSM331453,1,0.5897528529167175
63,1,GSM331454,1,0.35681676864624023
63,1,GSM331455,1,0.2543121874332428
63,1,GSM331456,1,0.620367705821991
63,1,GSM331457,1,0.46795257925987244
63,1,GSM331464,1,0.44961047172546387
63,1,GSM331465,1,0.5363104939460754
63,1,GSM331467,1,0.6474481225013733
63,1,GSM331468,1,0.570770263671875
63,1,GSM331471,1,0.6356983184814453
63,1,GSM331472,1,0.40145379304885864
63,1,GSM331473,1,0.49936339259147644
63,1,GSM331477,1,0.5856047868728638
63,1,GSM331480,1,0.7321667075157166
63,1,GSM331481,1,0.5021349787712097
63,1,GSM331482,1,0.5805227160453796
63,1,GSM331485,1,0.7458590269088745
63,1,GSM331486,1,0.4924645721912384
63,1,GSM331488,1,0.6738097667694092
63,1,GSM331489,1,0.522153377532959
63,1,GSM331492,1,0.3603123724460602
63,1,GSM331494,1,0.6548581123352051
63,1,GSM331495,1,0.592022716999054
63,1,GSM331496,1,0.29397305846214294
63,1,GSM331497,1,0.6449557542800903
63,1,GSM331500,1,0.803053081035614
63,1,GSM331501,1,0.3841722309589386
63,1,GSM331506,1,0.6322880387306213
63,1,GSM331507,1,0.3976632058620453
63,1,GSM331508,1,0.7869648337364197
63,1,GSM331519,1,0.3601706624031067
63,1,GSM331520,1,0.4355631172657013
63,1,GSM331525,1,0.6061821579933167
63,1,GSM331526,1,0.7721191048622131
63,1,GSM331529,1,0.41105467081069946
63,1,GSM331530,1,0.4461458921432495
63,1,GSM331533,1,0.4445969760417938
63,1,GSM331534,1,0.5127866268157959
63,1,GSM331535,1,0.28311288356781006
63,1,GSM331536,1,0.48552995920181274
63,1,GSM331537,1,0.7584723234176636
63,1,GSM331538,1,0.46470826864242554
63,1,GSM331540,1,0.8615558743476868
63,1,GSM331543,1,0.6487815380096436
63,1,GSM331544,1,0.15131999552249908
63,1,GSM331547,1,0.530773937702179
63,1,GSM331549,1,0.8345353007316589
63,1,GSM331550,1,0.3683665692806244
63,1,GSM331554,1,0.6863069534301758
63,1,GSM331558,1,0.49042582511901855
63,1,GSM331559,1,0.7684867978096008
63,1,GSM331560,1,0.3662293553352356
63,1,GSM331561,1,0.7175564765930176
63,1,GSM331562,1,0.5440782308578491
63,1,GSM331563,1,0.57343989610672
63,1,GSM331565,1,0.40791046619415283
63,1,GSM331567,1,0.45437413454055786
63,1,GSM331571,1,0.5286667346954346
63,1,GSM331572,1,0.7714811563491821
63,1,GSM331573,1,0.5497736930847168
63,1,GSM331575,1,0.5874611735343933
63,1,GSM331576,1,0.8050094842910767
63,1,GSM331580,1,0.381303608417511
63,1,GSM331582,1,0.3382268249988556
63,1,GSM331584,1,0.5034247040748596
63,1,GSM331585,1,0.6769328713417053
63,1,GSM331586,1,0.3254588842391968
63,1,GSM331589,1,0.37971580028533936
63,1,GSM331592,1,0.5485070943832397
63,1,GSM331595,1,0.4873080253601074
63,1,GSM331596,1,0.5813624858856201
63,1,GSM331598,1,0.35165902972221375
63,1,GSM331600,1,0.7175145149230957
63,1,GSM331601,1,0.6937420964241028
63,1,GSM331603,1,0.6501135230064392
63,1,GSM331604,1,0.2586502730846405
63,1,GSM331606,1,0.23070886731147766
63,1,GSM331608,1,0.24208976328372955
63,1,GSM331609,1,0.4544732868671417
63,1,GSM331610,1,0.44538336992263794
63,1,GSM331611,1,0.7892722487449646
63,1,GSM331614,1,0.444297730922699
63,1,GSM331615,1,0.5425688624382019
63,1,GSM331618,1,0.764015257358551
63,1,GSM331620,1,0.679733395576477
63,1,GSM331623,1,0.719935417175293
63,1,GSM331624,1,0.6045755743980408
63,1,GSM331626,1,0.38826531171798706
63,1,GSM331631,1,0.19297899305820465
63,1,GSM331633,1,0.2626919150352478
63,1,GSM331634,1,0.6052881479263306
63,1,GSM331635,1,0.32626691460609436
63,1,GSM331636,1,0.392480731010437
63,1,GSM331637,1,0.4691309630870819
63,1,GSM331639,1,0.47767505049705505
63,1,GSM331640,1,0.14605391025543213
63,1,GSM331645,1,0.38789013028144836
63,1,GSM331646,1,0.591433048248291
63,1,GSM331647,1,0.6645177602767944
63,1,GSM331649,1,0.7211174368858337
63,1,GSM331653,1,0.3934507966041565
63,1,GSM331654,1,0.8870658278465271
63,1,GSM331658,1,0.47154009342193604
63,2,GSM331661,0,0.6809169054031372
63,2,GSM331665,0,0.4262544810771942
63,2,GSM331673,0,0.5275062322616577
63,2,GSM331675,0,0.38044705986976624
63,2,GSM331676,0,0.40177595615386963
63,2,GSM331678,0,0.43298545479774475
63,2,GSM331683,0,0.8944947719573975
63,2,GSM331684,0,0.5129354000091553
63,2,GSM331685,0,0.3255416750907898
63,2,GSM331687,0,0.15552742779254913
63,2,GSM331689,0,0.5876660346984863
63,2,GSM331690,0,0.44986823201179504
63,2,GSM331691,0,0.6855027079582214
63,2,GSM331692,0,0.31478503346443176
63,2,GSM331693,0,0.3038753867149353
63,2,GSM331694,0,0.7128227353096008
63,2,GSM331698,0,0.2038031965494156
63,2,GSM331701,0,0.33646145462989807
63,2,GSM331702,0,0.477348655462265
63,2,GSM331703,0,0.41635504364967346
63,2,GSM331704,0,0.4045349359512329
63,2,GSM331705,0,0.5989494919776917
63,2,GSM331707,0,0.2754829525947571
63,2,GSM331708,0,0.400808185338974
63,2,GSM331710,0,0.4925141930580139
63,2,GSM331711,0,0.6142449378967285
63,2,GSM331716,0,0.7072082757949829
63,2,GSM331717,0,0.6194102764129639
63,2,GSM331718,0,0.6628184914588928
63,2,GSM331721,0,0.3884638547897339
63,2,GSM331722,0,0.7285774946212769
63,2,GSM331723,0,0.7664905786514282
63,2,GSM331725,0,0.41720205545425415
63,2,GSM331727,0,0.4984285235404968
63,2,GSM331728,0,0.34492677450180054
63,2,GSM331730,0,0.5585448741912842
63,2,GSM331458,1,0.34850025177001953
63,2,GSM331459,1,0.48528626561164856
63,2,GSM331460,1,0.3817969858646393
63,2,GSM331461,1,0.7899696230888367
63,2,GSM331462,1,0.28013700246810913
63,2,GSM331463,1,0.6475383639335632
63,2,GSM331466,1,0.38356202840805054
63,2,GSM331469,1,0.21119070053100586
63,2,GSM331470,1,0.6786103844642639
63,2,GSM331474,1,0.4505240321159363
63,2,GSM331475,1,0.5376206040382385
63,2,GSM331476,1,0.5057582259178162
63,2,GSM331478,1,0.7648260593414307
63,2,GSM331479,1,0.5180186629295349
63,2,GSM331483,1,0.5405904054641724
63,2,GSM331484,1,0.12868812680244446
63,2,GSM331487,1,0.7342010736465454
63,2,GSM331490,1,0.3589114844799042
63,2,GSM331491,1,0.48613879084587097
63,2,GSM331493,1,0.11977847665548325
63,2,GSM331498,1,0.20413444936275482
63,2,GSM331499,1,0.4736675024032593
63,2,GSM331502,1,0.8861216306686401
63,2,GSM331503,1,0.38536328077316284
63,2,GSM331504,1,0.2119630128145218
63,2,GSM331505,1,0.21634621918201447
63,2,GSM331509,1,0.4846020042896271
63,2,GSM331510,1,0.5179807543754578
63,2,GSM331511,1,0.7962495684623718
63,2,GSM331512,1,0.7522081732749939
63,2,GSM331513,1,0.6350048184394836
63,2,GSM331514,1,0.31453171372413635
63,2,GSM331515,1,0.293862909078598
63,2,GSM331516,1,0.8327875137329102
63,2,GSM331517,1,0.6392203569412231
63,2,GSM331518,1,0.6420959234237671
63,2,GSM331521,1,0.20581306517124176
63,2,GSM331522,1,0.46737295389175415
63,2,GSM331523,1,0.6778157353401184
63,2,GSM331524,1,0.20542468130588531
63,2,GSM331527,1,0.35552066564559937
63,2,GSM331528,1,0.47643446922302246
63,2,GSM331531,1,0.43025925755500793
63,2,GSM331532,1,0.5152055025100708
63,2,GSM331539,1,0.5289785265922546
63,2,GSM331541,1,0.49395519495010376
63,2,GSM331542,1,0.13668176531791687
63,2,GSM331545,1,0.3675132393836975
63,2,GSM331546,1,0.38269680738449097
63,2,GSM331548,1,0.3776741325855255
63,2,GSM331551,1,0.23458454012870789
63,2,GSM331552,1,0.2540540397167206
63,2,GSM331553,1,0.6136376261711121
63,2,GSM331555,1,0.20254185795783997
63,2,GSM331556,1,0.22855590283870697
63,2,GSM331557,1,0.37629929184913635
63,2,GSM331564,1,0.734094500541687
63,2,GSM331566,1,0.35772743821144104
63,2,GSM331568,1,0.6510226726531982
63,2,GSM331569,1,0.3418015241622925
63,2,GSM331570,1,0.5872403979301453
63,2,GSM331574,1,0.6439725756645203
63,2,GSM331577,1,0.5941292643547058
63,2,GSM331578,1,0.46717745065689087
63,2,GSM331579,1,0.5163253545761108
63,2,GSM331581,1,0.40441909432411194
63,2,GSM331583,1,0.49151575565338135
63,2,GSM331587,1,0.45546120405197144
63,2,GSM331588,1,0.6086034774780273
63,2,GSM331590,1,0.27673614025115967
63,2,GSM331591,1,0.2833330035209656
63,2,GSM331593,1,0.42743176221847534
63,2,GSM331594,1,0.30897432565689087
63,2,GSM331597,1,0.5476297736167908
63,2,GSM331599,1,0.6131569743156433
63,2,GSM331602,1,0.35200005769729614
63,2,GSM331605,1,0.49535295367240906
63,2,GSM331607,1,0.7392832040786743
63,2,GSM331612,1,0.5996434092521667
63,2,GSM331613,1,0.4437968134880066
63,2,GSM331616,1,0.6551056504249573
63,2,GSM331617,1,0.44169384241104126
63,2,GSM331619,1,0.17511391639709473
63,2,GSM331621,1,0.5151708722114563
63,2,GSM331622,1,0.7137109041213989
63,2,GSM331625,1,0.6272943019866943
63,2,GSM331627,1,0.6082041263580322
63,2,GSM331628,1,0.3279397785663605
63,2,GSM331629,1,0.48472675681114197
63,2,GSM331630,1,0.7380253672599792
63,2,GSM331632,1,0.1581408530473709
63,2,GSM331641,1,0.5420188903808594
63,2,GSM331642,1,0.635514497756958
63,2,GSM331643,1,0.7749366760253906
63,2,GSM331644,1,0.37596118450164795
63,2,GSM331648,1,0.2722868025302887
63,2,GSM331650,1,0.4638057053089142
63,2,GSM331651,1,0.674035906791687
63,2,GSM331652,1,0.5959692001342773
63,2,GSM331655,1,0.4015074372291565
63,2,GSM331656,1,0.4478840231895447
63,2,GSM331657,1,0.7755391001701355
63,2,GSM331659,1,0.301738977432251
64,1,GSM331660,0,0.6050487756729126
64,1,GSM331664,0,0.48098525404930115
64,1,GSM331666,0,0.37989866733551025
64,1,GSM331671,0,0.7141497135162354
64,1,GSM331672,0,0.6085546016693115
64,1,GSM331673,0,0.6359094977378845
64,1,GSM331676,0,0.6610752940177917
64,1,GSM331679,0,0.4622461795806885
64,1,GSM331680,0,0.7844673991203308
64,1,GSM331681,0,0.6884930729866028
64,1,GSM331682,0,0.5542812347412109
64,1,GSM331684,0,0.2976025938987732
64,1,GSM331685,0,0.615868330001831
64,1,GSM331686,0,0.4855344593524933
64,1,GSM331688,0,0.8415884971618652
64,1,GSM331690,0,0.5386630892753601
64,1,GSM331691,0,0.5478792190551758
64,1,GSM331698,0,0.17850948870182037
64,1,GSM331699,0,0.34966668486595154
64,1,GSM331700,0,0.30757415294647217
64,1,GSM331703,0,0.37939000129699707
64,1,GSM331704,0,0.4304577708244324
64,1,GSM331706,0,0.5620853900909424
64,1,GSM331707,0,0.24898791313171387
64,1,GSM331711,0,0.9072321653366089
64,1,GSM331712,0,0.480108380317688
64,1,GSM331713,0,0.36521750688552856
64,1,GSM331714,0,0.9200448989868164
64,1,GSM331719,0,0.3020157516002655
64,1,GSM331721,0,0.7174564599990845
64,1,GSM331722,0,0.7960523366928101
64,1,GSM331723,0,0.375648558139801
64,1,GSM331724,0,0.29337671399116516
64,1,GSM331726,0,0.2316034436225891
64,1,GSM331727,0,0.6823813319206238
64,1,GSM331728,0,0.47279709577560425
64,1,GSM331729,0,0.3517916798591614
64,1,GSM331453,1,0.40472111105918884
64,1,GSM331454,1,0.36523228883743286
64,1,GSM331455,1,0.16486041247844696
64,1,GSM331458,1,0.5270892977714539
64,1,GSM331460,1,0.7786054015159607
64,1,GSM331461,1,0.6211191415786743
64,1,GSM331463,1,0.27436456084251404
64,1,GSM331464,1,0.1960480660200119
64,1,GSM331465,1,0.3583633601665497
64,1,GSM331470,1,0.8494446277618408
64,1,GSM331471,1,0.49478158354759216
64,1,GSM331472,1,0.25132086873054504
64,1,GSM331473,1,0.6374878287315369
64,1,GSM331477,1,0.43938004970550537
64,1,GSM331480,1,0.8119063973426819
64,1,GSM331483,1,0.7539663910865784
64,1,GSM331485,1,0.8277538418769836
64,1,GSM331488,1,0.7848219871520996
64,1,GSM331490,1,0.2311471849679947
64,1,GSM331491,1,0.6959952116012573
64,1,GSM331492,1,0.6093816161155701
64,1,GSM331493,1,0.1555863320827484
64,1,GSM331496,1,0.4074820578098297
64,1,GSM331498,1,0.13501767814159393
64,1,GSM331499,1,0.5800611972808838
64,1,GSM331504,1,0.4094710052013397
64,1,GSM331506,1,0.6664150953292847
64,1,GSM331508,1,0.51167231798172
64,1,GSM331509,1,0.511165201663971
64,1,GSM331510,1,0.6206668019294739
64,1,GSM331513,1,0.7169490456581116
64,1,GSM331515,1,0.49680522084236145
64,1,GSM331516,1,0.7175660729408264
64,1,GSM331518,1,0.6668422818183899
64,1,GSM331520,1,0.31899288296699524
64,1,GSM331525,1,0.7502638697624207
64,1,GSM331526,1,0.26112648844718933
64,1,GSM331528,1,0.8989531993865967
64,1,GSM331530,1,0.6029661893844604
64,1,GSM331535,1,0.24886547029018402
64,1,GSM331536,1,0.5554147958755493
64,1,GSM331539,1,0.4739685356616974
64,1,GSM331541,1,0.4063988924026489
64,1,GSM331543,1,0.32637685537338257
64,1,GSM331546,1,0.36565497517585754
64,1,GSM331547,1,0.7461341023445129
64,1,GSM331551,1,0.6127895712852478
64,1,GSM331552,1,0.24157030880451202
64,1,GSM331553,1,0.6841550469398499
64,1,GSM331556,1,0.7653387784957886
64,1,GSM331557,1,0.5866197347640991
64,1,GSM331558,1,0.25779667496681213
64,1,GSM331560,1,0.20236541330814362
64,1,GSM331561,1,0.6557161808013916
64,1,GSM331563,1,0.5897042751312256
64,1,GSM331564,1,0.7338147163391113
64,1,GSM331565,1,0.4703659415245056
64,1,GSM331567,1,0.3303900957107544
64,1,GSM331569,1,0.40787091851234436
64,1,GSM331572,1,0.6383327841758728
64,1,GSM331574,1,0.7026726007461548
64,1,GSM331575,1,0.24773083627223969
64,1,GSM331576,1,0.8224806189537048
64,1,GSM331577,1,0.2690824568271637
64,1,GSM331578,1,0.3164541721343994
64,1,GSM331579,1,0.33828938007354736
64,1,GSM331582,1,0.4924897849559784
64,1,GSM331584,1,0.31247925758361816
64,1,GSM331586,1,0.4217517673969269
64,1,GSM331587,1,0.7936254739761353
64,1,GSM331588,1,0.6537407040596008
64,1,GSM331589,1,0.4667271375656128
64,1,GSM331591,1,0.8360013365745544
64,1,GSM331594,1,0.6204305291175842
64,1,GSM331595,1,0.4072650074958801
64,1,GSM331596,1,0.8376693725585938
64,1,GSM331602,1,0.42103710770606995
64,1,GSM331604,1,0.382265567779541
64,1,GSM331610,1,0.6003891229629517
64,1,GSM331611,1,0.7959609627723694
64,1,GSM331612,1,0.7503691911697388
64,1,GSM331615,1,0.30837681889533997
64,1,GSM331617,1,0.8644707202911377
64,1,GSM331618,1,0.5333746075630188
64,1,GSM331619,1,0.4178352952003479
64,1,GSM331620,1,0.33053329586982727
64,1,GSM331621,1,0.3811438977718353
64,1,GSM331622,1,0.7083010077476501
64,1,GSM331623,1,0.703571617603302
64,1,GSM331624,1,0.849743127822876
64,1,GSM331625,1,0.5323226451873779
64,1,GSM331626,1,0.15067647397518158
64,1,GSM331635,1,0.2676641047000885
64,1,GSM331636,1,0.33484116196632385
64,1,GSM331639,1,0.2735850512981415
64,1,GSM331641,1,0.5239613056182861
64,1,GSM331642,1,0.7082758545875549
64,1,GSM331643,1,0.8709408640861511
64,1,GSM331646,1,0.36697736382484436
64,1,GSM331647,1,0.7895650863647461
64,1,GSM331649,1,0.7557634711265564
64,1,GSM331654,1,0.7586886286735535
64,1,GSM331658,1,0.48272234201431274
64,2,GSM331638,0,0.4972190260887146
64,2,GSM331661,0,0.5553852915763855
64,2,GSM331662,0,0.8472646474838257
64,2,GSM331663,0,0.3025604784488678
64,2,GSM331665,0,0.4525720775127411
64,2,GSM331668,0,0.6984629034996033
64,2,GSM331669,0,0.6324906945228577
64,2,GSM331670,0,0.5876656770706177
64,2,GSM331674,0,0.7715584635734558
64,2,GSM331675,0,0.21666812896728516
64,2,GSM331677,0,0.41463562846183777
64,2,GSM331678,0,0.5014821887016296
64,2,GSM331683,0,0.9514967203140259
64,2,GSM331687,0,0.4566682279109955
64,2,GSM331689,0,0.7197561860084534
64,2,GSM331692,0,0.3624221086502075
64,2,GSM331693,0,0.479032427072525
64,2,GSM331694,0,0.6463778018951416
64,2,GSM331695,0,0.4399241507053375
64,2,GSM331696,0,0.5569772720336914
64,2,GSM331697,0,0.3692605793476105
64,2,GSM331701,0,0.3297390341758728
64,2,GSM331702,0,0.3776487708091736
64,2,GSM331705,0,0.4195038974285126
64,2,GSM331708,0,0.5058572292327881
64,2,GSM331709,0,0.6702932119369507
64,2,GSM331710,0,0.4555205702781677
64,2,GSM331715,0,0.21048811078071594
64,2,GSM331716,0,0.8092309832572937
64,2,GSM331717,0,0.6818432211875916
64,2,GSM331718,0,0.8016492128372192
64,2,GSM331720,0,0.6546236872673035
64,2,GSM331725,0,0.6238335371017456
64,2,GSM331730,0,0.5115997791290283
64,2,GSM331731,0,0.7990391850471497
64,2,GSM331732,0,0.6451907753944397
64,2,GSM331456,1,0.44189342856407166
64,2,GSM331457,1,0.3344854414463043
64,2,GSM331459,1,0.4849599301815033
64,2,GSM331462,1,0.39931824803352356
64,2,GSM331466,1,0.3953723907470703
64,2,GSM331467,1,0.28009530901908875
64,2,GSM331468,1,0.7479003071784973
64,2,GSM331469,1,0.5253294110298157
64,2,GSM331474,1,0.45708826184272766
64,2,GSM331475,1,0.7284970283508301
64,2,GSM331476,1,0.7849229574203491
64,2,GSM331478,1,0.6635284423828125
64,2,GSM331479,1,0.6593214869499207
64,2,GSM331481,1,0.7487702369689941
64,2,GSM331482,1,0.3588995337486267
64,2,GSM331484,1,0.5846729278564453
64,2,GSM331486,1,0.6986991167068481
64,2,GSM331487,1,0.8795619010925293
64,2,GSM331489,1,0.5658528804779053
64,2,GSM331494,1,0.8136973977088928
64,2,GSM331495,1,0.37315964698791504
64,2,GSM331497,1,0.7407011389732361
64,2,GSM331500,1,0.31295210123062134
64,2,GSM331501,1,0.6077883839607239
64,2,GSM331502,1,0.8795228004455566
64,2,GSM331503,1,0.2740292549133301
64,2,GSM331505,1,0.4750760495662689
64,2,GSM331507,1,0.3716943562030792
64,2,GSM331511,1,0.8087126612663269
64,2,GSM331512,1,0.6897618174552917
64,2,GSM331514,1,0.39087095856666565
64,2,GSM331517,1,0.7604625821113586
64,2,GSM331519,1,0.4554270803928375
64,2,GSM331521,1,0.3413243889808655
64,2,GSM331522,1,0.36917492747306824
64,2,GSM331523,1,0.4553024172782898
64,2,GSM331524,1,0.5383108258247375
64,2,GSM331527,1,0.20203465223312378
64,2,GSM331529,1,0.6500326991081238
64,2,GSM331531,1,0.5073959231376648
64,2,GSM331532,1,0.1812402755022049
64,2,GSM331533,1,0.7735123038291931
64,2,GSM331534,1,0.5169036984443665
64,2,GSM331537,1,0.37212079763412476
64,2,GSM331538,1,0.10460112988948822
64,2,GSM331540,1,0.4832894206047058
64,2,GSM331542,1,0.29363471269607544
64,2,GSM331544,1,0.13081951439380646
64,2,GSM331545,1,0.435496062040329
64,2,GSM331548,1,0.8880071043968201
64,2,GSM331549,1,0.7575770020484924
64,2,GSM331550,1,0.48311278223991394
64,2,GSM331554,1,0.5768704414367676
64,2,GSM331555,1,0.3645365834236145
64,2,GSM331559,1,0.8529772162437439
64,2,GSM331562,1,0.6184857487678528
64,2,GSM331566,1,0.6354379057884216
64,2,GSM331568,1,0.7738827466964722
64,2,GSM331570,1,0.4542008340358734
64,2,GSM331571,1,0.5396846532821655
64,2,GSM331573,1,0.7531049251556396
64,2,GSM331580,1,0.7828196287155151
64,2,GSM331581,1,0.12769776582717896
64,2,GSM331583,1,0.7069922685623169
64,2,GSM331585,1,0.6537185907363892
64,2,GSM331590,1,0.36209139227867126
64,2,GSM331592,1,0.7643257975578308
64,2,GSM331593,1,0.5487719774246216
64,2,GSM331597,1,0.21293853223323822
64,2,GSM331598,1,0.3238371014595032
64,2,GSM331599,1,0.9255242943763733
64,2,GSM331600,1,0.727557361125946
64,2,GSM331601,1,0.7492460012435913
64,2,GSM331603,1,0.5320357084274292
64,2,GSM331605,1,0.600509524345398
64,2,GSM331606,1,0.28182172775268555
64,2,GSM331607,1,0.8837252855300903
64,2,GSM331608,1,0.4845120310783386
64,2,GSM331609,1,0.19031314551830292
64,2,GSM331613,1,0.6694086790084839
64,2,GSM331614,1,0.5116994976997375
64,2,GSM331616,1,0.5551541447639465
64,2,GSM331627,1,0.26337823271751404
64,2,GSM331628,1,0.5413902401924133
64,2,GSM331629,1,0.39440271258354187
64,2,GSM331630,1,0.5808587670326233
64,2,GSM331631,1,0.10405035316944122
64,2,GSM331632,1,0.1344793736934662
64,2,GSM331633,1,0.3145448565483093
64,2,GSM331634,1,0.2859644293785095
64,2,GSM331637,1,0.5280146598815918
64,2,GSM331640,1,0.20552825927734375
64,2,GSM331644,1,0.2647547125816345
64,2,GSM331645,1,0.5464810132980347
64,2,GSM331648,1,0.21103595197200775
64,2,GSM331650,1,0.3360413908958435
64,2,GSM331651,1,0.5770754218101501
64,2,GSM331652,1,0.8838508129119873
64,2,GSM331653,1,0.6254210472106934
64,2,GSM331655,1,0.3424457907676697
64,2,GSM331656,1,0.32213905453681946
64,2,GSM331657,1,0.38280850648880005
64,2,GSM331659,1,0.42986053228378296
65,1,GSM331661,0,0.6431182622909546
65,1,GSM331666,0,0.13192501664161682
65,1,GSM331668,0,0.6465141773223877
65,1,GSM331669,0,0.8417791724205017
65,1,GSM331670,0,0.555181622505188
65,1,GSM331671,0,0.6231611967086792
65,1,GSM331672,0,0.7843917608261108
65,1,GSM331673,0,0.2940228283405304
65,1,GSM331674,0,0.6893553733825684
65,1,GSM331676,0,0.7659688591957092
65,1,GSM331681,0,0.7389124631881714
65,1,GSM331688,0,0.5785484910011292
65,1,GSM331689,0,0.4103591740131378
65,1,GSM331691,0,0.5324821472167969
65,1,GSM331692,0,0.404851496219635
65,1,GSM331693,0,0.4237574636936188
65,1,GSM331694,0,0.40501824021339417
65,1,GSM331695,0,0.3192541003227234
65,1,GSM331697,0,0.28492164611816406
65,1,GSM331699,0,0.5455395579338074
65,1,GSM331701,0,0.22637277841567993
65,1,GSM331702,0,0.6353306174278259
65,1,GSM331703,0,0.5879493355751038
65,1,GSM331704,0,0.7535721659660339
65,1,GSM331707,0,0.5247966647148132
65,1,GSM331710,0,0.3589320480823517
65,1,GSM331711,0,0.48405951261520386
65,1,GSM331712,0,0.7227637767791748
65,1,GSM331715,0,0.3713603913784027
65,1,GSM331716,0,0.9498353600502014
65,1,GSM331717,0,0.7858225703239441
65,1,GSM331723,0,0.7899253964424133
65,1,GSM331724,0,0.26903048157691956
65,1,GSM331725,0,0.49296191334724426
65,1,GSM331726,0,0.14330728352069855
65,1,GSM331728,0,0.19569142162799835
65,1,GSM331732,0,0.7021846175193787
65,1,GSM331454,1,0.48871275782585144
65,1,GSM331457,1,0.6588500142097473
65,1,GSM331459,1,0.4429805278778076
65,1,GSM331460,1,0.5441942811012268
65,1,GSM331463,1,0.45062056183815
65,1,GSM331465,1,0.47302210330963135
65,1,GSM331466,1,0.45499253273010254
65,1,GSM331470,1,0.6833088994026184
65,1,GSM331471,1,0.8358638882637024
65,1,GSM331473,1,0.5294988751411438
65,1,GSM331475,1,0.5535290241241455
65,1,GSM331477,1,0.6384658217430115
65,1,GSM331478,1,0.3945614993572235
65,1,GSM331483,1,0.5506993532180786
65,1,GSM331485,1,0.6936628818511963
65,1,GSM331486,1,0.38435134291648865
65,1,GSM331488,1,0.6523829102516174
65,1,GSM331490,1,0.35595935583114624
65,1,GSM331492,1,0.5503496527671814
65,1,GSM331493,1,0.22409068048000336
65,1,GSM331495,1,0.42975667119026184
65,1,GSM331496,1,0.28675559163093567
65,1,GSM331498,1,0.3218432068824768
65,1,GSM331499,1,0.6061290502548218
65,1,GSM331500,1,0.6828541159629822
65,1,GSM331501,1,0.32515543699264526
65,1,GSM331502,1,0.7683963775634766
65,1,GSM331504,1,0.557680606842041
65,1,GSM331506,1,0.5230522155761719
65,1,GSM331507,1,0.2154301255941391
65,1,GSM331509,1,0.32754284143447876
65,1,GSM331511,1,0.5777974724769592
65,1,GSM331513,1,0.7844291925430298
65,1,GSM331515,1,0.2955248951911926
65,1,GSM331520,1,0.4867176413536072
65,1,GSM331525,1,0.3936322033405304
65,1,GSM331526,1,0.688064455986023
65,1,GSM331534,1,0.7377238869667053
65,1,GSM331537,1,0.7098836302757263
65,1,GSM331538,1,0.2176392674446106
65,1,GSM331542,1,0.33704283833503723
65,1,GSM331545,1,0.4425932466983795
65,1,GSM331550,1,0.24665232002735138
65,1,GSM331553,1,0.876460611820221
65,1,GSM331554,1,0.4523283839225769
65,1,GSM331555,1,0.2391943782567978
65,1,GSM331558,1,0.39753690361976624
65,1,GSM331559,1,0.7868807911872864
65,1,GSM331560,1,0.4350423812866211
65,1,GSM331561,1,0.8020547032356262
65,1,GSM331562,1,0.3058196008205414
65,1,GSM331563,1,0.6361441612243652
65,1,GSM331567,1,0.5210943222045898
65,1,GSM331568,1,0.4934307932853699
65,1,GSM331569,1,0.7400134801864624
65,1,GSM331573,1,0.74833083152771
65,1,GSM331574,1,0.2068975418806076
65,1,GSM331575,1,0.711990475654602
65,1,GSM331577,1,0.3580189049243927
65,1,GSM331580,1,0.35582873225212097
65,1,GSM331581,1,0.5221514105796814
65,1,GSM331582,1,0.3512239158153534
65,1,GSM331583,1,0.44404929876327515
65,1,GSM331584,1,0.324128657579422
65,1,GSM331585,1,0.3820665776729584
65,1,GSM331586,1,0.4743122160434723
65,1,GSM331588,1,0.43579229712486267
65,1,GSM331589,1,0.5511934161186218
65,1,GSM331590,1,0.41343599557876587
65,1,GSM331591,1,0.9021668434143066
65,1,GSM331593,1,0.47429215908050537
65,1,GSM331595,1,0.591884195804596
65,1,GSM331598,1,0.27524685859680176
65,1,GSM331602,1,0.47017326951026917
65,1,GSM331606,1,0.48593029379844666
65,1,GSM331607,1,0.8406031131744385
65,1,GSM331609,1,0.34468504786491394
65,1,GSM331610,1,0.7274788618087769
65,1,GSM331613,1,0.4511670768260956
65,1,GSM331618,1,0.4347045421600342
65,1,GSM331619,1,0.42585378885269165
65,1,GSM331620,1,0.5289952158927917
65,1,GSM331621,1,0.6016895174980164
65,1,GSM331622,1,0.6183049082756042
65,1,GSM331625,1,0.7914681434631348
65,1,GSM331626,1,0.44541090726852417
65,1,GSM331627,1,0.5348821878433228
65,1,GSM331628,1,0.4077542722225189
65,1,GSM331630,1,0.45159897208213806
65,1,GSM331631,1,0.3174119293689728
65,1,GSM331632,1,0.19133207201957703
65,1,GSM331634,1,0.45571285486221313
65,1,GSM331639,1,0.36453860998153687
65,1,GSM331643,1,0.7106530070304871
65,1,GSM331647,1,0.5001908540725708
65,1,GSM331648,1,0.4056890606880188
65,1,GSM331650,1,0.30663105845451355
65,1,GSM331652,1,0.6522696018218994
65,1,GSM331653,1,0.5959082245826721
65,1,GSM331655,1,0.5046300292015076
65,1,GSM331657,1,0.6797881126403809
65,1,GSM331658,1,0.6684502363204956
65,1,GSM331659,1,0.6692766547203064
65,2,GSM331638,0,0.5387572646141052
65,2,GSM331660,0,0.24291165173053741
65,2,GSM331662,0,0.3906538784503937
65,2,GSM331663,0,0.34391266107559204
65,2,GSM331664,0,0.2628170847892761
65,2,GSM331665,0,0.4034222364425659
65,2,GSM331675,0,0.17301379144191742
65,2,GSM331677,0,0.4080621600151062
65,2,GSM331678,0,0.12380186468362808
65,2,GSM331679,0,0.4293200373649597
65,2,GSM331680,0,0.26574963331222534
65,2,GSM331682,0,0.605676531791687
65,2,GSM331683,0,0.7205232381820679
65,2,GSM331684,0,0.25674426555633545
65,2,GSM331685,0,0.08821363002061844
65,2,GSM331686,0,0.8301461935043335
65,2,GSM331687,0,0.3421686887741089
65,2,GSM331690,0,0.4084157943725586
65,2,GSM331696,0,0.38893836736679077
65,2,GSM331698,0,0.3079627752304077
65,2,GSM331700,0,0.17036792635917664
65,2,GSM331705,0,0.41103869676589966
65,2,GSM331706,0,0.8961368203163147
65,2,GSM331708,0,0.43003180623054504
65,2,GSM331709,0,0.5956764221191406
65,2,GSM331713,0,0.2528310716152191
65,2,GSM331714,0,0.6795961260795593
65,2,GSM331718,0,0.5810269117355347
65,2,GSM331719,0,0.23178339004516602
65,2,GSM331720,0,0.09645058959722519
65,2,GSM331721,0,0.8839932084083557
65,2,GSM331722,0,0.3636799454689026
65,2,GSM331727,0,0.4840795695781708
65,2,GSM331729,0,0.09348741173744202
65,2,GSM331730,0,0.6191394925117493
65,2,GSM331731,0,0.7457398772239685
65,2,GSM331453,1,0.35257571935653687
65,2,GSM331455,1,0.2846774160861969
65,2,GSM331456,1,0.561794102191925
65,2,GSM331458,1,0.4967671036720276
65,2,GSM331461,1,0.2807413637638092
65,2,GSM331462,1,0.30124834179878235
65,2,GSM331464,1,0.36088335514068604
65,2,GSM331467,1,0.3984043002128601
65,2,GSM331468,1,0.8924034237861633
65,2,GSM331469,1,0.5573593974113464
65,2,GSM331472,1,0.32154837250709534
65,2,GSM331474,1,0.19642804563045502
65,2,GSM331476,1,0.34590214490890503
65,2,GSM331479,1,0.3715764284133911
65,2,GSM331480,1,0.8235002756118774
65,2,GSM331481,1,0.3639560043811798
65,2,GSM331482,1,0.33768361806869507
65,2,GSM331484,1,0.15995745360851288
65,2,GSM331487,1,0.8839572072029114
65,2,GSM331489,1,0.41785746812820435
65,2,GSM331491,1,0.585940420627594
65,2,GSM331494,1,0.8094639778137207
65,2,GSM331497,1,0.3863765299320221
65,2,GSM331503,1,0.34853821992874146
65,2,GSM331505,1,0.7930071353912354
65,2,GSM331508,1,0.5303670763969421
65,2,GSM331510,1,0.4584362208843231
65,2,GSM331512,1,0.5215146541595459
65,2,GSM331514,1,0.28961867094039917
65,2,GSM331516,1,0.5252230167388916
65,2,GSM331517,1,0.4301547706127167
65,2,GSM331518,1,0.3338591754436493
65,2,GSM331519,1,0.416493684053421
65,2,GSM331521,1,0.3724355101585388
65,2,GSM331522,1,0.3590874671936035
65,2,GSM331523,1,0.77005535364151
65,2,GSM331524,1,0.7200620174407959
65,2,GSM331527,1,0.6056283712387085
65,2,GSM331528,1,0.724764883518219
65,2,GSM331529,1,0.16434246301651
65,2,GSM331530,1,0.8231101632118225
65,2,GSM331531,1,0.31312093138694763
65,2,GSM331532,1,0.27881941199302673
65,2,GSM331533,1,0.5081371068954468
65,2,GSM331535,1,0.42604243755340576
65,2,GSM331536,1,0.6474082469940186
65,2,GSM331539,1,0.49249589443206787
65,2,GSM331540,1,0.3698810636997223
65,2,GSM331541,1,0.5465202927589417
65,2,GSM331543,1,0.565875232219696
65,2,GSM331544,1,0.17632071673870087
65,2,GSM331546,1,0.4789120554924011
65,2,GSM331547,1,0.22443167865276337
65,2,GSM331548,1,0.5010337829589844
65,2,GSM331549,1,0.6419308185577393
65,2,GSM331551,1,0.5393828749656677
65,2,GSM331552,1,0.36240866780281067
65,2,GSM331556,1,0.4626038372516632
65,2,GSM331557,1,0.38169240951538086
65,2,GSM331564,1,0.45094332098960876
65,2,GSM331565,1,0.593320369720459
65,2,GSM331566,1,0.8006184697151184
65,2,GSM331570,1,0.3742237389087677
65,2,GSM331571,1,0.32435673475265503
65,2,GSM331572,1,0.5874555706977844
65,2,GSM331576,1,0.8767854571342468
65,2,GSM331578,1,0.6431567668914795
65,2,GSM331579,1,0.4695046544075012
65,2,GSM331587,1,0.5501805543899536
65,2,GSM331592,1,0.7216717600822449
65,2,GSM331594,1,0.3503648042678833
65,2,GSM331596,1,0.6793844103813171
65,2,GSM331597,1,0.665115475654602
65,2,GSM331599,1,0.8723368048667908
65,2,GSM331600,1,0.8519560098648071
65,2,GSM331601,1,0.3686489462852478
65,2,GSM331603,1,0.4594644606113434
65,2,GSM331604,1,0.403158038854599
65,2,GSM331605,1,0.7985152006149292
65,2,GSM331608,1,0.20021633803844452
65,2,GSM331611,1,0.6521382927894592
65,2,GSM331612,1,0.5479663610458374
65,2,GSM331614,1,0.41063371300697327
65,2,GSM331615,1,0.5417006015777588
65,2,GSM331616,1,0.6701792478561401
65,2,GSM331617,1,0.7450886964797974
65,2,GSM331623,1,0.33182331919670105
65,2,GSM331624,1,0.47051939368247986
65,2,GSM331629,1,0.17157801985740662
65,2,GSM331633,1,0.3445982336997986
65,2,GSM331635,1,0.2936374247074127
65,2,GSM331636,1,0.525687575340271
65,2,GSM331637,1,0.3271760940551758
65,2,GSM331640,1,0.3681126832962036
65,2,GSM331641,1,0.41579484939575195
65,2,GSM331642,1,0.513819694519043
65,2,GSM331644,1,0.24467208981513977
65,2,GSM331645,1,0.5634163618087769
65,2,GSM331646,1,0.3680501878261566
65,2,GSM331649,1,0.7399086356163025
65,2,GSM331651,1,0.49367496371269226
65,2,GSM331654,1,0.834775447845459
65,2,GSM331656,1,0.5466472506523132
66,1,GSM331660,0,0.4515124261379242
66,1,GSM331663,0,0.4435883164405823
66,1,GSM331665,0,0.5865304470062256
66,1,GSM331668,0,0.34031498432159424
66,1,GSM331673,0,0.6899715065956116
66,1,GSM331674,0,0.6676740050315857
66,1,GSM331676,0,0.6151567101478577
66,1,GSM331679,0,0.4890472888946533
66,1,GSM331680,0,0.5986324548721313
66,1,GSM331681,0,0.4710611402988434
66,1,GSM331683,0,0.7881054282188416
66,1,GSM331684,0,0.3330020308494568
66,1,GSM331685,0,0.3980647623538971
66,1,GSM331686,0,0.6987130045890808
66,1,GSM331687,0,0.44340965151786804
66,1,GSM331689,0,0.29281294345855713
66,1,GSM331691,0,0.7144189476966858
66,1,GSM331694,0,0.4879128932952881
66,1,GSM331698,0,0.32247546315193176
66,1,GSM331699,0,0.5439742207527161
66,1,GSM331702,0,0.5825084447860718
66,1,GSM331705,0,0.42767733335494995
66,1,GSM331708,0,0.4611024856567383
66,1,GSM331709,0,0.46289652585983276
66,1,GSM331712,0,0.5021306276321411
66,1,GSM331714,0,0.5918825268745422
66,1,GSM331715,0,0.41486796736717224
66,1,GSM331716,0,0.7465535402297974
66,1,GSM331717,0,0.7512563467025757
66,1,GSM331720,0,0.5472494959831238
66,1,GSM331721,0,0.7097988128662109
66,1,GSM331722,0,0.5306492447853088
66,1,GSM331723,0,0.5419272184371948
66,1,GSM331724,0,0.3296169638633728
66,1,GSM331726,0,0.3001406490802765
66,1,GSM331727,0,0.41009247303009033
66,1,GSM331731,0,0.6099034547805786
66,1,GSM331453,1,0.5184290409088135
66,1,GSM331454,1,0.2483471930027008
66,1,GSM331455,1,0.42112791538238525
66,1,GSM331456,1,0.6338608860969543
66,1,GSM331458,1,0.6575231552124023
66,1,GSM331460,1,0.5337227582931519
66,1,GSM331461,1,0.3957761228084564
66,1,GSM331464,1,0.4969865381717682
66,1,GSM331467,1,0.35843953490257263
66,1,GSM331468,1,0.852723240852356
66,1,GSM331471,1,0.6358370780944824
66,1,GSM331474,1,0.5492350459098816
66,1,GSM331475,1,0.4691498577594757
66,1,GSM331477,1,0.7358236312866211
66,1,GSM331478,1,0.5273966193199158
66,1,GSM331484,1,0.35414430499076843
66,1,GSM331486,1,0.46428701281547546
66,1,GSM331488,1,0.4792706072330475
66,1,GSM331491,1,0.7115494608879089
66,1,GSM331494,1,0.6389011144638062
66,1,GSM331495,1,0.4565943479537964
66,1,GSM331496,1,0.35652589797973633
66,1,GSM331500,1,0.7740543484687805
66,1,GSM331502,1,0.7423334121704102
66,1,GSM331503,1,0.38358211517333984
66,1,GSM331504,1,0.5310235023498535
66,1,GSM331505,1,0.7881497144699097
66,1,GSM331506,1,0.5070213079452515
66,1,GSM331507,1,0.2938787043094635
66,1,GSM331508,1,0.6378985047340393
66,1,GSM331511,1,0.5801699757575989
66,1,GSM331512,1,0.5660821199417114
66,1,GSM331513,1,0.7309089303016663
66,1,GSM331516,1,0.5800983905792236
66,1,GSM331517,1,0.49219810962677
66,1,GSM331518,1,0.32646608352661133
66,1,GSM331519,1,0.7109987139701843
66,1,GSM331522,1,0.25493019819259644
66,1,GSM331523,1,0.7880808711051941
66,1,GSM331524,1,0.4072120487689972
66,1,GSM331527,1,0.3796476423740387
66,1,GSM331531,1,0.5758053064346313
66,1,GSM331533,1,0.44845718145370483
66,1,GSM331538,1,0.2851163148880005
66,1,GSM331540,1,0.6505106687545776
66,1,GSM331541,1,0.6904289126396179
66,1,GSM331542,1,0.42798087000846863
66,1,GSM331543,1,0.5041021704673767
66,1,GSM331544,1,0.30841779708862305
66,1,GSM331545,1,0.613072395324707
66,1,GSM331548,1,0.4988234341144562
66,1,GSM331550,1,0.48256227374076843
66,1,GSM331552,1,0.43123725056648254
66,1,GSM331554,1,0.5755199193954468
66,1,GSM331555,1,0.26989367604255676
66,1,GSM331556,1,0.5565523505210876
66,1,GSM331562,1,0.5866190791130066
66,1,GSM331564,1,0.5233138203620911
66,1,GSM331565,1,0.5958929061889648
66,1,GSM331567,1,0.4531834125518799
66,1,GSM331569,1,0.6841865181922913
66,1,GSM331571,1,0.42823928594589233
66,1,GSM331576,1,0.7121853828430176
66,1,GSM331577,1,0.3616977334022522
66,1,GSM331578,1,0.4407568871974945
66,1,GSM331582,1,0.5796657204627991
66,1,GSM331584,1,0.2166508138179779
66,1,GSM331586,1,0.2580525875091553
66,1,GSM331593,1,0.45173296332359314
66,1,GSM331595,1,0.5728430151939392
66,1,GSM331596,1,0.5651071071624756
66,1,GSM331597,1,0.6152641773223877
66,1,GSM331598,1,0.4930016100406647
66,1,GSM331600,1,0.7860701084136963
66,1,GSM331601,1,0.5157423615455627
66,1,GSM331607,1,0.7671971321105957
66,1,GSM331611,1,0.7381473779678345
66,1,GSM331612,1,0.46195146441459656
66,1,GSM331613,1,0.5237023830413818
66,1,GSM331614,1,0.5969631671905518
66,1,GSM331615,1,0.7396653294563293
66,1,GSM331617,1,0.6214820742607117
66,1,GSM331619,1,0.23724351823329926
66,1,GSM331621,1,0.5911880731582642
66,1,GSM331623,1,0.39313778281211853
66,1,GSM331625,1,0.6974467039108276
66,1,GSM331629,1,0.36120665073394775
66,1,GSM331630,1,0.6004010438919067
66,1,GSM331631,1,0.30090761184692383
66,1,GSM331632,1,0.4386286437511444
66,1,GSM331633,1,0.5022119879722595
66,1,GSM331636,1,0.4608325660228729
66,1,GSM331637,1,0.3681991696357727
66,1,GSM331639,1,0.558937668800354
66,1,GSM331640,1,0.36594948172569275
66,1,GSM331641,1,0.7044581770896912
66,1,GSM331642,1,0.6189631819725037
66,1,GSM331643,1,0.6345940828323364
66,1,GSM331645,1,0.5838121175765991
66,1,GSM331647,1,0.6470628380775452
66,1,GSM331651,1,0.4174099862575531
66,1,GSM331656,1,0.49535372853279114
66,1,GSM331658,1,0.4853690266609192
66,2,GSM331638,0,0.2555229067802429
66,2,GSM331661,0,0.5937845706939697
66,2,GSM331662,0,0.28950607776641846
66,2,GSM331664,0,0.149599090218544
66,2,GSM331666,0,0.2991870641708374
66,2,GSM331669,0,0.6480376124382019
66,2,GSM331670,0,0.38233113288879395
66,2,GSM331671,0,0.666711151599884
66,2,GSM331672,0,0.8229852318763733
66,2,GSM331675,0,0.3711661696434021
66,2,GSM331677,0,0.5168452858924866
66,2,GSM331678,0,0.24857273697853088
66,2,GSM331682,0,0.6025535464286804
66,2,GSM331688,0,0.7037507891654968
66,2,GSM331690,0,0.5008530020713806
66,2,GSM331692,0,0.29092153906822205
66,2,GSM331693,0,0.476694256067276
66,2,GSM331695,0,0.44260162115097046
66,2,GSM331696,0,0.31145766377449036
66,2,GSM331697,0,0.38279494643211365
66,2,GSM331700,0,0.22582904994487762
66,2,GSM331701,0,0.24320188164710999
66,2,GSM331703,0,0.5356600284576416
66,2,GSM331704,0,0.5224340558052063
66,2,GSM331706,0,0.4705731272697449
66,2,GSM331707,0,0.4923644959926605
66,2,GSM331710,0,0.3912162780761719
66,2,GSM331711,0,0.7334180474281311
66,2,GSM331713,0,0.3888777792453766
66,2,GSM331718,0,0.5609150528907776
66,2,GSM331719,0,0.2948387563228607
66,2,GSM331725,0,0.5654683113098145
66,2,GSM331728,0,0.2839159667491913
66,2,GSM331729,0,0.2200254648923874
66,2,GSM331730,0,0.5840868949890137
66,2,GSM331732,0,0.606838047504425
66,2,GSM331457,1,0.6860777139663696
66,2,GSM331459,1,0.5059162378311157
66,2,GSM331462,1,0.4768913984298706
66,2,GSM331463,1,0.607291579246521
66,2,GSM331465,1,0.6467655897140503
66,2,GSM331466,1,0.5588651299476624
66,2,GSM331469,1,0.6562523245811462
66,2,GSM331470,1,0.3994768559932709
66,2,GSM331472,1,0.20566624402999878
66,2,GSM331473,1,0.4724881649017334
66,2,GSM331476,1,0.6699728965759277
66,2,GSM331479,1,0.562279462814331
66,2,GSM331480,1,0.8229776620864868
66,2,GSM331481,1,0.6728572249412537
66,2,GSM331482,1,0.35763877630233765
66,2,GSM331483,1,0.6163545846939087
66,2,GSM331485,1,0.7715497612953186
66,2,GSM331487,1,0.828284502029419
66,2,GSM331489,1,0.5479105710983276
66,2,GSM331490,1,0.3793548345565796
66,2,GSM331492,1,0.5144054293632507
66,2,GSM331493,1,0.4761560261249542
66,2,GSM331497,1,0.5529301166534424
66,2,GSM331498,1,0.40889406204223633
66,2,GSM331499,1,0.42943528294563293
66,2,GSM331501,1,0.4716801941394806
66,2,GSM331509,1,0.2721943259239197
66,2,GSM331510,1,0.4860236942768097
66,2,GSM331514,1,0.6785548329353333
66,2,GSM331515,1,0.31633293628692627
66,2,GSM331520,1,0.41000962257385254
66,2,GSM331521,1,0.5019107460975647
66,2,GSM331525,1,0.6167736053466797
66,2,GSM331526,1,0.48916834592819214
66,2,GSM331528,1,0.6588454246520996
66,2,GSM331529,1,0.30482813715934753
66,2,GSM331530,1,0.4367397129535675
66,2,GSM331532,1,0.4824603796005249
66,2,GSM331534,1,0.7805444598197937
66,2,GSM331535,1,0.6221663355827332
66,2,GSM331536,1,0.6364743709564209
66,2,GSM331537,1,0.5823825001716614
66,2,GSM331539,1,0.431213915348053
66,2,GSM331546,1,0.5881679654121399
66,2,GSM331547,1,0.3777464032173157
66,2,GSM331549,1,0.4024232029914856
66,2,GSM331551,1,0.4184797406196594
66,2,GSM331553,1,0.5743869543075562
66,2,GSM331557,1,0.5802074074745178
66,2,GSM331558,1,0.3856180012226105
66,2,GSM331559,1,0.8361237049102783
66,2,GSM331560,1,0.29874247312545776
66,2,GSM331561,1,0.5066763162612915
66,2,GSM331563,1,0.6919391751289368
66,2,GSM331566,1,0.6214601993560791
66,2,GSM331568,1,0.6294429898262024
66,2,GSM331570,1,0.3981994688510895
66,2,GSM331572,1,0.6688598394393921
66,2,GSM331573,1,0.7686842679977417
66,2,GSM331574,1,0.26857587695121765
66,2,GSM331575,1,0.6720227003097534
66,2,GSM331579,1,0.4225446283817291
66,2,GSM331580,1,0.28554844856262207
66,2,GSM331581,1,0.48050543665885925
66,2,GSM331583,1,0.38379615545272827
66,2,GSM331585,1,0.5500024557113647
66,2,GSM331587,1,0.48914170265197754
66,2,GSM331588,1,0.3385762870311737
66,2,GSM331589,1,0.5839105844497681
66,2,GSM331590,1,0.4991246163845062
66,2,GSM331591,1,0.7264920473098755
66,2,GSM331592,1,0.6439436078071594
66,2,GSM331594,1,0.5471048951148987
66,2,GSM331599,1,0.7131412625312805
66,2,GSM331602,1,0.4671066701412201
66,2,GSM331603,1,0.49486926198005676
66,2,GSM331604,1,0.6495897173881531
66,2,GSM331605,1,0.7192276120185852
66,2,GSM331606,1,0.3368399739265442
66,2,GSM331608,1,0.3459417223930359
66,2,GSM331609,1,0.6673123836517334
66,2,GSM331610,1,0.5994359254837036
66,2,GSM331616,1,0.7656232714653015
66,2,GSM331618,1,0.5491277575492859
66,2,GSM331620,1,0.6333855986595154
66,2,GSM331622,1,0.6405067443847656
66,2,GSM331624,1,0.6027021408081055
66,2,GSM331626,1,0.4841168224811554
66,2,GSM331627,1,0.3350556194782257
66,2,GSM331628,1,0.45214203000068665
66,2,GSM331634,1,0.5023078918457031
66,2,GSM331635,1,0.6572875380516052
66,2,GSM331644,1,0.3189554512500763
66,2,GSM331646,1,0.2942761182785034
66,2,GSM331648,1,0.5366356372833252
66,2,GSM331649,1,0.6792709827423096
66,2,GSM331650,1,0.5672931671142578
66,2,GSM331652,1,0.6402974128723145
66,2,GSM331653,1,0.6775378584861755
66,2,GSM331654,1,0.8402506113052368
66,2,GSM331655,1,0.48830050230026245
66,2,GSM331657,1,0.8213822841644287
66,2,GSM331659,1,0.5617889165878296
67,1,GSM331638,0,0.586128294467926
67,1,GSM331663,0,0.48930564522743225
67,1,GSM331664,0,0.3515996038913727
67,1,GSM331665,0,0.4337747395038605
67,1,GSM331666,0,0.2548111379146576
67,1,GSM331668,0,0.6055774688720703
67,1,GSM331669,0,0.7962419986724854
67,1,GSM331674,0,0.6845269799232483
67,1,GSM331675,0,0.2448088377714157
67,1,GSM331677,0,0.4486905038356781
67,1,GSM331678,0,0.24654190242290497
67,1,GSM331680,0,0.4115171730518341
67,1,GSM331683,0,0.7143357992172241
67,1,GSM331684,0,0.3329220414161682
67,1,GSM331685,0,0.15065330266952515
67,1,GSM331688,0,0.6798520684242249
67,1,GSM331689,0,0.4891302287578583
67,1,GSM331690,0,0.5809043049812317
67,1,GSM331693,0,0.4344406723976135
67,1,GSM331695,0,0.38883909583091736
67,1,GSM331696,0,0.46690693497657776
67,1,GSM331698,0,0.3243415653705597
67,1,GSM331699,0,0.5189749002456665
67,1,GSM331700,0,0.22488926351070404
67,1,GSM331702,0,0.5595017075538635
67,1,GSM331704,0,0.6759330034255981
67,1,GSM331705,0,0.5148606896400452
67,1,GSM331710,0,0.4505425691604614
67,1,GSM331711,0,0.6216651797294617
67,1,GSM331714,0,0.6986631751060486
67,1,GSM331716,0,0.9345383048057556
67,1,GSM331720,0,0.2155109941959381
67,1,GSM331721,0,0.8453218340873718
67,1,GSM331727,0,0.40423181653022766
67,1,GSM331729,0,0.17903314530849457
67,1,GSM331730,0,0.5911905169487
67,1,GSM331731,0,0.6238912343978882
67,1,GSM331456,1,0.5288633704185486
67,1,GSM331457,1,0.5965926647186279
67,1,GSM331458,1,0.5056111216545105
67,1,GSM331462,1,0.27602919936180115
67,1,GSM331463,1,0.4221459627151489
67,1,GSM331464,1,0.3308311700820923
67,1,GSM331465,1,0.39239221811294556
67,1,GSM331467,1,0.4132271111011505
67,1,GSM331468,1,0.7117103338241577
67,1,GSM331469,1,0.5828293561935425
67,1,GSM331470,1,0.7298071980476379
67,1,GSM331471,1,0.7745844125747681
67,1,GSM331472,1,0.4225746989250183
67,1,GSM331474,1,0.32380563020706177
67,1,GSM331476,1,0.47025710344314575
67,1,GSM331480,1,0.8421277403831482
67,1,GSM331481,1,0.4509338140487671
67,1,GSM331485,1,0.7823893427848816
67,1,GSM331487,1,0.8400350213050842
67,1,GSM331488,1,0.6357306838035583
67,1,GSM331489,1,0.4360826313495636
67,1,GSM331490,1,0.2757493257522583
67,1,GSM331493,1,0.23447008430957794
67,1,GSM331494,1,0.7620320320129395
67,1,GSM331497,1,0.4772159159183502
67,1,GSM331498,1,0.31755316257476807
67,1,GSM331499,1,0.6311041116714478
67,1,GSM331500,1,0.6917895078659058
67,1,GSM331501,1,0.39270272850990295
67,1,GSM331503,1,0.30602341890335083
67,1,GSM331504,1,0.47589483857154846
67,1,GSM331506,1,0.5941653251647949
67,1,GSM331509,1,0.34656575322151184
67,1,GSM331511,1,0.6067010760307312
67,1,GSM331512,1,0.5849111676216125
67,1,GSM331514,1,0.26720908284187317
67,1,GSM331515,1,0.42834433913230896
67,1,GSM331516,1,0.5296274423599243
67,1,GSM331518,1,0.38615182042121887
67,1,GSM331519,1,0.48456600308418274
67,1,GSM331520,1,0.4615788161754608
67,1,GSM331523,1,0.6384280920028687
67,1,GSM331524,1,0.5650106072425842
67,1,GSM331526,1,0.6754984855651855
67,1,GSM331529,1,0.19022530317306519
67,1,GSM331532,1,0.3447679281234741
67,1,GSM331533,1,0.482521653175354
67,1,GSM331534,1,0.6114418506622314
67,1,GSM331536,1,0.5273411273956299
67,1,GSM331541,1,0.5409314036369324
67,1,GSM331542,1,0.2668802738189697
67,1,GSM331543,1,0.48427972197532654
67,1,GSM331544,1,0.28578153252601624
67,1,GSM331548,1,0.5243963003158569
67,1,GSM331549,1,0.5138466358184814
67,1,GSM331550,1,0.32626548409461975
67,1,GSM331552,1,0.3472692370414734
67,1,GSM331554,1,0.5274039506912231
67,1,GSM331556,1,0.42885640263557434
67,1,GSM331559,1,0.7100539207458496
67,1,GSM331563,1,0.6488630771636963
67,1,GSM331567,1,0.5041341781616211
67,1,GSM331568,1,0.6646747589111328
67,1,GSM331569,1,0.6564884781837463
67,1,GSM331572,1,0.5226176977157593
67,1,GSM331574,1,0.1900375634431839
67,1,GSM331575,1,0.7228501439094543
67,1,GSM331580,1,0.3462526202201843
67,1,GSM331582,1,0.584917426109314
67,1,GSM331590,1,0.40794456005096436
67,1,GSM331591,1,0.7931736707687378
67,1,GSM331592,1,0.6317214965820312
67,1,GSM331594,1,0.3569260835647583
67,1,GSM331595,1,0.6895461678504944
67,1,GSM331598,1,0.38291600346565247
67,1,GSM331599,1,0.8607323169708252
67,1,GSM331601,1,0.42396992444992065
67,1,GSM331603,1,0.5708949565887451
67,1,GSM331607,1,0.8028738498687744
67,1,GSM331609,1,0.3517051935195923
67,1,GSM331611,1,0.5704396963119507
67,1,GSM331614,1,0.3620430827140808
67,1,GSM331616,1,0.6037396192550659
67,1,GSM331617,1,0.6152533888816833
67,1,GSM331618,1,0.5444104075431824
67,1,GSM331621,1,0.593760073184967
67,1,GSM331622,1,0.6103081703186035
67,1,GSM331624,1,0.475536048412323
67,1,GSM331625,1,0.6550641059875488
67,1,GSM331628,1,0.46309569478034973
67,1,GSM331629,1,0.2766926884651184
67,1,GSM331630,1,0.5635402202606201
67,1,GSM331636,1,0.47987475991249084
67,1,GSM331637,1,0.38726165890693665
67,1,GSM331640,1,0.2901245951652527
67,1,GSM331641,1,0.4706263542175293
67,1,GSM331646,1,0.3882425129413605
67,1,GSM331647,1,0.39633458852767944
67,1,GSM331652,1,0.6178949475288391
67,1,GSM331653,1,0.5605858564376831
67,1,GSM331654,1,0.7413396239280701
67,1,GSM331655,1,0.5339188575744629
67,1,GSM331657,1,0.5765001177787781
67,2,GSM331660,0,0.36418604850769043
67,2,GSM331661,0,0.6510685682296753
67,2,GSM331662,0,0.43003973364830017
67,2,GSM331670,0,0.6418149471282959
67,2,GSM331671,0,0.7351987361907959
67,2,GSM331672,0,0.7509944438934326
67,2,GSM331673,0,0.43684151768684387
67,2,GSM331676,0,0.6863682866096497
67,2,GSM331679,0,0.45099857449531555
67,2,GSM331681,0,0.7379541397094727
67,2,GSM331682,0,0.7292858362197876
67,2,GSM331686,0,0.8334976434707642
67,2,GSM331687,0,0.3096272051334381
67,2,GSM331691,0,0.5238428711891174
67,2,GSM331692,0,0.37752220034599304
67,2,GSM331694,0,0.45505622029304504
67,2,GSM331697,0,0.5073369741439819
67,2,GSM331701,0,0.33822643756866455
67,2,GSM331703,0,0.5712801218032837
67,2,GSM331706,0,0.8691993355751038
67,2,GSM331707,0,0.5457144379615784
67,2,GSM331708,0,0.5595337748527527
67,2,GSM331709,0,0.5810467004776001
67,2,GSM331712,0,0.7595649361610413
67,2,GSM331713,0,0.4730359613895416
67,2,GSM331715,0,0.4507506191730499
67,2,GSM331717,0,0.8082812428474426
67,2,GSM331718,0,0.6410356760025024
67,2,GSM331719,0,0.37138476967811584
67,2,GSM331722,0,0.49863776564598083
67,2,GSM331723,0,0.7906346321105957
67,2,GSM331724,0,0.3870832622051239
67,2,GSM331725,0,0.6008738875389099
67,2,GSM331726,0,0.27459755539894104
67,2,GSM331728,0,0.27033731341362
67,2,GSM331732,0,0.708846390247345
67,2,GSM331453,1,0.3966294527053833
67,2,GSM331454,1,0.5020574927330017
67,2,GSM331455,1,0.3412751257419586
67,2,GSM331459,1,0.5055297613143921
67,2,GSM331460,1,0.5375222563743591
67,2,GSM331461,1,0.34562385082244873
67,2,GSM331466,1,0.5402643084526062
67,2,GSM331473,1,0.48373398184776306
67,2,GSM331475,1,0.4549631178379059
67,2,GSM331477,1,0.5504520535469055
67,2,GSM331478,1,0.5271770358085632
67,2,GSM331479,1,0.4724133610725403
67,2,GSM331482,1,0.4686815142631531
67,2,GSM331483,1,0.6296704411506653
67,2,GSM331484,1,0.186018705368042
67,2,GSM331486,1,0.4628239572048187
67,2,GSM331491,1,0.7056400775909424
67,2,GSM331492,1,0.5583536028862
67,2,GSM331495,1,0.3606042265892029
67,2,GSM331496,1,0.3681740462779999
67,2,GSM331502,1,0.7911006808280945
67,2,GSM331505,1,0.7612285614013672
67,2,GSM331507,1,0.1486477255821228
67,2,GSM331508,1,0.48991096019744873
67,2,GSM331510,1,0.5577439665794373
67,2,GSM331513,1,0.7610962986946106
67,2,GSM331517,1,0.5372387170791626
67,2,GSM331521,1,0.45846492052078247
67,2,GSM331522,1,0.5178468227386475
67,2,GSM331525,1,0.40934163331985474
67,2,GSM331527,1,0.544771134853363
67,2,GSM331528,1,0.6355374455451965
67,2,GSM331530,1,0.6736122965812683
67,2,GSM331531,1,0.5150389075279236
67,2,GSM331535,1,0.5350072383880615
67,2,GSM331537,1,0.6416035294532776
67,2,GSM331538,1,0.3254472315311432
67,2,GSM331539,1,0.46705615520477295
67,2,GSM331540,1,0.4880971312522888
67,2,GSM331545,1,0.48834893107414246
67,2,GSM331546,1,0.594115674495697
67,2,GSM331547,1,0.27665144205093384
67,2,GSM331551,1,0.38428935408592224
67,2,GSM331553,1,0.866043746471405
67,2,GSM331555,1,0.3553524911403656
67,2,GSM331557,1,0.4532491862773895
67,2,GSM331558,1,0.36756443977355957
67,2,GSM331560,1,0.4507373571395874
67,2,GSM331561,1,0.7556383609771729
67,2,GSM331562,1,0.4271604120731354
67,2,GSM331564,1,0.3517388701438904
67,2,GSM331565,1,0.5510187745094299
67,2,GSM331566,1,0.766640305519104
67,2,GSM331570,1,0.4343777894973755
67,2,GSM331571,1,0.6288739442825317
67,2,GSM331573,1,0.7600148916244507
67,2,GSM331576,1,0.848293125629425
67,2,GSM331577,1,0.45739415287971497
67,2,GSM331578,1,0.7042749524116516
67,2,GSM331579,1,0.5521200299263
67,2,GSM331581,1,0.4987774193286896
67,2,GSM331583,1,0.6302854418754578
67,2,GSM331584,1,0.3386788070201874
67,2,GSM331585,1,0.5440160632133484
67,2,GSM331586,1,0.408536434173584
67,2,GSM331587,1,0.41475507616996765
67,2,GSM331588,1,0.5680392384529114
67,2,GSM331589,1,0.6587451100349426
67,2,GSM331593,1,0.6396322250366211
67,2,GSM331596,1,0.5996900796890259
67,2,GSM331597,1,0.5289683938026428
67,2,GSM331600,1,0.8244401812553406
67,2,GSM331602,1,0.6132371425628662
67,2,GSM331604,1,0.5861767530441284
67,2,GSM331605,1,0.7140123248100281
67,2,GSM331606,1,0.325186163187027
67,2,GSM331608,1,0.20364296436309814
67,2,GSM331610,1,0.7465103268623352
67,2,GSM331612,1,0.5564258098602295
67,2,GSM331613,1,0.5582748055458069
67,2,GSM331615,1,0.5604152083396912
67,2,GSM331619,1,0.42081230878829956
67,2,GSM331620,1,0.6144226789474487
67,2,GSM331623,1,0.3180807828903198
67,2,GSM331626,1,0.438038170337677
67,2,GSM331627,1,0.6052951812744141
67,2,GSM331631,1,0.33148208260536194
67,2,GSM331632,1,0.30276721715927124
67,2,GSM331633,1,0.4361426830291748
67,2,GSM331634,1,0.5783959031105042
67,2,GSM331635,1,0.4554738700389862
67,2,GSM331639,1,0.5028203129768372
67,2,GSM331642,1,0.38936227560043335
67,2,GSM331643,1,0.8046627640724182
67,2,GSM331644,1,0.4218868017196655
67,2,GSM331645,1,0.5864618420600891
67,2,GSM331648,1,0.420697420835495
67,2,GSM331649,1,0.7149255871772766
67,2,GSM331650,1,0.43940913677215576
67,2,GSM331651,1,0.4719819128513336
67,2,GSM331656,1,0.5740736126899719
67,2,GSM331658,1,0.5383471846580505
67,2,GSM331659,1,0.5478250980377197
68,1,GSM331638,0,0.4360443353652954
68,1,GSM331660,0,0.5266866087913513
68,1,GSM331661,0,0.6385633945465088
68,1,GSM331662,0,0.640470564365387
68,1,GSM331663,0,0.43893492221832275
68,1,GSM331668,0,0.6802807450294495
68,1,GSM331669,0,0.8216677308082581
68,1,GSM331670,0,0.2957698404788971
68,1,GSM331671,0,0.760540246963501
68,1,GSM331672,0,0.8168952465057373
68,1,GSM331674,0,0.7551053166389465
68,1,GSM331675,0,0.14505751430988312
68,1,GSM331680,0,0.35607317090034485
68,1,GSM331688,0,0.8016347289085388
68,1,GSM331689,0,0.5213426351547241
68,1,GSM331690,0,0.609313428401947
68,1,GSM331691,0,0.6340191960334778
68,1,GSM331692,0,0.22205814719200134
68,1,GSM331694,0,0.2827507555484772
68,1,GSM331696,0,0.5732045769691467
68,1,GSM331699,0,0.4262270927429199
68,1,GSM331704,0,0.5303511023521423
68,1,GSM331705,0,0.45463240146636963
68,1,GSM331706,0,0.7338805198669434
68,1,GSM331708,0,0.498139888048172
68,1,GSM331709,0,0.6143137216567993
68,1,GSM331711,0,0.923032283782959
68,1,GSM331714,0,0.8844558000564575
68,1,GSM331716,0,0.9185371994972229
68,1,GSM331717,0,0.7914453148841858
68,1,GSM331719,0,0.2315482646226883
68,1,GSM331721,0,0.7998489141464233
68,1,GSM331724,0,0.2091582715511322
68,1,GSM331727,0,0.4736703038215637
68,1,GSM331729,0,0.29311904311180115
68,1,GSM331730,0,0.7468494176864624
68,1,GSM331731,0,0.7966336607933044
68,1,GSM331453,1,0.40458551049232483
68,1,GSM331454,1,0.3341763913631439
68,1,GSM331457,1,0.5064458847045898
68,1,GSM331458,1,0.7319893836975098
68,1,GSM331459,1,0.5187506079673767
68,1,GSM331460,1,0.5685601830482483
68,1,GSM331464,1,0.33180639147758484
68,1,GSM331466,1,0.6689615249633789
68,1,GSM331469,1,0.7224001288414001
68,1,GSM331473,1,0.764066219329834
68,1,GSM331474,1,0.3930043578147888
68,1,GSM331475,1,0.542334794998169
68,1,GSM331477,1,0.7972056269645691
68,1,GSM331478,1,0.6208791136741638
68,1,GSM331480,1,0.7910076379776001
68,1,GSM331483,1,0.6479547023773193
68,1,GSM331486,1,0.6887356638908386
68,1,GSM331488,1,0.7059316635131836
68,1,GSM331495,1,0.43922844529151917
68,1,GSM331496,1,0.27698323130607605
68,1,GSM331497,1,0.49596598744392395
68,1,GSM331498,1,0.32944515347480774
68,1,GSM331499,1,0.6664069294929504
68,1,GSM331504,1,0.6320815682411194
68,1,GSM331505,1,0.848821222782135
68,1,GSM331506,1,0.7440825700759888
68,1,GSM331507,1,0.10377120226621628
68,1,GSM331508,1,0.373176634311676
68,1,GSM331509,1,0.2697242200374603
68,1,GSM331510,1,0.7168248295783997
68,1,GSM331513,1,0.7557371854782104
68,1,GSM331514,1,0.38505497574806213
68,1,GSM331515,1,0.5957777500152588
68,1,GSM331516,1,0.6072990298271179
68,1,GSM331518,1,0.3991473317146301
68,1,GSM331519,1,0.5674775242805481
68,1,GSM331521,1,0.3274460434913635
68,1,GSM331523,1,0.7481924295425415
68,1,GSM331524,1,0.5276842713356018
68,1,GSM331525,1,0.6823025345802307
68,1,GSM331527,1,0.3152814507484436
68,1,GSM331531,1,0.4451378285884857
68,1,GSM331532,1,0.20384173095226288
68,1,GSM331535,1,0.5497331023216248
68,1,GSM331536,1,0.4611399471759796
68,1,GSM331537,1,0.6288193464279175
68,1,GSM331541,1,0.5785571932792664
68,1,GSM331544,1,0.20889116823673248
68,1,GSM331545,1,0.47024476528167725
68,1,GSM331548,1,0.7352909445762634
68,1,GSM331549,1,0.59983891248703
68,1,GSM331550,1,0.29654940962791443
68,1,GSM331552,1,0.40988925099372864
68,1,GSM331554,1,0.47097840905189514
68,1,GSM331557,1,0.5266237258911133
68,1,GSM331561,1,0.6937564611434937
68,1,GSM331563,1,0.801227867603302
68,1,GSM331565,1,0.42406904697418213
68,1,GSM331567,1,0.6663807034492493
68,1,GSM331568,1,0.7236728072166443
68,1,GSM331570,1,0.30922144651412964
68,1,GSM331572,1,0.690117597579956
68,1,GSM331573,1,0.8613354563713074
68,1,GSM331576,1,0.8848394155502319
68,1,GSM331578,1,0.4986695945262909
68,1,GSM331579,1,0.2659294009208679
68,1,GSM331580,1,0.46851056814193726
68,1,GSM331581,1,0.3397398591041565
68,1,GSM331586,1,0.31327909231185913
68,1,GSM331587,1,0.6094186902046204
68,1,GSM331588,1,0.6741368174552917
68,1,GSM331594,1,0.3402894139289856
68,1,GSM331595,1,0.7750193476676941
68,1,GSM331596,1,0.7273274660110474
68,1,GSM331598,1,0.4649279713630676
68,1,GSM331599,1,0.9434429407119751
68,1,GSM331600,1,0.8402984142303467
68,1,GSM331605,1,0.7573211789131165
68,1,GSM331606,1,0.23981593549251556
68,1,GSM331608,1,0.28385642170906067
68,1,GSM331611,1,0.6617439985275269
68,1,GSM331612,1,0.49805954098701477
68,1,GSM331613,1,0.5926336646080017
68,1,GSM331614,1,0.5744813680648804
68,1,GSM331616,1,0.7690798044204712
68,1,GSM331617,1,0.7740616798400879
68,1,GSM331618,1,0.5688782930374146
68,1,GSM331619,1,0.30753979086875916
68,1,GSM331620,1,0.6217273473739624
68,1,GSM331624,1,0.7024305462837219
68,1,GSM331626,1,0.25467270612716675
68,1,GSM331632,1,0.4789291024208069
68,1,GSM331633,1,0.42432039976119995
68,1,GSM331637,1,0.5433261394500732
68,1,GSM331639,1,0.5709536671638489
68,1,GSM331642,1,0.5707306265830994
68,1,GSM331643,1,0.8824547529220581
68,1,GSM331646,1,0.3040843904018402
68,1,GSM331648,1,0.42988651990890503
68,1,GSM331651,1,0.6439834237098694
68,1,GSM331654,1,0.9368026852607727
68,1,GSM331656,1,0.35482993721961975
68,1,GSM331657,1,0.6938467621803284
68,2,GSM331664,0,0.2282114177942276
68,2,GSM331665,0,0.4488239586353302
68,2,GSM331666,0,0.12920930981636047
68,2,GSM331673,0,0.4085357189178467
68,2,GSM331676,0,0.7046201229095459
68,2,GSM331677,0,0.5475524663925171
68,2,GSM331678,0,0.187701016664505
68,2,GSM331679,0,0.451578825712204
68,2,GSM331681,0,0.5711682438850403
68,2,GSM331682,0,0.48968958854675293
68,2,GSM331683,0,0.7415076494216919
68,2,GSM331684,0,0.22115926444530487
68,2,GSM331685,0,0.2636285424232483
68,2,GSM331686,0,0.7335458993911743
68,2,GSM331687,0,0.473941445350647
68,2,GSM331693,0,0.43605467677116394
68,2,GSM331695,0,0.4299149811267853
68,2,GSM331697,0,0.4749853312969208
68,2,GSM331698,0,0.28109481930732727
68,2,GSM331700,0,0.2722031772136688
68,2,GSM331701,0,0.24453262984752655
68,2,GSM331702,0,0.4341760575771332
68,2,GSM331703,0,0.7156493067741394
68,2,GSM331707,0,0.4650200307369232
68,2,GSM331710,0,0.24368761479854584
68,2,GSM331712,0,0.6497228741645813
68,2,GSM331713,0,0.25058475136756897
68,2,GSM331715,0,0.3160904049873352
68,2,GSM331718,0,0.6999102830886841
68,2,GSM331720,0,0.1646307408809662
68,2,GSM331722,0,0.4940682053565979
68,2,GSM331723,0,0.4512089490890503
68,2,GSM331725,0,0.5124562382698059
68,2,GSM331726,0,0.22782021760940552
68,2,GSM331728,0,0.31660494208335876
68,2,GSM331732,0,0.4794495403766632
68,2,GSM331455,1,0.3332868814468384
68,2,GSM331456,1,0.5579587817192078
68,2,GSM331461,1,0.2104644924402237
68,2,GSM331462,1,0.25552237033843994
68,2,GSM331463,1,0.3729282021522522
68,2,GSM331465,1,0.56190425157547
68,2,GSM331467,1,0.31017643213272095
68,2,GSM331468,1,0.8196350336074829
68,2,GSM331470,1,0.7448626756668091
68,2,GSM331471,1,0.55170738697052
68,2,GSM331472,1,0.21738213300704956
68,2,GSM331476,1,0.49911198019981384
68,2,GSM331479,1,0.3258558511734009
68,2,GSM331481,1,0.703911304473877
68,2,GSM331482,1,0.37794211506843567
68,2,GSM331484,1,0.37877941131591797
68,2,GSM331485,1,0.9049292206764221
68,2,GSM331487,1,0.8910207152366638
68,2,GSM331489,1,0.48611247539520264
68,2,GSM331490,1,0.20085762441158295
68,2,GSM331491,1,0.5005823373794556
68,2,GSM331492,1,0.44978246092796326
68,2,GSM331493,1,0.32748132944107056
68,2,GSM331494,1,0.8006061911582947
68,2,GSM331500,1,0.6862872838973999
68,2,GSM331501,1,0.4317285418510437
68,2,GSM331502,1,0.759553074836731
68,2,GSM331503,1,0.16751717031002045
68,2,GSM331511,1,0.8290659189224243
68,2,GSM331512,1,0.4025670289993286
68,2,GSM331517,1,0.5540795922279358
68,2,GSM331520,1,0.3897443413734436
68,2,GSM331522,1,0.2654608190059662
68,2,GSM331526,1,0.51775062084198
68,2,GSM331528,1,0.7500738501548767
68,2,GSM331529,1,0.19508445262908936
68,2,GSM331530,1,0.5747724771499634
68,2,GSM331533,1,0.6577958464622498
68,2,GSM331534,1,0.7826617956161499
68,2,GSM331538,1,0.1980893313884735
68,2,GSM331539,1,0.4906328022480011
68,2,GSM331540,1,0.4584415853023529
68,2,GSM331542,1,0.5002266764640808
68,2,GSM331543,1,0.44426843523979187
68,2,GSM331546,1,0.5175098776817322
68,2,GSM331547,1,0.2158505618572235
68,2,GSM331551,1,0.34485796093940735
68,2,GSM331553,1,0.768505871295929
68,2,GSM331555,1,0.20427243411540985
68,2,GSM331556,1,0.5744028687477112
68,2,GSM331558,1,0.29485204815864563
68,2,GSM331559,1,0.9103235602378845
68,2,GSM331560,1,0.14834299683570862
68,2,GSM331562,1,0.6620718836784363
68,2,GSM331564,1,0.4921186566352844
68,2,GSM331566,1,0.7516215443611145
68,2,GSM331569,1,0.5975691080093384
68,2,GSM331571,1,0.42033112049102783
68,2,GSM331574,1,0.11728892475366592
68,2,GSM331575,1,0.5192579030990601
68,2,GSM331577,1,0.34386560320854187
68,2,GSM331582,1,0.4757530987262726
68,2,GSM331583,1,0.44423046708106995
68,2,GSM331584,1,0.22888468205928802
68,2,GSM331585,1,0.46633005142211914
68,2,GSM331589,1,0.5952630043029785
68,2,GSM331590,1,0.24680587649345398
68,2,GSM331591,1,0.7993022203445435
68,2,GSM331592,1,0.4842681884765625
68,2,GSM331593,1,0.40957459807395935
68,2,GSM331597,1,0.44432076811790466
68,2,GSM331601,1,0.37944406270980835
68,2,GSM331602,1,0.4337613582611084
68,2,GSM331603,1,0.27582839131355286
68,2,GSM331604,1,0.7009408473968506
68,2,GSM331607,1,0.8097622990608215
68,2,GSM331609,1,0.4424687623977661
68,2,GSM331610,1,0.7222064137458801
68,2,GSM331615,1,0.5858743190765381
68,2,GSM331621,1,0.511704683303833
68,2,GSM331622,1,0.7071663737297058
68,2,GSM331623,1,0.3554985821247101
68,2,GSM331625,1,0.5349764227867126
68,2,GSM331627,1,0.2430853694677353
68,2,GSM331628,1,0.4572295844554901
68,2,GSM331629,1,0.26020628213882446
68,2,GSM331630,1,0.5569404363632202
68,2,GSM331631,1,0.22765620052814484
68,2,GSM331634,1,0.4001641869544983
68,2,GSM331635,1,0.5181300044059753
68,2,GSM331636,1,0.35704293847084045
68,2,GSM331640,1,0.14695802330970764
68,2,GSM331641,1,0.4344225823879242
68,2,GSM331644,1,0.1497640460729599
68,2,GSM331645,1,0.46196672320365906
68,2,GSM331647,1,0.34962987899780273
68,2,GSM331649,1,0.7846968770027161
68,2,GSM331650,1,0.5242943167686462
68,2,GSM331652,1,0.7249020338058472
68,2,GSM331653,1,0.4188360571861267
68,2,GSM331655,1,0.3192586302757263
68,2,GSM331658,1,0.626003086566925
68,2,GSM331659,1,0.37259790301322937
69,1,GSM331638,0,0.4317459464073181
69,1,GSM331660,0,0.27625152468681335
69,1,GSM331663,0,0.27407628297805786
69,1,GSM331665,0,0.3737581670284271
69,1,GSM331668,0,0.6146355867385864
69,1,GSM331669,0,0.7210252285003662
69,1,GSM331670,0,0.47798842191696167
69,1,GSM331671,0,0.4727412462234497
69,1,GSM331674,0,0.22501958906650543
69,1,GSM331675,0,0.4524013102054596
69,1,GSM331676,0,0.714239239692688
69,1,GSM331678,0,0.1988791525363922
69,1,GSM331680,0,0.5263441205024719
69,1,GSM331681,0,0.8046272993087769
69,1,GSM331682,0,0.7732159495353699
69,1,GSM331683,0,0.7328092455863953
69,1,GSM331684,0,0.38786619901657104
69,1,GSM331685,0,0.132241353392601
69,1,GSM331687,0,0.40865427255630493
69,1,GSM331688,0,0.7295472025871277
69,1,GSM331691,0,0.557056188583374
69,1,GSM331696,0,0.31552019715309143
69,1,GSM331699,0,0.22371692955493927
69,1,GSM331700,0,0.2715388834476471
69,1,GSM331705,0,0.6404219269752502
69,1,GSM331706,0,0.8736279606819153
69,1,GSM331709,0,0.445965051651001
69,1,GSM331711,0,0.6927504539489746
69,1,GSM331716,0,0.9494786858558655
69,1,GSM331718,0,0.4486706256866455
69,1,GSM331721,0,0.5422145128250122
69,1,GSM331724,0,0.42244574427604675
69,1,GSM331726,0,0.2387382835149765
69,1,GSM331727,0,0.33393755555152893
69,1,GSM331728,0,0.1458553522825241
69,1,GSM331731,0,0.7426159977912903
69,1,GSM331732,0,0.5874674320220947
69,1,GSM331454,1,0.6199876070022583
69,1,GSM331457,1,0.5183721780776978
69,1,GSM331461,1,0.23172502219676971
69,1,GSM331463,1,0.5697034001350403
69,1,GSM331465,1,0.6336767077445984
69,1,GSM331467,1,0.6432220935821533
69,1,GSM331468,1,0.6023946404457092
69,1,GSM331470,1,0.5657092332839966
69,1,GSM331471,1,0.7250794768333435
69,1,GSM331473,1,0.3836413025856018
69,1,GSM331476,1,0.3523401916027069
69,1,GSM331478,1,0.7377414107322693
69,1,GSM331480,1,0.5968905687332153
69,1,GSM331481,1,0.5858922600746155
69,1,GSM331483,1,0.40676552057266235
69,1,GSM331487,1,0.8529634475708008
69,1,GSM331491,1,0.5621373653411865
69,1,GSM331494,1,0.8289032578468323
69,1,GSM331495,1,0.4819734990596771
69,1,GSM331496,1,0.19621296226978302
69,1,GSM331497,1,0.4866549074649811
69,1,GSM331500,1,0.7761049866676331
69,1,GSM331502,1,0.7588300108909607
69,1,GSM331504,1,0.717222273349762
69,1,GSM331507,1,0.1786649078130722
69,1,GSM331508,1,0.24077536165714264
69,1,GSM331510,1,0.366687148809433
69,1,GSM331513,1,0.809727668762207
69,1,GSM331516,1,0.6920432448387146
69,1,GSM331518,1,0.3035527467727661
69,1,GSM331519,1,0.536986231803894
69,1,GSM331524,1,0.409043550491333
69,1,GSM331525,1,0.5529947876930237
69,1,GSM331526,1,0.6989901661872864
69,1,GSM331529,1,0.1947374939918518
69,1,GSM331530,1,0.5940929651260376
69,1,GSM331531,1,0.2832975685596466
69,1,GSM331533,1,0.44687071442604065
69,1,GSM331534,1,0.8008829355239868
69,1,GSM331537,1,0.6418061852455139
69,1,GSM331539,1,0.5519786477088928
69,1,GSM331542,1,0.6640493273735046
69,1,GSM331544,1,0.2296276092529297
69,1,GSM331546,1,0.8109869956970215
69,1,GSM331547,1,0.3160800337791443
69,1,GSM331548,1,0.2772684693336487
69,1,GSM331550,1,0.1306624710559845
69,1,GSM331551,1,0.30626747012138367
69,1,GSM331552,1,0.42778128385543823
69,1,GSM331554,1,0.30992743372917175
69,1,GSM331555,1,0.13071304559707642
69,1,GSM331556,1,0.1951415091753006
69,1,GSM331557,1,0.5555141568183899
69,1,GSM331561,1,0.4898976683616638
69,1,GSM331562,1,0.4314301908016205
69,1,GSM331563,1,0.4081202447414398
69,1,GSM331564,1,0.571178138256073
69,1,GSM331565,1,0.7012636065483093
69,1,GSM331568,1,0.523139476776123
69,1,GSM331571,1,0.34906670451164246
69,1,GSM331574,1,0.28034886717796326
69,1,GSM331575,1,0.6921008229255676
69,1,GSM331576,1,0.8766785860061646
69,1,GSM331582,1,0.16510288417339325
69,1,GSM331583,1,0.25682055950164795
69,1,GSM331584,1,0.2061871737241745
69,1,GSM331586,1,0.5261791944503784
69,1,GSM331588,1,0.6062280535697937
69,1,GSM331590,1,0.29834914207458496
69,1,GSM331591,1,0.7793956995010376
69,1,GSM331592,1,0.6584017276763916
69,1,GSM331593,1,0.33084583282470703
69,1,GSM331597,1,0.6071495413780212
69,1,GSM331598,1,0.5758375525474548
69,1,GSM331602,1,0.5236995220184326
69,1,GSM331603,1,0.2660566568374634
69,1,GSM331604,1,0.585483729839325
69,1,GSM331607,1,0.7530059218406677
69,1,GSM331609,1,0.6047948598861694
69,1,GSM331611,1,0.7114967107772827
69,1,GSM331614,1,0.47783932089805603
69,1,GSM331615,1,0.7146234512329102
69,1,GSM331619,1,0.3002490699291229
69,1,GSM331622,1,0.8841173052787781
69,1,GSM331623,1,0.27939262986183167
69,1,GSM331625,1,0.549640417098999
69,1,GSM331627,1,0.4777843952178955
69,1,GSM331628,1,0.46656379103660583
69,1,GSM331630,1,0.4096658527851105
69,1,GSM331632,1,0.5699245929718018
69,1,GSM331634,1,0.30765098333358765
69,1,GSM331635,1,0.427312970161438
69,1,GSM331637,1,0.5628389716148376
69,1,GSM331640,1,0.17231222987174988
69,1,GSM331641,1,0.6766810417175293
69,1,GSM331642,1,0.46270185708999634
69,1,GSM331643,1,0.5167950987815857
69,1,GSM331647,1,0.37876245379447937
69,1,GSM331648,1,0.5495333075523376
69,1,GSM331649,1,0.5692335963249207
69,1,GSM331653,1,0.44972342252731323
69,1,GSM331655,1,0.6099616885185242
69,1,GSM331656,1,0.436102956533432
69,2,GSM331661,0,0.8021199703216553
69,2,GSM331662,0,0.2574024796485901
69,2,GSM331664,0,0.11346907168626785
69,2,GSM331666,0,0.20126350224018097
69,2,GSM331672,0,0.8371549844741821
69,2,GSM331673,0,0.569595992565155
69,2,GSM331677,0,0.3737190067768097
69,2,GSM331679,0,0.22043189406394958
69,2,GSM331686,0,0.8695592284202576
69,2,GSM331689,0,0.43803927302360535
69,2,GSM331690,0,0.5905464887619019
69,2,GSM331692,0,0.30281344056129456
69,2,GSM331693,0,0.7459792494773865
69,2,GSM331694,0,0.30950692296028137
69,2,GSM331695,0,0.39433908462524414
69,2,GSM331697,0,0.6046809554100037
69,2,GSM331698,0,0.35520434379577637
69,2,GSM331701,0,0.22208437323570251
69,2,GSM331702,0,0.7815616726875305
69,2,GSM331703,0,0.4594215154647827
69,2,GSM331704,0,0.7557882070541382
69,2,GSM331707,0,0.18885891139507294
69,2,GSM331708,0,0.36390402913093567
69,2,GSM331710,0,0.5242206454277039
69,2,GSM331712,0,0.795083224773407
69,2,GSM331713,0,0.35244080424308777
69,2,GSM331714,0,0.6844838261604309
69,2,GSM331715,0,0.30936411023139954
69,2,GSM331717,0,0.8318303227424622
69,2,GSM331719,0,0.4400974214076996
69,2,GSM331720,0,0.2036786526441574
69,2,GSM331722,0,0.3547002077102661
69,2,GSM331723,0,0.6319288611412048
69,2,GSM331725,0,0.42049092054367065
69,2,GSM331729,0,0.15413129329681396
69,2,GSM331730,0,0.6459921002388
69,2,GSM331453,1,0.5094109773635864
69,2,GSM331455,1,0.32572877407073975
69,2,GSM331456,1,0.7525941133499146
69,2,GSM331458,1,0.44481247663497925
69,2,GSM331459,1,0.5497992038726807
69,2,GSM331460,1,0.2763219475746155
69,2,GSM331462,1,0.3033382296562195
69,2,GSM331464,1,0.496544748544693
69,2,GSM331466,1,0.39790764451026917
69,2,GSM331469,1,0.30854707956314087
69,2,GSM331472,1,0.3873891532421112
69,2,GSM331474,1,0.14297445118427277
69,2,GSM331475,1,0.4623143672943115
69,2,GSM331477,1,0.5340755581855774
69,2,GSM331479,1,0.2292758673429489
69,2,GSM331482,1,0.5614817142486572
69,2,GSM331484,1,0.1566384732723236
69,2,GSM331485,1,0.8430750966072083
69,2,GSM331486,1,0.36145761609077454
69,2,GSM331488,1,0.6268107295036316
69,2,GSM331489,1,0.72780442237854
69,2,GSM331490,1,0.41849154233932495
69,2,GSM331492,1,0.16032007336616516
69,2,GSM331493,1,0.40387463569641113
69,2,GSM331498,1,0.3865875005722046
69,2,GSM331499,1,0.4272547960281372
69,2,GSM331501,1,0.34766894578933716
69,2,GSM331503,1,0.4580755829811096
69,2,GSM331505,1,0.34099844098091125
69,2,GSM331506,1,0.782028317451477
69,2,GSM331509,1,0.1826818734407425
69,2,GSM331511,1,0.7882398962974548
69,2,GSM331512,1,0.40423089265823364
69,2,GSM331514,1,0.47807323932647705
69,2,GSM331515,1,0.3438384234905243
69,2,GSM331517,1,0.44742873311042786
69,2,GSM331520,1,0.5106838345527649
69,2,GSM331521,1,0.17007556557655334
69,2,GSM331522,1,0.28167974948883057
69,2,GSM331523,1,0.8635346293449402
69,2,GSM331527,1,0.3802741765975952
69,2,GSM331528,1,0.776236891746521
69,2,GSM331532,1,0.3344807028770447
69,2,GSM331535,1,0.4583412706851959
69,2,GSM331536,1,0.46419253945350647
69,2,GSM331538,1,0.39764735102653503
69,2,GSM331540,1,0.5511060357093811
69,2,GSM331541,1,0.6521428227424622
69,2,GSM331543,1,0.6839897632598877
69,2,GSM331545,1,0.6465630531311035
69,2,GSM331549,1,0.5132519602775574
69,2,GSM331553,1,0.7578974962234497
69,2,GSM331558,1,0.5780536532402039
69,2,GSM331559,1,0.8469457626342773
69,2,GSM331560,1,0.3815292716026306
69,2,GSM331566,1,0.5711328983306885
69,2,GSM331567,1,0.5905817151069641
69,2,GSM331569,1,0.6288926601409912
69,2,GSM331570,1,0.644574761390686
69,2,GSM331572,1,0.8097822070121765
69,2,GSM331573,1,0.8250632882118225
69,2,GSM331577,1,0.5296779274940491
69,2,GSM331578,1,0.698289155960083
69,2,GSM331579,1,0.5026162266731262
69,2,GSM331580,1,0.5397078394889832
69,2,GSM331581,1,0.464239239692688
69,2,GSM331585,1,0.8417302370071411
69,2,GSM331587,1,0.6004258394241333
69,2,GSM331589,1,0.5122389197349548
69,2,GSM331594,1,0.2701507806777954
69,2,GSM331595,1,0.6478670239448547
69,2,GSM331596,1,0.4579418897628784
69,2,GSM331599,1,0.6943917274475098
69,2,GSM331600,1,0.7496048808097839
69,2,GSM331601,1,0.46018582582473755
69,2,GSM331605,1,0.7780551910400391
69,2,GSM331606,1,0.4091406762599945
69,2,GSM331608,1,0.147685244679451
69,2,GSM331610,1,0.6736631989479065
69,2,GSM331612,1,0.376645565032959
69,2,GSM331613,1,0.18895834684371948
69,2,GSM331616,1,0.7062617540359497
69,2,GSM331617,1,0.8077954053878784
69,2,GSM331618,1,0.7040549516677856
69,2,GSM331620,1,0.6678917407989502
69,2,GSM331621,1,0.6487113833427429
69,2,GSM331624,1,0.33149778842926025
69,2,GSM331626,1,0.3778597116470337
69,2,GSM331629,1,0.18106643855571747
69,2,GSM331631,1,0.3499109447002411
69,2,GSM331633,1,0.4808833599090576
69,2,GSM331636,1,0.3702096939086914
69,2,GSM331639,1,0.5644526481628418
69,2,GSM331644,1,0.4776197671890259
69,2,GSM331645,1,0.5099863409996033
69,2,GSM331646,1,0.2690545320510864
69,2,GSM331650,1,0.6355909109115601
69,2,GSM331651,1,0.5732420682907104
69,2,GSM331652,1,0.6829721927642822
69,2,GSM331654,1,0.9249637126922607
69,2,GSM331657,1,0.7785500884056091
69,2,GSM331658,1,0.5746399760246277
69,2,GSM331659,1,0.63287353515625
70,1,GSM331661,0,0.6760244369506836
70,1,GSM331662,0,0.4057217240333557
70,1,GSM331663,0,0.2536737322807312
70,1,GSM331664,0,0.1908322423696518
70,1,GSM331666,0,0.10092226415872574
70,1,GSM331668,0,0.7955941557884216
70,1,GSM331670,0,0.6176317930221558
70,1,GSM331671,0,0.38085511326789856
70,1,GSM331672,0,0.8410696387290955
70,1,GSM331673,0,0.21917620301246643
70,1,GSM331678,0,0.07933500409126282
70,1,GSM331680,0,0.3870338201522827
70,1,GSM331684,0,0.30142742395401
70,1,GSM331685,0,0.06410623341798782
70,1,GSM331686,0,0.8128315210342407
70,1,GSM331690,0,0.4509401023387909
70,1,GSM331694,0,0.6238400936126709
70,1,GSM331696,0,0.30463191866874695
70,1,GSM331697,0,0.21068595349788666
70,1,GSM331699,0,0.31017211079597473
70,1,GSM331700,0,0.21673482656478882
70,1,GSM331709,0,0.32570362091064453
70,1,GSM331710,0,0.35837799310684204
70,1,GSM331714,0,0.7946972846984863
70,1,GSM331715,0,0.22428254783153534
70,1,GSM331716,0,0.9824004173278809
70,1,GSM331717,0,0.8556407690048218
70,1,GSM331719,0,0.20914620161056519
70,1,GSM331720,0,0.15098609030246735
70,1,GSM331722,0,0.5797725915908813
70,1,GSM331723,0,0.9267416596412659
70,1,GSM331724,0,0.19868873059749603
70,1,GSM331725,0,0.39281171560287476
70,1,GSM331726,0,0.08266613632440567
70,1,GSM331729,0,0.11234772205352783
70,1,GSM331730,0,0.4986148178577423
70,1,GSM331731,0,0.6087508797645569
70,1,GSM331453,1,0.23280590772628784
70,1,GSM331455,1,0.2807053029537201
70,1,GSM331457,1,0.41506221890449524
70,1,GSM331458,1,0.31694847345352173
70,1,GSM331460,1,0.3142545521259308
70,1,GSM331463,1,0.214459627866745
70,1,GSM331464,1,0.21887877583503723
70,1,GSM331468,1,0.5832452178001404
70,1,GSM331470,1,0.7299344539642334
70,1,GSM331472,1,0.27386337518692017
70,1,GSM331473,1,0.34740930795669556
70,1,GSM331474,1,0.20379115641117096
70,1,GSM331475,1,0.37895655632019043
70,1,GSM331477,1,0.48746803402900696
70,1,GSM331480,1,0.48267313838005066
70,1,GSM331481,1,0.24188046157360077
70,1,GSM331484,1,0.06158527359366417
70,1,GSM331486,1,0.4031682014465332
70,1,GSM331491,1,0.40771225094795227
70,1,GSM331492,1,0.40197181701660156
70,1,GSM331493,1,0.11487361788749695
70,1,GSM331495,1,0.4248483180999756
70,1,GSM331497,1,0.37670591473579407
70,1,GSM331499,1,0.6649068593978882
70,1,GSM331500,1,0.6439536213874817
70,1,GSM331502,1,0.8317767381668091
70,1,GSM331505,1,0.39760273694992065
70,1,GSM331506,1,0.7231864333152771
70,1,GSM331509,1,0.2586440145969391
70,1,GSM331510,1,0.37960585951805115
70,1,GSM331511,1,0.7207327485084534
70,1,GSM331512,1,0.6452574729919434
70,1,GSM331516,1,0.6350595951080322
70,1,GSM331517,1,0.5711181163787842
70,1,GSM331520,1,0.4802241027355194
70,1,GSM331522,1,0.4730684161186218
70,1,GSM331523,1,0.5724428296089172
70,1,GSM331524,1,0.4173567295074463
70,1,GSM331529,1,0.1294216513633728
70,1,GSM331530,1,0.565825879573822
70,1,GSM331531,1,0.22705423831939697
70,1,GSM331532,1,0.2621524930000305
70,1,GSM331533,1,0.565568745136261
70,1,GSM331534,1,0.6388104557991028
70,1,GSM331537,1,0.7706175446510315
70,1,GSM331538,1,0.43779754638671875
70,1,GSM331540,1,0.679783046245575
70,1,GSM331541,1,0.45716533064842224
70,1,GSM331543,1,0.6410865187644958
70,1,GSM331544,1,0.16540829837322235
70,1,GSM331545,1,0.5263957977294922
70,1,GSM331549,1,0.8652046322822571
70,1,GSM331552,1,0.3359939157962799
70,1,GSM331553,1,0.9627993702888489
70,1,GSM331555,1,0.1524774134159088
70,1,GSM331556,1,0.28350481390953064
70,1,GSM331557,1,0.3356042504310608
70,1,GSM331558,1,0.36549821496009827
70,1,GSM331559,1,0.8682151436805725
70,1,GSM331560,1,0.36359426379203796
70,1,GSM331561,1,0.6694825291633606
70,1,GSM331565,1,0.596177875995636
70,1,GSM331567,1,0.4667935073375702
70,1,GSM331571,1,0.398931086063385
70,1,GSM331572,1,0.5976670980453491
70,1,GSM331574,1,0.34417274594306946
70,1,GSM331576,1,0.860858142375946
70,1,GSM331577,1,0.43695154786109924
70,1,GSM331580,1,0.22022727131843567
70,1,GSM331583,1,0.1974135786294937
70,1,GSM331587,1,0.5837316513061523
70,1,GSM331588,1,0.6765002012252808
70,1,GSM331589,1,0.7431528568267822
70,1,GSM331595,1,0.5278399586677551
70,1,GSM331596,1,0.6110109686851501
70,1,GSM331597,1,0.7104696035385132
70,1,GSM331598,1,0.24987244606018066
70,1,GSM331600,1,0.8841758370399475
70,1,GSM331601,1,0.5071260333061218
70,1,GSM331604,1,0.12681247293949127
70,1,GSM331608,1,0.12826508283615112
70,1,GSM331610,1,0.61346834897995
70,1,GSM331611,1,0.8367350101470947
70,1,GSM331613,1,0.47286903858184814
70,1,GSM331616,1,0.6709505915641785
70,1,GSM331617,1,0.6930239200592041
70,1,GSM331618,1,0.5737749934196472
70,1,GSM331619,1,0.22909913957118988
70,1,GSM331620,1,0.4315682649612427
70,1,GSM331621,1,0.5165299773216248
70,1,GSM331622,1,0.8625953793525696
70,1,GSM331624,1,0.6848576664924622
70,1,GSM331625,1,0.7252572178840637
70,1,GSM331630,1,0.6844787001609802
70,1,GSM331631,1,0.2054389864206314
70,1,GSM331632,1,0.16425205767154694
70,1,GSM331634,1,0.438186913728714
70,1,GSM331642,1,0.6339325904846191
70,1,GSM331644,1,0.24558621644973755
70,1,GSM331646,1,0.21437537670135498
70,1,GSM331651,1,0.7172473669052124
70,1,GSM331652,1,0.736384391784668
70,1,GSM331654,1,0.853829562664032
70,2,GSM331638,0,0.6191567778587341
70,2,GSM331660,0,0.14191602170467377
70,2,GSM331665,0,0.5147938132286072
70,2,GSM331669,0,0.8820066452026367
70,2,GSM331674,0,0.5133551359176636
70,2,GSM331675,0,0.1852010041475296
70,2,GSM331676,0,0.7160614132881165
70,2,GSM331677,0,0.24129341542720795
70,2,GSM331679,0,0.4205295145511627
70,2,GSM331681,0,0.8560276031494141
70,2,GSM331682,0,0.8003275990486145
70,2,GSM331683,0,0.8142809867858887
70,2,GSM331687,0,0.35467979311943054
70,2,GSM331688,0,0.7223110795021057
70,2,GSM331689,0,0.6556087136268616
70,2,GSM331691,0,0.7747749090194702
70,2,GSM331692,0,0.4869679808616638
70,2,GSM331693,0,0.7836839556694031
70,2,GSM331695,0,0.3635196387767792
70,2,GSM331698,0,0.3134954571723938
70,2,GSM331701,0,0.2912338078022003
70,2,GSM331702,0,0.6852891445159912
70,2,GSM331703,0,0.677106499671936
70,2,GSM331704,0,0.8547296524047852
70,2,GSM331705,0,0.5399308204650879
70,2,GSM331706,0,0.9777320027351379
70,2,GSM331707,0,0.3493475615978241
70,2,GSM331708,0,0.580348789691925
70,2,GSM331711,0,0.747611939907074
70,2,GSM331712,0,0.829969048500061
70,2,GSM331713,0,0.2932719886302948
70,2,GSM331718,0,0.6327710747718811
70,2,GSM331721,0,0.9233183860778809
70,2,GSM331727,0,0.4800777733325958
70,2,GSM331728,0,0.12952080368995667
70,2,GSM331732,0,0.6903071999549866
70,2,GSM331454,1,0.6762096285820007
70,2,GSM331456,1,0.8108454346656799
70,2,GSM331459,1,0.6537554264068604
70,2,GSM331461,1,0.543769121170044
70,2,GSM331462,1,0.3595770299434662
70,2,GSM331465,1,0.6309586763381958
70,2,GSM331466,1,0.2679230570793152
70,2,GSM331467,1,0.8514670729637146
70,2,GSM331469,1,0.3339052200317383
70,2,GSM331471,1,0.915406346321106
70,2,GSM331476,1,0.2871917486190796
70,2,GSM331478,1,0.5798436403274536
70,2,GSM331479,1,0.3203014135360718
70,2,GSM331482,1,0.6737781763076782
70,2,GSM331483,1,0.4136821925640106
70,2,GSM331485,1,0.8267213106155396
70,2,GSM331487,1,0.8193569183349609
70,2,GSM331488,1,0.772784411907196
70,2,GSM331489,1,0.6983348727226257
70,2,GSM331490,1,0.5243794322013855
70,2,GSM331494,1,0.8326114416122437
70,2,GSM331496,1,0.18125900626182556
70,2,GSM331498,1,0.270581990480423
70,2,GSM331501,1,0.24838799238204956
70,2,GSM331503,1,0.48573923110961914
70,2,GSM331504,1,0.46253663301467896
70,2,GSM331507,1,0.1881083995103836
70,2,GSM331508,1,0.6822059750556946
70,2,GSM331513,1,0.7801567912101746
70,2,GSM331514,1,0.14756256341934204
70,2,GSM331515,1,0.4885145127773285
70,2,GSM331518,1,0.40201300382614136
70,2,GSM331519,1,0.5980829000473022
70,2,GSM331521,1,0.0981181338429451
70,2,GSM331525,1,0.4716341495513916
70,2,GSM331526,1,0.7286486029624939
70,2,GSM331527,1,0.4218779504299164
70,2,GSM331528,1,0.5619702339172363
70,2,GSM331535,1,0.4555789530277252
70,2,GSM331536,1,0.276628702878952
70,2,GSM331539,1,0.7119619250297546
70,2,GSM331542,1,0.29157769680023193
70,2,GSM331546,1,0.5091041922569275
70,2,GSM331547,1,0.4828105866909027
70,2,GSM331548,1,0.41187524795532227
70,2,GSM331550,1,0.1932338923215866
70,2,GSM331551,1,0.3859875798225403
70,2,GSM331554,1,0.5520312786102295
70,2,GSM331562,1,0.28343379497528076
70,2,GSM331563,1,0.39705997705459595
70,2,GSM331564,1,0.7378788590431213
70,2,GSM331566,1,0.6112905144691467
70,2,GSM331568,1,0.71086585521698
70,2,GSM331569,1,0.6508609652519226
70,2,GSM331570,1,0.6105587482452393
70,2,GSM331573,1,0.6486372947692871
70,2,GSM331575,1,0.7407194375991821
70,2,GSM331578,1,0.8168306946754456
70,2,GSM331579,1,0.4780922830104828
70,2,GSM331581,1,0.45285558700561523
70,2,GSM331582,1,0.3863145411014557
70,2,GSM331584,1,0.29901057481765747
70,2,GSM331585,1,0.7902116179466248
70,2,GSM331586,1,0.4726537764072418
70,2,GSM331590,1,0.365822970867157
70,2,GSM331591,1,0.691896915435791
70,2,GSM331592,1,0.6919987201690674
70,2,GSM331593,1,0.5311886668205261
70,2,GSM331594,1,0.24404534697532654
70,2,GSM331599,1,0.906118631362915
70,2,GSM331602,1,0.6184813976287842
70,2,GSM331603,1,0.5737711191177368
70,2,GSM331605,1,0.7252720594406128
70,2,GSM331606,1,0.30750155448913574
70,2,GSM331607,1,0.9202274084091187
70,2,GSM331609,1,0.3046528100967407
70,2,GSM331612,1,0.592475175857544
70,2,GSM331614,1,0.46734368801116943
70,2,GSM331615,1,0.4423353970050812
70,2,GSM331623,1,0.46673399209976196
70,2,GSM331626,1,0.40002983808517456
70,2,GSM331627,1,0.7007787227630615
70,2,GSM331628,1,0.36859455704689026
70,2,GSM331629,1,0.2548607885837555
70,2,GSM331633,1,0.1874256283044815
70,2,GSM331635,1,0.2074262499809265
70,2,GSM331636,1,0.31227579712867737
70,2,GSM331637,1,0.6539667844772339
70,2,GSM331639,1,0.4027147591114044
70,2,GSM331640,1,0.25187239050865173
70,2,GSM331641,1,0.5768184065818787
70,2,GSM331643,1,0.8393257260322571
70,2,GSM331645,1,0.4316260814666748
70,2,GSM331647,1,0.5993156433105469
70,2,GSM331648,1,0.35662803053855896
70,2,GSM331649,1,0.6567220687866211
70,2,GSM331650,1,0.47828012704849243
70,2,GSM331653,1,0.6076090335845947
70,2,GSM331655,1,0.6273434162139893
70,2,GSM331656,1,0.49677544832229614
70,2,GSM331657,1,0.8193982243537903
70,2,GSM331658,1,0.5708553791046143
70,2,GSM331659,1,0.48811042308807373
71,1,GSM331638,0,0.5453441739082336
71,1,GSM331662,0,0.7194300889968872
71,1,GSM331664,0,0.5819149613380432
71,1,GSM331665,0,0.5176344513893127
71,1,GSM331666,0,0.33189094066619873
71,1,GSM331668,0,0.8407859802246094
71,1,GSM331670,0,0.6972206830978394
71,1,GSM331671,0,0.8871565461158752
71,1,GSM331676,0,0.6543862819671631
71,1,GSM331680,0,0.4564927816390991
71,1,GSM331681,0,0.8261444568634033
71,1,GSM331683,0,0.8965917825698853
71,1,GSM331685,0,0.1896926611661911
71,1,GSM331688,0,0.7533341646194458
71,1,GSM331690,0,0.5106304287910461
71,1,GSM331691,0,0.666057825088501
71,1,GSM331692,0,0.22610688209533691
71,1,GSM331695,0,0.4168412387371063
71,1,GSM331700,0,0.2399636209011078
71,1,GSM331701,0,0.18910154700279236
71,1,GSM331702,0,0.754193127155304
71,1,GSM331703,0,0.49617767333984375
71,1,GSM331704,0,0.7014567255973816
71,1,GSM331705,0,0.4668375551700592
71,1,GSM331706,0,0.9001139402389526
71,1,GSM331708,0,0.8049820065498352
71,1,GSM331711,0,0.7845488786697388
71,1,GSM331712,0,0.7231104373931885
71,1,GSM331714,0,0.8751577138900757
71,1,GSM331715,0,0.21006765961647034
71,1,GSM331718,0,0.8090471029281616
71,1,GSM331719,0,0.2497035264968872
71,1,GSM331720,0,0.32651662826538086
71,1,GSM331721,0,0.9347546696662903
71,1,GSM331722,0,0.7323840260505676
71,1,GSM331728,0,0.16749808192253113
71,1,GSM331731,0,0.7735919952392578
71,1,GSM331454,1,0.32166358828544617
71,1,GSM331457,1,0.7664673328399658
71,1,GSM331458,1,0.44042888283729553
71,1,GSM331463,1,0.11169354617595673
71,1,GSM331464,1,0.14174935221672058
71,1,GSM331465,1,0.2805747985839844
71,1,GSM331468,1,0.8560150861740112
71,1,GSM331469,1,0.5127906203269958
71,1,GSM331470,1,0.6899431347846985
71,1,GSM331471,1,0.8319154381752014
71,1,GSM331473,1,0.7619644403457642
71,1,GSM331474,1,0.40545353293418884
71,1,GSM331476,1,0.7001223564147949
71,1,GSM331479,1,0.7336306571960449
71,1,GSM331481,1,0.49567440152168274
71,1,GSM331485,1,0.5852138996124268
71,1,GSM331486,1,0.6493140459060669
71,1,GSM331488,1,0.6987105011940002
71,1,GSM331489,1,0.251607745885849
71,1,GSM331491,1,0.5394567251205444
71,1,GSM331492,1,0.585631787776947
71,1,GSM331495,1,0.5692750811576843
71,1,GSM331497,1,0.44732433557510376
71,1,GSM331498,1,0.10985010117292404
71,1,GSM331499,1,0.749286949634552
71,1,GSM331501,1,0.4703165888786316
71,1,GSM331502,1,0.8118387460708618
71,1,GSM331504,1,0.3414752185344696
71,1,GSM331506,1,0.7080503106117249
71,1,GSM331507,1,0.3630608916282654
71,1,GSM331508,1,0.7509430646896362
71,1,GSM331509,1,0.6176321506500244
71,1,GSM331511,1,0.5846526622772217
71,1,GSM331512,1,0.808138370513916
71,1,GSM331515,1,0.5672448873519897
71,1,GSM331517,1,0.6776570081710815
71,1,GSM331518,1,0.32721593976020813
71,1,GSM331519,1,0.2268873006105423
71,1,GSM331523,1,0.5326862335205078
71,1,GSM331526,1,0.7236158847808838
71,1,GSM331527,1,0.2973420023918152
71,1,GSM331528,1,0.7033582329750061
71,1,GSM331531,1,0.552780032157898
71,1,GSM331532,1,0.32722437381744385
71,1,GSM331536,1,0.6569768786430359
71,1,GSM331539,1,0.42644742131233215
71,1,GSM331540,1,0.5023112893104553
71,1,GSM331541,1,0.6053568124771118
71,1,GSM331542,1,0.12611162662506104
71,1,GSM331543,1,0.6315450072288513
71,1,GSM331546,1,0.2195098102092743
71,1,GSM331548,1,0.7411611676216125
71,1,GSM331554,1,0.5016242265701294
71,1,GSM331556,1,0.6811226010322571
71,1,GSM331558,1,0.18656031787395477
71,1,GSM331559,1,0.8211784362792969
71,1,GSM331560,1,0.14359551668167114
71,1,GSM331562,1,0.6437291502952576
71,1,GSM331563,1,0.6929925084114075
71,1,GSM331565,1,0.3126269578933716
71,1,GSM331567,1,0.2347143441438675
71,1,GSM331569,1,0.603462815284729
71,1,GSM331570,1,0.39931562542915344
71,1,GSM331572,1,0.6685330867767334
71,1,GSM331573,1,0.7767281532287598
71,1,GSM331575,1,0.5587166547775269
71,1,GSM331580,1,0.5982555747032166
71,1,GSM331581,1,0.29370030760765076
71,1,GSM331583,1,0.6180333495140076
71,1,GSM331585,1,0.6167626976966858
71,1,GSM331586,1,0.3974447250366211
71,1,GSM331587,1,0.7318989038467407
71,1,GSM331589,1,0.45854994654655457
71,1,GSM331590,1,0.37497085332870483
71,1,GSM331594,1,0.359957754611969
71,1,GSM331595,1,0.39530983567237854
71,1,GSM331597,1,0.5022157430648804
71,1,GSM331598,1,0.11442556977272034
71,1,GSM331601,1,0.6098496317863464
71,1,GSM331602,1,0.36542579531669617
71,1,GSM331604,1,0.25708872079849243
71,1,GSM331605,1,0.5011406540870667
71,1,GSM331606,1,0.33100542426109314
71,1,GSM331607,1,0.9098084568977356
71,1,GSM331608,1,0.29145750403404236
71,1,GSM331611,1,0.855684757232666
71,1,GSM331612,1,0.6728290915489197
71,1,GSM331615,1,0.2796200215816498
71,1,GSM331616,1,0.5642560124397278
71,1,GSM331618,1,0.7647497653961182
71,1,GSM331620,1,0.2827957570552826
71,1,GSM331624,1,0.8434502482414246
71,1,GSM331625,1,0.8635123372077942
71,1,GSM331626,1,0.21037346124649048
71,1,GSM331627,1,0.4817676544189453
71,1,GSM331632,1,0.07152798026800156
71,1,GSM331640,1,0.20084570348262787
71,1,GSM331642,1,0.7123503088951111
71,1,GSM331646,1,0.3339548110961914
71,1,GSM331650,1,0.26724743843078613
71,1,GSM331654,1,0.7267809510231018
71,1,GSM331658,1,0.47496888041496277
71,1,GSM331659,1,0.6206201910972595
71,2,GSM331660,0,0.2170395702123642
71,2,GSM331661,0,0.7265738844871521
71,2,GSM331663,0,0.31170299649238586
71,2,GSM331669,0,0.8922179937362671
71,2,GSM331672,0,0.753147304058075
71,2,GSM331673,0,0.3108856678009033
71,2,GSM331674,0,0.578811526298523
71,2,GSM331675,0,0.17038804292678833
71,2,GSM331677,0,0.29655346274375916
71,2,GSM331678,0,0.06460321694612503
71,2,GSM331679,0,0.5570933818817139
71,2,GSM331682,0,0.7765215039253235
71,2,GSM331684,0,0.28947728872299194
71,2,GSM331686,0,0.8841729760169983
71,2,GSM331687,0,0.47183024883270264
71,2,GSM331689,0,0.3927433490753174
71,2,GSM331693,0,0.41908812522888184
71,2,GSM331694,0,0.42502403259277344
71,2,GSM331696,0,0.3634966015815735
71,2,GSM331697,0,0.3654917776584625
71,2,GSM331698,0,0.17854736745357513
71,2,GSM331699,0,0.4911715090274811
71,2,GSM331707,0,0.6325275897979736
71,2,GSM331709,0,0.40776047110557556
71,2,GSM331710,0,0.23968087136745453
71,2,GSM331713,0,0.3583388924598694
71,2,GSM331716,0,0.9689204096794128
71,2,GSM331717,0,0.8630738854408264
71,2,GSM331723,0,0.7846672534942627
71,2,GSM331724,0,0.22730733454227448
71,2,GSM331725,0,0.6263644099235535
71,2,GSM331726,0,0.12159238010644913
71,2,GSM331727,0,0.5200835466384888
71,2,GSM331729,0,0.07018286734819412
71,2,GSM331730,0,0.673992931842804
71,2,GSM331732,0,0.6365432739257812
71,2,GSM331453,1,0.26431360840797424
71,2,GSM331455,1,0.09941237419843674
71,2,GSM331456,1,0.4947760999202728
71,2,GSM331459,1,0.4424329102039337
71,2,GSM331460,1,0.5711334943771362
71,2,GSM331461,1,0.33832377195358276
71,2,GSM331462,1,0.34081605076789856
71,2,GSM331466,1,0.5017329454421997
71,2,GSM331467,1,0.2763462960720062
71,2,GSM331472,1,0.15425848960876465
71,2,GSM331475,1,0.5565150380134583
71,2,GSM331477,1,0.5389614105224609
71,2,GSM331478,1,0.3839768171310425
71,2,GSM331480,1,0.7995060682296753
71,2,GSM331482,1,0.24430161714553833
71,2,GSM331483,1,0.8837671279907227
71,2,GSM331484,1,0.1297832727432251
71,2,GSM331487,1,0.9135295152664185
71,2,GSM331490,1,0.24958939850330353
71,2,GSM331493,1,0.13221612572669983
71,2,GSM331494,1,0.823721706867218
71,2,GSM331496,1,0.422402024269104
71,2,GSM331500,1,0.4059125483036041
71,2,GSM331503,1,0.43255338072776794
71,2,GSM331505,1,0.8020074367523193
71,2,GSM331510,1,0.5506473779678345
71,2,GSM331513,1,0.7280125617980957
71,2,GSM331514,1,0.21413534879684448
71,2,GSM331516,1,0.5723541975021362
71,2,GSM331520,1,0.23500484228134155
71,2,GSM331521,1,0.6403003931045532
71,2,GSM331522,1,0.3372781574726105
71,2,GSM331524,1,0.6932211518287659
71,2,GSM331525,1,0.6641768217086792
71,2,GSM331529,1,0.23972415924072266
71,2,GSM331530,1,0.6200343370437622
71,2,GSM331533,1,0.49928778409957886
71,2,GSM331534,1,0.7072555422782898
71,2,GSM331535,1,0.22457587718963623
71,2,GSM331537,1,0.5005049705505371
71,2,GSM331538,1,0.1456160694360733
71,2,GSM331544,1,0.06840445846319199
71,2,GSM331545,1,0.4461689591407776
71,2,GSM331547,1,0.21662944555282593
71,2,GSM331549,1,0.5726974010467529
71,2,GSM331550,1,0.5266153216362
71,2,GSM331551,1,0.49554187059402466
71,2,GSM331552,1,0.1235947236418724
71,2,GSM331553,1,0.9497174024581909
71,2,GSM331555,1,0.14048656821250916
71,2,GSM331557,1,0.4899148941040039
71,2,GSM331561,1,0.8803483843803406
71,2,GSM331564,1,0.24346816539764404
71,2,GSM331566,1,0.7853881120681763
71,2,GSM331568,1,0.6839805245399475
71,2,GSM331571,1,0.557891309261322
71,2,GSM331574,1,0.4229976236820221
71,2,GSM331576,1,0.8680256605148315
71,2,GSM331577,1,0.4424368441104889
71,2,GSM331578,1,0.7136679887771606
71,2,GSM331579,1,0.5126121044158936
71,2,GSM331582,1,0.6549632549285889
71,2,GSM331584,1,0.22787562012672424
71,2,GSM331588,1,0.38828936219215393
71,2,GSM331591,1,0.9155582785606384
71,2,GSM331592,1,0.6959323287010193
71,2,GSM331593,1,0.7231026291847229
71,2,GSM331596,1,0.6861468553543091
71,2,GSM331599,1,0.8955662846565247
71,2,GSM331600,1,0.9084008932113647
71,2,GSM331603,1,0.6640287041664124
71,2,GSM331609,1,0.2784721255302429
71,2,GSM331610,1,0.7031428813934326
71,2,GSM331613,1,0.551245927810669
71,2,GSM331614,1,0.2713471055030823
71,2,GSM331617,1,0.8594963550567627
71,2,GSM331619,1,0.22662219405174255
71,2,GSM331621,1,0.3290879726409912
71,2,GSM331622,1,0.6483901143074036
71,2,GSM331623,1,0.3352591097354889
71,2,GSM331628,1,0.4746222198009491
71,2,GSM331629,1,0.16440537571907043
71,2,GSM331630,1,0.6736401915550232
71,2,GSM331631,1,0.07846256345510483
71,2,GSM331633,1,0.2124510556459427
71,2,GSM331634,1,0.3429001569747925
71,2,GSM331635,1,0.32657590508461
71,2,GSM331636,1,0.21422389149665833
71,2,GSM331637,1,0.5468254089355469
71,2,GSM331639,1,0.1639089435338974
71,2,GSM331641,1,0.36802247166633606
71,2,GSM331643,1,0.8964764475822449
71,2,GSM331644,1,0.24703453481197357
71,2,GSM331645,1,0.6249710917472839
71,2,GSM331647,1,0.595390796661377
71,2,GSM331648,1,0.08902785927057266
71,2,GSM331649,1,0.7336282134056091
71,2,GSM331651,1,0.46393299102783203
71,2,GSM331652,1,0.750140905380249
71,2,GSM331653,1,0.44721582531929016
71,2,GSM331655,1,0.28068825602531433
71,2,GSM331656,1,0.4491882622241974
71,2,GSM331657,1,0.7492679953575134
72,1,GSM331660,0,0.4416952431201935
72,1,GSM331666,0,0.4321120083332062
72,1,GSM331668,0,0.5649005770683289
72,1,GSM331669,0,0.7583923935890198
72,1,GSM331670,0,0.5250834822654724
72,1,GSM331671,0,0.6465680003166199
72,1,GSM331673,0,0.5017666816711426
72,1,GSM331675,0,0.3069685995578766
72,1,GSM331677,0,0.23141774535179138
72,1,GSM331681,0,0.5732057094573975
72,1,GSM331685,0,0.4664805233478546
72,1,GSM331686,0,0.5306321978569031
72,1,GSM331693,0,0.5508415699005127
72,1,GSM331694,0,0.5189734697341919
72,1,GSM331695,0,0.3396845757961273
72,1,GSM331697,0,0.3677014410495758
72,1,GSM331699,0,0.25613152980804443
72,1,GSM331700,0,0.4071650505065918
72,1,GSM331701,0,0.3642658293247223
72,1,GSM331702,0,0.4143936038017273
72,1,GSM331704,0,0.517490029335022
72,1,GSM331706,0,0.6083921194076538
72,1,GSM331707,0,0.31199949979782104
72,1,GSM331708,0,0.44505685567855835
72,1,GSM331709,0,0.48638007044792175
72,1,GSM331710,0,0.38702112436294556
72,1,GSM331711,0,0.7871662974357605
72,1,GSM331714,0,0.8058475852012634
72,1,GSM331716,0,0.8335303068161011
72,1,GSM331719,0,0.22927135229110718
72,1,GSM331722,0,0.6536626815795898
72,1,GSM331724,0,0.3778454065322876
72,1,GSM331725,0,0.5139710307121277
72,1,GSM331728,0,0.3146500289440155
72,1,GSM331729,0,0.22547878324985504
72,1,GSM331730,0,0.6482084393501282
72,1,GSM331732,0,0.5236294865608215
72,1,GSM331453,1,0.4736417829990387
72,1,GSM331454,1,0.46063634753227234
72,1,GSM331456,1,0.5422342419624329
72,1,GSM331459,1,0.4648756682872772
72,1,GSM331462,1,0.4071143865585327
72,1,GSM331463,1,0.3328288197517395
72,1,GSM331465,1,0.3149681091308594
72,1,GSM331467,1,0.2378799021244049
72,1,GSM331469,1,0.4715558886528015
72,1,GSM331470,1,0.5888515114784241
72,1,GSM331473,1,0.6838417053222656
72,1,GSM331476,1,0.6602706909179688
72,1,GSM331479,1,0.5444669127464294
72,1,GSM331481,1,0.7002060413360596
72,1,GSM331482,1,0.3261687457561493
72,1,GSM331484,1,0.37463197112083435
72,1,GSM331487,1,0.7477098703384399
72,1,GSM331488,1,0.6474617719650269
72,1,GSM331489,1,0.5208947658538818
72,1,GSM331493,1,0.33106929063796997
72,1,GSM331495,1,0.4507492780685425
72,1,GSM331499,1,0.5262610912322998
72,1,GSM331504,1,0.3919581472873688
72,1,GSM331507,1,0.2756364941596985
72,1,GSM331511,1,0.646403431892395
72,1,GSM331512,1,0.6343418955802917
72,1,GSM331514,1,0.505806028842926
72,1,GSM331515,1,0.5595465898513794
72,1,GSM331516,1,0.6825647354125977
72,1,GSM331520,1,0.35387295484542847
72,1,GSM331522,1,0.4490828514099121
72,1,GSM331526,1,0.5307116508483887
72,1,GSM331527,1,0.27024316787719727
72,1,GSM331529,1,0.5628457069396973
72,1,GSM331530,1,0.5512962937355042
72,1,GSM331531,1,0.5392616987228394
72,1,GSM331534,1,0.5943331122398376
72,1,GSM331538,1,0.1833990514278412
72,1,GSM331540,1,0.54279625415802
72,1,GSM331541,1,0.5950264930725098
72,1,GSM331544,1,0.20970311760902405
72,1,GSM331547,1,0.6529824137687683
72,1,GSM331548,1,0.5482092499732971
72,1,GSM331549,1,0.6755145192146301
72,1,GSM331550,1,0.4390374720096588
72,1,GSM331553,1,0.7804487943649292
72,1,GSM331554,1,0.3825138211250305
72,1,GSM331559,1,0.7107329964637756
72,1,GSM331560,1,0.27277517318725586
72,1,GSM331563,1,0.6026476621627808
72,1,GSM331565,1,0.4513787031173706
72,1,GSM331566,1,0.5111529231071472
72,1,GSM331567,1,0.30955469608306885
72,1,GSM331569,1,0.28506559133529663
72,1,GSM331570,1,0.4172629714012146
72,1,GSM331571,1,0.5257622599601746
72,1,GSM331575,1,0.5024581551551819
72,1,GSM331577,1,0.4289591312408447
72,1,GSM331578,1,0.453961044549942
72,1,GSM331579,1,0.3743543028831482
72,1,GSM331580,1,0.6159176826477051
72,1,GSM331581,1,0.23506560921669006
72,1,GSM331584,1,0.3597269058227539
72,1,GSM331585,1,0.6386556029319763
72,1,GSM331586,1,0.37181633710861206
72,1,GSM331587,1,0.5543616414070129
72,1,GSM331589,1,0.5167289972305298
72,1,GSM331592,1,0.6247449517250061
72,1,GSM331596,1,0.6428853869438171
72,1,GSM331598,1,0.3622991442680359
72,1,GSM331600,1,0.6650106906890869
72,1,GSM331601,1,0.6464929580688477
72,1,GSM331602,1,0.3111962080001831
72,1,GSM331603,1,0.5436848402023315
72,1,GSM331604,1,0.3071884214878082
72,1,GSM331606,1,0.3297632336616516
72,1,GSM331609,1,0.4906756281852722
72,1,GSM331610,1,0.7092756032943726
72,1,GSM331611,1,0.6169030070304871
72,1,GSM331612,1,0.4659266769886017
72,1,GSM331616,1,0.5821014642715454
72,1,GSM331618,1,0.5030148029327393
72,1,GSM331620,1,0.4936869442462921
72,1,GSM331624,1,0.61686772108078
72,1,GSM331625,1,0.6050352454185486
72,1,GSM331627,1,0.28577473759651184
72,1,GSM331628,1,0.3577617406845093
72,1,GSM331629,1,0.41893112659454346
72,1,GSM331630,1,0.5277562737464905
72,1,GSM331632,1,0.3113448917865753
72,1,GSM331634,1,0.30974406003952026
72,1,GSM331635,1,0.2902717590332031
72,1,GSM331636,1,0.2728385329246521
72,1,GSM331637,1,0.4381149411201477
72,1,GSM331640,1,0.15655049681663513
72,1,GSM331641,1,0.4549090266227722
72,1,GSM331642,1,0.6518843173980713
72,1,GSM331643,1,0.7976691722869873
72,1,GSM331644,1,0.2657914459705353
72,1,GSM331646,1,0.21268269419670105
72,1,GSM331649,1,0.6775678992271423
72,1,GSM331655,1,0.3317139744758606
72,1,GSM331659,1,0.537173330783844
72,2,GSM331638,0,0.6405258178710938
72,2,GSM331661,0,0.5740631818771362
72,2,GSM331662,0,0.5702921152114868
72,2,GSM331663,0,0.32007500529289246
72,2,GSM331664,0,0.544167697429657
72,2,GSM331665,0,0.5934037566184998
72,2,GSM331672,0,0.6787771582603455
72,2,GSM331674,0,0.6710056066513062
72,2,GSM331676,0,0.6881549954414368
72,2,GSM331678,0,0.3811078667640686
72,2,GSM331679,0,0.5315579175949097
72,2,GSM331680,0,0.8017436265945435
72,2,GSM331682,0,0.46279698610305786
72,2,GSM331683,0,0.8880316615104675
72,2,GSM331684,0,0.41913196444511414
72,2,GSM331687,0,0.2056492269039154
72,2,GSM331688,0,0.5630209445953369
72,2,GSM331689,0,0.6651785373687744
72,2,GSM331690,0,0.7046087980270386
72,2,GSM331691,0,0.6265613436698914
72,2,GSM331692,0,0.4559829533100128
72,2,GSM331696,0,0.3656640350818634
72,2,GSM331698,0,0.15205906331539154
72,2,GSM331703,0,0.4451825022697449
72,2,GSM331705,0,0.41956037282943726
72,2,GSM331712,0,0.5257936120033264
72,2,GSM331713,0,0.5257909893989563
72,2,GSM331715,0,0.24901889264583588
72,2,GSM331717,0,0.7448552250862122
72,2,GSM331718,0,0.6623534560203552
72,2,GSM331720,0,0.588628888130188
72,2,GSM331721,0,0.6447155475616455
72,2,GSM331723,0,0.45854663848876953
72,2,GSM331726,0,0.24251608550548553
72,2,GSM331727,0,0.6787390112876892
72,2,GSM331731,0,0.5875939130783081
72,2,GSM331455,1,0.15734046697616577
72,2,GSM331457,1,0.41888079047203064
72,2,GSM331458,1,0.45244914293289185
72,2,GSM331460,1,0.5013676881790161
72,2,GSM331461,1,0.7295302152633667
72,2,GSM331464,1,0.44416487216949463
72,2,GSM331466,1,0.4375258684158325
72,2,GSM331468,1,0.509731650352478
72,2,GSM331471,1,0.536444902420044
72,2,GSM331472,1,0.41288086771965027
72,2,GSM331474,1,0.4867413640022278
72,2,GSM331475,1,0.5661131143569946
72,2,GSM331477,1,0.34688931703567505
72,2,GSM331478,1,0.7656021118164062
72,2,GSM331480,1,0.6929425001144409
72,2,GSM331483,1,0.5160568356513977
72,2,GSM331485,1,0.8163188695907593
72,2,GSM331486,1,0.6435197591781616
72,2,GSM331490,1,0.26323890686035156
72,2,GSM331491,1,0.5747798681259155
72,2,GSM331492,1,0.28345736861228943
72,2,GSM331494,1,0.6402328014373779
72,2,GSM331496,1,0.5487436652183533
72,2,GSM331497,1,0.5721873641014099
72,2,GSM331498,1,0.21917377412319183
72,2,GSM331500,1,0.5524961948394775
72,2,GSM331501,1,0.5266508460044861
72,2,GSM331502,1,0.8860336542129517
72,2,GSM331503,1,0.3882661461830139
72,2,GSM331505,1,0.3507078289985657
72,2,GSM331506,1,0.6559260487556458
72,2,GSM331508,1,0.6162342429161072
72,2,GSM331509,1,0.5151391625404358
72,2,GSM331510,1,0.5301369428634644
72,2,GSM331513,1,0.4918394088745117
72,2,GSM331517,1,0.6222652792930603
72,2,GSM331518,1,0.6104539632797241
72,2,GSM331519,1,0.3560103178024292
72,2,GSM331521,1,0.3184854984283447
72,2,GSM331523,1,0.5837748646736145
72,2,GSM331524,1,0.19013233482837677
72,2,GSM331525,1,0.8202674984931946
72,2,GSM331528,1,0.7059890627861023
72,2,GSM331532,1,0.26645171642303467
72,2,GSM331533,1,0.6929680109024048
72,2,GSM331535,1,0.28826195001602173
72,2,GSM331536,1,0.5539788603782654
72,2,GSM331537,1,0.5842612385749817
72,2,GSM331539,1,0.5070332288742065
72,2,GSM331542,1,0.4845064878463745
72,2,GSM331543,1,0.4541897177696228
72,2,GSM331545,1,0.45345181226730347
72,2,GSM331546,1,0.4768918752670288
72,2,GSM331551,1,0.6010522842407227
72,2,GSM331552,1,0.34743478894233704
72,2,GSM331555,1,0.42869290709495544
72,2,GSM331556,1,0.5262492895126343
72,2,GSM331557,1,0.6452997326850891
72,2,GSM331558,1,0.5421270132064819
72,2,GSM331561,1,0.503512978553772
72,2,GSM331562,1,0.5122310519218445
72,2,GSM331564,1,0.7499757409095764
72,2,GSM331568,1,0.6626131534576416
72,2,GSM331572,1,0.7460023760795593
72,2,GSM331573,1,0.7212231159210205
72,2,GSM331574,1,0.7586313486099243
72,2,GSM331576,1,0.7088780999183655
72,2,GSM331582,1,0.47411051392555237
72,2,GSM331583,1,0.3684585690498352
72,2,GSM331588,1,0.7566208243370056
72,2,GSM331590,1,0.3283742070198059
72,2,GSM331591,1,0.5726553797721863
72,2,GSM331593,1,0.4205684959888458
72,2,GSM331594,1,0.6589629054069519
72,2,GSM331595,1,0.4145561456680298
72,2,GSM331597,1,0.5716638565063477
72,2,GSM331599,1,0.8809211850166321
72,2,GSM331605,1,0.5199390053749084
72,2,GSM331607,1,0.648495614528656
72,2,GSM331608,1,0.5909512042999268
72,2,GSM331613,1,0.5704015493392944
72,2,GSM331614,1,0.43892771005630493
72,2,GSM331615,1,0.5304535031318665
72,2,GSM331617,1,0.8385899066925049
72,2,GSM331619,1,0.3683810234069824
72,2,GSM331621,1,0.4538702666759491
72,2,GSM331622,1,0.8370227813720703
72,2,GSM331623,1,0.6232828497886658
72,2,GSM331626,1,0.19026683270931244
72,2,GSM331631,1,0.25011342763900757
72,2,GSM331633,1,0.4028197228908539
72,2,GSM331639,1,0.35553571581840515
72,2,GSM331645,1,0.6141829490661621
72,2,GSM331647,1,0.7486703991889954
72,2,GSM331648,1,0.3520711362361908
72,2,GSM331650,1,0.3395289182662964
72,2,GSM331651,1,0.6316896677017212
72,2,GSM331652,1,0.7729921340942383
72,2,GSM331653,1,0.488275945186615
72,2,GSM331654,1,0.8209555149078369
72,2,GSM331656,1,0.30996063351631165
72,2,GSM331657,1,0.6095923781394958
72,2,GSM331658,1,0.5118744373321533
73,1,GSM331662,0,0.3333493769168854
73,1,GSM331664,0,0.2948806583881378
73,1,GSM331665,0,0.6875608563423157
73,1,GSM331670,0,0.5594491958618164
73,1,GSM331672,0,0.5949275493621826
73,1,GSM331674,0,0.567716121673584
73,1,GSM331676,0,0.6710435152053833
73,1,GSM331677,0,0.27651968598365784
73,1,GSM331680,0,0.5236634016036987
73,1,GSM331681,0,0.6400039792060852
73,1,GSM331686,0,0.7822805047035217
73,1,GSM331688,0,0.5751659274101257
73,1,GSM331689,0,0.43521419167518616
73,1,GSM331690,0,0.3493627607822418
73,1,GSM331691,0,0.4631725251674652
73,1,GSM331693,0,0.665459394454956
73,1,GSM331696,0,0.39278703927993774
73,1,GSM331701,0,0.33268168568611145
73,1,GSM331703,0,0.6327689290046692
73,1,GSM331705,0,0.592723548412323
73,1,GSM331706,0,0.8575299382209778
73,1,GSM331708,0,0.7171858549118042
73,1,GSM331710,0,0.4757640063762665
73,1,GSM331711,0,0.45123055577278137
73,1,GSM331712,0,0.7047458291053772
73,1,GSM331716,0,0.9113147258758545
73,1,GSM331718,0,0.735874593257904
73,1,GSM331719,0,0.2447114884853363
73,1,GSM331720,0,0.3622121214866638
73,1,GSM331723,0,0.7585954070091248
73,1,GSM331724,0,0.4197654128074646
73,1,GSM331725,0,0.6898515224456787
73,1,GSM331726,0,0.27421605587005615
73,1,GSM331729,0,0.21795466542243958
73,1,GSM331730,0,0.593995988368988
73,1,GSM331731,0,0.6813115477561951
73,1,GSM331732,0,0.6963070034980774
73,1,GSM331454,1,0.4216204881668091
73,1,GSM331456,1,0.6277344822883606
73,1,GSM331457,1,0.57987380027771
73,1,GSM331458,1,0.4084877371788025
73,1,GSM331460,1,0.34980249404907227
73,1,GSM331461,1,0.3542538583278656
73,1,GSM331464,1,0.40528032183647156
73,1,GSM331465,1,0.4701422452926636
73,1,GSM331467,1,0.4942607879638672
73,1,GSM331468,1,0.7045812606811523
73,1,GSM331471,1,0.7240257263183594
73,1,GSM331472,1,0.4839666783809662
73,1,GSM331473,1,0.7039175629615784
73,1,GSM331475,1,0.4849298894405365
73,1,GSM331476,1,0.40808942914009094
73,1,GSM331479,1,0.4355827569961548
73,1,GSM331480,1,0.6893518567085266
73,1,GSM331483,1,0.48051467537879944
73,1,GSM331486,1,0.48181748390197754
73,1,GSM331492,1,0.28880155086517334
73,1,GSM331493,1,0.1833541840314865
73,1,GSM331494,1,0.7587524652481079
73,1,GSM331502,1,0.8168439865112305
73,1,GSM331504,1,0.31897181272506714
73,1,GSM331505,1,0.6105844378471375
73,1,GSM331506,1,0.5520407557487488
73,1,GSM331507,1,0.22448955476284027
73,1,GSM331508,1,0.6337360143661499
73,1,GSM331512,1,0.7150391936302185
73,1,GSM331514,1,0.2980433702468872
73,1,GSM331516,1,0.5752619504928589
73,1,GSM331518,1,0.3405679762363434
73,1,GSM331522,1,0.47573354840278625
73,1,GSM331524,1,0.5873593091964722
73,1,GSM331525,1,0.45524507761001587
73,1,GSM331526,1,0.6961724758148193
73,1,GSM331528,1,0.5058197975158691
73,1,GSM331531,1,0.6345487833023071
73,1,GSM331533,1,0.436739444732666
73,1,GSM331536,1,0.5600956678390503
73,1,GSM331538,1,0.2859182357788086
73,1,GSM331542,1,0.46867895126342773
73,1,GSM331543,1,0.602952778339386
73,1,GSM331544,1,0.24347856640815735
73,1,GSM331546,1,0.49564504623413086
73,1,GSM331549,1,0.8285434246063232
73,1,GSM331550,1,0.3133065402507782
73,1,GSM331552,1,0.4071459174156189
73,1,GSM331553,1,0.8660658597946167
73,1,GSM331555,1,0.2533034086227417
73,1,GSM331558,1,0.5035306811332703
73,1,GSM331560,1,0.3787868916988373
73,1,GSM331566,1,0.6841883063316345
73,1,GSM331568,1,0.5434381365776062
73,1,GSM331569,1,0.5453543663024902
73,1,GSM331573,1,0.7010643482208252
73,1,GSM331577,1,0.342683881521225
73,1,GSM331578,1,0.7539027333259583
73,1,GSM331581,1,0.36075860261917114
73,1,GSM331583,1,0.35267573595046997
73,1,GSM331584,1,0.5070244669914246
73,1,GSM331585,1,0.6507912278175354
73,1,GSM331587,1,0.5693025588989258
73,1,GSM331588,1,0.6504116058349609
73,1,GSM331591,1,0.5533477067947388
73,1,GSM331594,1,0.3596794307231903
73,1,GSM331595,1,0.38396310806274414
73,1,GSM331596,1,0.6091217398643494
73,1,GSM331598,1,0.38378646969795227
73,1,GSM331601,1,0.4619429111480713
73,1,GSM331603,1,0.4836592972278595
73,1,GSM331608,1,0.28269273042678833
73,1,GSM331609,1,0.4820830821990967
73,1,GSM331610,1,0.6123360395431519
73,1,GSM331611,1,0.6091209650039673
73,1,GSM331613,1,0.43763306736946106
73,1,GSM331614,1,0.4997155964374542
73,1,GSM331615,1,0.564025342464447
73,1,GSM331616,1,0.5616063475608826
73,1,GSM331617,1,0.7468340992927551
73,1,GSM331620,1,0.5229885578155518
73,1,GSM331622,1,0.8272944092750549
73,1,GSM331624,1,0.5248019099235535
73,1,GSM331627,1,0.5527338981628418
73,1,GSM331628,1,0.46476662158966064
73,1,GSM331630,1,0.40854015946388245
73,1,GSM331631,1,0.23015540838241577
73,1,GSM331632,1,0.2484385073184967
73,1,GSM331634,1,0.44509080052375793
73,1,GSM331635,1,0.33427971601486206
73,1,GSM331636,1,0.23521587252616882
73,1,GSM331639,1,0.3912999927997589
73,1,GSM331640,1,0.21009884774684906
73,1,GSM331642,1,0.3260646462440491
73,1,GSM331644,1,0.3864709138870239
73,1,GSM331645,1,0.5252471566200256
73,1,GSM331647,1,0.5261058211326599
73,1,GSM331650,1,0.45725101232528687
73,1,GSM331651,1,0.7514294385910034
73,1,GSM331652,1,0.5495288968086243
73,1,GSM331653,1,0.45914214849472046
73,1,GSM331657,1,0.6444509625434875
73,1,GSM331658,1,0.5664235353469849
73,2,GSM331638,0,0.7036324739456177
73,2,GSM331660,0,0.31867021322250366
73,2,GSM331661,0,0.6484818458557129
73,2,GSM331663,0,0.3855750560760498
73,2,GSM331666,0,0.2158886194229126
73,2,GSM331668,0,0.569756805896759
73,2,GSM331669,0,0.7972816228866577
73,2,GSM331671,0,0.5530598163604736
73,2,GSM331673,0,0.3910946547985077
73,2,GSM331675,0,0.3207741379737854
73,2,GSM331678,0,0.3730183243751526
73,2,GSM331679,0,0.6813622713088989
73,2,GSM331682,0,0.6976554989814758
73,2,GSM331683,0,0.7714365720748901
73,2,GSM331684,0,0.48890382051467896
73,2,GSM331685,0,0.17044693231582642
73,2,GSM331687,0,0.2284049391746521
73,2,GSM331692,0,0.5049760937690735
73,2,GSM331694,0,0.5660825371742249
73,2,GSM331695,0,0.30175715684890747
73,2,GSM331697,0,0.4068411588668823
73,2,GSM331698,0,0.20153549313545227
73,2,GSM331699,0,0.4473075866699219
73,2,GSM331700,0,0.387628436088562
73,2,GSM331702,0,0.6421689987182617
73,2,GSM331704,0,0.7492674589157104
73,2,GSM331707,0,0.46222642064094543
73,2,GSM331709,0,0.28150129318237305
73,2,GSM331713,0,0.39880117774009705
73,2,GSM331714,0,0.6120176911354065
73,2,GSM331715,0,0.3234846591949463
73,2,GSM331717,0,0.8297093510627747
73,2,GSM331721,0,0.7120177149772644
73,2,GSM331722,0,0.5131725072860718
73,2,GSM331727,0,0.4514966905117035
73,2,GSM331728,0,0.2230173796415329
73,2,GSM331453,1,0.4868306517601013
73,2,GSM331455,1,0.22657129168510437
73,2,GSM331459,1,0.6823937892913818
73,2,GSM331462,1,0.48565712571144104
73,2,GSM331463,1,0.31763145327568054
73,2,GSM331466,1,0.5341742634773254
73,2,GSM331469,1,0.49689173698425293
73,2,GSM331470,1,0.3878762722015381
73,2,GSM331474,1,0.2844819724559784
73,2,GSM331477,1,0.3334590494632721
73,2,GSM331478,1,0.536904513835907
73,2,GSM331481,1,0.39900463819503784
73,2,GSM331482,1,0.4858693778514862
73,2,GSM331484,1,0.23421314358711243
73,2,GSM331485,1,0.6215320825576782
73,2,GSM331487,1,0.7842949032783508
73,2,GSM331488,1,0.6766156554222107
73,2,GSM331489,1,0.5202400088310242
73,2,GSM331490,1,0.39751386642456055
73,2,GSM331491,1,0.4246492385864258
73,2,GSM331495,1,0.5241971015930176
73,2,GSM331496,1,0.34080901741981506
73,2,GSM331497,1,0.3201228380203247
73,2,GSM331498,1,0.2826671898365021
73,2,GSM331499,1,0.6525388956069946
73,2,GSM331500,1,0.6203609704971313
73,2,GSM331501,1,0.5073288083076477
73,2,GSM331503,1,0.4999192953109741
73,2,GSM331509,1,0.3746257424354553
73,2,GSM331510,1,0.2820286750793457
73,2,GSM331511,1,0.5869562029838562
73,2,GSM331513,1,0.552315354347229
73,2,GSM331515,1,0.34103327989578247
73,2,GSM331517,1,0.5558996796607971
73,2,GSM331519,1,0.3684510588645935
73,2,GSM331520,1,0.4858293831348419
73,2,GSM331521,1,0.25389519333839417
73,2,GSM331523,1,0.7423693537712097
73,2,GSM331527,1,0.386927992105484
73,2,GSM331529,1,0.2918749153614044
73,2,GSM331530,1,0.47577399015426636
73,2,GSM331532,1,0.2591745853424072
73,2,GSM331534,1,0.5564342737197876
73,2,GSM331535,1,0.3266187310218811
73,2,GSM331537,1,0.701859176158905
73,2,GSM331539,1,0.40240874886512756
73,2,GSM331540,1,0.5238888263702393
73,2,GSM331541,1,0.648010790348053
73,2,GSM331545,1,0.5218679308891296
73,2,GSM331547,1,0.34064123034477234
73,2,GSM331548,1,0.465055912733078
73,2,GSM331551,1,0.43896201252937317
73,2,GSM331554,1,0.47514936327934265
73,2,GSM331556,1,0.3503694534301758
73,2,GSM331557,1,0.5585342645645142
73,2,GSM331559,1,0.7233672738075256
73,2,GSM331561,1,0.6126942038536072
73,2,GSM331562,1,0.3349970281124115
73,2,GSM331563,1,0.6105139851570129
73,2,GSM331564,1,0.3677338659763336
73,2,GSM331565,1,0.46718961000442505
73,2,GSM331567,1,0.39625003933906555
73,2,GSM331570,1,0.5671692490577698
73,2,GSM331571,1,0.35559213161468506
73,2,GSM331572,1,0.7175502181053162
73,2,GSM331574,1,0.49058839678764343
73,2,GSM331575,1,0.737957775592804
73,2,GSM331576,1,0.7173551917076111
73,2,GSM331579,1,0.5178207159042358
73,2,GSM331580,1,0.26948803663253784
73,2,GSM331582,1,0.4531278610229492
73,2,GSM331586,1,0.3633042573928833
73,2,GSM331589,1,0.5352420210838318
73,2,GSM331590,1,0.462754487991333
73,2,GSM331592,1,0.45677733421325684
73,2,GSM331593,1,0.4387182593345642
73,2,GSM331597,1,0.6248180270195007
73,2,GSM331599,1,0.839038610458374
73,2,GSM331600,1,0.6297590732574463
73,2,GSM331602,1,0.3664432466030121
73,2,GSM331604,1,0.22864975035190582
73,2,GSM331605,1,0.5538799166679382
73,2,GSM331606,1,0.4938306212425232
73,2,GSM331607,1,0.6893369555473328
73,2,GSM331612,1,0.5264148712158203
73,2,GSM331618,1,0.5200459957122803
73,2,GSM331619,1,0.30707645416259766
73,2,GSM331621,1,0.6890475749969482
73,2,GSM331623,1,0.2802763879299164
73,2,GSM331625,1,0.757763147354126
73,2,GSM331626,1,0.2688475251197815
73,2,GSM331629,1,0.3329993188381195
73,2,GSM331633,1,0.27746978402137756
73,2,GSM331637,1,0.39255645871162415
73,2,GSM331641,1,0.5211997032165527
73,2,GSM331643,1,0.6493237018585205
73,2,GSM331646,1,0.17709623277187347
73,2,GSM331648,1,0.2793062627315521
73,2,GSM331649,1,0.4555952847003937
73,2,GSM331654,1,0.8233748078346252
73,2,GSM331655,1,0.4526451528072357
73,2,GSM331656,1,0.4406156539916992
73,2,GSM331659,1,0.3836113512516022
74,1,GSM331638,0,0.4464039206504822
74,1,GSM331661,0,0.6400694251060486
74,1,GSM331664,0,0.3005809783935547
74,1,GSM331665,0,0.47656935453414917
74,1,GSM331666,0,0.36317598819732666
74,1,GSM331668,0,0.5487380623817444
74,1,GSM331670,0,0.428361177444458
74,1,GSM331674,0,0.579072117805481
74,1,GSM331677,0,0.4228542447090149
74,1,GSM331679,0,0.4636125862598419
74,1,GSM331680,0,0.7000121474266052
74,1,GSM331682,0,0.4743727147579193
74,1,GSM331686,0,0.5469528436660767
74,1,GSM331688,0,0.6214293837547302
74,1,GSM331689,0,0.3053578734397888
74,1,GSM331691,0,0.5931676626205444
74,1,GSM331692,0,0.30924898386001587
74,1,GSM331698,0,0.2752378284931183
74,1,GSM331699,0,0.5869325399398804
74,1,GSM331700,0,0.22880619764328003
74,1,GSM331701,0,0.37111178040504456
74,1,GSM331703,0,0.4757286012172699
74,1,GSM331704,0,0.558036744594574
74,1,GSM331705,0,0.4269598424434662
74,1,GSM331706,0,0.6054712533950806
74,1,GSM331708,0,0.6773499250411987
74,1,GSM331709,0,0.4806313216686249
74,1,GSM331711,0,0.6938848495483398
74,1,GSM331712,0,0.532715916633606
74,1,GSM331714,0,0.5882470607757568
74,1,GSM331715,0,0.5627549290657043
74,1,GSM331716,0,0.8095170855522156
74,1,GSM331719,0,0.3162997364997864
74,1,GSM331723,0,0.6490572690963745
74,1,GSM331724,0,0.520046591758728
74,1,GSM331729,0,0.3126671314239502
74,1,GSM331730,0,0.6715278625488281
74,1,GSM331453,1,0.8198153376579285
74,1,GSM331454,1,0.5571741461753845
74,1,GSM331456,1,0.6791460514068604
74,1,GSM331461,1,0.3514772057533264
74,1,GSM331463,1,0.4632400870323181
74,1,GSM331466,1,0.5816963315010071
74,1,GSM331468,1,0.6361807584762573
74,1,GSM331469,1,0.5056763887405396
74,1,GSM331470,1,0.6421228647232056
74,1,GSM331472,1,0.643600344657898
74,1,GSM331473,1,0.4652020335197449
74,1,GSM331474,1,0.49743035435676575
74,1,GSM331475,1,0.4344901740550995
74,1,GSM331476,1,0.4974534809589386
74,1,GSM331479,1,0.6497194170951843
74,1,GSM331480,1,0.7706383466720581
74,1,GSM331483,1,0.5688633918762207
74,1,GSM331485,1,0.846991777420044
74,1,GSM331486,1,0.3176940977573395
74,1,GSM331489,1,0.7467569708824158
74,1,GSM331494,1,0.8120109438896179
74,1,GSM331495,1,0.6349313855171204
74,1,GSM331500,1,0.7941677570343018
74,1,GSM331504,1,0.7166185975074768
74,1,GSM331505,1,0.6346384286880493
74,1,GSM331506,1,0.5300648808479309
74,1,GSM331507,1,0.28634363412857056
74,1,GSM331510,1,0.4649057388305664
74,1,GSM331511,1,0.6736641526222229
74,1,GSM331512,1,0.6781048774719238
74,1,GSM331514,1,0.6737575531005859
74,1,GSM331517,1,0.5609052181243896
74,1,GSM331518,1,0.40739917755126953
74,1,GSM331520,1,0.7129862904548645
74,1,GSM331521,1,0.31940957903862
74,1,GSM331522,1,0.5404072999954224
74,1,GSM331523,1,0.7412819266319275
74,1,GSM331526,1,0.5058259963989258
74,1,GSM331527,1,0.5804087519645691
74,1,GSM331528,1,0.401548832654953
74,1,GSM331529,1,0.3391607403755188
74,1,GSM331531,1,0.6588909029960632
74,1,GSM331534,1,0.7801634073257446
74,1,GSM331535,1,0.7041065096855164
74,1,GSM331536,1,0.5659490823745728
74,1,GSM331538,1,0.3904142677783966
74,1,GSM331539,1,0.5353682041168213
74,1,GSM331540,1,0.5253862738609314
74,1,GSM331547,1,0.44403043389320374
74,1,GSM331549,1,0.6802557110786438
74,1,GSM331551,1,0.601108968257904
74,1,GSM331558,1,0.4372144043445587
74,1,GSM331561,1,0.3115518093109131
74,1,GSM331562,1,0.37281209230422974
74,1,GSM331563,1,0.6193138957023621
74,1,GSM331566,1,0.5582651495933533
74,1,GSM331568,1,0.6680570840835571
74,1,GSM331569,1,0.5796288847923279
74,1,GSM331571,1,0.4268842339515686
74,1,GSM331572,1,0.5897376537322998
74,1,GSM331573,1,0.820073127746582
74,1,GSM331575,1,0.7411505579948425
74,1,GSM331576,1,0.8295181393623352
74,1,GSM331577,1,0.2985338270664215
74,1,GSM331578,1,0.3958301544189453
74,1,GSM331581,1,0.4687902629375458
74,1,GSM331582,1,0.43651512265205383
74,1,GSM331584,1,0.21323134005069733
74,1,GSM331585,1,0.6557313203811646
74,1,GSM331586,1,0.23507465422153473
74,1,GSM331587,1,0.44473105669021606
74,1,GSM331591,1,0.49487558007240295
74,1,GSM331592,1,0.3799288272857666
74,1,GSM331595,1,0.7280341982841492
74,1,GSM331597,1,0.7383381128311157
74,1,GSM331598,1,0.6984009742736816
74,1,GSM331601,1,0.49616217613220215
74,1,GSM331604,1,0.5735782384872437
74,1,GSM331608,1,0.4074054956436157
74,1,GSM331609,1,0.7726441025733948
74,1,GSM331612,1,0.3886151611804962
74,1,GSM331614,1,0.639961838722229
74,1,GSM331617,1,0.6307716965675354
74,1,GSM331618,1,0.5823271870613098
74,1,GSM331619,1,0.5090206861495972
74,1,GSM331621,1,0.6882547736167908
74,1,GSM331623,1,0.5206802487373352
74,1,GSM331624,1,0.5279189348220825
74,1,GSM331625,1,0.4259986877441406
74,1,GSM331626,1,0.3053975999355316
74,1,GSM331628,1,0.5048879981040955
74,1,GSM331629,1,0.40036681294441223
74,1,GSM331630,1,0.42725253105163574
74,1,GSM331632,1,0.5623055696487427
74,1,GSM331633,1,0.5720077157020569
74,1,GSM331635,1,0.637946367263794
74,1,GSM331637,1,0.4450477361679077
74,1,GSM331639,1,0.5676926374435425
74,1,GSM331643,1,0.6721688508987427
74,1,GSM331648,1,0.7688593864440918
74,1,GSM331651,1,0.7206398248672485
74,1,GSM331654,1,0.8813697099685669
74,1,GSM331655,1,0.6709216237068176
74,2,GSM331660,0,0.29982635378837585
74,2,GSM331662,0,0.22675380110740662
74,2,GSM331663,0,0.4555233418941498
74,2,GSM331669,0,0.646084189414978
74,2,GSM331671,0,0.42533811926841736
74,2,GSM331672,0,0.6348679661750793
74,2,GSM331673,0,0.5571850538253784
74,2,GSM331675,0,0.2592198848724365
74,2,GSM331676,0,0.5139328837394714
74,2,GSM331678,0,0.2513562738895416
74,2,GSM331681,0,0.4041520953178406
74,2,GSM331683,0,0.7134398818016052
74,2,GSM331684,0,0.347195029258728
74,2,GSM331685,0,0.16366471350193024
74,2,GSM331687,0,0.27263376116752625
74,2,GSM331690,0,0.5598886013031006
74,2,GSM331693,0,0.5751245617866516
74,2,GSM331694,0,0.525296151638031
74,2,GSM331695,0,0.41455671191215515
74,2,GSM331696,0,0.2774786353111267
74,2,GSM331697,0,0.3685939311981201
74,2,GSM331702,0,0.5993693470954895
74,2,GSM331707,0,0.3763905465602875
74,2,GSM331710,0,0.3155744969844818
74,2,GSM331713,0,0.5200125575065613
74,2,GSM331717,0,0.7220135927200317
74,2,GSM331718,0,0.6003064513206482
74,2,GSM331720,0,0.41030585765838623
74,2,GSM331721,0,0.6538398265838623
74,2,GSM331722,0,0.5957584977149963
74,2,GSM331725,0,0.41105982661247253
74,2,GSM331726,0,0.27011558413505554
74,2,GSM331727,0,0.3146868348121643
74,2,GSM331728,0,0.26212042570114136
74,2,GSM331731,0,0.6957598924636841
74,2,GSM331732,0,0.47922685742378235
74,2,GSM331455,1,0.3008037209510803
74,2,GSM331457,1,0.6344611644744873
74,2,GSM331458,1,0.6103608012199402
74,2,GSM331459,1,0.721449613571167
74,2,GSM331460,1,0.3202753961086273
74,2,GSM331462,1,0.49931424856185913
74,2,GSM331464,1,0.46645835041999817
74,2,GSM331465,1,0.6320569515228271
74,2,GSM331467,1,0.2948665916919708
74,2,GSM331471,1,0.49686264991760254
74,2,GSM331477,1,0.5573967695236206
74,2,GSM331478,1,0.6434386968612671
74,2,GSM331481,1,0.2802160978317261
74,2,GSM331482,1,0.39015090465545654
74,2,GSM331484,1,0.2999335527420044
74,2,GSM331487,1,0.7688528299331665
74,2,GSM331488,1,0.3966592252254486
74,2,GSM331490,1,0.5524943470954895
74,2,GSM331491,1,0.7681865096092224
74,2,GSM331492,1,0.24425648152828217
74,2,GSM331493,1,0.33071860671043396
74,2,GSM331496,1,0.32940414547920227
74,2,GSM331497,1,0.30973121523857117
74,2,GSM331498,1,0.4645203649997711
74,2,GSM331499,1,0.3502616882324219
74,2,GSM331501,1,0.24829021096229553
74,2,GSM331502,1,0.6920803785324097
74,2,GSM331503,1,0.3917621672153473
74,2,GSM331508,1,0.4615151286125183
74,2,GSM331509,1,0.2960347533226013
74,2,GSM331513,1,0.7218866348266602
74,2,GSM331515,1,0.34508320689201355
74,2,GSM331516,1,0.5521312355995178
74,2,GSM331519,1,0.5598569512367249
74,2,GSM331524,1,0.4942385256290436
74,2,GSM331525,1,0.47323259711265564
74,2,GSM331530,1,0.23239664733409882
74,2,GSM331532,1,0.30068686604499817
74,2,GSM331533,1,0.41904234886169434
74,2,GSM331537,1,0.6381190419197083
74,2,GSM331541,1,0.6703431606292725
74,2,GSM331542,1,0.6812328696250916
74,2,GSM331543,1,0.6305033564567566
74,2,GSM331544,1,0.3529275357723236
74,2,GSM331545,1,0.6126638650894165
74,2,GSM331546,1,0.6813231110572815
74,2,GSM331548,1,0.2936748266220093
74,2,GSM331550,1,0.20451639592647552
74,2,GSM331552,1,0.5800517201423645
74,2,GSM331553,1,0.44772616028785706
74,2,GSM331554,1,0.2531665861606598
74,2,GSM331555,1,0.22976067662239075
74,2,GSM331556,1,0.20639514923095703
74,2,GSM331557,1,0.6512470841407776
74,2,GSM331559,1,0.8082608580589294
74,2,GSM331560,1,0.45675912499427795
74,2,GSM331564,1,0.4502553343772888
74,2,GSM331565,1,0.6897352337837219
74,2,GSM331567,1,0.37926605343818665
74,2,GSM331570,1,0.5630619525909424
74,2,GSM331574,1,0.32607191801071167
74,2,GSM331579,1,0.5105547308921814
74,2,GSM331580,1,0.27889198064804077
74,2,GSM331583,1,0.33533287048339844
74,2,GSM331588,1,0.28469711542129517
74,2,GSM331589,1,0.5364513397216797
74,2,GSM331590,1,0.3393045663833618
74,2,GSM331593,1,0.32778891921043396
74,2,GSM331594,1,0.350956529378891
74,2,GSM331596,1,0.527184009552002
74,2,GSM331599,1,0.6105196475982666
74,2,GSM331600,1,0.80513995885849
74,2,GSM331602,1,0.37436026334762573
74,2,GSM331603,1,0.4688709080219269
74,2,GSM331605,1,0.6832661628723145
74,2,GSM331606,1,0.2782512605190277
74,2,GSM331607,1,0.7591342329978943
74,2,GSM331610,1,0.3257601261138916
74,2,GSM331611,1,0.6261910200119019
74,2,GSM331613,1,0.3187982141971588
74,2,GSM331615,1,0.47370994091033936
74,2,GSM331616,1,0.4318002760410309
74,2,GSM331620,1,0.6739441156387329
74,2,GSM331622,1,0.6354930996894836
74,2,GSM331627,1,0.41187843680381775
74,2,GSM331631,1,0.3309091627597809
74,2,GSM331634,1,0.4566481411457062
74,2,GSM331636,1,0.6122830510139465
74,2,GSM331640,1,0.2664602994918823
74,2,GSM331641,1,0.6678447127342224
74,2,GSM331642,1,0.4406270384788513
74,2,GSM331644,1,0.48513224720954895
74,2,GSM331645,1,0.31262025237083435
74,2,GSM331646,1,0.19002293050289154
74,2,GSM331647,1,0.3034878671169281
74,2,GSM331649,1,0.309800386428833
74,2,GSM331650,1,0.7171000838279724
74,2,GSM331652,1,0.5058887600898743
74,2,GSM331653,1,0.5437633395195007
74,2,GSM331656,1,0.23094581067562103
74,2,GSM331657,1,0.8290699124336243
74,2,GSM331658,1,0.6154837012290955
74,2,GSM331659,1,0.6365650296211243
75,1,GSM331661,0,0.5479692816734314
75,1,GSM331664,0,0.19712387025356293
75,1,GSM331665,0,0.32421261072158813
75,1,GSM331666,0,0.23935246467590332
75,1,GSM331668,0,0.5963175892829895
75,1,GSM331672,0,0.7704353928565979
75,1,GSM331673,0,0.40318435430526733
75,1,GSM331674,0,0.6241222023963928
75,1,GSM331675,0,0.12367013096809387
75,1,GSM331676,0,0.851671040058136
75,1,GSM331679,0,0.35367387533187866
75,1,GSM331681,0,0.7457924485206604
75,1,GSM331683,0,0.8343381881713867
75,1,GSM331684,0,0.2718450129032135
75,1,GSM331692,0,0.2724396586418152
75,1,GSM331693,0,0.5102598667144775
75,1,GSM331695,0,0.43595990538597107
75,1,GSM331699,0,0.21202242374420166
75,1,GSM331700,0,0.2568099796772003
75,1,GSM331702,0,0.6173434257507324
75,1,GSM331703,0,0.5850141048431396
75,1,GSM331705,0,0.3208211064338684
75,1,GSM331706,0,0.9456861615180969
75,1,GSM331707,0,0.2907320559024811
75,1,GSM331708,0,0.34278953075408936
75,1,GSM331709,0,0.33523526787757874
75,1,GSM331713,0,0.1944964975118637
75,1,GSM331714,0,0.787923276424408
75,1,GSM331716,0,0.9584472179412842
75,1,GSM331720,0,0.162693589925766
75,1,GSM331721,0,0.8683434128761292
75,1,GSM331723,0,0.7800721526145935
75,1,GSM331724,0,0.15470430254936218
75,1,GSM331726,0,0.10229402780532837
75,1,GSM331727,0,0.3827068507671356
75,1,GSM331729,0,0.13209378719329834
75,1,GSM331731,0,0.8253014087677002
75,1,GSM331454,1,0.5214993953704834
75,1,GSM331455,1,0.19098590314388275
75,1,GSM331459,1,0.6470382809638977
75,1,GSM331460,1,0.46491992473602295
75,1,GSM331464,1,0.22125011682510376
75,1,GSM331466,1,0.19875964522361755
75,1,GSM331468,1,0.7937530875205994
75,1,GSM331470,1,0.8452236652374268
75,1,GSM331474,1,0.1351524144411087
75,1,GSM331475,1,0.4675266444683075
75,1,GSM331477,1,0.5751940608024597
75,1,GSM331478,1,0.4084339737892151
75,1,GSM331479,1,0.1474394053220749
75,1,GSM331483,1,0.48588496446609497
75,1,GSM331484,1,0.09969817101955414
75,1,GSM331485,1,0.9050742387771606
75,1,GSM331487,1,0.9035202264785767
75,1,GSM331488,1,0.6505976319313049
75,1,GSM331489,1,0.5775554180145264
75,1,GSM331494,1,0.8355013728141785
75,1,GSM331495,1,0.39530423283576965
75,1,GSM331496,1,0.13065659999847412
75,1,GSM331497,1,0.357194721698761
75,1,GSM331498,1,0.16937871277332306
75,1,GSM331500,1,0.6013706922531128
75,1,GSM331504,1,0.4870084822177887
75,1,GSM331505,1,0.5200091600418091
75,1,GSM331506,1,0.8113810420036316
75,1,GSM331507,1,0.10130415111780167
75,1,GSM331508,1,0.48228901624679565
75,1,GSM331509,1,0.2113010734319687
75,1,GSM331510,1,0.5085342526435852
75,1,GSM331511,1,0.7101165056228638
75,1,GSM331512,1,0.5900561213493347
75,1,GSM331513,1,0.84401535987854
75,1,GSM331519,1,0.4259101152420044
75,1,GSM331523,1,0.6165285706520081
75,1,GSM331524,1,0.5233289003372192
75,1,GSM331526,1,0.4387063682079315
75,1,GSM331527,1,0.38695037364959717
75,1,GSM331529,1,0.19096283614635468
75,1,GSM331530,1,0.6180615425109863
75,1,GSM331531,1,0.2478996217250824
75,1,GSM331533,1,0.653120219707489
75,1,GSM331534,1,0.6880248785018921
75,1,GSM331538,1,0.30538514256477356
75,1,GSM331539,1,0.6975113153457642
75,1,GSM331540,1,0.4435931444168091
75,1,GSM331542,1,0.26753729581832886
75,1,GSM331544,1,0.15508517622947693
75,1,GSM331545,1,0.5679667592048645
75,1,GSM331548,1,0.5439313054084778
75,1,GSM331549,1,0.49679628014564514
75,1,GSM331553,1,0.9069217443466187
75,1,GSM331557,1,0.3267870247364044
75,1,GSM331558,1,0.416891872882843
75,1,GSM331560,1,0.2411128133535385
75,1,GSM331563,1,0.7296254634857178
75,1,GSM331564,1,0.7001650929450989
75,1,GSM331565,1,0.5060433149337769
75,1,GSM331569,1,0.6363922357559204
75,1,GSM331571,1,0.28714805841445923
75,1,GSM331573,1,0.7100248336791992
75,1,GSM331576,1,0.9018720984458923
75,1,GSM331580,1,0.4474288821220398
75,1,GSM331581,1,0.26812615990638733
75,1,GSM331582,1,0.24668359756469727
75,1,GSM331583,1,0.2986533045768738
75,1,GSM331584,1,0.15553437173366547
75,1,GSM331585,1,0.6491440534591675
75,1,GSM331586,1,0.3112756609916687
75,1,GSM331594,1,0.24800844490528107
75,1,GSM331596,1,0.6956973671913147
75,1,GSM331597,1,0.650920569896698
75,1,GSM331598,1,0.38817572593688965
75,1,GSM331601,1,0.24251987040042877
75,1,GSM331603,1,0.31201088428497314
75,1,GSM331604,1,0.3928462564945221
75,1,GSM331605,1,0.7787766456604004
75,1,GSM331606,1,0.25548622012138367
75,1,GSM331609,1,0.2717714309692383
75,1,GSM331611,1,0.8568400740623474
75,1,GSM331615,1,0.5124930143356323
75,1,GSM331616,1,0.6419148445129395
75,1,GSM331617,1,0.7718660831451416
75,1,GSM331618,1,0.6013326048851013
75,1,GSM331621,1,0.45225849747657776
75,1,GSM331624,1,0.6653711199760437
75,1,GSM331625,1,0.7684296369552612
75,1,GSM331626,1,0.3133389949798584
75,1,GSM331630,1,0.4676187038421631
75,1,GSM331631,1,0.11661644279956818
75,1,GSM331632,1,0.14821575582027435
75,1,GSM331633,1,0.17905311286449432
75,1,GSM331634,1,0.3823767602443695
75,1,GSM331640,1,0.16267430782318115
75,1,GSM331644,1,0.2736484110355377
75,1,GSM331646,1,0.2356075793504715
75,1,GSM331650,1,0.42381417751312256
75,1,GSM331651,1,0.5711727142333984
75,1,GSM331652,1,0.7793159484863281
75,1,GSM331655,1,0.443758487701416
75,1,GSM331657,1,0.6021477580070496
75,2,GSM331638,0,0.4586345851421356
75,2,GSM331660,0,0.24272602796554565
75,2,GSM331662,0,0.3653425872325897
75,2,GSM331663,0,0.3928368389606476
75,2,GSM331669,0,0.8232224583625793
75,2,GSM331670,0,0.5830680131912231
75,2,GSM331671,0,0.5938901305198669
75,2,GSM331677,0,0.4476839005947113
75,2,GSM331678,0,0.10940409451723099
75,2,GSM331680,0,0.26985523104667664
75,2,GSM331682,0,0.7320088744163513
75,2,GSM331685,0,0.08581514656543732
75,2,GSM331686,0,0.7663838267326355
75,2,GSM331687,0,0.3352211117744446
75,2,GSM331688,0,0.8594024181365967
75,2,GSM331689,0,0.4332740306854248
75,2,GSM331690,0,0.5418557524681091
75,2,GSM331691,0,0.6712459325790405
75,2,GSM331694,0,0.4792909622192383
75,2,GSM331696,0,0.4235404431819916
75,2,GSM331697,0,0.20953170955181122
75,2,GSM331698,0,0.506423830986023
75,2,GSM331701,0,0.27135971188545227
75,2,GSM331704,0,0.734123945236206
75,2,GSM331710,0,0.32785823941230774
75,2,GSM331711,0,0.8088506460189819
75,2,GSM331712,0,0.7751486897468567
75,2,GSM331715,0,0.46501898765563965
75,2,GSM331717,0,0.842436671257019
75,2,GSM331718,0,0.5891174077987671
75,2,GSM331719,0,0.19682928919792175
75,2,GSM331722,0,0.5193727016448975
75,2,GSM331725,0,0.42844367027282715
75,2,GSM331728,0,0.29463332891464233
75,2,GSM331730,0,0.705239474773407
75,2,GSM331732,0,0.6582807302474976
75,2,GSM331453,1,0.37832072377204895
75,2,GSM331456,1,0.6291859745979309
75,2,GSM331457,1,0.5278041958808899
75,2,GSM331458,1,0.6779463887214661
75,2,GSM331461,1,0.1376207023859024
75,2,GSM331462,1,0.27170389890670776
75,2,GSM331463,1,0.33699122071266174
75,2,GSM331465,1,0.5937163233757019
75,2,GSM331467,1,0.6512953639030457
75,2,GSM331469,1,0.4880503714084625
75,2,GSM331471,1,0.86045902967453
75,2,GSM331472,1,0.22606304287910461
75,2,GSM331473,1,0.3849547207355499
75,2,GSM331476,1,0.2884117066860199
75,2,GSM331480,1,0.9225413799285889
75,2,GSM331481,1,0.5416523814201355
75,2,GSM331482,1,0.5235371589660645
75,2,GSM331486,1,0.39920586347579956
75,2,GSM331490,1,0.4968128800392151
75,2,GSM331491,1,0.7374207377433777
75,2,GSM331492,1,0.5885279178619385
75,2,GSM331493,1,0.18681146204471588
75,2,GSM331499,1,0.5707623362541199
75,2,GSM331501,1,0.23710572719573975
75,2,GSM331502,1,0.8377440571784973
75,2,GSM331503,1,0.49139004945755005
75,2,GSM331514,1,0.28579363226890564
75,2,GSM331515,1,0.38748905062675476
75,2,GSM331516,1,0.4980655908584595
75,2,GSM331517,1,0.6291382312774658
75,2,GSM331518,1,0.38070693612098694
75,2,GSM331520,1,0.7038236260414124
75,2,GSM331521,1,0.22946377098560333
75,2,GSM331522,1,0.2895270586013794
75,2,GSM331525,1,0.35957029461860657
75,2,GSM331528,1,0.6653603315353394
75,2,GSM331532,1,0.157203808426857
75,2,GSM331535,1,0.5402288436889648
75,2,GSM331536,1,0.3475775718688965
75,2,GSM331537,1,0.6081977486610413
75,2,GSM331541,1,0.5668174028396606
75,2,GSM331543,1,0.6014176607131958
75,2,GSM331546,1,0.5424174666404724
75,2,GSM331547,1,0.36180174350738525
75,2,GSM331550,1,0.14542219042778015
75,2,GSM331551,1,0.3657797574996948
75,2,GSM331552,1,0.45591530203819275
75,2,GSM331554,1,0.4781841039657593
75,2,GSM331555,1,0.20168058574199677
75,2,GSM331556,1,0.5160383582115173
75,2,GSM331559,1,0.928015947341919
75,2,GSM331561,1,0.8282936811447144
75,2,GSM331562,1,0.323981910943985
75,2,GSM331566,1,0.7187032103538513
75,2,GSM331567,1,0.6107462644577026
75,2,GSM331568,1,0.5538336634635925
75,2,GSM331570,1,0.5788471698760986
75,2,GSM331572,1,0.794937252998352
75,2,GSM331574,1,0.2788904011249542
75,2,GSM331575,1,0.48151877522468567
75,2,GSM331577,1,0.3735438585281372
75,2,GSM331578,1,0.6492910385131836
75,2,GSM331579,1,0.4873613119125366
75,2,GSM331587,1,0.6570035219192505
75,2,GSM331588,1,0.5503789782524109
75,2,GSM331589,1,0.7132851481437683
75,2,GSM331590,1,0.4615967869758606
75,2,GSM331591,1,0.8883017301559448
75,2,GSM331592,1,0.7656548619270325
75,2,GSM331593,1,0.45013752579689026
75,2,GSM331595,1,0.7899227738380432
75,2,GSM331599,1,0.8625227212905884
75,2,GSM331600,1,0.9126964807510376
75,2,GSM331602,1,0.5464388132095337
75,2,GSM331607,1,0.9259670972824097
75,2,GSM331608,1,0.10649850964546204
75,2,GSM331610,1,0.610046923160553
75,2,GSM331612,1,0.5750845670700073
75,2,GSM331613,1,0.5023684501647949
75,2,GSM331614,1,0.6292587518692017
75,2,GSM331619,1,0.3482055068016052
75,2,GSM331620,1,0.7213281989097595
75,2,GSM331622,1,0.8578301668167114
75,2,GSM331623,1,0.31951749324798584
75,2,GSM331627,1,0.7151308059692383
75,2,GSM331628,1,0.5137781500816345
75,2,GSM331629,1,0.27341610193252563
75,2,GSM331635,1,0.20930115878582
75,2,GSM331636,1,0.557559072971344
75,2,GSM331637,1,0.5111563205718994
75,2,GSM331639,1,0.4964153468608856
75,2,GSM331641,1,0.5973728895187378
75,2,GSM331642,1,0.5583350658416748
75,2,GSM331643,1,0.771914541721344
75,2,GSM331645,1,0.4701143205165863
75,2,GSM331647,1,0.5307275056838989
75,2,GSM331648,1,0.46020248532295227
75,2,GSM331649,1,0.6796446442604065
75,2,GSM331653,1,0.6773037314414978
75,2,GSM331654,1,0.8751015663146973
75,2,GSM331656,1,0.4670301675796509
75,2,GSM331658,1,0.6438469886779785
75,2,GSM331659,1,0.6226557493209839
76,1,GSM331638,0,0.41129744052886963
76,1,GSM331663,0,0.3054905831813812
76,1,GSM331670,0,0.5525489449501038
76,1,GSM331674,0,0.5940395593643188
76,1,GSM331676,0,0.5590440034866333
76,1,GSM331677,0,0.2836102247238159
76,1,GSM331678,0,0.1445850133895874
76,1,GSM331681,0,0.7268961071968079
76,1,GSM331682,0,0.7629551291465759
76,1,GSM331684,0,0.5136783123016357
76,1,GSM331686,0,0.8544595837593079
76,1,GSM331690,0,0.5231722593307495
76,1,GSM331691,0,0.4595380127429962
76,1,GSM331693,0,0.5205915570259094
76,1,GSM331695,0,0.357078492641449
76,1,GSM331696,0,0.3388928472995758
76,1,GSM331698,0,0.19642333686351776
76,1,GSM331701,0,0.3022212088108063
76,1,GSM331702,0,0.6916242241859436
76,1,GSM331704,0,0.7701621651649475
76,1,GSM331705,0,0.6461086273193359
76,1,GSM331706,0,0.8908273577690125
76,1,GSM331708,0,0.5671274065971375
76,1,GSM331710,0,0.5709027051925659
76,1,GSM331712,0,0.66603022813797
76,1,GSM331714,0,0.7262640595436096
76,1,GSM331716,0,0.9484354257583618
76,1,GSM331717,0,0.7696285843849182
76,1,GSM331718,0,0.5266056060791016
76,1,GSM331724,0,0.49034175276756287
76,1,GSM331725,0,0.4800666868686676
76,1,GSM331727,0,0.3243638873100281
76,1,GSM331728,0,0.18387405574321747
76,1,GSM331729,0,0.20627498626708984
76,1,GSM331730,0,0.6168878078460693
76,1,GSM331731,0,0.506028413772583
76,1,GSM331732,0,0.6220610737800598
76,1,GSM331454,1,0.480212539434433
76,1,GSM331456,1,0.5265347957611084
76,1,GSM331457,1,0.5950965881347656
76,1,GSM331460,1,0.4630320966243744
76,1,GSM331462,1,0.4767584204673767
76,1,GSM331463,1,0.42689889669418335
76,1,GSM331464,1,0.409133642911911
76,1,GSM331465,1,0.536255955696106
76,1,GSM331469,1,0.5320687890052795
76,1,GSM331470,1,0.35330599546432495
76,1,GSM331471,1,0.6851560473442078
76,1,GSM331472,1,0.4200833737850189
76,1,GSM331475,1,0.5345748066902161
76,1,GSM331481,1,0.3813612461090088
76,1,GSM331482,1,0.5432555675506592
76,1,GSM331483,1,0.6731311082839966
76,1,GSM331484,1,0.15171100199222565
76,1,GSM331487,1,0.772395133972168
76,1,GSM331488,1,0.5550073981285095
76,1,GSM331493,1,0.2281508892774582
76,1,GSM331496,1,0.29415595531463623
76,1,GSM331497,1,0.3135503828525543
76,1,GSM331498,1,0.36116066575050354
76,1,GSM331499,1,0.5458027720451355
76,1,GSM331500,1,0.5557142496109009
76,1,GSM331501,1,0.5091251730918884
76,1,GSM331503,1,0.49903571605682373
76,1,GSM331504,1,0.48769158124923706
76,1,GSM331505,1,0.7557300329208374
76,1,GSM331509,1,0.3960338234901428
76,1,GSM331512,1,0.5224443078041077
76,1,GSM331513,1,0.7414214015007019
76,1,GSM331514,1,0.33286380767822266
76,1,GSM331515,1,0.29519206285476685
76,1,GSM331516,1,0.449669748544693
76,1,GSM331517,1,0.4772675931453705
76,1,GSM331518,1,0.26646023988723755
76,1,GSM331519,1,0.4210817515850067
76,1,GSM331521,1,0.495505154132843
76,1,GSM331523,1,0.620644748210907
76,1,GSM331525,1,0.5003092288970947
76,1,GSM331528,1,0.6282355189323425
76,1,GSM331529,1,0.2358114868402481
76,1,GSM331532,1,0.4715423285961151
76,1,GSM331535,1,0.2585880756378174
76,1,GSM331536,1,0.6827847957611084
76,1,GSM331539,1,0.4163709878921509
76,1,GSM331543,1,0.7741897106170654
76,1,GSM331545,1,0.5723850131034851
76,1,GSM331546,1,0.5162206292152405
76,1,GSM331552,1,0.33677905797958374
76,1,GSM331555,1,0.20555853843688965
76,1,GSM331556,1,0.39611169695854187
76,1,GSM331557,1,0.5496485233306885
76,1,GSM331559,1,0.7492529153823853
76,1,GSM331560,1,0.3456018269062042
76,1,GSM331562,1,0.4953906834125519
76,1,GSM331566,1,0.6213053464889526
76,1,GSM331567,1,0.45141029357910156
76,1,GSM331569,1,0.5778768062591553
76,1,GSM331570,1,0.37299850583076477
76,1,GSM331575,1,0.7349499464035034
76,1,GSM331576,1,0.7170552611351013
76,1,GSM331577,1,0.5887548327445984
76,1,GSM331579,1,0.6352863907814026
76,1,GSM331581,1,0.41003116965293884
76,1,GSM331582,1,0.4058031141757965
76,1,GSM331584,1,0.3001614212989807
76,1,GSM331585,1,0.7103674411773682
76,1,GSM331587,1,0.43851932883262634
76,1,GSM331588,1,0.5557369589805603
76,1,GSM331589,1,0.5247111320495605
76,1,GSM331590,1,0.41032472252845764
76,1,GSM331591,1,0.6991609930992126
76,1,GSM331595,1,0.45155978202819824
76,1,GSM331597,1,0.4869418740272522
76,1,GSM331601,1,0.40116605162620544
76,1,GSM331602,1,0.38716787099838257
76,1,GSM331605,1,0.474335640668869
76,1,GSM331606,1,0.482574999332428
76,1,GSM331607,1,0.6236009001731873
76,1,GSM331609,1,0.39926663041114807
76,1,GSM331610,1,0.7587758898735046
76,1,GSM331613,1,0.4743711054325104
76,1,GSM331614,1,0.4078536033630371
76,1,GSM331619,1,0.2059873640537262
76,1,GSM331624,1,0.3920868933200836
76,1,GSM331625,1,0.7755319476127625
76,1,GSM331626,1,0.35321739315986633
76,1,GSM331627,1,0.5142098665237427
76,1,GSM331628,1,0.31211480498313904
76,1,GSM331633,1,0.41669437289237976
76,1,GSM331636,1,0.3984655439853668
76,1,GSM331641,1,0.5245358943939209
76,1,GSM331643,1,0.733618438243866
76,1,GSM331646,1,0.441346675157547
76,1,GSM331649,1,0.5532746911048889
76,1,GSM331650,1,0.4501427412033081
76,1,GSM331652,1,0.49329128861427307
76,1,GSM331655,1,0.6385234594345093
76,1,GSM331656,1,0.5288124680519104
76,1,GSM331657,1,0.7988007664680481
76,1,GSM331658,1,0.4773976504802704
76,2,GSM331660,0,0.2833462655544281
76,2,GSM331661,0,0.6136080026626587
76,2,GSM331662,0,0.5077081322669983
76,2,GSM331664,0,0.413434237241745
76,2,GSM331665,0,0.5031543374061584
76,2,GSM331666,0,0.23941080272197723
76,2,GSM331668,0,0.5165173411369324
76,2,GSM331669,0,0.7156882286071777
76,2,GSM331671,0,0.6922159790992737
76,2,GSM331672,0,0.7397016882896423
76,2,GSM331673,0,0.4840790629386902
76,2,GSM331675,0,0.3612975478172302
76,2,GSM331679,0,0.41952261328697205
76,2,GSM331680,0,0.4515000879764557
76,2,GSM331683,0,0.6591346263885498
76,2,GSM331685,0,0.15143939852714539
76,2,GSM331687,0,0.3704128563404083
76,2,GSM331688,0,0.6212586164474487
76,2,GSM331689,0,0.45033296942710876
76,2,GSM331692,0,0.46931248903274536
76,2,GSM331694,0,0.5822005271911621
76,2,GSM331697,0,0.4434046149253845
76,2,GSM331699,0,0.546561598777771
76,2,GSM331700,0,0.32851529121398926
76,2,GSM331703,0,0.5278104543685913
76,2,GSM331707,0,0.4891192317008972
76,2,GSM331709,0,0.37263572216033936
76,2,GSM331711,0,0.6760057210922241
76,2,GSM331713,0,0.4519241154193878
76,2,GSM331715,0,0.22824440896511078
76,2,GSM331719,0,0.36860528588294983
76,2,GSM331720,0,0.3205875754356384
76,2,GSM331721,0,0.7876518368721008
76,2,GSM331722,0,0.46077316999435425
76,2,GSM331723,0,0.6387448310852051
76,2,GSM331726,0,0.23161746561527252
76,2,GSM331453,1,0.38337603211402893
76,2,GSM331455,1,0.21054339408874512
76,2,GSM331458,1,0.4322519302368164
76,2,GSM331459,1,0.3298863470554352
76,2,GSM331461,1,0.28893187642097473
76,2,GSM331466,1,0.4901663064956665
76,2,GSM331467,1,0.4126676917076111
76,2,GSM331468,1,0.5403432250022888
76,2,GSM331473,1,0.45420634746551514
76,2,GSM331474,1,0.3357507884502411
76,2,GSM331476,1,0.49655207991600037
76,2,GSM331477,1,0.6323761940002441
76,2,GSM331478,1,0.48345234990119934
76,2,GSM331479,1,0.5862889289855957
76,2,GSM331480,1,0.6386716365814209
76,2,GSM331485,1,0.6377117037773132
76,2,GSM331486,1,0.48343998193740845
76,2,GSM331489,1,0.3913288414478302
76,2,GSM331490,1,0.26311635971069336
76,2,GSM331491,1,0.46919384598731995
76,2,GSM331492,1,0.35767653584480286
76,2,GSM331494,1,0.7151328921318054
76,2,GSM331495,1,0.4473080635070801
76,2,GSM331502,1,0.5437305569648743
76,2,GSM331506,1,0.5642595291137695
76,2,GSM331507,1,0.13620857894420624
76,2,GSM331508,1,0.47192835807800293
76,2,GSM331510,1,0.4772523045539856
76,2,GSM331511,1,0.4620409309864044
76,2,GSM331520,1,0.35001975297927856
76,2,GSM331522,1,0.3625277578830719
76,2,GSM331524,1,0.33394911885261536
76,2,GSM331526,1,0.6157845854759216
76,2,GSM331527,1,0.41898399591445923
76,2,GSM331530,1,0.40553396940231323
76,2,GSM331531,1,0.41655483841896057
76,2,GSM331533,1,0.35093969106674194
76,2,GSM331534,1,0.5089725255966187
76,2,GSM331537,1,0.37938186526298523
76,2,GSM331538,1,0.2579275369644165
76,2,GSM331540,1,0.38619351387023926
76,2,GSM331541,1,0.5544648766517639
76,2,GSM331542,1,0.29357752203941345
76,2,GSM331544,1,0.22012075781822205
76,2,GSM331547,1,0.29972708225250244
76,2,GSM331548,1,0.451553076505661
76,2,GSM331549,1,0.6220868825912476
76,2,GSM331550,1,0.3805605471134186
76,2,GSM331551,1,0.3705188035964966
76,2,GSM331553,1,0.8708086609840393
76,2,GSM331554,1,0.3643242120742798
76,2,GSM331558,1,0.210968479514122
76,2,GSM331561,1,0.7442293763160706
76,2,GSM331563,1,0.3860325515270233
76,2,GSM331564,1,0.40034812688827515
76,2,GSM331565,1,0.44690486788749695
76,2,GSM331568,1,0.550997257232666
76,2,GSM331571,1,0.37794700264930725
76,2,GSM331572,1,0.5428007245063782
76,2,GSM331573,1,0.6394152641296387
76,2,GSM331574,1,0.46391913294792175
76,2,GSM331578,1,0.6436668038368225
76,2,GSM331580,1,0.5069355368614197
76,2,GSM331583,1,0.4647867977619171
76,2,GSM331586,1,0.450653076171875
76,2,GSM331592,1,0.5649329423904419
76,2,GSM331593,1,0.634663999080658
76,2,GSM331594,1,0.2938063144683838
76,2,GSM331596,1,0.5099626183509827
76,2,GSM331598,1,0.26080062985420227
76,2,GSM331599,1,0.7813753485679626
76,2,GSM331600,1,0.7253860831260681
76,2,GSM331603,1,0.4520210325717926
76,2,GSM331604,1,0.51675945520401
76,2,GSM331608,1,0.24092373251914978
76,2,GSM331611,1,0.6810529232025146
76,2,GSM331612,1,0.5333342552185059
76,2,GSM331615,1,0.4386749863624573
76,2,GSM331616,1,0.6350376605987549
76,2,GSM331617,1,0.7370795607566833
76,2,GSM331618,1,0.5668291449546814
76,2,GSM331620,1,0.5642649531364441
76,2,GSM331621,1,0.4300628900527954
76,2,GSM331622,1,0.698491632938385
76,2,GSM331623,1,0.3008764386177063
76,2,GSM331629,1,0.19613991677761078
76,2,GSM331630,1,0.6211280822753906
76,2,GSM331631,1,0.37070855498313904
76,2,GSM331632,1,0.2761772871017456
76,2,GSM331634,1,0.48298993706703186
76,2,GSM331635,1,0.4201947748661041
76,2,GSM331637,1,0.4867365062236786
76,2,GSM331639,1,0.3090777099132538
76,2,GSM331640,1,0.19223982095718384
76,2,GSM331642,1,0.42746424674987793
76,2,GSM331644,1,0.4276333451271057
76,2,GSM331645,1,0.5207505226135254
76,2,GSM331647,1,0.408210813999176
76,2,GSM331648,1,0.4174847900867462
76,2,GSM331651,1,0.5168421864509583
76,2,GSM331653,1,0.3224029839038849
76,2,GSM331654,1,0.6049800515174866
76,2,GSM331659,1,0.47531023621559143
77,1,GSM331663,0,0.3403449058532715
77,1,GSM331668,0,0.5383633971214294
77,1,GSM331669,0,0.603327214717865
77,1,GSM331672,0,0.7764133810997009
77,1,GSM331673,0,0.6179540157318115
77,1,GSM331674,0,0.39089590311050415
77,1,GSM331675,0,0.34247636795043945
77,1,GSM331676,0,0.6489792466163635
77,1,GSM331677,0,0.35599175095558167
77,1,GSM331678,0,0.21088695526123047
77,1,GSM331679,0,0.3562929630279541
77,1,GSM331680,0,0.43424591422080994
77,1,GSM331681,0,0.6738606691360474
77,1,GSM331685,0,0.1612614542245865
77,1,GSM331686,0,0.8066111207008362
77,1,GSM331692,0,0.33149027824401855
77,1,GSM331693,0,0.7312979698181152
77,1,GSM331695,0,0.3856274485588074
77,1,GSM331698,0,0.3023384213447571
77,1,GSM331699,0,0.2651010751724243
77,1,GSM331701,0,0.38617053627967834
77,1,GSM331704,0,0.7411255836486816
77,1,GSM331705,0,0.6535375118255615
77,1,GSM331706,0,0.828257143497467
77,1,GSM331707,0,0.2528708875179291
77,1,GSM331709,0,0.449192076921463
77,1,GSM331712,0,0.7452043294906616
77,1,GSM331719,0,0.40560078620910645
77,1,GSM331721,0,0.6016944050788879
77,1,GSM331723,0,0.6624429821968079
77,1,GSM331724,0,0.42510366439819336
77,1,GSM331726,0,0.2868717610836029
77,1,GSM331728,0,0.21021094918251038
77,1,GSM331729,0,0.26478075981140137
77,1,GSM331730,0,0.6890912055969238
77,1,GSM331731,0,0.6225866675376892
77,1,GSM331732,0,0.5477493405342102
77,1,GSM331454,1,0.4783247113227844
77,1,GSM331456,1,0.7757445573806763
77,1,GSM331457,1,0.5401619672775269
77,1,GSM331458,1,0.5950307846069336
77,1,GSM331459,1,0.6876712441444397
77,1,GSM331460,1,0.4114207625389099
77,1,GSM331463,1,0.4473043382167816
77,1,GSM331464,1,0.3729924261569977
77,1,GSM331466,1,0.3414389193058014
77,1,GSM331468,1,0.6478255987167358
77,1,GSM331469,1,0.325467586517334
77,1,GSM331470,1,0.4270276427268982
77,1,GSM331472,1,0.454271525144577
77,1,GSM331473,1,0.3796806335449219
77,1,GSM331477,1,0.5550251007080078
77,1,GSM331478,1,0.729729175567627
77,1,GSM331479,1,0.3434045612812042
77,1,GSM331483,1,0.5177353024482727
77,1,GSM331487,1,0.7299941182136536
77,1,GSM331490,1,0.4362742304801941
77,1,GSM331493,1,0.3184744417667389
77,1,GSM331494,1,0.6740792393684387
77,1,GSM331497,1,0.4249715209007263
77,1,GSM331499,1,0.5958105325698853
77,1,GSM331500,1,0.6626632809638977
77,1,GSM331502,1,0.781425416469574
77,1,GSM331503,1,0.5919779539108276
77,1,GSM331506,1,0.6943013668060303
77,1,GSM331508,1,0.6005397439002991
77,1,GSM331510,1,0.391026109457016
77,1,GSM331512,1,0.6473008990287781
77,1,GSM331514,1,0.5268059372901917
77,1,GSM331519,1,0.5503249764442444
77,1,GSM331523,1,0.7603458166122437
77,1,GSM331526,1,0.6124735474586487
77,1,GSM331527,1,0.35643064975738525
77,1,GSM331532,1,0.34948059916496277
77,1,GSM331534,1,0.732204020023346
77,1,GSM331537,1,0.661165177822113
77,1,GSM331538,1,0.42848682403564453
77,1,GSM331539,1,0.5313668251037598
77,1,GSM331542,1,0.532128632068634
77,1,GSM331543,1,0.7440435886383057
77,1,GSM331545,1,0.6642601490020752
77,1,GSM331546,1,0.6890522837638855
77,1,GSM331550,1,0.287604421377182
77,1,GSM331554,1,0.3251906633377075
77,1,GSM331555,1,0.21466323733329773
77,1,GSM331559,1,0.7994536757469177
77,1,GSM331562,1,0.3213678002357483
77,1,GSM331563,1,0.562497615814209
77,1,GSM331564,1,0.5422661900520325
77,1,GSM331568,1,0.522213876247406
77,1,GSM331569,1,0.49997246265411377
77,1,GSM331572,1,0.6745645999908447
77,1,GSM331573,1,0.7709022760391235
77,1,GSM331575,1,0.5934462547302246
77,1,GSM331576,1,0.8084132075309753
77,1,GSM331577,1,0.3523882031440735
77,1,GSM331578,1,0.6865633130073547
77,1,GSM331579,1,0.541156530380249
77,1,GSM331580,1,0.3544749915599823
77,1,GSM331582,1,0.27869582176208496
77,1,GSM331588,1,0.5141876339912415
77,1,GSM331589,1,0.6506572961807251
77,1,GSM331592,1,0.6406015753746033
77,1,GSM331593,1,0.3860505223274231
77,1,GSM331594,1,0.4041391909122467
77,1,GSM331596,1,0.5782347917556763
77,1,GSM331600,1,0.8512670397758484
77,1,GSM331601,1,0.4565662145614624
77,1,GSM331603,1,0.4154752790927887
77,1,GSM331604,1,0.34563693404197693
77,1,GSM331606,1,0.3818824291229248
77,1,GSM331608,1,0.19989508390426636
77,1,GSM331609,1,0.5425909161567688
77,1,GSM331610,1,0.5505208969116211
77,1,GSM331612,1,0.4243321120738983
77,1,GSM331613,1,0.3492242395877838
77,1,GSM331614,1,0.5324362516403198
77,1,GSM331617,1,0.8070538640022278
77,1,GSM331620,1,0.5531628131866455
77,1,GSM331622,1,0.8337353467941284
77,1,GSM331624,1,0.5743529796600342
77,1,GSM331626,1,0.35618704557418823
77,1,GSM331627,1,0.48049554228782654
77,1,GSM331628,1,0.5187823176383972
77,1,GSM331630,1,0.4686233699321747
77,1,GSM331631,1,0.2521851360797882
77,1,GSM331634,1,0.5289095640182495
77,1,GSM331635,1,0.3957333564758301
77,1,GSM331636,1,0.3493652045726776
77,1,GSM331637,1,0.5147772431373596
77,1,GSM331639,1,0.4322299361228943
77,1,GSM331640,1,0.2883468568325043
77,1,GSM331641,1,0.6013374328613281
77,1,GSM331642,1,0.4721839129924774
77,1,GSM331643,1,0.6137088537216187
77,1,GSM331648,1,0.3965810537338257
77,1,GSM331649,1,0.5635980367660522
77,1,GSM331652,1,0.6329929232597351
77,1,GSM331655,1,0.5595270991325378
77,1,GSM331657,1,0.779714822769165
77,2,GSM331638,0,0.4522170424461365
77,2,GSM331660,0,0.2540043294429779
77,2,GSM331661,0,0.7181736826896667
77,2,GSM331662,0,0.2908130884170532
77,2,GSM331664,0,0.23331685364246368
77,2,GSM331665,0,0.4329250156879425
77,2,GSM331666,0,0.2738420069217682
77,2,GSM331670,0,0.5451478362083435
77,2,GSM331671,0,0.5462751984596252
77,2,GSM331682,0,0.7506217360496521
77,2,GSM331683,0,0.6624719500541687
77,2,GSM331684,0,0.3960359990596771
77,2,GSM331687,0,0.276680052280426
77,2,GSM331688,0,0.6531052589416504
77,2,GSM331689,0,0.3412672281265259
77,2,GSM331690,0,0.3227171003818512
77,2,GSM331691,0,0.4515536427497864
77,2,GSM331694,0,0.40123316645622253
77,2,GSM331696,0,0.3410681486129761
77,2,GSM331697,0,0.45315316319465637
77,2,GSM331700,0,0.21918751299381256
77,2,GSM331702,0,0.7367945313453674
77,2,GSM331703,0,0.5882534980773926
77,2,GSM331708,0,0.4310513734817505
77,2,GSM331710,0,0.5251452326774597
77,2,GSM331711,0,0.6672289967536926
77,2,GSM331713,0,0.48626330494880676
77,2,GSM331714,0,0.5703632831573486
77,2,GSM331715,0,0.2723657786846161
77,2,GSM331716,0,0.9116789102554321
77,2,GSM331717,0,0.8510855436325073
77,2,GSM331718,0,0.6163398027420044
77,2,GSM331720,0,0.3726327419281006
77,2,GSM331722,0,0.4313170611858368
77,2,GSM331725,0,0.47242671251296997
77,2,GSM331727,0,0.3971744477748871
77,2,GSM331453,1,0.550150454044342
77,2,GSM331455,1,0.26382437348365784
77,2,GSM331461,1,0.4031136929988861
77,2,GSM331462,1,0.38712015748023987
77,2,GSM331465,1,0.5590270757675171
77,2,GSM331467,1,0.4174438416957855
77,2,GSM331471,1,0.6889946460723877
77,2,GSM331474,1,0.35229572653770447
77,2,GSM331475,1,0.3762150704860687
77,2,GSM331476,1,0.42671868205070496
77,2,GSM331480,1,0.5987855195999146
77,2,GSM331481,1,0.5141247510910034
77,2,GSM331482,1,0.4670194387435913
77,2,GSM331484,1,0.19131439924240112
77,2,GSM331485,1,0.8184716701507568
77,2,GSM331486,1,0.4480650722980499
77,2,GSM331488,1,0.6464088559150696
77,2,GSM331489,1,0.6461240649223328
77,2,GSM331491,1,0.64564448595047
77,2,GSM331492,1,0.36557015776634216
77,2,GSM331495,1,0.4225267171859741
77,2,GSM331496,1,0.18760782480239868
77,2,GSM331498,1,0.3116428256034851
77,2,GSM331501,1,0.44768714904785156
77,2,GSM331504,1,0.43525180220603943
77,2,GSM331505,1,0.4374843239784241
77,2,GSM331507,1,0.13385769724845886
77,2,GSM331509,1,0.18286435306072235
77,2,GSM331511,1,0.6603437662124634
77,2,GSM331513,1,0.7695652842521667
77,2,GSM331515,1,0.35143712162971497
77,2,GSM331516,1,0.5651354193687439
77,2,GSM331517,1,0.51949542760849
77,2,GSM331518,1,0.25571122765541077
77,2,GSM331520,1,0.6555144786834717
77,2,GSM331521,1,0.22748710215091705
77,2,GSM331522,1,0.46520400047302246
77,2,GSM331524,1,0.3625234365463257
77,2,GSM331525,1,0.4757312834262848
77,2,GSM331528,1,0.5600295066833496
77,2,GSM331529,1,0.2764711380004883
77,2,GSM331530,1,0.4659581780433655
77,2,GSM331531,1,0.49961596727371216
77,2,GSM331533,1,0.42157214879989624
77,2,GSM331535,1,0.5025588274002075
77,2,GSM331536,1,0.37846657633781433
77,2,GSM331540,1,0.417537122964859
77,2,GSM331541,1,0.6358385682106018
77,2,GSM331544,1,0.2636910080909729
77,2,GSM331547,1,0.347517728805542
77,2,GSM331548,1,0.32914865016937256
77,2,GSM331549,1,0.6239974498748779
77,2,GSM331551,1,0.3670407831668854
77,2,GSM331552,1,0.4886443316936493
77,2,GSM331553,1,0.7911293506622314
77,2,GSM331556,1,0.4050857424736023
77,2,GSM331557,1,0.5826542377471924
77,2,GSM331558,1,0.38173946738243103
77,2,GSM331560,1,0.3714919090270996
77,2,GSM331561,1,0.4082221984863281
77,2,GSM331565,1,0.5590697526931763
77,2,GSM331566,1,0.3897252380847931
77,2,GSM331567,1,0.503760039806366
77,2,GSM331570,1,0.7322227358818054
77,2,GSM331571,1,0.48047274351119995
77,2,GSM331574,1,0.3682272136211395
77,2,GSM331581,1,0.34332147240638733
77,2,GSM331583,1,0.3163902759552002
77,2,GSM331584,1,0.2241286188364029
77,2,GSM331585,1,0.8104418516159058
77,2,GSM331586,1,0.3596542775630951
77,2,GSM331587,1,0.5580753087997437
77,2,GSM331590,1,0.339002788066864
77,2,GSM331591,1,0.6341087818145752
77,2,GSM331595,1,0.5151391625404358
77,2,GSM331597,1,0.6932767033576965
77,2,GSM331598,1,0.3821949362754822
77,2,GSM331599,1,0.7217222452163696
77,2,GSM331602,1,0.47423264384269714
77,2,GSM331605,1,0.6436150074005127
77,2,GSM331607,1,0.7156597971916199
77,2,GSM331611,1,0.6205356121063232
77,2,GSM331615,1,0.6977840662002563
77,2,GSM331616,1,0.622892439365387
77,2,GSM331618,1,0.784986138343811
77,2,GSM331619,1,0.2232072949409485
77,2,GSM331621,1,0.6581783294677734
77,2,GSM331623,1,0.27854302525520325
77,2,GSM331625,1,0.695179283618927
77,2,GSM331629,1,0.24647586047649384
77,2,GSM331632,1,0.3545360565185547
77,2,GSM331633,1,0.4168122708797455
77,2,GSM331644,1,0.4883387088775635
77,2,GSM331645,1,0.5303846001625061
77,2,GSM331646,1,0.2097632735967636
77,2,GSM331647,1,0.43731993436813354
77,2,GSM331650,1,0.6126804947853088
77,2,GSM331651,1,0.5543968081474304
77,2,GSM331653,1,0.40856727957725525
77,2,GSM331654,1,0.8841015100479126
77,2,GSM331656,1,0.5056566596031189
77,2,GSM331658,1,0.4647435247898102
77,2,GSM331659,1,0.5464263558387756
78,1,GSM331638,0,0.45918649435043335
78,1,GSM331660,0,0.31179991364479065
78,1,GSM331666,0,0.33916524052619934
78,1,GSM331669,0,0.7010419964790344
78,1,GSM331670,0,0.5412591695785522
78,1,GSM331672,0,0.6327720880508423
78,1,GSM331673,0,0.5721871852874756
78,1,GSM331674,0,0.6661270260810852
78,1,GSM331675,0,0.3152337670326233
78,1,GSM331679,0,0.48288851976394653
78,1,GSM331680,0,0.41557174921035767
78,1,GSM331682,0,0.6166775822639465
78,1,GSM331688,0,0.5706958174705505
78,1,GSM331689,0,0.499216765165329
78,1,GSM331692,0,0.46982938051223755
78,1,GSM331693,0,0.6724773645401001
78,1,GSM331694,0,0.5843373537063599
78,1,GSM331696,0,0.3134424090385437
78,1,GSM331698,0,0.39036673307418823
78,1,GSM331699,0,0.38698676228523254
78,1,GSM331701,0,0.5103136301040649
78,1,GSM331702,0,0.5354965925216675
78,1,GSM331703,0,0.3217262625694275
78,1,GSM331707,0,0.4519573152065277
78,1,GSM331712,0,0.661628782749176
78,1,GSM331714,0,0.6298298239707947
78,1,GSM331715,0,0.4135666787624359
78,1,GSM331716,0,0.8845030665397644
78,1,GSM331718,0,0.7537461519241333
78,1,GSM331720,0,0.46385490894317627
78,1,GSM331721,0,0.7992846965789795
78,1,GSM331723,0,0.677897036075592
78,1,GSM331724,0,0.49025052785873413
78,1,GSM331725,0,0.5358555316925049
78,1,GSM331727,0,0.44376224279403687
78,1,GSM331729,0,0.3903556764125824
78,1,GSM331732,0,0.6534435749053955
78,1,GSM331454,1,0.4930090308189392
78,1,GSM331455,1,0.2741171717643738
78,1,GSM331458,1,0.6342722177505493
78,1,GSM331459,1,0.6965273022651672
78,1,GSM331462,1,0.5490636825561523
78,1,GSM331464,1,0.30110254883766174
78,1,GSM331465,1,0.5229593515396118
78,1,GSM331467,1,0.35146793723106384
78,1,GSM331468,1,0.6456639766693115
78,1,GSM331470,1,0.676675021648407
78,1,GSM331472,1,0.4983493983745575
78,1,GSM331473,1,0.5552716255187988
78,1,GSM331474,1,0.32845309376716614
78,1,GSM331475,1,0.44987964630126953
78,1,GSM331478,1,0.6151677370071411
78,1,GSM331479,1,0.4615457057952881
78,1,GSM331480,1,0.6635532379150391
78,1,GSM331483,1,0.5717234015464783
78,1,GSM331484,1,0.3031560778617859
78,1,GSM331486,1,0.6081175208091736
78,1,GSM331488,1,0.6995611190795898
78,1,GSM331489,1,0.664452075958252
78,1,GSM331490,1,0.46839794516563416
78,1,GSM331491,1,0.5916264653205872
78,1,GSM331493,1,0.26356348395347595
78,1,GSM331503,1,0.4721779227256775
78,1,GSM331504,1,0.6025344729423523
78,1,GSM331505,1,0.5008740425109863
78,1,GSM331506,1,0.6496930718421936
78,1,GSM331507,1,0.23057273030281067
78,1,GSM331508,1,0.38930973410606384
78,1,GSM331509,1,0.25895369052886963
78,1,GSM331512,1,0.5301673412322998
78,1,GSM331517,1,0.6240026354789734
78,1,GSM331518,1,0.38085752725601196
78,1,GSM331520,1,0.5649994015693665
78,1,GSM331521,1,0.3455217778682709
78,1,GSM331524,1,0.49414515495300293
78,1,GSM331525,1,0.4941478669643402
78,1,GSM331527,1,0.5085803866386414
78,1,GSM331529,1,0.33219069242477417
78,1,GSM331530,1,0.42594054341316223
78,1,GSM331532,1,0.3341893255710602
78,1,GSM331534,1,0.7134158611297607
78,1,GSM331541,1,0.5771016478538513
78,1,GSM331542,1,0.4653109908103943
78,1,GSM331544,1,0.36665859818458557
78,1,GSM331546,1,0.5372450947761536
78,1,GSM331550,1,0.31409695744514465
78,1,GSM331553,1,0.781578779220581
78,1,GSM331556,1,0.48033496737480164
78,1,GSM331557,1,0.5793976783752441
78,1,GSM331558,1,0.3117830455303192
78,1,GSM331560,1,0.47783035039901733
78,1,GSM331562,1,0.3047248125076294
78,1,GSM331563,1,0.6023766398429871
78,1,GSM331564,1,0.34143736958503723
78,1,GSM331566,1,0.611943781375885
78,1,GSM331567,1,0.5417048335075378
78,1,GSM331568,1,0.6445869207382202
78,1,GSM331570,1,0.644699215888977
78,1,GSM331571,1,0.3038691580295563
78,1,GSM331573,1,0.7385100722312927
78,1,GSM331574,1,0.41207534074783325
78,1,GSM331576,1,0.7438710331916809
78,1,GSM331577,1,0.48980167508125305
78,1,GSM331578,1,0.5296735167503357
78,1,GSM331585,1,0.7435230612754822
78,1,GSM331586,1,0.4965882897377014
78,1,GSM331587,1,0.46320560574531555
78,1,GSM331594,1,0.4132171869277954
78,1,GSM331596,1,0.6444377899169922
78,1,GSM331598,1,0.4850301444530487
78,1,GSM331600,1,0.7827993035316467
78,1,GSM331602,1,0.4175533354282379
78,1,GSM331604,1,0.44962432980537415
78,1,GSM331605,1,0.558906614780426
78,1,GSM331608,1,0.36941495537757874
78,1,GSM331609,1,0.40836063027381897
78,1,GSM331610,1,0.5940290093421936
78,1,GSM331613,1,0.4539850652217865
78,1,GSM331614,1,0.5709894299507141
78,1,GSM331615,1,0.36761513352394104
78,1,GSM331616,1,0.5770023465156555
78,1,GSM331620,1,0.5293245315551758
78,1,GSM331623,1,0.5076912045478821
78,1,GSM331625,1,0.5652222633361816
78,1,GSM331626,1,0.36505255103111267
78,1,GSM331627,1,0.5199707746505737
78,1,GSM331628,1,0.34433138370513916
78,1,GSM331631,1,0.30202630162239075
78,1,GSM331632,1,0.34657639265060425
78,1,GSM331635,1,0.4291215240955353
78,1,GSM331636,1,0.4755840301513672
78,1,GSM331637,1,0.5365225672721863
78,1,GSM331640,1,0.31104719638824463
78,1,GSM331641,1,0.47862741351127625
78,1,GSM331644,1,0.4159374237060547
78,1,GSM331645,1,0.44876810908317566
78,1,GSM331646,1,0.2672511637210846
78,1,GSM331649,1,0.2692301869392395
78,1,GSM331655,1,0.5910596251487732
78,1,GSM331657,1,0.6938053369522095
78,2,GSM331661,0,0.5509538054466248
78,2,GSM331662,0,0.26517778635025024
78,2,GSM331663,0,0.3716813027858734
78,2,GSM331664,0,0.20484831929206848
78,2,GSM331665,0,0.5965564250946045
78,2,GSM331668,0,0.4547681510448456
78,2,GSM331671,0,0.5932775735855103
78,2,GSM331676,0,0.47686877846717834
78,2,GSM331677,0,0.25475558638572693
78,2,GSM331678,0,0.25340747833251953
78,2,GSM331681,0,0.7091031670570374
78,2,GSM331683,0,0.6683181524276733
78,2,GSM331684,0,0.44228529930114746
78,2,GSM331685,0,0.17655116319656372
78,2,GSM331686,0,0.6554364562034607
78,2,GSM331687,0,0.3127741515636444
78,2,GSM331690,0,0.6096887588500977
78,2,GSM331691,0,0.4874667227268219
78,2,GSM331695,0,0.2804589867591858
78,2,GSM331697,0,0.3035745322704315
78,2,GSM331700,0,0.30583539605140686
78,2,GSM331704,0,0.6331601142883301
78,2,GSM331705,0,0.4762294292449951
78,2,GSM331706,0,0.6105672717094421
78,2,GSM331708,0,0.6508270502090454
78,2,GSM331709,0,0.39456966519355774
78,2,GSM331710,0,0.43357759714126587
78,2,GSM331711,0,0.47070690989494324
78,2,GSM331713,0,0.4957296550273895
78,2,GSM331717,0,0.7962234020233154
78,2,GSM331719,0,0.34747007489204407
78,2,GSM331722,0,0.5556185841560364
78,2,GSM331726,0,0.22123700380325317
78,2,GSM331728,0,0.29043951630592346
78,2,GSM331730,0,0.6452257037162781
78,2,GSM331731,0,0.46022096276283264
78,2,GSM331453,1,0.5609102845191956
78,2,GSM331456,1,0.6222991347312927
78,2,GSM331457,1,0.4971106946468353
78,2,GSM331460,1,0.44422829151153564
78,2,GSM331461,1,0.362762987613678
78,2,GSM331463,1,0.3153421878814697
78,2,GSM331466,1,0.41972219944000244
78,2,GSM331469,1,0.4822601079940796
78,2,GSM331471,1,0.501573920249939
78,2,GSM331476,1,0.39659321308135986
78,2,GSM331477,1,0.41620343923568726
78,2,GSM331481,1,0.3129101097583771
78,2,GSM331482,1,0.38708803057670593
78,2,GSM331485,1,0.752004861831665
78,2,GSM331487,1,0.5918365716934204
78,2,GSM331492,1,0.22928129136562347
78,2,GSM331494,1,0.5640981197357178
78,2,GSM331495,1,0.2540394365787506
78,2,GSM331496,1,0.4292466640472412
78,2,GSM331497,1,0.3693089783191681
78,2,GSM331498,1,0.4059140980243683
78,2,GSM331499,1,0.47183698415756226
78,2,GSM331500,1,0.5762776732444763
78,2,GSM331501,1,0.49380311369895935
78,2,GSM331502,1,0.559741199016571
78,2,GSM331510,1,0.29597896337509155
78,2,GSM331511,1,0.4610016942024231
78,2,GSM331513,1,0.6502466201782227
78,2,GSM331514,1,0.30863329768180847
78,2,GSM331515,1,0.33577650785446167
78,2,GSM331516,1,0.5280382633209229
78,2,GSM331519,1,0.5090717077255249
78,2,GSM331522,1,0.5615404844284058
78,2,GSM331523,1,0.5790773034095764
78,2,GSM331526,1,0.5443926453590393
78,2,GSM331528,1,0.4840604066848755
78,2,GSM331531,1,0.5024414658546448
78,2,GSM331533,1,0.40333956480026245
78,2,GSM331535,1,0.49551764130592346
78,2,GSM331536,1,0.46920937299728394
78,2,GSM331537,1,0.5104007720947266
78,2,GSM331538,1,0.2914363443851471
78,2,GSM331539,1,0.3936780095100403
78,2,GSM331540,1,0.4240684509277344
78,2,GSM331543,1,0.6125217080116272
78,2,GSM331545,1,0.46975013613700867
78,2,GSM331547,1,0.3032110035419464
78,2,GSM331548,1,0.4096841812133789
78,2,GSM331549,1,0.6865667104721069
78,2,GSM331551,1,0.3135433495044708
78,2,GSM331552,1,0.5614157319068909
78,2,GSM331554,1,0.3202396631240845
78,2,GSM331555,1,0.3096809983253479
78,2,GSM331559,1,0.7894669771194458
78,2,GSM331561,1,0.4781579375267029
78,2,GSM331565,1,0.6415684819221497
78,2,GSM331569,1,0.5033443570137024
78,2,GSM331572,1,0.5832251310348511
78,2,GSM331575,1,0.6672468185424805
78,2,GSM331579,1,0.3819924592971802
78,2,GSM331580,1,0.37659701704978943
78,2,GSM331581,1,0.4081164598464966
78,2,GSM331582,1,0.47346925735473633
78,2,GSM331583,1,0.3552177846431732
78,2,GSM331584,1,0.3601148724555969
78,2,GSM331588,1,0.4735667407512665
78,2,GSM331589,1,0.6103070974349976
78,2,GSM331590,1,0.41305333375930786
78,2,GSM331591,1,0.3700527846813202
78,2,GSM331592,1,0.5320760011672974
78,2,GSM331593,1,0.4510049521923065
78,2,GSM331595,1,0.5185520052909851
78,2,GSM331597,1,0.4572678506374359
78,2,GSM331599,1,0.7083463668823242
78,2,GSM331601,1,0.45322322845458984
78,2,GSM331603,1,0.32945966720581055
78,2,GSM331606,1,0.3255654573440552
78,2,GSM331607,1,0.659648060798645
78,2,GSM331611,1,0.6046712398529053
78,2,GSM331612,1,0.3226044774055481
78,2,GSM331617,1,0.7623993754386902
78,2,GSM331618,1,0.4956456422805786
78,2,GSM331619,1,0.2237941324710846
78,2,GSM331621,1,0.6556179523468018
78,2,GSM331622,1,0.7990490198135376
78,2,GSM331624,1,0.44490766525268555
78,2,GSM331629,1,0.3606518805027008
78,2,GSM331630,1,0.5068325996398926
78,2,GSM331633,1,0.41065913438796997
78,2,GSM331634,1,0.490253210067749
78,2,GSM331639,1,0.3404932916164398
78,2,GSM331642,1,0.5134308338165283
78,2,GSM331643,1,0.5818125605583191
78,2,GSM331647,1,0.38476529717445374
78,2,GSM331648,1,0.4900369346141815
78,2,GSM331650,1,0.4654792249202728
78,2,GSM331651,1,0.3348013460636139
78,2,GSM331652,1,0.3710354268550873
78,2,GSM331653,1,0.42062658071517944
78,2,GSM331654,1,0.7263266444206238
78,2,GSM331656,1,0.32870975136756897
78,2,GSM331658,1,0.6133397221565247
78,2,GSM331659,1,0.4884856045246124
79,1,GSM331660,0,0.3933350443840027
79,1,GSM331663,0,0.5089501142501831
79,1,GSM331664,0,0.44738107919692993
79,1,GSM331671,0,0.6779085993766785
79,1,GSM331673,0,0.5182256698608398
79,1,GSM331674,0,0.6494508981704712
79,1,GSM331675,0,0.48726996779441833
79,1,GSM331678,0,0.3154652416706085
79,1,GSM331679,0,0.6346642971038818
79,1,GSM331680,0,0.6076652407646179
79,1,GSM331681,0,0.6685622334480286
79,1,GSM331683,0,0.9346446990966797
79,1,GSM331686,0,0.6768001317977905
79,1,GSM331688,0,0.784398078918457
79,1,GSM331690,0,0.6032167077064514
79,1,GSM331693,0,0.6783135533332825
79,1,GSM331699,0,0.4386001229286194
79,1,GSM331700,0,0.412836492061615
79,1,GSM331701,0,0.4331549108028412
79,1,GSM331706,0,0.7504976391792297
79,1,GSM331708,0,0.5794671177864075
79,1,GSM331709,0,0.47373032569885254
79,1,GSM331710,0,0.5868016481399536
79,1,GSM331713,0,0.40640953183174133
79,1,GSM331715,0,0.3515150249004364
79,1,GSM331716,0,0.8675825595855713
79,1,GSM331717,0,0.7227444052696228
79,1,GSM331719,0,0.4608129560947418
79,1,GSM331720,0,0.4447076618671417
79,1,GSM331721,0,0.48414579033851624
79,1,GSM331722,0,0.5837251543998718
79,1,GSM331723,0,0.45209887623786926
79,1,GSM331726,0,0.29992926120758057
79,1,GSM331727,0,0.5545893907546997
79,1,GSM331728,0,0.414054811000824
79,1,GSM331729,0,0.3908928334712982
79,1,GSM331731,0,0.7789376974105835
79,1,GSM331453,1,0.48830658197402954
79,1,GSM331458,1,0.4184040129184723
79,1,GSM331459,1,0.5987104177474976
79,1,GSM331463,1,0.22709216177463531
79,1,GSM331468,1,0.698982834815979
79,1,GSM331471,1,0.5506842136383057
79,1,GSM331473,1,0.5612404942512512
79,1,GSM331478,1,0.622673511505127
79,1,GSM331479,1,0.47928526997566223
79,1,GSM331480,1,0.7579867839813232
79,1,GSM331481,1,0.3486071825027466
79,1,GSM331482,1,0.5220213532447815
79,1,GSM331485,1,0.7537221312522888
79,1,GSM331488,1,0.46987420320510864
79,1,GSM331490,1,0.36796000599861145
79,1,GSM331491,1,0.5365432500839233
79,1,GSM331493,1,0.24131090939044952
79,1,GSM331496,1,0.348741352558136
79,1,GSM331499,1,0.4128720164299011
79,1,GSM331500,1,0.4805438220500946
79,1,GSM331501,1,0.3633270561695099
79,1,GSM331502,1,0.7193925380706787
79,1,GSM331503,1,0.42750346660614014
79,1,GSM331506,1,0.5297545790672302
79,1,GSM331510,1,0.4978187680244446
79,1,GSM331511,1,0.6604475975036621
79,1,GSM331513,1,0.6445675492286682
79,1,GSM331514,1,0.44466570019721985
79,1,GSM331515,1,0.34006163477897644
79,1,GSM331516,1,0.6599811315536499
79,1,GSM331518,1,0.5279693007469177
79,1,GSM331520,1,0.3474900722503662
79,1,GSM331521,1,0.43383726477622986
79,1,GSM331522,1,0.49102339148521423
79,1,GSM331524,1,0.3780786991119385
79,1,GSM331525,1,0.712534487247467
79,1,GSM331526,1,0.45555728673934937
79,1,GSM331528,1,0.8322377800941467
79,1,GSM331530,1,0.25382858514785767
79,1,GSM331531,1,0.5259234309196472
79,1,GSM331534,1,0.6024972796440125
79,1,GSM331535,1,0.3718515634536743
79,1,GSM331536,1,0.5762484073638916
79,1,GSM331537,1,0.36057785153388977
79,1,GSM331538,1,0.24176006019115448
79,1,GSM331541,1,0.6339441537857056
79,1,GSM331544,1,0.3234894573688507
79,1,GSM331545,1,0.5168190598487854
79,1,GSM331549,1,0.6603875756263733
79,1,GSM331552,1,0.38635551929473877
79,1,GSM331553,1,0.7377974390983582
79,1,GSM331554,1,0.47812873125076294
79,1,GSM331555,1,0.26511242985725403
79,1,GSM331557,1,0.6539393067359924
79,1,GSM331559,1,0.7638407349586487
79,1,GSM331561,1,0.47214531898498535
79,1,GSM331564,1,0.49041664600372314
79,1,GSM331566,1,0.47359487414360046
79,1,GSM331569,1,0.5861333608627319
79,1,GSM331570,1,0.556279182434082
79,1,GSM331573,1,0.7192661762237549
79,1,GSM331574,1,0.5259770154953003
79,1,GSM331577,1,0.6724168658256531
79,1,GSM331578,1,0.6435372233390808
79,1,GSM331579,1,0.5861451625823975
79,1,GSM331580,1,0.5251287817955017
79,1,GSM331584,1,0.4156682789325714
79,1,GSM331587,1,0.5300136804580688
79,1,GSM331592,1,0.4271712005138397
79,1,GSM331593,1,0.29419195652008057
79,1,GSM331598,1,0.44170889258384705
79,1,GSM331601,1,0.5250045657157898
79,1,GSM331605,1,0.47007444500923157
79,1,GSM331606,1,0.5263590812683105
79,1,GSM331607,1,0.8882190585136414
79,1,GSM331608,1,0.35425493121147156
79,1,GSM331609,1,0.27306559681892395
79,1,GSM331613,1,0.232587993144989
79,1,GSM331614,1,0.4475729465484619
79,1,GSM331615,1,0.4488673806190491
79,1,GSM331616,1,0.5875521898269653
79,1,GSM331618,1,0.5875635147094727
79,1,GSM331621,1,0.5576327443122864
79,1,GSM331622,1,0.7532881498336792
79,1,GSM331623,1,0.7142444849014282
79,1,GSM331624,1,0.5473781228065491
79,1,GSM331626,1,0.29719337821006775
79,1,GSM331627,1,0.39552778005599976
79,1,GSM331630,1,0.42387163639068604
79,1,GSM331631,1,0.3093060255050659
79,1,GSM331632,1,0.2987522482872009
79,1,GSM331633,1,0.2824731767177582
79,1,GSM331634,1,0.3347190320491791
79,1,GSM331635,1,0.4004676938056946
79,1,GSM331636,1,0.5302041172981262
79,1,GSM331637,1,0.4980553984642029
79,1,GSM331643,1,0.6043980121612549
79,1,GSM331644,1,0.5128220319747925
79,1,GSM331646,1,0.2183859944343567
79,1,GSM331648,1,0.33915942907333374
79,1,GSM331650,1,0.5206613540649414
79,1,GSM331651,1,0.5491822957992554
79,1,GSM331654,1,0.774650514125824
79,2,GSM331638,0,0.3570382595062256
79,2,GSM331661,0,0.6319042444229126
79,2,GSM331662,0,0.4471070468425751
79,2,GSM331665,0,0.5069429874420166
79,2,GSM331666,0,0.21782459318637848
79,2,GSM331668,0,0.5379801988601685
79,2,GSM331669,0,0.6661338210105896
79,2,GSM331670,0,0.6004418134689331
79,2,GSM331672,0,0.8316807150840759
79,2,GSM331676,0,0.6786964535713196
79,2,GSM331677,0,0.41472575068473816
79,2,GSM331682,0,0.6602593064308167
79,2,GSM331684,0,0.498739629983902
79,2,GSM331685,0,0.2521854639053345
79,2,GSM331687,0,0.39332154393196106
79,2,GSM331689,0,0.5461670160293579
79,2,GSM331691,0,0.4999544024467468
79,2,GSM331692,0,0.3917473554611206
79,2,GSM331694,0,0.389567106962204
79,2,GSM331695,0,0.3268948495388031
79,2,GSM331696,0,0.3239268362522125
79,2,GSM331697,0,0.6620832681655884
79,2,GSM331698,0,0.32290413975715637
79,2,GSM331702,0,0.6427143812179565
79,2,GSM331703,0,0.3207210898399353
79,2,GSM331704,0,0.6232132315635681
79,2,GSM331705,0,0.5262318849563599
79,2,GSM331707,0,0.5395636558532715
79,2,GSM331711,0,0.5008230209350586
79,2,GSM331712,0,0.6649159789085388
79,2,GSM331714,0,0.8049876093864441
79,2,GSM331718,0,0.707595944404602
79,2,GSM331724,0,0.47932273149490356
79,2,GSM331725,0,0.5762233138084412
79,2,GSM331730,0,0.4323740601539612
79,2,GSM331732,0,0.6658128499984741
79,2,GSM331454,1,0.42985332012176514
79,2,GSM331455,1,0.28839194774627686
79,2,GSM331456,1,0.46667882800102234
79,2,GSM331457,1,0.7130724191665649
79,2,GSM331460,1,0.4459105134010315
79,2,GSM331461,1,0.3447181284427643
79,2,GSM331462,1,0.38507044315338135
79,2,GSM331464,1,0.5750880241394043
79,2,GSM331465,1,0.4124070107936859
79,2,GSM331466,1,0.44127678871154785
79,2,GSM331467,1,0.46038463711738586
79,2,GSM331469,1,0.48285210132598877
79,2,GSM331470,1,0.5885022878646851
79,2,GSM331472,1,0.31446272134780884
79,2,GSM331474,1,0.4399610459804535
79,2,GSM331475,1,0.4748270511627197
79,2,GSM331476,1,0.5785245895385742
79,2,GSM331477,1,0.5842990279197693
79,2,GSM331483,1,0.7390154004096985
79,2,GSM331484,1,0.39875882863998413
79,2,GSM331486,1,0.28742724657058716
79,2,GSM331487,1,0.7940947413444519
79,2,GSM331489,1,0.5002396106719971
79,2,GSM331492,1,0.3404984176158905
79,2,GSM331494,1,0.6694157123565674
79,2,GSM331495,1,0.28741583228111267
79,2,GSM331497,1,0.5286661982536316
79,2,GSM331498,1,0.43323150277137756
79,2,GSM331504,1,0.4666328430175781
79,2,GSM331505,1,0.6728818416595459
79,2,GSM331507,1,0.3077399432659149
79,2,GSM331508,1,0.42385315895080566
79,2,GSM331509,1,0.3161267936229706
79,2,GSM331512,1,0.5549172163009644
79,2,GSM331517,1,0.5208452939987183
79,2,GSM331519,1,0.4188866913318634
79,2,GSM331523,1,0.7063019871711731
79,2,GSM331527,1,0.38283610343933105
79,2,GSM331529,1,0.3507934510707855
79,2,GSM331532,1,0.5107869505882263
79,2,GSM331533,1,0.5722229480743408
79,2,GSM331539,1,0.37068837881088257
79,2,GSM331540,1,0.34763103723526
79,2,GSM331542,1,0.6091353893280029
79,2,GSM331543,1,0.6528283357620239
79,2,GSM331546,1,0.689048171043396
79,2,GSM331547,1,0.4556429088115692
79,2,GSM331548,1,0.5307762622833252
79,2,GSM331550,1,0.3559146821498871
79,2,GSM331551,1,0.3044663071632385
79,2,GSM331556,1,0.4652866721153259
79,2,GSM331558,1,0.47699254751205444
79,2,GSM331560,1,0.38876745104789734
79,2,GSM331562,1,0.6342845559120178
79,2,GSM331563,1,0.6775227189064026
79,2,GSM331565,1,0.5273369550704956
79,2,GSM331567,1,0.28009530901908875
79,2,GSM331568,1,0.5335203409194946
79,2,GSM331571,1,0.3912394940853119
79,2,GSM331572,1,0.7572921514511108
79,2,GSM331575,1,0.6298046112060547
79,2,GSM331576,1,0.7571355104446411
79,2,GSM331581,1,0.3769533038139343
79,2,GSM331582,1,0.3533516824245453
79,2,GSM331583,1,0.4438510835170746
79,2,GSM331585,1,0.6581563353538513
79,2,GSM331586,1,0.5057937502861023
79,2,GSM331588,1,0.5529395937919617
79,2,GSM331589,1,0.6387398838996887
79,2,GSM331590,1,0.20480488240718842
79,2,GSM331591,1,0.6591242551803589
79,2,GSM331594,1,0.4930536448955536
79,2,GSM331595,1,0.4024581015110016
79,2,GSM331596,1,0.5570736527442932
79,2,GSM331597,1,0.6051908731460571
79,2,GSM331599,1,0.7515730857849121
79,2,GSM331600,1,0.6708763241767883
79,2,GSM331602,1,0.32618510723114014
79,2,GSM331603,1,0.5054228901863098
79,2,GSM331604,1,0.452604204416275
79,2,GSM331610,1,0.541479229927063
79,2,GSM331611,1,0.545276403427124
79,2,GSM331612,1,0.4972941279411316
79,2,GSM331617,1,0.7394300103187561
79,2,GSM331619,1,0.3545601963996887
79,2,GSM331620,1,0.5340085029602051
79,2,GSM331625,1,0.6299731731414795
79,2,GSM331628,1,0.4342634677886963
79,2,GSM331629,1,0.36354219913482666
79,2,GSM331639,1,0.39831236004829407
79,2,GSM331640,1,0.20467495918273926
79,2,GSM331641,1,0.6163715124130249
79,2,GSM331642,1,0.4182913303375244
79,2,GSM331645,1,0.6415321230888367
79,2,GSM331647,1,0.49967750906944275
79,2,GSM331649,1,0.5503265857696533
79,2,GSM331652,1,0.6887919306755066
79,2,GSM331653,1,0.4954279661178589
79,2,GSM331655,1,0.3696346879005432
79,2,GSM331656,1,0.38223204016685486
79,2,GSM331657,1,0.6424548029899597
79,2,GSM331658,1,0.5855940580368042
79,2,GSM331659,1,0.5717600584030151
80,1,GSM331660,0,0.46127524971961975
80,1,GSM331668,0,0.5272805094718933
80,1,GSM331669,0,0.5582314729690552
80,1,GSM331670,0,0.5241093039512634
80,1,GSM331671,0,0.559735119342804
80,1,GSM331673,0,0.4451969563961029
80,1,GSM331674,0,0.632453203201294
80,1,GSM331676,0,0.44023597240448
80,1,GSM331677,0,0.48349905014038086
80,1,GSM331679,0,0.5132261514663696
80,1,GSM331682,0,0.42601636052131653
80,1,GSM331683,0,0.8081644773483276
80,1,GSM331684,0,0.4286244809627533
80,1,GSM331686,0,0.5575275421142578
80,1,GSM331687,0,0.39142388105392456
80,1,GSM331689,0,0.5104883909225464
80,1,GSM331691,0,0.43365877866744995
80,1,GSM331693,0,0.42509597539901733
80,1,GSM331694,0,0.5768714547157288
80,1,GSM331695,0,0.4345627427101135
80,1,GSM331696,0,0.4187942147254944
80,1,GSM331697,0,0.5169990062713623
80,1,GSM331698,0,0.29425162076950073
80,1,GSM331701,0,0.4829533100128174
80,1,GSM331704,0,0.48242536187171936
80,1,GSM331705,0,0.4190133810043335
80,1,GSM331713,0,0.36770522594451904
80,1,GSM331714,0,0.837672233581543
80,1,GSM331716,0,0.5763296484947205
80,1,GSM331721,0,0.4418444037437439
80,1,GSM331722,0,0.5774489045143127
80,1,GSM331724,0,0.45320603251457214
80,1,GSM331726,0,0.4176522195339203
80,1,GSM331727,0,0.5523043870925903
80,1,GSM331728,0,0.4957581162452698
80,1,GSM331729,0,0.4146377742290497
80,1,GSM331731,0,0.6708662509918213
80,1,GSM331454,1,0.4047543406486511
80,1,GSM331455,1,0.3517020046710968
80,1,GSM331458,1,0.5500755310058594
80,1,GSM331459,1,0.5423217415809631
80,1,GSM331460,1,0.569300651550293
80,1,GSM331461,1,0.5494682788848877
80,1,GSM331464,1,0.5319581627845764
80,1,GSM331465,1,0.6304118633270264
80,1,GSM331468,1,0.5118687152862549
80,1,GSM331474,1,0.6370752453804016
80,1,GSM331475,1,0.4954153895378113
80,1,GSM331476,1,0.6466564536094666
80,1,GSM331478,1,0.7024568915367126
80,1,GSM331480,1,0.5867205858230591
80,1,GSM331484,1,0.4301021695137024
80,1,GSM331487,1,0.7301425933837891
80,1,GSM331489,1,0.41107746958732605
80,1,GSM331493,1,0.4112440049648285
80,1,GSM331494,1,0.6092761754989624
80,1,GSM331495,1,0.6042687296867371
80,1,GSM331498,1,0.432431161403656
80,1,GSM331500,1,0.7110349535942078
80,1,GSM331501,1,0.42135176062583923
80,1,GSM331506,1,0.5050113201141357
80,1,GSM331509,1,0.3974583148956299
80,1,GSM331511,1,0.6524055004119873
80,1,GSM331512,1,0.48386818170547485
80,1,GSM331514,1,0.5356394052505493
80,1,GSM331516,1,0.6997119784355164
80,1,GSM331517,1,0.6169024109840393
80,1,GSM331518,1,0.47914445400238037
80,1,GSM331522,1,0.49405184388160706
80,1,GSM331523,1,0.69602370262146
80,1,GSM331524,1,0.35878920555114746
80,1,GSM331527,1,0.38886988162994385
80,1,GSM331530,1,0.40233591198921204
80,1,GSM331531,1,0.5425319075584412
80,1,GSM331533,1,0.48169592022895813
80,1,GSM331535,1,0.5316842794418335
80,1,GSM331536,1,0.5676983594894409
80,1,GSM331538,1,0.27602991461753845
80,1,GSM331540,1,0.6389060616493225
80,1,GSM331543,1,0.6736888885498047
80,1,GSM331545,1,0.5608614087104797
80,1,GSM331548,1,0.6248793005943298
80,1,GSM331551,1,0.31951192021369934
80,1,GSM331552,1,0.3735993206501007
80,1,GSM331553,1,0.4940418303012848
80,1,GSM331554,1,0.522930383682251
80,1,GSM331556,1,0.4582856297492981
80,1,GSM331560,1,0.4168485999107361
80,1,GSM331563,1,0.5537418723106384
80,1,GSM331565,1,0.4947427213191986
80,1,GSM331567,1,0.5669699311256409
80,1,GSM331568,1,0.5603477954864502
80,1,GSM331569,1,0.4676152467727661
80,1,GSM331571,1,0.5483325123786926
80,1,GSM331572,1,0.4948163628578186
80,1,GSM331573,1,0.7787597179412842
80,1,GSM331574,1,0.40447089076042175
80,1,GSM331575,1,0.5787628889083862
80,1,GSM331580,1,0.5132245421409607
80,1,GSM331581,1,0.3817859888076782
80,1,GSM331583,1,0.6121325492858887
80,1,GSM331586,1,0.3035023510456085
80,1,GSM331590,1,0.34536904096603394
80,1,GSM331591,1,0.3900715708732605
80,1,GSM331592,1,0.5151841044425964
80,1,GSM331593,1,0.4120427966117859
80,1,GSM331594,1,0.5440286993980408
80,1,GSM331595,1,0.5139405131340027
80,1,GSM331597,1,0.5195922255516052
80,1,GSM331598,1,0.4345737397670746
80,1,GSM331601,1,0.6099917888641357
80,1,GSM331602,1,0.48737257719039917
80,1,GSM331603,1,0.595475435256958
80,1,GSM331604,1,0.5325004458427429
80,1,GSM331606,1,0.18079285323619843
80,1,GSM331607,1,0.7093315720558167
80,1,GSM331608,1,0.4458199441432953
80,1,GSM331609,1,0.5240862369537354
80,1,GSM331611,1,0.5451809167861938
80,1,GSM331613,1,0.464023619890213
80,1,GSM331614,1,0.5741524696350098
80,1,GSM331618,1,0.43515750765800476
80,1,GSM331619,1,0.3802807629108429
80,1,GSM331620,1,0.6073197722434998
80,1,GSM331621,1,0.6615415811538696
80,1,GSM331622,1,0.6263730525970459
80,1,GSM331624,1,0.5885179042816162
80,1,GSM331626,1,0.38254520297050476
80,1,GSM331629,1,0.42253315448760986
80,1,GSM331632,1,0.4190922677516937
80,1,GSM331635,1,0.4118357300758362
80,1,GSM331640,1,0.3040905296802521
80,1,GSM331641,1,0.41108447313308716
80,1,GSM331642,1,0.3457631468772888
80,1,GSM331643,1,0.7436295747756958
80,1,GSM331645,1,0.3215051591396332
80,1,GSM331646,1,0.2789020538330078
80,1,GSM331649,1,0.5903494954109192
80,1,GSM331654,1,0.8422596454620361
80,1,GSM331655,1,0.4698411524295807
80,2,GSM331638,0,0.5202745199203491
80,2,GSM331661,0,0.44955047965049744
80,2,GSM331662,0,0.5128626823425293
80,2,GSM331663,0,0.4103729724884033
80,2,GSM331664,0,0.4366556704044342
80,2,GSM331665,0,0.6559560298919678
80,2,GSM331666,0,0.2453935593366623
80,2,GSM331672,0,0.6250483989715576
80,2,GSM331675,0,0.35413506627082825
80,2,GSM331678,0,0.47525250911712646
80,2,GSM331680,0,0.6379287242889404
80,2,GSM331681,0,0.5967903733253479
80,2,GSM331685,0,0.40132465958595276
80,2,GSM331688,0,0.6086381673812866
80,2,GSM331690,0,0.5060014128684998
80,2,GSM331692,0,0.2637394368648529
80,2,GSM331699,0,0.4399825632572174
80,2,GSM331700,0,0.403852641582489
80,2,GSM331702,0,0.43268564343452454
80,2,GSM331703,0,0.4670679569244385
80,2,GSM331706,0,0.37934452295303345
80,2,GSM331707,0,0.5067963600158691
80,2,GSM331708,0,0.5340530276298523
80,2,GSM331709,0,0.48793908953666687
80,2,GSM331710,0,0.411225825548172
80,2,GSM331711,0,0.6426291465759277
80,2,GSM331712,0,0.48925071954727173
80,2,GSM331715,0,0.3448697328567505
80,2,GSM331717,0,0.569183886051178
80,2,GSM331718,0,0.6887344717979431
80,2,GSM331719,0,0.39138516783714294
80,2,GSM331720,0,0.4521486461162567
80,2,GSM331723,0,0.6408325433731079
80,2,GSM331725,0,0.6196039915084839
80,2,GSM331730,0,0.5239619612693787
80,2,GSM331732,0,0.6564231514930725
80,2,GSM331453,1,0.506406307220459
80,2,GSM331456,1,0.49261319637298584
80,2,GSM331457,1,0.5597043037414551
80,2,GSM331462,1,0.4929378926753998
80,2,GSM331463,1,0.6352514028549194
80,2,GSM331466,1,0.7098031044006348
80,2,GSM331467,1,0.3809759318828583
80,2,GSM331469,1,0.465340256690979
80,2,GSM331470,1,0.7205806374549866
80,2,GSM331471,1,0.49281075596809387
80,2,GSM331472,1,0.4917265474796295
80,2,GSM331473,1,0.527086615562439
80,2,GSM331477,1,0.49396809935569763
80,2,GSM331479,1,0.7085739374160767
80,2,GSM331481,1,0.4610339105129242
80,2,GSM331482,1,0.4124675393104553
80,2,GSM331483,1,0.426293283700943
80,2,GSM331485,1,0.7129176259040833
80,2,GSM331486,1,0.5332812070846558
80,2,GSM331488,1,0.6362395882606506
80,2,GSM331490,1,0.38278111815452576
80,2,GSM331491,1,0.649655282497406
80,2,GSM331492,1,0.3875375986099243
80,2,GSM331496,1,0.47283726930618286
80,2,GSM331497,1,0.6342533230781555
80,2,GSM331499,1,0.44439858198165894
80,2,GSM331502,1,0.788070797920227
80,2,GSM331503,1,0.3319683372974396
80,2,GSM331504,1,0.4979291260242462
80,2,GSM331505,1,0.48843708634376526
80,2,GSM331507,1,0.277518630027771
80,2,GSM331508,1,0.5401896834373474
80,2,GSM331510,1,0.46585613489151
80,2,GSM331513,1,0.5369094014167786
80,2,GSM331515,1,0.30909019708633423
80,2,GSM331519,1,0.5425043702125549
80,2,GSM331520,1,0.4020770490169525
80,2,GSM331521,1,0.4452124834060669
80,2,GSM331525,1,0.6227011680603027
80,2,GSM331526,1,0.6450939178466797
80,2,GSM331528,1,0.6426935195922852
80,2,GSM331529,1,0.3453424870967865
80,2,GSM331532,1,0.4130762815475464
80,2,GSM331534,1,0.6555989980697632
80,2,GSM331537,1,0.6601430773735046
80,2,GSM331539,1,0.4861699640750885
80,2,GSM331541,1,0.6402714848518372
80,2,GSM331542,1,0.5178532004356384
80,2,GSM331544,1,0.20883867144584656
80,2,GSM331546,1,0.550373911857605
80,2,GSM331547,1,0.49372538924217224
80,2,GSM331549,1,0.6891768574714661
80,2,GSM331550,1,0.4450041949748993
80,2,GSM331555,1,0.39766350388526917
80,2,GSM331557,1,0.53347247838974
80,2,GSM331558,1,0.2900722622871399
80,2,GSM331559,1,0.6743158102035522
80,2,GSM331561,1,0.46264395117759705
80,2,GSM331562,1,0.44206756353378296
80,2,GSM331564,1,0.4497053325176239
80,2,GSM331566,1,0.5351080894470215
80,2,GSM331570,1,0.5070291757583618
80,2,GSM331576,1,0.6986531615257263
80,2,GSM331577,1,0.3527376055717468
80,2,GSM331578,1,0.31865358352661133
80,2,GSM331579,1,0.5817513465881348
80,2,GSM331582,1,0.39950522780418396
80,2,GSM331584,1,0.5463448166847229
80,2,GSM331585,1,0.5735624432563782
80,2,GSM331587,1,0.35729384422302246
80,2,GSM331588,1,0.44264620542526245
80,2,GSM331589,1,0.4705815613269806
80,2,GSM331596,1,0.5280112624168396
80,2,GSM331599,1,0.6430784463882446
80,2,GSM331600,1,0.6715689301490784
80,2,GSM331605,1,0.6674373745918274
80,2,GSM331610,1,0.568787157535553
80,2,GSM331612,1,0.6131994128227234
80,2,GSM331615,1,0.4723929166793823
80,2,GSM331616,1,0.6010531187057495
80,2,GSM331617,1,0.5926175713539124
80,2,GSM331623,1,0.42816025018692017
80,2,GSM331625,1,0.3913680911064148
80,2,GSM331627,1,0.47055432200431824
80,2,GSM331628,1,0.44022640585899353
80,2,GSM331630,1,0.5849197506904602
80,2,GSM331631,1,0.4127889573574066
80,2,GSM331633,1,0.4483047127723694
80,2,GSM331634,1,0.5229794383049011
80,2,GSM331636,1,0.577445387840271
80,2,GSM331637,1,0.3993719518184662
80,2,GSM331639,1,0.5118630528450012
80,2,GSM331644,1,0.2611454427242279
80,2,GSM331647,1,0.6211209893226624
80,2,GSM331648,1,0.43819019198417664
80,2,GSM331650,1,0.6122103929519653
80,2,GSM331651,1,0.5659547448158264
80,2,GSM331652,1,0.577488124370575
80,2,GSM331653,1,0.4016319215297699
80,2,GSM331656,1,0.334742933511734
80,2,GSM331657,1,0.7085256576538086
80,2,GSM331658,1,0.5912942886352539
80,2,GSM331659,1,0.5068258047103882
