Repeat,Fold,Sample,True_label,Predicted_probability
1,1,GSM331638,0,0.5708349347114563
1,1,GSM331662,0,0.5725749731063843
1,1,GSM331663,0,0.32835957407951355
1,1,GSM331665,0,0.660315752029419
1,1,GSM331666,0,0.3816083073616028
1,1,GSM331669,0,0.8438869714736938
1,1,GSM331671,0,0.5738712549209595
1,1,GSM331673,0,0.39937135577201843
1,1,GSM331677,0,0.33521023392677307
1,1,GSM331679,0,0.30183741450309753
1,1,GSM331680,0,0.7391647696495056
1,1,GSM331681,0,0.41079288721084595
1,1,GSM331682,0,0.4410289227962494
1,1,GSM331683,0,0.6920358538627625
1,1,GSM331686,0,0.5183806419372559
1,1,GSM331687,0,0.32274794578552246
1,1,GSM331691,0,0.6945971846580505
1,1,GSM331692,0,0.13224411010742188
1,1,GSM331693,0,0.5006058216094971
1,1,GSM331696,0,0.512199342250824
1,1,GSM331697,0,0.4189783036708832
1,1,GSM331698,0,0.4647118151187897
1,1,GSM331700,0,0.5235837697982788
1,1,GSM331704,0,0.5695170760154724
1,1,GSM331705,0,0.2208123803138733
1,1,GSM331711,0,0.7723990678787231
1,1,GSM331712,0,0.38456088304519653
1,1,GSM331714,0,0.7555805444717407
1,1,GSM331718,0,0.6986066699028015
1,1,GSM331719,0,0.2242593616247177
1,1,GSM331720,0,0.5450851917266846
1,1,GSM331721,0,0.7537213563919067
1,1,GSM331722,0,0.407522588968277
1,1,GSM331724,0,0.36624759435653687
1,1,GSM331725,0,0.6135107278823853
1,1,GSM331727,0,0.3697130084037781
1,1,GSM331731,0,0.7664105892181396
1,1,GSM331454,1,0.7826497554779053
1,1,GSM331455,1,0.344411164522171
1,1,GSM331456,1,0.6284391283988953
1,1,GSM331464,1,0.6942615509033203
1,1,GSM331466,1,0.5346955060958862
1,1,GSM331467,1,0.27168282866477966
1,1,GSM331471,1,0.5648155808448792
1,1,GSM331472,1,0.40441903471946716
1,1,GSM331473,1,0.3949916660785675
1,1,GSM331474,1,0.390652596950531
1,1,GSM331475,1,0.25231292843818665
1,1,GSM331476,1,0.36574238538742065
1,1,GSM331477,1,0.2876555323600769
1,1,GSM331478,1,0.6806676387786865
1,1,GSM331479,1,0.31432443857192993
1,1,GSM331480,1,0.4012623429298401
1,1,GSM331481,1,0.6842886209487915
1,1,GSM331486,1,0.5593358278274536
1,1,GSM331487,1,0.7459573149681091
1,1,GSM331488,1,0.5413573980331421
1,1,GSM331491,1,0.6031526923179626
1,1,GSM331494,1,0.9033960700035095
1,1,GSM331495,1,0.6337560415267944
1,1,GSM331497,1,0.45583394169807434
1,1,GSM331504,1,0.6474454998970032
1,1,GSM331507,1,0.3267365097999573
1,1,GSM331508,1,0.6448357105255127
1,1,GSM331511,1,0.7517026662826538
1,1,GSM331512,1,0.567525327205658
1,1,GSM331515,1,0.5037732124328613
1,1,GSM331520,1,0.7319903373718262
1,1,GSM331521,1,0.3463890254497528
1,1,GSM331522,1,0.25728368759155273
1,1,GSM331524,1,0.46594473719596863
1,1,GSM331529,1,0.4858534634113312
1,1,GSM331530,1,0.5204097032546997
1,1,GSM331532,1,0.38030293583869934
1,1,GSM331533,1,0.7124379873275757
1,1,GSM331534,1,0.7078633308410645
1,1,GSM331536,1,0.3834376633167267
1,1,GSM331537,1,0.8056932091712952
1,1,GSM331539,1,0.6262641549110413
1,1,GSM331541,1,0.7456941604614258
1,1,GSM331545,1,0.6434404850006104
1,1,GSM331546,1,0.7384118437767029
1,1,GSM331547,1,0.7145188450813293
1,1,GSM331550,1,0.3276391327381134
1,1,GSM331551,1,0.7749263048171997
1,1,GSM331553,1,0.7785122394561768
1,1,GSM331556,1,0.40640324354171753
1,1,GSM331557,1,0.6481771469116211
1,1,GSM331558,1,0.31372934579849243
1,1,GSM331560,1,0.5510038137435913
1,1,GSM331561,1,0.3872416317462921
1,1,GSM331562,1,0.5266122221946716
1,1,GSM331563,1,0.6534838080406189
1,1,GSM331564,1,0.6579687595367432
1,1,GSM331568,1,0.770189642906189
1,1,GSM331569,1,0.5195430517196655
1,1,GSM331570,1,0.5424031019210815
1,1,GSM331572,1,0.5249602198600769
1,1,GSM331573,1,0.7877593040466309
1,1,GSM331575,1,0.5006011724472046
1,1,GSM331577,1,0.5551856160163879
1,1,GSM331581,1,0.3264100253582001
1,1,GSM331584,1,0.3248786926269531
1,1,GSM331587,1,0.6928204298019409
1,1,GSM331591,1,0.720885694026947
1,1,GSM331594,1,0.5357521176338196
1,1,GSM331595,1,0.8036268949508667
1,1,GSM331597,1,0.6333643794059753
1,1,GSM331599,1,0.8590277433395386
1,1,GSM331604,1,0.39500004053115845
1,1,GSM331605,1,0.6097769737243652
1,1,GSM331610,1,0.631926953792572
1,1,GSM331611,1,0.7772676348686218
1,1,GSM331612,1,0.6660997867584229
1,1,GSM331615,1,0.7624253630638123
1,1,GSM331616,1,0.42141661047935486
1,1,GSM331617,1,0.7331755757331848
1,1,GSM331618,1,0.6853002309799194
1,1,GSM331619,1,0.6041498780250549
1,1,GSM331620,1,0.5717369914054871
1,1,GSM331621,1,0.5534562468528748
1,1,GSM331623,1,0.151492178440094
1,1,GSM331625,1,0.5236867070198059
1,1,GSM331627,1,0.5036246180534363
1,1,GSM331628,1,0.4976992607116699
1,1,GSM331629,1,0.18146954476833344
1,1,GSM331632,1,0.5540797114372253
1,1,GSM331634,1,0.32811763882637024
1,1,GSM331635,1,0.26728928089141846
1,1,GSM331637,1,0.40921908617019653
1,1,GSM331639,1,0.4177734851837158
1,1,GSM331642,1,0.6903073787689209
1,1,GSM331643,1,0.8501631617546082
1,1,GSM331645,1,0.23264914751052856
1,1,GSM331646,1,0.23345142602920532
1,1,GSM331649,1,0.7090170979499817
1,1,GSM331650,1,0.6299295425415039
1,1,GSM331654,1,0.8909370303153992
1,1,GSM331656,1,0.1468237340450287
1,1,GSM331659,1,0.8832497000694275
1,2,GSM331660,0,0.22349636256694794
1,2,GSM331661,0,0.563402533531189
1,2,GSM331664,0,0.20964375138282776
1,2,GSM331668,0,0.6623253226280212
1,2,GSM331670,0,0.42015594244003296
1,2,GSM331672,0,0.48548009991645813
1,2,GSM331674,0,0.41175979375839233
1,2,GSM331675,0,0.11509261280298233
1,2,GSM331676,0,0.5123803019523621
1,2,GSM331678,0,0.22134464979171753
1,2,GSM331684,0,0.2972506284713745
1,2,GSM331685,0,0.34882476925849915
1,2,GSM331688,0,0.47094130516052246
1,2,GSM331689,0,0.21196909248828888
1,2,GSM331690,0,0.8805937170982361
1,2,GSM331694,0,0.2599337697029114
1,2,GSM331695,0,0.5375369787216187
1,2,GSM331699,0,0.47519057989120483
1,2,GSM331701,0,0.38760823011398315
1,2,GSM331702,0,0.5817294716835022
1,2,GSM331703,0,0.6043140888214111
1,2,GSM331706,0,0.7318404316902161
1,2,GSM331707,0,0.5228694677352905
1,2,GSM331708,0,0.7548001408576965
1,2,GSM331709,0,0.2643412947654724
1,2,GSM331710,0,0.1673266887664795
1,2,GSM331713,0,0.38546159863471985
1,2,GSM331715,0,0.38137754797935486
1,2,GSM331716,0,0.7848259210586548
1,2,GSM331717,0,0.6355028748512268
1,2,GSM331723,0,0.642204999923706
1,2,GSM331726,0,0.35692039132118225
1,2,GSM331728,0,0.15027929842472076
1,2,GSM331729,0,0.1185593381524086
1,2,GSM331730,0,0.6852814555168152
1,2,GSM331732,0,0.5460875630378723
1,2,GSM331453,1,0.45808088779449463
1,2,GSM331457,1,0.6374168395996094
1,2,GSM331458,1,0.40339383482933044
1,2,GSM331459,1,0.8653691411018372
1,2,GSM331460,1,0.5689346194267273
1,2,GSM331461,1,0.3170627951622009
1,2,GSM331462,1,0.5640906691551208
1,2,GSM331463,1,0.5255915522575378
1,2,GSM331465,1,0.5579875707626343
1,2,GSM331468,1,0.5016970038414001
1,2,GSM331469,1,0.33827629685401917
1,2,GSM331470,1,0.6100484728813171
1,2,GSM331482,1,0.13133621215820312
1,2,GSM331483,1,0.3367004692554474
1,2,GSM331484,1,0.3132378160953522
1,2,GSM331485,1,0.6668380498886108
1,2,GSM331489,1,0.6666606664657593
1,2,GSM331490,1,0.5077521800994873
1,2,GSM331492,1,0.2769744098186493
1,2,GSM331493,1,0.6324478983879089
1,2,GSM331496,1,0.23755201697349548
1,2,GSM331498,1,0.4570191204547882
1,2,GSM331499,1,0.32686057686805725
1,2,GSM331500,1,0.5006681680679321
1,2,GSM331501,1,0.2764441967010498
1,2,GSM331502,1,0.9046744108200073
1,2,GSM331503,1,0.48480701446533203
1,2,GSM331505,1,0.47330543398857117
1,2,GSM331506,1,0.5506856441497803
1,2,GSM331509,1,0.2725529968738556
1,2,GSM331510,1,0.3273757994174957
1,2,GSM331513,1,0.783102810382843
1,2,GSM331514,1,0.6371724009513855
1,2,GSM331516,1,0.6198140978813171
1,2,GSM331517,1,0.5031932592391968
1,2,GSM331518,1,0.48492830991744995
1,2,GSM331519,1,0.5138471126556396
1,2,GSM331523,1,0.8471500873565674
1,2,GSM331525,1,0.6410346031188965
1,2,GSM331526,1,0.5130909085273743
1,2,GSM331527,1,0.27769142389297485
1,2,GSM331528,1,0.328085333108902
1,2,GSM331531,1,0.3312378227710724
1,2,GSM331535,1,0.5798574686050415
1,2,GSM331538,1,0.21967661380767822
1,2,GSM331540,1,0.6267317533493042
1,2,GSM331542,1,0.6014567017555237
1,2,GSM331543,1,0.560320258140564
1,2,GSM331544,1,0.34524527192115784
1,2,GSM331548,1,0.4211401343345642
1,2,GSM331549,1,0.8411970734596252
1,2,GSM331552,1,0.5589165687561035
1,2,GSM331554,1,0.26261788606643677
1,2,GSM331555,1,0.17668266594409943
1,2,GSM331559,1,0.6724493503570557
1,2,GSM331565,1,0.8266785144805908
1,2,GSM331566,1,0.5922913551330566
1,2,GSM331567,1,0.3660578727722168
1,2,GSM331571,1,0.45014816522598267
1,2,GSM331574,1,0.6965728402137756
1,2,GSM331576,1,0.28603464365005493
1,2,GSM331578,1,0.5639340281486511
1,2,GSM331579,1,0.47180408239364624
1,2,GSM331580,1,0.47191551327705383
1,2,GSM331582,1,0.43683019280433655
1,2,GSM331583,1,0.28820669651031494
1,2,GSM331585,1,0.7005031704902649
1,2,GSM331586,1,0.1456807255744934
1,2,GSM331588,1,0.5533440113067627
1,2,GSM331589,1,0.5029640197753906
1,2,GSM331590,1,0.4532131850719452
1,2,GSM331592,1,0.4210141599178314
1,2,GSM331593,1,0.20586667954921722
1,2,GSM331596,1,0.23271900415420532
1,2,GSM331598,1,0.7199788689613342
1,2,GSM331600,1,0.694021999835968
1,2,GSM331601,1,0.3588896691799164
1,2,GSM331602,1,0.4670349061489105
1,2,GSM331603,1,0.21234074234962463
1,2,GSM331606,1,0.2031058520078659
1,2,GSM331607,1,0.7310383319854736
1,2,GSM331608,1,0.12039126455783844
1,2,GSM331609,1,0.7970468997955322
1,2,GSM331613,1,0.44488847255706787
1,2,GSM331614,1,0.4302465319633484
1,2,GSM331622,1,0.8428506851196289
1,2,GSM331624,1,0.31535762548446655
1,2,GSM331626,1,0.35731396079063416
1,2,GSM331630,1,0.4501611888408661
1,2,GSM331631,1,0.4698500633239746
1,2,GSM331633,1,0.4964325428009033
1,2,GSM331636,1,0.33776822686195374
1,2,GSM331640,1,0.1412235051393509
1,2,GSM331641,1,0.44838571548461914
1,2,GSM331644,1,0.38425585627555847
1,2,GSM331647,1,0.48730507493019104
1,2,GSM331648,1,0.30460426211357117
1,2,GSM331651,1,0.3432607650756836
1,2,GSM331652,1,0.7787513136863708
1,2,GSM331653,1,0.3328301012516022
1,2,GSM331655,1,0.48064321279525757
1,2,GSM331657,1,0.6982362866401672
1,2,GSM331658,1,0.6531626582145691
2,1,GSM331660,0,0.3888063132762909
2,1,GSM331663,0,0.46695035696029663
2,1,GSM331668,0,0.635261595249176
2,1,GSM331669,0,0.9330033659934998
2,1,GSM331672,0,0.5277294516563416
2,1,GSM331673,0,0.4305921196937561
2,1,GSM331674,0,0.5101396441459656
2,1,GSM331675,0,0.10646868497133255
2,1,GSM331677,0,0.4855016767978668
2,1,GSM331678,0,0.1916615217924118
2,1,GSM331683,0,0.7629726529121399
2,1,GSM331684,0,0.20603090524673462
2,1,GSM331686,0,0.5619843602180481
2,1,GSM331688,0,0.6462476253509521
2,1,GSM331690,0,0.7679305672645569
2,1,GSM331691,0,0.41041049361228943
2,1,GSM331693,0,0.4139678478240967
2,1,GSM331701,0,0.39004212617874146
2,1,GSM331703,0,0.6177226305007935
2,1,GSM331705,0,0.27231693267822266
2,1,GSM331706,0,0.8674260377883911
2,1,GSM331707,0,0.5197474956512451
2,1,GSM331708,0,0.8321805596351624
2,1,GSM331709,0,0.24466492235660553
2,1,GSM331712,0,0.24445687234401703
2,1,GSM331714,0,0.8604634404182434
2,1,GSM331716,0,0.9382338523864746
2,1,GSM331718,0,0.8651359677314758
2,1,GSM331720,0,0.39732009172439575
2,1,GSM331721,0,0.798697292804718
2,1,GSM331722,0,0.5876362323760986
2,1,GSM331724,0,0.2940182387828827
2,1,GSM331726,0,0.3255460560321808
2,1,GSM331727,0,0.3913687467575073
2,1,GSM331728,0,0.2084111124277115
2,1,GSM331729,0,0.12284719944000244
2,1,GSM331732,0,0.5832362174987793
2,1,GSM331453,1,0.43991947174072266
2,1,GSM331454,1,0.5185532569885254
2,1,GSM331455,1,0.20354264974594116
2,1,GSM331456,1,0.6594231128692627
2,1,GSM331457,1,0.5167495012283325
2,1,GSM331459,1,0.9141111373901367
2,1,GSM331463,1,0.283447265625
2,1,GSM331465,1,0.41881290078163147
2,1,GSM331466,1,0.43629366159439087
2,1,GSM331467,1,0.08122982084751129
2,1,GSM331470,1,0.5156951546669006
2,1,GSM331476,1,0.5963176488876343
2,1,GSM331478,1,0.5654498934745789
2,1,GSM331479,1,0.40591663122177124
2,1,GSM331480,1,0.5738982558250427
2,1,GSM331483,1,0.7642115354537964
2,1,GSM331484,1,0.230270117521286
2,1,GSM331486,1,0.6195389628410339
2,1,GSM331490,1,0.29601848125457764
2,1,GSM331491,1,0.6768430471420288
2,1,GSM331492,1,0.3924816846847534
2,1,GSM331494,1,0.8881316184997559
2,1,GSM331495,1,0.5905561447143555
2,1,GSM331496,1,0.24877111613750458
2,1,GSM331497,1,0.6418225765228271
2,1,GSM331500,1,0.24168653786182404
2,1,GSM331504,1,0.32269707322120667
2,1,GSM331505,1,0.3778754770755768
2,1,GSM331506,1,0.4852428138256073
2,1,GSM331507,1,0.2567828297615051
2,1,GSM331508,1,0.5845297574996948
2,1,GSM331509,1,0.4107939302921295
2,1,GSM331514,1,0.5012270212173462
2,1,GSM331518,1,0.5405193567276001
2,1,GSM331519,1,0.3096027672290802
2,1,GSM331520,1,0.5691434741020203
2,1,GSM331522,1,0.4155449867248535
2,1,GSM331524,1,0.6637677550315857
2,1,GSM331525,1,0.5769215822219849
2,1,GSM331526,1,0.4708947539329529
2,1,GSM331528,1,0.49568769335746765
2,1,GSM331529,1,0.7386124730110168
2,1,GSM331532,1,0.3285366892814636
2,1,GSM331537,1,0.8141465783119202
2,1,GSM331538,1,0.0833064541220665
2,1,GSM331540,1,0.44228988885879517
2,1,GSM331541,1,0.8020140528678894
2,1,GSM331543,1,0.6615911722183228
2,1,GSM331545,1,0.618301510810852
2,1,GSM331549,1,0.8406115770339966
2,1,GSM331550,1,0.39266571402549744
2,1,GSM331552,1,0.3086230754852295
2,1,GSM331553,1,0.8568087220191956
2,1,GSM331554,1,0.2865263819694519
2,1,GSM331555,1,0.12006314098834991
2,1,GSM331557,1,0.7732279896736145
2,1,GSM331558,1,0.1199648454785347
2,1,GSM331559,1,0.7306005358695984
2,1,GSM331564,1,0.40593641996383667
2,1,GSM331566,1,0.573706865310669
2,1,GSM331571,1,0.6072109937667847
2,1,GSM331572,1,0.46509644389152527
2,1,GSM331574,1,0.6545666456222534
2,1,GSM331575,1,0.41900578141212463
2,1,GSM331576,1,0.3291361927986145
2,1,GSM331578,1,0.5865680575370789
2,1,GSM331580,1,0.6643109321594238
2,1,GSM331581,1,0.1898880898952484
2,1,GSM331582,1,0.5108978152275085
2,1,GSM331583,1,0.3701131045818329
2,1,GSM331584,1,0.21763111650943756
2,1,GSM331585,1,0.6585839986801147
2,1,GSM331588,1,0.474068284034729
2,1,GSM331592,1,0.5298491716384888
2,1,GSM331594,1,0.6506685614585876
2,1,GSM331596,1,0.5590588450431824
2,1,GSM331598,1,0.41650667786598206
2,1,GSM331600,1,0.8647041320800781
2,1,GSM331601,1,0.3946663439273834
2,1,GSM331603,1,0.31179818511009216
2,1,GSM331606,1,0.24449805915355682
2,1,GSM331608,1,0.19342149794101715
2,1,GSM331609,1,0.6502265334129333
2,1,GSM331611,1,0.7202977538108826
2,1,GSM331612,1,0.6404268145561218
2,1,GSM331614,1,0.4010376036167145
2,1,GSM331617,1,0.8318368196487427
2,1,GSM331621,1,0.30829963088035583
2,1,GSM331622,1,0.8216702938079834
2,1,GSM331623,1,0.2905486524105072
2,1,GSM331626,1,0.22168157994747162
2,1,GSM331627,1,0.3156373202800751
2,1,GSM331628,1,0.587371826171875
2,1,GSM331629,1,0.20928025245666504
2,1,GSM331633,1,0.31961894035339355
2,1,GSM331634,1,0.17763163149356842
2,1,GSM331641,1,0.4646208584308624
2,1,GSM331642,1,0.6326563954353333
2,1,GSM331644,1,0.3122886121273041
2,1,GSM331650,1,0.5245427489280701
2,1,GSM331654,1,0.7366776466369629
2,1,GSM331655,1,0.17885322868824005
2,1,GSM331656,1,0.12478964775800705
2,2,GSM331638,0,0.44113704562187195
2,2,GSM331661,0,0.6805822849273682
2,2,GSM331662,0,0.74346524477005
2,2,GSM331664,0,0.5676611661911011
2,2,GSM331665,0,0.7880294919013977
2,2,GSM331666,0,0.5460556149482727
2,2,GSM331670,0,0.5707029104232788
2,2,GSM331671,0,0.8159193396568298
2,2,GSM331676,0,0.7079125642776489
2,2,GSM331679,0,0.5356679558753967
2,2,GSM331680,0,0.8303979635238647
2,2,GSM331681,0,0.5260240435600281
2,2,GSM331682,0,0.4870588779449463
2,2,GSM331685,0,0.4924241006374359
2,2,GSM331687,0,0.3923831284046173
2,2,GSM331689,0,0.458176851272583
2,2,GSM331692,0,0.2084764689207077
2,2,GSM331694,0,0.5215409398078918
2,2,GSM331695,0,0.4571239650249481
2,2,GSM331696,0,0.4969351887702942
2,2,GSM331697,0,0.32935044169425964
2,2,GSM331698,0,0.2543768584728241
2,2,GSM331699,0,0.5251149535179138
2,2,GSM331700,0,0.7344381213188171
2,2,GSM331702,0,0.6269758939743042
2,2,GSM331704,0,0.7236421704292297
2,2,GSM331710,0,0.18099161982536316
2,2,GSM331711,0,0.7552576065063477
2,2,GSM331713,0,0.5301724076271057
2,2,GSM331715,0,0.33586829900741577
2,2,GSM331717,0,0.7631818652153015
2,2,GSM331719,0,0.1928613930940628
2,2,GSM331723,0,0.7389796376228333
2,2,GSM331725,0,0.7894916534423828
2,2,GSM331730,0,0.5481196045875549
2,2,GSM331731,0,0.8958594799041748
2,2,GSM331458,1,0.5018887519836426
2,2,GSM331460,1,0.5201244354248047
2,2,GSM331461,1,0.4664771556854248
2,2,GSM331462,1,0.7573131918907166
2,2,GSM331464,1,0.4260082244873047
2,2,GSM331468,1,0.46846112608909607
2,2,GSM331469,1,0.5135445594787598
2,2,GSM331471,1,0.6270869970321655
2,2,GSM331472,1,0.3409346342086792
2,2,GSM331473,1,0.42883312702178955
2,2,GSM331474,1,0.506769061088562
2,2,GSM331475,1,0.4333462417125702
2,2,GSM331477,1,0.3077614903450012
2,2,GSM331481,1,0.7985526919364929
2,2,GSM331482,1,0.1632552593946457
2,2,GSM331485,1,0.582971453666687
2,2,GSM331487,1,0.8064826726913452
2,2,GSM331488,1,0.4411722421646118
2,2,GSM331489,1,0.5737186074256897
2,2,GSM331493,1,0.406376451253891
2,2,GSM331498,1,0.2713051438331604
2,2,GSM331499,1,0.30544787645339966
2,2,GSM331501,1,0.5168052911758423
2,2,GSM331502,1,0.8082828521728516
2,2,GSM331503,1,0.3748202621936798
2,2,GSM331510,1,0.5751757621765137
2,2,GSM331511,1,0.7133930325508118
2,2,GSM331512,1,0.7654131054878235
2,2,GSM331513,1,0.5418530702590942
2,2,GSM331515,1,0.41799601912498474
2,2,GSM331516,1,0.7372826933860779
2,2,GSM331517,1,0.8044872879981995
2,2,GSM331521,1,0.32343828678131104
2,2,GSM331523,1,0.5657638907432556
2,2,GSM331527,1,0.28018903732299805
2,2,GSM331530,1,0.320008248090744
2,2,GSM331531,1,0.46261128783226013
2,2,GSM331533,1,0.8477652072906494
2,2,GSM331534,1,0.4697790741920471
2,2,GSM331535,1,0.41315701603889465
2,2,GSM331536,1,0.32370591163635254
2,2,GSM331539,1,0.38956186175346375
2,2,GSM331542,1,0.39744749665260315
2,2,GSM331544,1,0.16195911169052124
2,2,GSM331546,1,0.5957890152931213
2,2,GSM331547,1,0.7958842515945435
2,2,GSM331548,1,0.8276113867759705
2,2,GSM331551,1,0.5874921083450317
2,2,GSM331556,1,0.6864250898361206
2,2,GSM331560,1,0.2767949402332306
2,2,GSM331561,1,0.5756535530090332
2,2,GSM331562,1,0.5181922316551208
2,2,GSM331563,1,0.6802933812141418
2,2,GSM331565,1,0.6759737133979797
2,2,GSM331567,1,0.2785278856754303
2,2,GSM331568,1,0.8244609832763672
2,2,GSM331569,1,0.44653668999671936
2,2,GSM331570,1,0.46871334314346313
2,2,GSM331573,1,0.7361960411071777
2,2,GSM331577,1,0.6708806157112122
2,2,GSM331579,1,0.351404070854187
2,2,GSM331586,1,0.30830302834510803
2,2,GSM331587,1,0.8152328133583069
2,2,GSM331589,1,0.3320506513118744
2,2,GSM331590,1,0.2924842834472656
2,2,GSM331591,1,0.6905917525291443
2,2,GSM331593,1,0.3244854509830475
2,2,GSM331595,1,0.3960535228252411
2,2,GSM331597,1,0.3670937716960907
2,2,GSM331599,1,0.9277817010879517
2,2,GSM331602,1,0.35650044679641724
2,2,GSM331604,1,0.173320010304451
2,2,GSM331605,1,0.6088569760322571
2,2,GSM331607,1,0.7916056513786316
2,2,GSM331610,1,0.7224941849708557
2,2,GSM331613,1,0.43764063715934753
2,2,GSM331615,1,0.5079052448272705
2,2,GSM331616,1,0.28530022501945496
2,2,GSM331618,1,0.6467064619064331
2,2,GSM331619,1,0.468192458152771
2,2,GSM331620,1,0.45589935779571533
2,2,GSM331624,1,0.6466670036315918
2,2,GSM331625,1,0.5369971394538879
2,2,GSM331630,1,0.464165598154068
2,2,GSM331631,1,0.18164315819740295
2,2,GSM331632,1,0.30699270963668823
2,2,GSM331635,1,0.310228168964386
2,2,GSM331636,1,0.21433576941490173
2,2,GSM331637,1,0.3980766236782074
2,2,GSM331639,1,0.29469460248947144
2,2,GSM331640,1,0.14717666804790497
2,2,GSM331643,1,0.8763128519058228
2,2,GSM331645,1,0.2234114110469818
2,2,GSM331646,1,0.19497139751911163
2,2,GSM331647,1,0.6587738394737244
2,2,GSM331648,1,0.22869814932346344
2,2,GSM331649,1,0.7410671710968018
2,2,GSM331651,1,0.47208741307258606
2,2,GSM331652,1,0.8781665563583374
2,2,GSM331653,1,0.5438104271888733
2,2,GSM331657,1,0.6471097469329834
2,2,GSM331658,1,0.616676390171051
2,2,GSM331659,1,0.8753308653831482
3,1,GSM331638,0,0.17201100289821625
3,1,GSM331664,0,0.16273000836372375
3,1,GSM331666,0,0.1000026986002922
3,1,GSM331668,0,0.6544883251190186
3,1,GSM331669,0,0.9840883612632751
3,1,GSM331670,0,0.42711353302001953
3,1,GSM331673,0,0.394817054271698
3,1,GSM331674,0,0.9304538369178772
3,1,GSM331677,0,0.7843372821807861
3,1,GSM331679,0,0.6132735013961792
3,1,GSM331681,0,0.645423412322998
3,1,GSM331682,0,0.6047832369804382
3,1,GSM331683,0,0.8350270986557007
3,1,GSM331684,0,0.1281861513853073
3,1,GSM331686,0,0.8711431622505188
3,1,GSM331691,0,0.31829968094825745
3,1,GSM331693,0,0.4810326397418976
3,1,GSM331694,0,0.15105338394641876
3,1,GSM331695,0,0.45168495178222656
3,1,GSM331698,0,0.3461676239967346
3,1,GSM331699,0,0.8155261874198914
3,1,GSM331700,0,0.7382632493972778
3,1,GSM331701,0,0.2359747439622879
3,1,GSM331703,0,0.597187340259552
3,1,GSM331704,0,0.7056333422660828
3,1,GSM331705,0,0.2615225911140442
3,1,GSM331707,0,0.8868526816368103
3,1,GSM331709,0,0.2589947581291199
3,1,GSM331710,0,0.11015493422746658
3,1,GSM331712,0,0.4191170632839203
3,1,GSM331715,0,0.4371953010559082
3,1,GSM331722,0,0.217233344912529
3,1,GSM331727,0,0.2766958773136139
3,1,GSM331728,0,0.174610897898674
3,1,GSM331729,0,0.10751710832118988
3,1,GSM331731,0,0.8686859011650085
3,1,GSM331732,0,0.9253197312355042
3,1,GSM331456,1,0.6034649014472961
3,1,GSM331460,1,0.4500584006309509
3,1,GSM331463,1,0.16320714354515076
3,1,GSM331464,1,0.3774856626987457
3,1,GSM331466,1,0.7222982048988342
3,1,GSM331468,1,0.7600463032722473
3,1,GSM331474,1,0.19422490894794464
3,1,GSM331476,1,0.43967971205711365
3,1,GSM331477,1,0.3869209289550781
3,1,GSM331479,1,0.26957204937934875
3,1,GSM331480,1,0.8541566729545593
3,1,GSM331481,1,0.7895931005477905
3,1,GSM331482,1,0.4043084681034088
3,1,GSM331483,1,0.6774258017539978
3,1,GSM331485,1,0.8477727770805359
3,1,GSM331486,1,0.7502184510231018
3,1,GSM331489,1,0.7504081726074219
3,1,GSM331490,1,0.415211945772171
3,1,GSM331492,1,0.3438957631587982
3,1,GSM331493,1,0.21781693398952484
3,1,GSM331494,1,0.9222993850708008
3,1,GSM331495,1,0.2910292446613312
3,1,GSM331496,1,0.15278494358062744
3,1,GSM331498,1,0.529778242111206
3,1,GSM331499,1,0.0664212554693222
3,1,GSM331500,1,0.5067840814590454
3,1,GSM331502,1,0.9014362692832947
3,1,GSM331503,1,0.41558408737182617
3,1,GSM331505,1,0.8922759294509888
3,1,GSM331508,1,0.4873683750629425
3,1,GSM331510,1,0.3792993128299713
3,1,GSM331515,1,0.21834325790405273
3,1,GSM331519,1,0.4359613358974457
3,1,GSM331525,1,0.3579859733581543
3,1,GSM331529,1,0.12039843946695328
3,1,GSM331530,1,0.1164322942495346
3,1,GSM331532,1,0.4185980558395386
3,1,GSM331533,1,0.6292668581008911
3,1,GSM331534,1,0.8335527181625366
3,1,GSM331535,1,0.5942291617393494
3,1,GSM331538,1,0.20048023760318756
3,1,GSM331541,1,0.7972026467323303
3,1,GSM331542,1,0.3220002055168152
3,1,GSM331544,1,0.2922038733959198
3,1,GSM331546,1,0.8218275904655457
3,1,GSM331550,1,0.38037413358688354
3,1,GSM331551,1,0.3666181266307831
3,1,GSM331552,1,0.41553163528442383
3,1,GSM331555,1,0.06659147888422012
3,1,GSM331559,1,0.945080578327179
3,1,GSM331560,1,0.3992157280445099
3,1,GSM331561,1,0.5404960513114929
3,1,GSM331564,1,0.48292627930641174
3,1,GSM331565,1,0.8712542653083801
3,1,GSM331568,1,0.8997451066970825
3,1,GSM331570,1,0.35934343934059143
3,1,GSM331572,1,0.538081705570221
3,1,GSM331573,1,0.895423948764801
3,1,GSM331574,1,0.31127041578292847
3,1,GSM331575,1,0.9006655812263489
3,1,GSM331576,1,0.6131609082221985
3,1,GSM331577,1,0.5846697092056274
3,1,GSM331579,1,0.4593689441680908
3,1,GSM331581,1,0.2388795167207718
3,1,GSM331583,1,0.29807573556900024
3,1,GSM331585,1,0.6437960863113403
3,1,GSM331587,1,0.7854076623916626
3,1,GSM331588,1,0.4451294541358948
3,1,GSM331589,1,0.5203476548194885
3,1,GSM331590,1,0.411754310131073
3,1,GSM331592,1,0.70597904920578
3,1,GSM331593,1,0.1802210658788681
3,1,GSM331594,1,0.26198112964630127
3,1,GSM331598,1,0.39777183532714844
3,1,GSM331599,1,0.9620870351791382
3,1,GSM331602,1,0.6563695669174194
3,1,GSM331604,1,0.4372389316558838
3,1,GSM331605,1,0.8154816031455994
3,1,GSM331606,1,0.22587332129478455
3,1,GSM331607,1,0.9361467361450195
3,1,GSM331608,1,0.09033171832561493
3,1,GSM331609,1,0.556887149810791
3,1,GSM331612,1,0.49124979972839355
3,1,GSM331614,1,0.6187399625778198
3,1,GSM331617,1,0.8637065291404724
3,1,GSM331619,1,0.32342299818992615
3,1,GSM331620,1,0.32495343685150146
3,1,GSM331621,1,0.34204554557800293
3,1,GSM331624,1,0.3049456477165222
3,1,GSM331625,1,0.849698543548584
3,1,GSM331631,1,0.33524104952812195
3,1,GSM331635,1,0.28532883524894714
3,1,GSM331637,1,0.4501473903656006
3,1,GSM331639,1,0.20731011033058167
3,1,GSM331642,1,0.5592721104621887
3,1,GSM331644,1,0.4664878249168396
3,1,GSM331645,1,0.19159920513629913
3,1,GSM331647,1,0.564035177230835
3,1,GSM331651,1,0.1852874755859375
3,1,GSM331652,1,0.7600535750389099
3,1,GSM331653,1,0.5982387661933899
3,1,GSM331655,1,0.3605475127696991
3,1,GSM331659,1,0.937079668045044
3,2,GSM331660,0,0.2623765766620636
3,2,GSM331661,0,0.7443249821662903
3,2,GSM331662,0,0.3613942563533783
3,2,GSM331663,0,0.4671209156513214
3,2,GSM331665,0,0.9148144721984863
3,2,GSM331671,0,0.7437569499015808
3,2,GSM331672,0,0.850396990776062
3,2,GSM331675,0,0.05989519879221916
3,2,GSM331676,0,0.9020881652832031
3,2,GSM331678,0,0.10240676999092102
3,2,GSM331680,0,0.2684599757194519
3,2,GSM331685,0,0.0891837403178215
3,2,GSM331687,0,0.4521872103214264
3,2,GSM331688,0,0.5428673624992371
3,2,GSM331689,0,0.13436934351921082
3,2,GSM331690,0,0.8575225472450256
3,2,GSM331692,0,0.2713061273097992
3,2,GSM331696,0,0.3675994575023651
3,2,GSM331697,0,0.6063688397407532
3,2,GSM331702,0,0.6829808950424194
3,2,GSM331706,0,0.940995991230011
3,2,GSM331708,0,0.8669548034667969
3,2,GSM331711,0,0.5418846607208252
3,2,GSM331713,0,0.2155890315771103
3,2,GSM331714,0,0.7790740132331848
3,2,GSM331716,0,0.9933863282203674
3,2,GSM331717,0,0.80826336145401
3,2,GSM331718,0,0.7553361654281616
3,2,GSM331719,0,0.14822018146514893
3,2,GSM331720,0,0.17273037135601044
3,2,GSM331721,0,0.9583879709243774
3,2,GSM331723,0,0.8929832577705383
3,2,GSM331724,0,0.4690127372741699
3,2,GSM331725,0,0.6386217474937439
3,2,GSM331726,0,0.23070810735225677
3,2,GSM331730,0,0.6134042739868164
3,2,GSM331453,1,0.345688134431839
3,2,GSM331454,1,0.68904048204422
3,2,GSM331455,1,0.3472747802734375
3,2,GSM331457,1,0.6292101144790649
3,2,GSM331458,1,0.4200941026210785
3,2,GSM331459,1,0.9413624405860901
3,2,GSM331461,1,0.08678046613931656
3,2,GSM331462,1,0.880957305431366
3,2,GSM331465,1,0.329075425863266
3,2,GSM331467,1,0.2759745419025421
3,2,GSM331469,1,0.8060370087623596
3,2,GSM331470,1,0.5690919756889343
3,2,GSM331471,1,0.861237645149231
3,2,GSM331472,1,0.43669041991233826
3,2,GSM331473,1,0.1419103443622589
3,2,GSM331475,1,0.08123825490474701
3,2,GSM331478,1,0.2834784686565399
3,2,GSM331484,1,0.12746408581733704
3,2,GSM331487,1,0.8571226000785828
3,2,GSM331488,1,0.4633987545967102
3,2,GSM331491,1,0.671583890914917
3,2,GSM331497,1,0.42718255519866943
3,2,GSM331501,1,0.47192060947418213
3,2,GSM331504,1,0.7434226870536804
3,2,GSM331506,1,0.60503089427948
3,2,GSM331507,1,0.24979738891124725
3,2,GSM331509,1,0.11753292381763458
3,2,GSM331511,1,0.5859403610229492
3,2,GSM331512,1,0.22501452267169952
3,2,GSM331513,1,0.8870702385902405
3,2,GSM331514,1,0.29554134607315063
3,2,GSM331516,1,0.5259352922439575
3,2,GSM331517,1,0.43971899151802063
3,2,GSM331518,1,0.4417460858821869
3,2,GSM331520,1,0.7427421808242798
3,2,GSM331521,1,0.35947757959365845
3,2,GSM331522,1,0.1373157501220703
3,2,GSM331523,1,0.7247015833854675
3,2,GSM331524,1,0.5887308716773987
3,2,GSM331526,1,0.7931393384933472
3,2,GSM331527,1,0.4078514277935028
3,2,GSM331528,1,0.5949784517288208
3,2,GSM331531,1,0.4204769730567932
3,2,GSM331536,1,0.44577479362487793
3,2,GSM331537,1,0.75528883934021
3,2,GSM331539,1,0.5198174715042114
3,2,GSM331540,1,0.2866852879524231
3,2,GSM331543,1,0.7022069692611694
3,2,GSM331545,1,0.8185819387435913
3,2,GSM331547,1,0.3457705080509186
3,2,GSM331548,1,0.6405451893806458
3,2,GSM331549,1,0.689988911151886
3,2,GSM331553,1,0.9320798516273499
3,2,GSM331554,1,0.17013004422187805
3,2,GSM331556,1,0.5096393823623657
3,2,GSM331557,1,0.6921350955963135
3,2,GSM331558,1,0.17773059010505676
3,2,GSM331562,1,0.19621221721172333
3,2,GSM331563,1,0.8449757099151611
3,2,GSM331566,1,0.8130380511283875
3,2,GSM331567,1,0.2501555383205414
3,2,GSM331569,1,0.7467852830886841
3,2,GSM331571,1,0.5084395408630371
3,2,GSM331578,1,0.8445845246315002
3,2,GSM331580,1,0.39487671852111816
3,2,GSM331582,1,0.6256513595581055
3,2,GSM331584,1,0.12060188502073288
3,2,GSM331586,1,0.49642667174339294
3,2,GSM331591,1,0.9189631342887878
3,2,GSM331595,1,0.8189010620117188
3,2,GSM331596,1,0.3751033842563629
3,2,GSM331597,1,0.2558205723762512
3,2,GSM331600,1,0.8475903868675232
3,2,GSM331601,1,0.06723109632730484
3,2,GSM331603,1,0.1996568739414215
3,2,GSM331610,1,0.9162976741790771
3,2,GSM331611,1,0.5035237073898315
3,2,GSM331613,1,0.3313019275665283
3,2,GSM331615,1,0.3870472311973572
3,2,GSM331616,1,0.6192446947097778
3,2,GSM331618,1,0.5112411975860596
3,2,GSM331622,1,0.9251310229301453
3,2,GSM331623,1,0.1338018774986267
3,2,GSM331626,1,0.1711866706609726
3,2,GSM331627,1,0.3170785903930664
3,2,GSM331628,1,0.3447618782520294
3,2,GSM331629,1,0.035229407250881195
3,2,GSM331630,1,0.2525010406970978
3,2,GSM331632,1,0.4141941964626312
3,2,GSM331633,1,0.29064589738845825
3,2,GSM331634,1,0.19156163930892944
3,2,GSM331636,1,0.19184604287147522
3,2,GSM331640,1,0.16333355009555817
3,2,GSM331641,1,0.5681180953979492
3,2,GSM331643,1,0.7930367588996887
3,2,GSM331646,1,0.12572617828845978
3,2,GSM331648,1,0.3879662752151489
3,2,GSM331649,1,0.5589212775230408
3,2,GSM331650,1,0.5138148665428162
3,2,GSM331654,1,0.8196401000022888
3,2,GSM331656,1,0.17395997047424316
3,2,GSM331657,1,0.8937039375305176
3,2,GSM331658,1,0.641235888004303
4,1,GSM331638,0,0.26849785447120667
4,1,GSM331660,0,0.25881361961364746
4,1,GSM331669,0,0.8341150283813477
4,1,GSM331671,0,0.6215004920959473
4,1,GSM331673,0,0.2740890681743622
4,1,GSM331674,0,0.6024930477142334
4,1,GSM331675,0,0.07940458506345749
4,1,GSM331677,0,0.35013946890830994
4,1,GSM331678,0,0.1708328127861023
4,1,GSM331679,0,0.36932146549224854
4,1,GSM331680,0,0.5941441059112549
4,1,GSM331681,0,0.6082900166511536
4,1,GSM331683,0,0.8179274797439575
4,1,GSM331684,0,0.20606042444705963
4,1,GSM331686,0,0.4506002366542816
4,1,GSM331688,0,0.44992756843566895
4,1,GSM331689,0,0.29121220111846924
4,1,GSM331691,0,0.5645005106925964
4,1,GSM331692,0,0.21224327385425568
4,1,GSM331694,0,0.3272436857223511
4,1,GSM331695,0,0.4742702841758728
4,1,GSM331697,0,0.38873592019081116
4,1,GSM331698,0,0.255389541387558
4,1,GSM331699,0,0.46334826946258545
4,1,GSM331700,0,0.49101269245147705
4,1,GSM331701,0,0.39183294773101807
4,1,GSM331703,0,0.6033617258071899
4,1,GSM331705,0,0.2841581106185913
4,1,GSM331707,0,0.5521296858787537
4,1,GSM331719,0,0.12767711281776428
4,1,GSM331722,0,0.43360695242881775
4,1,GSM331724,0,0.18398715555667877
4,1,GSM331725,0,0.5796653032302856
4,1,GSM331727,0,0.3093332350254059
4,1,GSM331729,0,0.14506621658802032
4,1,GSM331731,0,0.8945258855819702
4,1,GSM331732,0,0.5897324681282043
4,1,GSM331454,1,0.6632612943649292
4,1,GSM331460,1,0.4812425971031189
4,1,GSM331461,1,0.2713422179222107
4,1,GSM331463,1,0.2718111276626587
4,1,GSM331464,1,0.4836532771587372
4,1,GSM331466,1,0.5929117798805237
4,1,GSM331467,1,0.33000633120536804
4,1,GSM331471,1,0.6535802483558655
4,1,GSM331473,1,0.3180844783782959
4,1,GSM331475,1,0.18906740844249725
4,1,GSM331476,1,0.4503330588340759
4,1,GSM331477,1,0.3012874722480774
4,1,GSM331478,1,0.4384830892086029
4,1,GSM331480,1,0.5172483325004578
4,1,GSM331482,1,0.17826245725154877
4,1,GSM331486,1,0.6039870977401733
4,1,GSM331487,1,0.7975892424583435
4,1,GSM331489,1,0.4991857409477234
4,1,GSM331490,1,0.28730544447898865
4,1,GSM331492,1,0.24669021368026733
4,1,GSM331493,1,0.2930254340171814
4,1,GSM331494,1,0.8221085667610168
4,1,GSM331498,1,0.30270612239837646
4,1,GSM331499,1,0.10843810439109802
4,1,GSM331500,1,0.3020351529121399
4,1,GSM331501,1,0.28779661655426025
4,1,GSM331503,1,0.29968297481536865
4,1,GSM331504,1,0.4120244085788727
4,1,GSM331505,1,0.6216456294059753
4,1,GSM331507,1,0.26761898398399353
4,1,GSM331509,1,0.173018217086792
4,1,GSM331510,1,0.45788368582725525
4,1,GSM331511,1,0.5578269958496094
4,1,GSM331513,1,0.5807633399963379
4,1,GSM331514,1,0.35395893454551697
4,1,GSM331521,1,0.366796612739563
4,1,GSM331522,1,0.2879687547683716
4,1,GSM331527,1,0.27797961235046387
4,1,GSM331532,1,0.4332001805305481
4,1,GSM331534,1,0.5600607991218567
4,1,GSM331535,1,0.2722989320755005
4,1,GSM331537,1,0.6299113035202026
4,1,GSM331542,1,0.4039139747619629
4,1,GSM331543,1,0.416853129863739
4,1,GSM331544,1,0.23757441341876984
4,1,GSM331545,1,0.5222444534301758
4,1,GSM331546,1,0.5329849123954773
4,1,GSM331547,1,0.526643693447113
4,1,GSM331549,1,0.7142109870910645
4,1,GSM331550,1,0.3147038519382477
4,1,GSM331553,1,0.8540602326393127
4,1,GSM331554,1,0.32002878189086914
4,1,GSM331561,1,0.562776505947113
4,1,GSM331564,1,0.6197764873504639
4,1,GSM331565,1,0.570554792881012
4,1,GSM331567,1,0.2536543607711792
4,1,GSM331570,1,0.32696181535720825
4,1,GSM331573,1,0.6605048179626465
4,1,GSM331574,1,0.3601562976837158
4,1,GSM331579,1,0.2897949516773224
4,1,GSM331580,1,0.45585691928863525
4,1,GSM331584,1,0.25193747878074646
4,1,GSM331586,1,0.2397036850452423
4,1,GSM331587,1,0.7058790326118469
4,1,GSM331588,1,0.611995279788971
4,1,GSM331589,1,0.4271542429924011
4,1,GSM331592,1,0.45845890045166016
4,1,GSM331594,1,0.621174156665802
4,1,GSM331595,1,0.7137957811355591
4,1,GSM331596,1,0.33681347966194153
4,1,GSM331599,1,0.8564719557762146
4,1,GSM331601,1,0.16110555827617645
4,1,GSM331603,1,0.2798794209957123
4,1,GSM331604,1,0.1997102051973343
4,1,GSM331607,1,0.836412787437439
4,1,GSM331610,1,0.6700617671012878
4,1,GSM331611,1,0.7352897524833679
4,1,GSM331612,1,0.48681753873825073
4,1,GSM331613,1,0.3055271804332733
4,1,GSM331616,1,0.329429030418396
4,1,GSM331617,1,0.7795823812484741
4,1,GSM331618,1,0.5246465802192688
4,1,GSM331620,1,0.2982218265533447
4,1,GSM331623,1,0.2495531439781189
4,1,GSM331624,1,0.43478238582611084
4,1,GSM331626,1,0.22299572825431824
4,1,GSM331627,1,0.4484117925167084
4,1,GSM331631,1,0.26895633339881897
4,1,GSM331637,1,0.49891719222068787
4,1,GSM331640,1,0.14567603170871735
4,1,GSM331641,1,0.3784371316432953
4,1,GSM331642,1,0.49706533551216125
4,1,GSM331643,1,0.7785765528678894
4,1,GSM331646,1,0.3671374022960663
4,1,GSM331647,1,0.5355453491210938
4,1,GSM331649,1,0.7453145980834961
4,1,GSM331650,1,0.401976078748703
4,1,GSM331651,1,0.2104186713695526
4,1,GSM331652,1,0.7759981751441956
4,1,GSM331654,1,0.5911195278167725
4,1,GSM331655,1,0.33590689301490784
4,1,GSM331656,1,0.19939614832401276
4,1,GSM331657,1,0.6173015236854553
4,2,GSM331661,0,0.736754298210144
4,2,GSM331662,0,0.769791841506958
4,2,GSM331663,0,0.32137182354927063
4,2,GSM331664,0,0.48690348863601685
4,2,GSM331665,0,0.7395888566970825
4,2,GSM331666,0,0.26120713353157043
4,2,GSM331668,0,0.793017566204071
4,2,GSM331670,0,0.6437331438064575
4,2,GSM331672,0,0.649340808391571
4,2,GSM331676,0,0.7456907629966736
4,2,GSM331682,0,0.5788837671279907
4,2,GSM331685,0,0.5437513589859009
4,2,GSM331687,0,0.4247879981994629
4,2,GSM331690,0,0.7735790610313416
4,2,GSM331693,0,0.46390655636787415
4,2,GSM331696,0,0.6203100085258484
4,2,GSM331702,0,0.631910502910614
4,2,GSM331704,0,0.6304611563682556
4,2,GSM331706,0,0.8013132810592651
4,2,GSM331708,0,0.7762875556945801
4,2,GSM331709,0,0.27581802010536194
4,2,GSM331710,0,0.2170928418636322
4,2,GSM331711,0,0.7338026762008667
4,2,GSM331712,0,0.35938918590545654
4,2,GSM331713,0,0.28358471393585205
4,2,GSM331714,0,0.8400145769119263
4,2,GSM331715,0,0.4110552966594696
4,2,GSM331716,0,0.9255841374397278
4,2,GSM331717,0,0.637503445148468
4,2,GSM331718,0,0.8505930304527283
4,2,GSM331720,0,0.5415768623352051
4,2,GSM331721,0,0.7971419095993042
4,2,GSM331723,0,0.7960672378540039
4,2,GSM331726,0,0.42709970474243164
4,2,GSM331728,0,0.2299204170703888
4,2,GSM331730,0,0.5267590880393982
4,2,GSM331453,1,0.2955366373062134
4,2,GSM331455,1,0.23978786170482635
4,2,GSM331456,1,0.547694742679596
4,2,GSM331457,1,0.489968866109848
4,2,GSM331458,1,0.5339261293411255
4,2,GSM331459,1,0.8881295323371887
4,2,GSM331462,1,0.5734015703201294
4,2,GSM331465,1,0.47273313999176025
4,2,GSM331468,1,0.5970209836959839
4,2,GSM331469,1,0.5668362975120544
4,2,GSM331470,1,0.7338435649871826
4,2,GSM331472,1,0.4363611340522766
4,2,GSM331474,1,0.3762558698654175
4,2,GSM331479,1,0.19969679415225983
4,2,GSM331481,1,0.7082521319389343
4,2,GSM331483,1,0.5475482940673828
4,2,GSM331484,1,0.2878512144088745
4,2,GSM331485,1,0.8436374664306641
4,2,GSM331488,1,0.5257517695426941
4,2,GSM331491,1,0.6466445326805115
4,2,GSM331495,1,0.40969118475914
4,2,GSM331496,1,0.20480751991271973
4,2,GSM331497,1,0.5753042101860046
4,2,GSM331502,1,0.7702113389968872
4,2,GSM331506,1,0.7627894282341003
4,2,GSM331508,1,0.5436611175537109
4,2,GSM331512,1,0.6243389248847961
4,2,GSM331515,1,0.36553505063056946
4,2,GSM331516,1,0.5370549559593201
4,2,GSM331517,1,0.4687005877494812
4,2,GSM331518,1,0.565536379814148
4,2,GSM331519,1,0.40913254022598267
4,2,GSM331520,1,0.6939846873283386
4,2,GSM331523,1,0.728041410446167
4,2,GSM331524,1,0.5033878684043884
4,2,GSM331525,1,0.5395236611366272
4,2,GSM331526,1,0.5930482745170593
4,2,GSM331528,1,0.5363020300865173
4,2,GSM331529,1,0.5878673195838928
4,2,GSM331530,1,0.4177406430244446
4,2,GSM331531,1,0.344855397939682
4,2,GSM331533,1,0.7835828065872192
4,2,GSM331536,1,0.41293078660964966
4,2,GSM331538,1,0.24493692815303802
4,2,GSM331539,1,0.5847510695457458
4,2,GSM331540,1,0.37827926874160767
4,2,GSM331541,1,0.7243776917457581
4,2,GSM331548,1,0.7191805243492126
4,2,GSM331551,1,0.5148018002510071
4,2,GSM331552,1,0.40956202149391174
4,2,GSM331555,1,0.25266486406326294
4,2,GSM331556,1,0.677278995513916
4,2,GSM331557,1,0.6684653759002686
4,2,GSM331558,1,0.23106835782527924
4,2,GSM331559,1,0.8112419843673706
4,2,GSM331560,1,0.4915824234485626
4,2,GSM331562,1,0.6246922612190247
4,2,GSM331563,1,0.8172649145126343
4,2,GSM331566,1,0.5218996405601501
4,2,GSM331568,1,0.7420661449432373
4,2,GSM331569,1,0.6498996019363403
4,2,GSM331571,1,0.701448917388916
4,2,GSM331572,1,0.5824364423751831
4,2,GSM331575,1,0.4514409601688385
4,2,GSM331576,1,0.3647316098213196
4,2,GSM331577,1,0.5762683153152466
4,2,GSM331578,1,0.7625206112861633
4,2,GSM331581,1,0.21064655482769012
4,2,GSM331582,1,0.5469326376914978
4,2,GSM331583,1,0.4660760462284088
4,2,GSM331585,1,0.6877110004425049
4,2,GSM331590,1,0.3388959765434265
4,2,GSM331591,1,0.8390542268753052
4,2,GSM331593,1,0.20240233838558197
4,2,GSM331597,1,0.5320795178413391
4,2,GSM331598,1,0.530966579914093
4,2,GSM331600,1,0.844473659992218
4,2,GSM331602,1,0.3825673758983612
4,2,GSM331605,1,0.7273187637329102
4,2,GSM331606,1,0.2052794247865677
4,2,GSM331608,1,0.16589103639125824
4,2,GSM331609,1,0.5161705017089844
4,2,GSM331614,1,0.5521235466003418
4,2,GSM331615,1,0.4681844115257263
4,2,GSM331619,1,0.4286472797393799
4,2,GSM331621,1,0.40303927659988403
4,2,GSM331622,1,0.8275047540664673
4,2,GSM331625,1,0.6722322106361389
4,2,GSM331628,1,0.4846378266811371
4,2,GSM331629,1,0.14582951366901398
4,2,GSM331630,1,0.38358014822006226
4,2,GSM331632,1,0.4023364186286926
4,2,GSM331633,1,0.30885735154151917
4,2,GSM331634,1,0.2684977948665619
4,2,GSM331635,1,0.17738264799118042
4,2,GSM331636,1,0.27791208028793335
4,2,GSM331639,1,0.6409210562705994
4,2,GSM331644,1,0.4181704521179199
4,2,GSM331645,1,0.249404177069664
4,2,GSM331648,1,0.2679743766784668
4,2,GSM331653,1,0.7104818820953369
4,2,GSM331658,1,0.8236845135688782
4,2,GSM331659,1,0.7857872843742371
5,1,GSM331638,0,0.5016615986824036
5,1,GSM331662,0,0.5126054286956787
5,1,GSM331663,0,0.3069830536842346
5,1,GSM331665,0,0.6077548265457153
5,1,GSM331666,0,0.29131850600242615
5,1,GSM331668,0,0.7531448006629944
5,1,GSM331671,0,0.7380667328834534
5,1,GSM331672,0,0.3512166142463684
5,1,GSM331673,0,0.3570069670677185
5,1,GSM331674,0,0.5343357920646667
5,1,GSM331675,0,0.10031332820653915
5,1,GSM331676,0,0.39548227190971375
5,1,GSM331679,0,0.2842693328857422
5,1,GSM331684,0,0.3290621042251587
5,1,GSM331687,0,0.21061456203460693
5,1,GSM331688,0,0.5511356592178345
5,1,GSM331691,0,0.5030851364135742
5,1,GSM331692,0,0.18163105845451355
5,1,GSM331693,0,0.4965697228908539
5,1,GSM331696,0,0.40618330240249634
5,1,GSM331697,0,0.28726792335510254
5,1,GSM331699,0,0.7230504155158997
5,1,GSM331701,0,0.3968902826309204
5,1,GSM331705,0,0.3906078040599823
5,1,GSM331707,0,0.694316565990448
5,1,GSM331710,0,0.09918312728404999
5,1,GSM331711,0,0.5176748037338257
5,1,GSM331714,0,0.644460141658783
5,1,GSM331715,0,0.4688814580440521
5,1,GSM331716,0,0.8866422176361084
5,1,GSM331717,0,0.7025642395019531
5,1,GSM331719,0,0.13137969374656677
5,1,GSM331724,0,0.3716314435005188
5,1,GSM331728,0,0.10106740891933441
5,1,GSM331729,0,0.1369597613811493
5,1,GSM331731,0,0.8391476273536682
5,1,GSM331732,0,0.7456803917884827
5,1,GSM331454,1,0.7364281415939331
5,1,GSM331457,1,0.7137829065322876
5,1,GSM331458,1,0.5988984107971191
5,1,GSM331459,1,0.8292962312698364
5,1,GSM331460,1,0.5038398504257202
5,1,GSM331464,1,0.5522870421409607
5,1,GSM331465,1,0.4009530544281006
5,1,GSM331467,1,0.16676263511180878
5,1,GSM331469,1,0.47971516847610474
5,1,GSM331470,1,0.564480185508728
5,1,GSM331472,1,0.4636748135089874
5,1,GSM331473,1,0.4601263701915741
5,1,GSM331476,1,0.6058337688446045
5,1,GSM331478,1,0.5653873085975647
5,1,GSM331481,1,0.3782426416873932
5,1,GSM331484,1,0.11408084630966187
5,1,GSM331485,1,0.4349116384983063
5,1,GSM331487,1,0.8551141023635864
5,1,GSM331491,1,0.6400602459907532
5,1,GSM331498,1,0.43468403816223145
5,1,GSM331500,1,0.4577222466468811
5,1,GSM331501,1,0.26604780554771423
5,1,GSM331502,1,0.8555117845535278
5,1,GSM331503,1,0.4708130359649658
5,1,GSM331508,1,0.7822535037994385
5,1,GSM331512,1,0.7713128328323364
5,1,GSM331513,1,0.7043845653533936
5,1,GSM331515,1,0.3926753103733063
5,1,GSM331516,1,0.6776046752929688
5,1,GSM331517,1,0.7088922262191772
5,1,GSM331519,1,0.6010244488716125
5,1,GSM331521,1,0.25651490688323975
5,1,GSM331522,1,0.43770429491996765
5,1,GSM331524,1,0.24470919370651245
5,1,GSM331527,1,0.2878839075565338
5,1,GSM331529,1,0.6209565997123718
5,1,GSM331530,1,0.36216720938682556
5,1,GSM331532,1,0.4556979835033417
5,1,GSM331536,1,0.28844037652015686
5,1,GSM331537,1,0.9076224565505981
5,1,GSM331542,1,0.3649754524230957
5,1,GSM331545,1,0.5810147523880005
5,1,GSM331547,1,0.4441829323768616
5,1,GSM331549,1,0.9123883843421936
5,1,GSM331550,1,0.40689241886138916
5,1,GSM331554,1,0.29406189918518066
5,1,GSM331557,1,0.6851495504379272
5,1,GSM331558,1,0.17646034061908722
5,1,GSM331559,1,0.7181763052940369
5,1,GSM331560,1,0.7069228291511536
5,1,GSM331561,1,0.4178941547870636
5,1,GSM331568,1,0.838857114315033
5,1,GSM331569,1,0.5163838863372803
5,1,GSM331571,1,0.6689592003822327
5,1,GSM331573,1,0.833779513835907
5,1,GSM331574,1,0.5365895628929138
5,1,GSM331575,1,0.6353763937950134
5,1,GSM331576,1,0.6786982417106628
5,1,GSM331577,1,0.6109763979911804
5,1,GSM331578,1,0.5825923085212708
5,1,GSM331579,1,0.5585612654685974
5,1,GSM331580,1,0.21703681349754333
5,1,GSM331584,1,0.47729432582855225
5,1,GSM331585,1,0.5582694411277771
5,1,GSM331591,1,0.6867822408676147
5,1,GSM331592,1,0.36887261271476746
5,1,GSM331596,1,0.4559469223022461
5,1,GSM331597,1,0.645030677318573
5,1,GSM331601,1,0.34599995613098145
5,1,GSM331602,1,0.43283915519714355
5,1,GSM331603,1,0.5952457189559937
5,1,GSM331605,1,0.7307645082473755
5,1,GSM331606,1,0.10940580815076828
5,1,GSM331609,1,0.7114418745040894
5,1,GSM331610,1,0.5788648128509521
5,1,GSM331611,1,0.46291404962539673
5,1,GSM331612,1,0.6687102913856506
5,1,GSM331613,1,0.37376219034194946
5,1,GSM331616,1,0.4599493145942688
5,1,GSM331620,1,0.5438952445983887
5,1,GSM331625,1,0.4737185537815094
5,1,GSM331627,1,0.43974006175994873
5,1,GSM331628,1,0.46113070845603943
5,1,GSM331629,1,0.22032184898853302
5,1,GSM331630,1,0.27108439803123474
5,1,GSM331631,1,0.32219642400741577
5,1,GSM331634,1,0.49941930174827576
5,1,GSM331637,1,0.4391648769378662
5,1,GSM331639,1,0.46394118666648865
5,1,GSM331640,1,0.280963271856308
5,1,GSM331642,1,0.4982372224330902
5,1,GSM331643,1,0.6369298696517944
5,1,GSM331646,1,0.2530265152454376
5,1,GSM331647,1,0.5751766562461853
5,1,GSM331648,1,0.5628136396408081
5,1,GSM331649,1,0.5347919464111328
5,1,GSM331650,1,0.4882391095161438
5,1,GSM331651,1,0.43810638785362244
5,1,GSM331654,1,0.8045003414154053
5,1,GSM331655,1,0.3631538152694702
5,1,GSM331656,1,0.2796410322189331
5,1,GSM331658,1,0.8006666898727417
5,1,GSM331659,1,0.8352019786834717
5,2,GSM331660,0,0.18866750597953796
5,2,GSM331661,0,0.7802594304084778
5,2,GSM331664,0,0.17409168183803558
5,2,GSM331669,0,0.9538480639457703
5,2,GSM331670,0,0.6393119096755981
5,2,GSM331677,0,0.13550958037376404
5,2,GSM331678,0,0.14463238418102264
5,2,GSM331680,0,0.8068593740463257
5,2,GSM331681,0,0.6407281756401062
5,2,GSM331682,0,0.6898860335350037
5,2,GSM331683,0,0.793135941028595
5,2,GSM331685,0,0.20752601325511932
5,2,GSM331686,0,0.47925108671188354
5,2,GSM331689,0,0.6095078587532043
5,2,GSM331690,0,0.926047146320343
5,2,GSM331694,0,0.4921427071094513
5,2,GSM331695,0,0.31800588965415955
5,2,GSM331698,0,0.3889766335487366
5,2,GSM331700,0,0.6469293832778931
5,2,GSM331702,0,0.6039104461669922
5,2,GSM331703,0,0.5508546829223633
5,2,GSM331704,0,0.5775261521339417
5,2,GSM331706,0,0.9292559027671814
5,2,GSM331708,0,0.8593758344650269
5,2,GSM331709,0,0.2429412454366684
5,2,GSM331712,0,0.37406304478645325
5,2,GSM331713,0,0.6201984286308289
5,2,GSM331718,0,0.7265083193778992
5,2,GSM331720,0,0.4785328507423401
5,2,GSM331721,0,0.9546788334846497
5,2,GSM331722,0,0.6615543365478516
5,2,GSM331723,0,0.8775357007980347
5,2,GSM331725,0,0.7288265824317932
5,2,GSM331726,0,0.16684980690479279
5,2,GSM331727,0,0.4966740310192108
5,2,GSM331730,0,0.7111495733261108
5,2,GSM331453,1,0.5831575989723206
5,2,GSM331455,1,0.19586621224880219
5,2,GSM331456,1,0.4783404767513275
5,2,GSM331461,1,0.2924383878707886
5,2,GSM331462,1,0.6318919062614441
5,2,GSM331463,1,0.15710729360580444
5,2,GSM331466,1,0.26890504360198975
5,2,GSM331468,1,0.28320956230163574
5,2,GSM331471,1,0.658891499042511
5,2,GSM331474,1,0.2925848364830017
5,2,GSM331475,1,0.3876773715019226
5,2,GSM331477,1,0.4347788691520691
5,2,GSM331479,1,0.21953803300857544
5,2,GSM331480,1,0.6131881475448608
5,2,GSM331482,1,0.43425068259239197
5,2,GSM331483,1,0.30728229880332947
5,2,GSM331486,1,0.7497422099113464
5,2,GSM331488,1,0.7124820351600647
5,2,GSM331489,1,0.5585281252861023
5,2,GSM331490,1,0.48086878657341003
5,2,GSM331492,1,0.30264195799827576
5,2,GSM331493,1,0.1581161767244339
5,2,GSM331494,1,0.8686836957931519
5,2,GSM331495,1,0.3252725899219513
5,2,GSM331496,1,0.1743064522743225
5,2,GSM331497,1,0.67098069190979
5,2,GSM331499,1,0.2041868418455124
5,2,GSM331504,1,0.43655604124069214
5,2,GSM331505,1,0.42438775300979614
5,2,GSM331506,1,0.5491282939910889
5,2,GSM331507,1,0.3022739887237549
5,2,GSM331509,1,0.2912657856941223
5,2,GSM331510,1,0.14458350837230682
5,2,GSM331511,1,0.736015260219574
5,2,GSM331514,1,0.29726794362068176
5,2,GSM331518,1,0.36025914549827576
5,2,GSM331520,1,0.7336400151252747
5,2,GSM331523,1,0.5299089550971985
5,2,GSM331525,1,0.31219854950904846
5,2,GSM331526,1,0.6111672520637512
5,2,GSM331528,1,0.21280433237552643
5,2,GSM331531,1,0.33271315693855286
5,2,GSM331533,1,0.7458317279815674
5,2,GSM331534,1,0.40324681997299194
5,2,GSM331535,1,0.42003053426742554
5,2,GSM331538,1,0.2835554778575897
5,2,GSM331539,1,0.44202280044555664
5,2,GSM331540,1,0.4059920608997345
5,2,GSM331541,1,0.7777909636497498
5,2,GSM331543,1,0.5295984745025635
5,2,GSM331544,1,0.4766620397567749
5,2,GSM331546,1,0.4340507984161377
5,2,GSM331548,1,0.5876848697662354
5,2,GSM331551,1,0.6333326101303101
5,2,GSM331552,1,0.45349064469337463
5,2,GSM331553,1,0.8939489722251892
5,2,GSM331555,1,0.34534066915512085
5,2,GSM331556,1,0.2070969194173813
5,2,GSM331562,1,0.20361502468585968
5,2,GSM331563,1,0.7255429029464722
5,2,GSM331564,1,0.4750969409942627
5,2,GSM331565,1,0.8533098697662354
5,2,GSM331566,1,0.5030032992362976
5,2,GSM331567,1,0.49261611700057983
5,2,GSM331570,1,0.7029536962509155
5,2,GSM331572,1,0.6372241973876953
5,2,GSM331581,1,0.13001561164855957
5,2,GSM331582,1,0.36613625288009644
5,2,GSM331583,1,0.20070651173591614
5,2,GSM331586,1,0.47549065947532654
5,2,GSM331587,1,0.6744665503501892
5,2,GSM331588,1,0.608532190322876
5,2,GSM331589,1,0.6680046319961548
5,2,GSM331590,1,0.27777907252311707
5,2,GSM331593,1,0.287460058927536
5,2,GSM331594,1,0.4601607918739319
5,2,GSM331595,1,0.4476012587547302
5,2,GSM331598,1,0.6207435727119446
5,2,GSM331599,1,0.8454024195671082
5,2,GSM331600,1,0.8568503856658936
5,2,GSM331604,1,0.06729565560817719
5,2,GSM331607,1,0.9194430112838745
5,2,GSM331608,1,0.08964551240205765
5,2,GSM331614,1,0.5069925785064697
5,2,GSM331615,1,0.21993519365787506
5,2,GSM331617,1,0.6965702176094055
5,2,GSM331618,1,0.7940233945846558
5,2,GSM331619,1,0.44081756472587585
5,2,GSM331621,1,0.5513793230056763
5,2,GSM331622,1,0.8475972414016724
5,2,GSM331623,1,0.23532706499099731
5,2,GSM331624,1,0.39555150270462036
5,2,GSM331626,1,0.1680890917778015
5,2,GSM331632,1,0.16584306955337524
5,2,GSM331633,1,0.15673008561134338
5,2,GSM331635,1,0.1987064778804779
5,2,GSM331636,1,0.2584612965583801
5,2,GSM331641,1,0.550717294216156
5,2,GSM331644,1,0.42779088020324707
5,2,GSM331645,1,0.27015671133995056
5,2,GSM331652,1,0.7830264568328857
5,2,GSM331653,1,0.49015986919403076
5,2,GSM331657,1,0.5797727704048157
6,1,GSM331666,0,0.3636074364185333
6,1,GSM331670,0,0.6956599950790405
6,1,GSM331672,0,0.686663031578064
6,1,GSM331673,0,0.32175371050834656
6,1,GSM331674,0,0.748401939868927
6,1,GSM331677,0,0.704674482345581
6,1,GSM331679,0,0.47752895951271057
6,1,GSM331683,0,0.7851983904838562
6,1,GSM331685,0,0.4727816879749298
6,1,GSM331688,0,0.6178027987480164
6,1,GSM331689,0,0.5569334030151367
6,1,GSM331690,0,0.8334958553314209
6,1,GSM331692,0,0.20469734072685242
6,1,GSM331693,0,0.34852197766304016
6,1,GSM331694,0,0.4084015190601349
6,1,GSM331698,0,0.5060617923736572
6,1,GSM331700,0,0.6586622595787048
6,1,GSM331701,0,0.3349400460720062
6,1,GSM331704,0,0.45117560029029846
6,1,GSM331705,0,0.31838458776474
6,1,GSM331706,0,0.689291775226593
6,1,GSM331707,0,0.7083116173744202
6,1,GSM331709,0,0.22071392834186554
6,1,GSM331711,0,0.7286787629127502
6,1,GSM331713,0,0.3353722393512726
6,1,GSM331714,0,0.800214946269989
6,1,GSM331716,0,0.851409375667572
6,1,GSM331718,0,0.8198005557060242
6,1,GSM331721,0,0.6960418224334717
6,1,GSM331722,0,0.5260542631149292
6,1,GSM331723,0,0.6327608227729797
6,1,GSM331724,0,0.3594851493835449
6,1,GSM331727,0,0.4705732762813568
6,1,GSM331729,0,0.20270825922489166
6,1,GSM331730,0,0.3945131003856659
6,1,GSM331731,0,0.699832558631897
6,1,GSM331732,0,0.7898766398429871
6,1,GSM331455,1,0.42215463519096375
6,1,GSM331456,1,0.5067465305328369
6,1,GSM331458,1,0.46529096364974976
6,1,GSM331460,1,0.676345705986023
6,1,GSM331461,1,0.38935714960098267
6,1,GSM331465,1,0.48792383074760437
6,1,GSM331466,1,0.6275501251220703
6,1,GSM331469,1,0.5784149765968323
6,1,GSM331470,1,0.6260032653808594
6,1,GSM331471,1,0.7018239498138428
6,1,GSM331472,1,0.46174365282058716
6,1,GSM331473,1,0.35520297288894653
6,1,GSM331474,1,0.39500054717063904
6,1,GSM331475,1,0.38011640310287476
6,1,GSM331476,1,0.4687075912952423
6,1,GSM331477,1,0.24645711481571198
6,1,GSM331479,1,0.39570316672325134
6,1,GSM331480,1,0.6656002402305603
6,1,GSM331482,1,0.23303918540477753
6,1,GSM331484,1,0.5252726674079895
6,1,GSM331491,1,0.5616788864135742
6,1,GSM331492,1,0.38145968317985535
6,1,GSM331493,1,0.4064566493034363
6,1,GSM331494,1,0.8113446235656738
6,1,GSM331498,1,0.5464791059494019
6,1,GSM331502,1,0.8214934468269348
6,1,GSM331504,1,0.656330943107605
6,1,GSM331506,1,0.5874150991439819
6,1,GSM331508,1,0.6397339701652527
6,1,GSM331511,1,0.7804247736930847
6,1,GSM331512,1,0.6088125109672546
6,1,GSM331514,1,0.5117563605308533
6,1,GSM331517,1,0.3875202536582947
6,1,GSM331518,1,0.7039617300033569
6,1,GSM331521,1,0.3936445415019989
6,1,GSM331525,1,0.6035377979278564
6,1,GSM331527,1,0.36064964532852173
6,1,GSM331528,1,0.5817807912826538
6,1,GSM331533,1,0.6040253043174744
6,1,GSM331534,1,0.7223739624023438
6,1,GSM331536,1,0.354033887386322
6,1,GSM331537,1,0.5805462002754211
6,1,GSM331539,1,0.5656600594520569
6,1,GSM331542,1,0.47299250960350037
6,1,GSM331545,1,0.6476237177848816
6,1,GSM331547,1,0.7557871341705322
6,1,GSM331548,1,0.6659373641014099
6,1,GSM331551,1,0.4645070433616638
6,1,GSM331552,1,0.45737317204475403
6,1,GSM331553,1,0.7120262980461121
6,1,GSM331556,1,0.5902606248855591
6,1,GSM331560,1,0.5671433210372925
6,1,GSM331562,1,0.4978731870651245
6,1,GSM331564,1,0.6185636520385742
6,1,GSM331566,1,0.8341315984725952
6,1,GSM331567,1,0.5449666380882263
6,1,GSM331569,1,0.501868486404419
6,1,GSM331570,1,0.4270654618740082
6,1,GSM331571,1,0.476882666349411
6,1,GSM331574,1,0.7187727093696594
6,1,GSM331575,1,0.6391116380691528
6,1,GSM331576,1,0.5702354907989502
6,1,GSM331577,1,0.5731237530708313
6,1,GSM331578,1,0.6935487389564514
6,1,GSM331579,1,0.47154566645622253
6,1,GSM331581,1,0.4941350817680359
6,1,GSM331582,1,0.49570432305336
6,1,GSM331583,1,0.49967387318611145
6,1,GSM331585,1,0.6986267566680908
6,1,GSM331593,1,0.2864649295806885
6,1,GSM331595,1,0.7542738914489746
6,1,GSM331596,1,0.4411841332912445
6,1,GSM331597,1,0.6274940967559814
6,1,GSM331601,1,0.41237500309944153
6,1,GSM331603,1,0.5607250332832336
6,1,GSM331604,1,0.36314859986305237
6,1,GSM331607,1,0.7535250782966614
6,1,GSM331608,1,0.2857382297515869
6,1,GSM331610,1,0.5219109654426575
6,1,GSM331611,1,0.5656306147575378
6,1,GSM331614,1,0.4129489064216614
6,1,GSM331615,1,0.5512465238571167
6,1,GSM331616,1,0.5415865778923035
6,1,GSM331618,1,0.5733098387718201
6,1,GSM331619,1,0.5430929064750671
6,1,GSM331621,1,0.5546243786811829
6,1,GSM331623,1,0.40053921937942505
6,1,GSM331625,1,0.5124538540840149
6,1,GSM331626,1,0.43293440341949463
6,1,GSM331628,1,0.4536539614200592
6,1,GSM331631,1,0.37056946754455566
6,1,GSM331633,1,0.40186741948127747
6,1,GSM331639,1,0.4743172526359558
6,1,GSM331640,1,0.23123280704021454
6,1,GSM331646,1,0.26500236988067627
6,1,GSM331649,1,0.599698007106781
6,1,GSM331650,1,0.5720988512039185
6,1,GSM331651,1,0.44869914650917053
6,1,GSM331654,1,0.8874296545982361
6,1,GSM331655,1,0.398530513048172
6,1,GSM331656,1,0.3434509038925171
6,1,GSM331657,1,0.5715476870536804
6,1,GSM331659,1,0.7074625492095947
6,2,GSM331638,0,0.41514742374420166
6,2,GSM331660,0,0.3717890679836273
6,2,GSM331661,0,0.528059184551239
6,2,GSM331662,0,0.5492948293685913
6,2,GSM331663,0,0.4308305084705353
6,2,GSM331664,0,0.32138025760650635
6,2,GSM331665,0,0.6929852962493896
6,2,GSM331668,0,0.5727797150611877
6,2,GSM331669,0,0.8064103722572327
6,2,GSM331671,0,0.5442281365394592
6,2,GSM331675,0,0.1560332328081131
6,2,GSM331676,0,0.5606141090393066
6,2,GSM331678,0,0.4812031388282776
6,2,GSM331680,0,0.7161356210708618
6,2,GSM331681,0,0.5583447217941284
6,2,GSM331682,0,0.45021823048591614
6,2,GSM331684,0,0.21542327105998993
6,2,GSM331686,0,0.3950176239013672
6,2,GSM331687,0,0.5307438969612122
6,2,GSM331691,0,0.6547421813011169
6,2,GSM331695,0,0.5224876403808594
6,2,GSM331696,0,0.5905618667602539
6,2,GSM331697,0,0.4424397349357605
6,2,GSM331699,0,0.6111451983451843
6,2,GSM331702,0,0.47733962535858154
6,2,GSM331703,0,0.6458539962768555
6,2,GSM331708,0,0.5962668657302856
6,2,GSM331710,0,0.1560695469379425
6,2,GSM331712,0,0.376657634973526
6,2,GSM331715,0,0.3485897183418274
6,2,GSM331717,0,0.43591979146003723
6,2,GSM331719,0,0.18511389195919037
6,2,GSM331720,0,0.5811882019042969
6,2,GSM331725,0,0.510739803314209
6,2,GSM331726,0,0.33262112736701965
6,2,GSM331728,0,0.3518182933330536
6,2,GSM331453,1,0.2338549941778183
6,2,GSM331454,1,0.41845613718032837
6,2,GSM331457,1,0.5910327434539795
6,2,GSM331459,1,0.7483109831809998
6,2,GSM331462,1,0.6014721989631653
6,2,GSM331463,1,0.4260885417461395
6,2,GSM331464,1,0.5281504988670349
6,2,GSM331467,1,0.5105694532394409
6,2,GSM331468,1,0.6526907086372375
6,2,GSM331478,1,0.5048053860664368
6,2,GSM331481,1,0.6430526971817017
6,2,GSM331483,1,0.368481308221817
6,2,GSM331485,1,0.8101717829704285
6,2,GSM331486,1,0.662099301815033
6,2,GSM331487,1,0.7154045701026917
6,2,GSM331488,1,0.5411608815193176
6,2,GSM331489,1,0.627785325050354
6,2,GSM331490,1,0.36841872334480286
6,2,GSM331495,1,0.5218419432640076
6,2,GSM331496,1,0.31435108184814453
6,2,GSM331497,1,0.3551645576953888
6,2,GSM331499,1,0.310237318277359
6,2,GSM331500,1,0.3791939616203308
6,2,GSM331501,1,0.42283618450164795
6,2,GSM331503,1,0.2514549791812897
6,2,GSM331505,1,0.6562936305999756
6,2,GSM331507,1,0.2968389093875885
6,2,GSM331509,1,0.38718950748443604
6,2,GSM331510,1,0.571871280670166
6,2,GSM331513,1,0.8431352376937866
6,2,GSM331515,1,0.2078612595796585
6,2,GSM331516,1,0.6002957820892334
6,2,GSM331519,1,0.49359047412872314
6,2,GSM331520,1,0.6336714625358582
6,2,GSM331522,1,0.25837406516075134
6,2,GSM331523,1,0.8302788734436035
6,2,GSM331524,1,0.4627421498298645
6,2,GSM331526,1,0.40843722224235535
6,2,GSM331529,1,0.39064306020736694
6,2,GSM331530,1,0.46287012100219727
6,2,GSM331531,1,0.5254529118537903
6,2,GSM331532,1,0.28335174918174744
6,2,GSM331535,1,0.43828055262565613
6,2,GSM331538,1,0.3247542679309845
6,2,GSM331540,1,0.6003741025924683
6,2,GSM331541,1,0.5860185623168945
6,2,GSM331543,1,0.5286704301834106
6,2,GSM331544,1,0.3672305643558502
6,2,GSM331546,1,0.6731321811676025
6,2,GSM331549,1,0.658604085445404
6,2,GSM331550,1,0.49450594186782837
6,2,GSM331554,1,0.57221919298172
6,2,GSM331555,1,0.2187354415655136
6,2,GSM331557,1,0.6373342275619507
6,2,GSM331558,1,0.2974913716316223
6,2,GSM331559,1,0.656093180179596
6,2,GSM331561,1,0.5146629214286804
6,2,GSM331563,1,0.8255684971809387
6,2,GSM331565,1,0.6289514899253845
6,2,GSM331568,1,0.6402438282966614
6,2,GSM331572,1,0.45256879925727844
6,2,GSM331573,1,0.624581515789032
6,2,GSM331580,1,0.3934248089790344
6,2,GSM331584,1,0.2975257933139801
6,2,GSM331586,1,0.22319544851779938
6,2,GSM331587,1,0.709030270576477
6,2,GSM331588,1,0.46969151496887207
6,2,GSM331589,1,0.2625560760498047
6,2,GSM331590,1,0.48902684450149536
6,2,GSM331591,1,0.8602627515792847
6,2,GSM331592,1,0.49102097749710083
6,2,GSM331594,1,0.3841913938522339
6,2,GSM331598,1,0.4600411653518677
6,2,GSM331599,1,0.830234944820404
6,2,GSM331600,1,0.6771302223205566
6,2,GSM331602,1,0.3960306942462921
6,2,GSM331605,1,0.5753165483474731
6,2,GSM331606,1,0.1611354500055313
6,2,GSM331609,1,0.6533629298210144
6,2,GSM331612,1,0.6059613227844238
6,2,GSM331613,1,0.39703989028930664
6,2,GSM331617,1,0.6266040802001953
6,2,GSM331620,1,0.6150112152099609
6,2,GSM331622,1,0.6257416605949402
6,2,GSM331624,1,0.6102888584136963
6,2,GSM331627,1,0.421995609998703
6,2,GSM331629,1,0.2192716896533966
6,2,GSM331630,1,0.4807639718055725
6,2,GSM331632,1,0.4226588308811188
6,2,GSM331634,1,0.42353957891464233
6,2,GSM331635,1,0.2113114446401596
6,2,GSM331636,1,0.41685035824775696
6,2,GSM331637,1,0.3747975528240204
6,2,GSM331641,1,0.5068798065185547
6,2,GSM331642,1,0.6902316808700562
6,2,GSM331643,1,0.7400476932525635
6,2,GSM331644,1,0.4138801693916321
6,2,GSM331645,1,0.1650046408176422
6,2,GSM331647,1,0.715393602848053
6,2,GSM331648,1,0.45700937509536743
6,2,GSM331652,1,0.7397386431694031
6,2,GSM331653,1,0.5352525115013123
6,2,GSM331658,1,0.571998119354248
7,1,GSM331666,0,0.4723820686340332
7,1,GSM331668,0,0.9248823523521423
7,1,GSM331672,0,0.6136363744735718
7,1,GSM331675,0,0.053094904869794846
7,1,GSM331679,0,0.3773359954357147
7,1,GSM331680,0,0.7353666424751282
7,1,GSM331681,0,0.5805147886276245
7,1,GSM331685,0,0.4606575071811676
7,1,GSM331687,0,0.37094342708587646
7,1,GSM331688,0,0.8026462197303772
7,1,GSM331689,0,0.7276679873466492
7,1,GSM331691,0,0.5757343769073486
7,1,GSM331692,0,0.17798812687397003
7,1,GSM331693,0,0.3112279176712036
7,1,GSM331694,0,0.45805788040161133
7,1,GSM331695,0,0.6238800883293152
7,1,GSM331697,0,0.4739961624145508
7,1,GSM331699,0,0.5189767479896545
7,1,GSM331700,0,0.5436242818832397
7,1,GSM331701,0,0.2741582989692688
7,1,GSM331702,0,0.47134754061698914
7,1,GSM331706,0,0.9609454870223999
7,1,GSM331708,0,0.7878730893135071
7,1,GSM331709,0,0.23628029227256775
7,1,GSM331710,0,0.09912174940109253
7,1,GSM331711,0,0.9257709980010986
7,1,GSM331712,0,0.2615810036659241
7,1,GSM331713,0,0.2645137310028076
7,1,GSM331714,0,0.9564208984375
7,1,GSM331715,0,0.2750180661678314
7,1,GSM331716,0,0.9668699502944946
7,1,GSM331717,0,0.566897451877594
7,1,GSM331722,0,0.7075850963592529
7,1,GSM331725,0,0.7259446978569031
7,1,GSM331726,0,0.4395785331726074
7,1,GSM331730,0,0.5034639239311218
7,1,GSM331731,0,0.9593921303749084
7,1,GSM331453,1,0.2595885694026947
7,1,GSM331454,1,0.7488346099853516
7,1,GSM331456,1,0.42515480518341064
7,1,GSM331459,1,0.9292622804641724
7,1,GSM331464,1,0.2868100702762604
7,1,GSM331466,1,0.5353202819824219
7,1,GSM331469,1,0.740777850151062
7,1,GSM331470,1,0.8944828510284424
7,1,GSM331472,1,0.2538939118385315
7,1,GSM331473,1,0.19268378615379333
7,1,GSM331475,1,0.4356740117073059
7,1,GSM331477,1,0.231622114777565
7,1,GSM331478,1,0.3201679587364197
7,1,GSM331480,1,0.9259885549545288
7,1,GSM331481,1,0.8613114953041077
7,1,GSM331482,1,0.20794297754764557
7,1,GSM331483,1,0.6326920986175537
7,1,GSM331484,1,0.29373493790626526
7,1,GSM331485,1,0.654241144657135
7,1,GSM331487,1,0.8922490477561951
7,1,GSM331489,1,0.37716594338417053
7,1,GSM331491,1,0.6700185537338257
7,1,GSM331492,1,0.6295848488807678
7,1,GSM331495,1,0.6071959733963013
7,1,GSM331496,1,0.21046362817287445
7,1,GSM331497,1,0.6969808340072632
7,1,GSM331499,1,0.38346564769744873
7,1,GSM331502,1,0.9360460638999939
7,1,GSM331503,1,0.16824127733707428
7,1,GSM331508,1,0.722300112247467
7,1,GSM331509,1,0.5730364322662354
7,1,GSM331513,1,0.6252449154853821
7,1,GSM331517,1,0.8404133319854736
7,1,GSM331519,1,0.44471681118011475
7,1,GSM331520,1,0.6295427680015564
7,1,GSM331521,1,0.24963459372520447
7,1,GSM331525,1,0.579034686088562
7,1,GSM331527,1,0.3403530418872833
7,1,GSM331530,1,0.6200108528137207
7,1,GSM331531,1,0.1683780699968338
7,1,GSM331533,1,0.8589596748352051
7,1,GSM331534,1,0.44182783365249634
7,1,GSM331535,1,0.3107675611972809
7,1,GSM331536,1,0.5115306377410889
7,1,GSM331538,1,0.11285849660634995
7,1,GSM331539,1,0.5130637288093567
7,1,GSM331542,1,0.2590208947658539
7,1,GSM331544,1,0.20110763609409332
7,1,GSM331545,1,0.538632869720459
7,1,GSM331546,1,0.5473049283027649
7,1,GSM331547,1,0.8070641160011292
7,1,GSM331548,1,0.8823289275169373
7,1,GSM331549,1,0.9283382296562195
7,1,GSM331550,1,0.3560229539871216
7,1,GSM331551,1,0.8010590076446533
7,1,GSM331552,1,0.2276061773300171
7,1,GSM331554,1,0.37631604075431824
7,1,GSM331558,1,0.12472235411405563
7,1,GSM331559,1,0.912034809589386
7,1,GSM331560,1,0.2433861345052719
7,1,GSM331563,1,0.7989044189453125
7,1,GSM331564,1,0.7601948380470276
7,1,GSM331566,1,0.7199183106422424
7,1,GSM331568,1,0.8427925705909729
7,1,GSM331569,1,0.4926620423793793
7,1,GSM331572,1,0.5044457316398621
7,1,GSM331576,1,0.6005719900131226
7,1,GSM331578,1,0.47645074129104614
7,1,GSM331579,1,0.30904245376586914
7,1,GSM331581,1,0.12173521518707275
7,1,GSM331583,1,0.2598513066768646
7,1,GSM331585,1,0.6077234148979187
7,1,GSM331586,1,0.25671592354774475
7,1,GSM331587,1,0.925361156463623
7,1,GSM331588,1,0.7017451524734497
7,1,GSM331594,1,0.5839380025863647
7,1,GSM331598,1,0.3185001313686371
7,1,GSM331600,1,0.917500376701355
7,1,GSM331607,1,0.9308544397354126
7,1,GSM331612,1,0.6764054298400879
7,1,GSM331619,1,0.6411932110786438
7,1,GSM331620,1,0.2623448371887207
7,1,GSM331621,1,0.2412462830543518
7,1,GSM331623,1,0.32761871814727783
7,1,GSM331624,1,0.7795408368110657
7,1,GSM331625,1,0.6259597539901733
7,1,GSM331626,1,0.07767640799283981
7,1,GSM331627,1,0.31641852855682373
7,1,GSM331628,1,0.6048340797424316
7,1,GSM331629,1,0.14706780016422272
7,1,GSM331630,1,0.3167737126350403
7,1,GSM331631,1,0.11704693734645844
7,1,GSM331633,1,0.23675844073295593
7,1,GSM331636,1,0.10652714222669601
7,1,GSM331639,1,0.2765813171863556
7,1,GSM331642,1,0.8212316632270813
7,1,GSM331647,1,0.8255887627601624
7,1,GSM331648,1,0.2674703896045685
7,1,GSM331650,1,0.24711641669273376
7,1,GSM331653,1,0.6741651892662048
7,1,GSM331657,1,0.42923763394355774
7,1,GSM331658,1,0.6323997378349304
7,1,GSM331659,1,0.8630083799362183
7,2,GSM331638,0,0.47500213980674744
7,2,GSM331660,0,0.44605645537376404
7,2,GSM331661,0,0.6817255616188049
7,2,GSM331662,0,0.7335190176963806
7,2,GSM331663,0,0.418582022190094
7,2,GSM331664,0,0.6797017455101013
7,2,GSM331665,0,0.6707870960235596
7,2,GSM331669,0,0.9246765375137329
7,2,GSM331670,0,0.3386102318763733
7,2,GSM331671,0,0.6431887149810791
7,2,GSM331673,0,0.2765389680862427
7,2,GSM331674,0,0.8523275852203369
7,2,GSM331676,0,0.6667612195014954
7,2,GSM331677,0,0.5726751685142517
7,2,GSM331678,0,0.3763554096221924
7,2,GSM331682,0,0.41992777585983276
7,2,GSM331683,0,0.8908442258834839
7,2,GSM331684,0,0.12793830037117004
7,2,GSM331686,0,0.3635654151439667
7,2,GSM331690,0,0.8542599678039551
7,2,GSM331696,0,0.652864933013916
7,2,GSM331698,0,0.28056880831718445
7,2,GSM331703,0,0.6439023613929749
7,2,GSM331704,0,0.578849196434021
7,2,GSM331705,0,0.12867829203605652
7,2,GSM331707,0,0.6339781284332275
7,2,GSM331718,0,0.8393541574478149
7,2,GSM331719,0,0.06470200419425964
7,2,GSM331720,0,0.4859185218811035
7,2,GSM331721,0,0.8976835012435913
7,2,GSM331723,0,0.5735896825790405
7,2,GSM331724,0,0.28869229555130005
7,2,GSM331727,0,0.6331918835639954
7,2,GSM331728,0,0.25406962633132935
7,2,GSM331729,0,0.19245129823684692
7,2,GSM331732,0,0.7293204665184021
7,2,GSM331455,1,0.12808825075626373
7,2,GSM331457,1,0.3858143091201782
7,2,GSM331458,1,0.2810412049293518
7,2,GSM331460,1,0.6767412424087524
7,2,GSM331461,1,0.5807982087135315
7,2,GSM331462,1,0.5919286012649536
7,2,GSM331463,1,0.14229519665241241
7,2,GSM331465,1,0.5430756211280823
7,2,GSM331467,1,0.2451084405183792
7,2,GSM331468,1,0.635351300239563
7,2,GSM331471,1,0.7897540330886841
7,2,GSM331474,1,0.2068486213684082
7,2,GSM331476,1,0.47204840183258057
7,2,GSM331479,1,0.32509997487068176
7,2,GSM331486,1,0.5543736815452576
7,2,GSM331488,1,0.7230420112609863
7,2,GSM331490,1,0.26779478788375854
7,2,GSM331493,1,0.20783616602420807
7,2,GSM331494,1,0.9153256416320801
7,2,GSM331498,1,0.2812749147415161
7,2,GSM331500,1,0.1618805229663849
7,2,GSM331501,1,0.40407654643058777
7,2,GSM331504,1,0.2974283993244171
7,2,GSM331505,1,0.698932409286499
7,2,GSM331506,1,0.47909441590309143
7,2,GSM331507,1,0.43644338846206665
7,2,GSM331510,1,0.603152871131897
7,2,GSM331511,1,0.746099054813385
7,2,GSM331512,1,0.7617955803871155
7,2,GSM331514,1,0.3764476180076599
7,2,GSM331515,1,0.3879956007003784
7,2,GSM331516,1,0.7479127049446106
7,2,GSM331518,1,0.6491955518722534
7,2,GSM331522,1,0.19337871670722961
7,2,GSM331523,1,0.4228186309337616
7,2,GSM331524,1,0.6678105592727661
7,2,GSM331526,1,0.36684948205947876
7,2,GSM331528,1,0.7466945052146912
7,2,GSM331529,1,0.5386651754379272
7,2,GSM331532,1,0.20660194754600525
7,2,GSM331537,1,0.6850060224533081
7,2,GSM331540,1,0.4297995865345001
7,2,GSM331541,1,0.6192697286605835
7,2,GSM331543,1,0.41494566202163696
7,2,GSM331553,1,0.8690176606178284
7,2,GSM331555,1,0.15476539731025696
7,2,GSM331556,1,0.5714554786682129
7,2,GSM331557,1,0.6130955219268799
7,2,GSM331561,1,0.5391783714294434
7,2,GSM331562,1,0.4303806722164154
7,2,GSM331565,1,0.6242396831512451
7,2,GSM331567,1,0.3361533284187317
7,2,GSM331570,1,0.2690022587776184
7,2,GSM331571,1,0.3970702886581421
7,2,GSM331573,1,0.7359838485717773
7,2,GSM331574,1,0.8140388131141663
7,2,GSM331575,1,0.3673981726169586
7,2,GSM331577,1,0.416146844625473
7,2,GSM331580,1,0.8592074513435364
7,2,GSM331582,1,0.46667084097862244
7,2,GSM331584,1,0.2902398705482483
7,2,GSM331589,1,0.24185524880886078
7,2,GSM331590,1,0.4144042134284973
7,2,GSM331591,1,0.9246335029602051
7,2,GSM331592,1,0.5976080298423767
7,2,GSM331593,1,0.3307602107524872
7,2,GSM331595,1,0.5167930722236633
7,2,GSM331596,1,0.7158337831497192
7,2,GSM331597,1,0.38374263048171997
7,2,GSM331599,1,0.9431102871894836
7,2,GSM331601,1,0.4419410228729248
7,2,GSM331602,1,0.5191250443458557
7,2,GSM331603,1,0.2900155186653137
7,2,GSM331604,1,0.04810193553566933
7,2,GSM331605,1,0.7143086791038513
7,2,GSM331606,1,0.2390592396259308
7,2,GSM331608,1,0.22156906127929688
7,2,GSM331609,1,0.45204928517341614
7,2,GSM331610,1,0.5514920949935913
7,2,GSM331611,1,0.8580347895622253
7,2,GSM331613,1,0.6164234280586243
7,2,GSM331614,1,0.24405944347381592
7,2,GSM331615,1,0.6530337929725647
7,2,GSM331616,1,0.43260228633880615
7,2,GSM331617,1,0.9051089882850647
7,2,GSM331618,1,0.6084747314453125
7,2,GSM331622,1,0.8164152503013611
7,2,GSM331632,1,0.18087106943130493
7,2,GSM331634,1,0.21658141911029816
7,2,GSM331635,1,0.15020543336868286
7,2,GSM331637,1,0.43326759338378906
7,2,GSM331640,1,0.17948348820209503
7,2,GSM331641,1,0.3224181532859802
7,2,GSM331643,1,0.9368507862091064
7,2,GSM331644,1,0.18235664069652557
7,2,GSM331645,1,0.1624288111925125
7,2,GSM331646,1,0.19821114838123322
7,2,GSM331649,1,0.8160935640335083
7,2,GSM331651,1,0.6354272365570068
7,2,GSM331652,1,0.942467451095581
7,2,GSM331654,1,0.697862982749939
7,2,GSM331655,1,0.1605423241853714
7,2,GSM331656,1,0.10897238552570343
8,1,GSM331638,0,0.2953859865665436
8,1,GSM331660,0,0.3508041799068451
8,1,GSM331661,0,0.6339337229728699
8,1,GSM331663,0,0.43113458156585693
8,1,GSM331664,0,0.41967931389808655
8,1,GSM331665,0,0.8488488793373108
8,1,GSM331668,0,0.6912421584129333
8,1,GSM331671,0,0.7866243720054626
8,1,GSM331673,0,0.5181397199630737
8,1,GSM331675,0,0.12496035546064377
8,1,GSM331676,0,0.7038295269012451
8,1,GSM331678,0,0.22384320199489594
8,1,GSM331679,0,0.6279334425926208
8,1,GSM331683,0,0.6586290001869202
8,1,GSM331684,0,0.2396470159292221
8,1,GSM331685,0,0.33874642848968506
8,1,GSM331686,0,0.69697505235672
8,1,GSM331689,0,0.43545958399772644
8,1,GSM331690,0,0.7347931861877441
8,1,GSM331693,0,0.44205930829048157
8,1,GSM331694,0,0.37867969274520874
8,1,GSM331700,0,0.6527895927429199
8,1,GSM331701,0,0.4382776618003845
8,1,GSM331704,0,0.6749100685119629
8,1,GSM331707,0,0.7345344424247742
8,1,GSM331708,0,0.8448593020439148
8,1,GSM331709,0,0.21050763130187988
8,1,GSM331710,0,0.16767242550849915
8,1,GSM331712,0,0.4939393103122711
8,1,GSM331717,0,0.7719323039054871
8,1,GSM331719,0,0.14211410284042358
8,1,GSM331721,0,0.8402754068374634
8,1,GSM331724,0,0.34052774310112
8,1,GSM331725,0,0.8346208333969116
8,1,GSM331726,0,0.252271831035614
8,1,GSM331727,0,0.42341503500938416
8,1,GSM331731,0,0.8334208726882935
8,1,GSM331453,1,0.48270589113235474
8,1,GSM331456,1,0.48982900381088257
8,1,GSM331460,1,0.6661288738250732
8,1,GSM331461,1,0.3821389973163605
8,1,GSM331463,1,0.2539783716201782
8,1,GSM331464,1,0.34797966480255127
8,1,GSM331467,1,0.23094788193702698
8,1,GSM331468,1,0.4886794090270996
8,1,GSM331469,1,0.6087784767150879
8,1,GSM331471,1,0.82293301820755
8,1,GSM331475,1,0.2957877814769745
8,1,GSM331480,1,0.711705207824707
8,1,GSM331482,1,0.2645234763622284
8,1,GSM331483,1,0.7433901429176331
8,1,GSM331488,1,0.6956452131271362
8,1,GSM331489,1,0.45576855540275574
8,1,GSM331491,1,0.6818605661392212
8,1,GSM331493,1,0.2720308303833008
8,1,GSM331494,1,0.7922369241714478
8,1,GSM331495,1,0.4409908056259155
8,1,GSM331496,1,0.33294710516929626
8,1,GSM331499,1,0.30389073491096497
8,1,GSM331500,1,0.4546600580215454
8,1,GSM331501,1,0.5694300532341003
8,1,GSM331502,1,0.7911354303359985
8,1,GSM331503,1,0.4924924373626709
8,1,GSM331504,1,0.5310349464416504
8,1,GSM331505,1,0.7075452208518982
8,1,GSM331508,1,0.5527244806289673
8,1,GSM331509,1,0.3612339198589325
8,1,GSM331510,1,0.48187145590782166
8,1,GSM331513,1,0.5838541984558105
8,1,GSM331516,1,0.6124095320701599
8,1,GSM331518,1,0.6359740495681763
8,1,GSM331520,1,0.43903878331184387
8,1,GSM331521,1,0.36439669132232666
8,1,GSM331522,1,0.3338770568370819
8,1,GSM331524,1,0.5174239277839661
8,1,GSM331526,1,0.6092046499252319
8,1,GSM331528,1,0.7113540172576904
8,1,GSM331529,1,0.6085355281829834
8,1,GSM331533,1,0.7096478343009949
8,1,GSM331534,1,0.46215882897377014
8,1,GSM331536,1,0.5313903093338013
8,1,GSM331538,1,0.20776520669460297
8,1,GSM331539,1,0.46648746728897095
8,1,GSM331540,1,0.5719240307807922
8,1,GSM331543,1,0.63832026720047
8,1,GSM331550,1,0.44800639152526855
8,1,GSM331554,1,0.3014531433582306
8,1,GSM331555,1,0.2856614291667938
8,1,GSM331556,1,0.6892246007919312
8,1,GSM331557,1,0.7343271374702454
8,1,GSM331558,1,0.21780595183372498
8,1,GSM331559,1,0.8357110023498535
8,1,GSM331561,1,0.6485124230384827
8,1,GSM331562,1,0.4557575583457947
8,1,GSM331563,1,0.7973563075065613
8,1,GSM331564,1,0.49591532349586487
8,1,GSM331566,1,0.6325367093086243
8,1,GSM331569,1,0.5176172852516174
8,1,GSM331570,1,0.5309575796127319
8,1,GSM331572,1,0.5920143723487854
8,1,GSM331573,1,0.792507529258728
8,1,GSM331574,1,0.5309712290763855
8,1,GSM331575,1,0.6692006587982178
8,1,GSM331582,1,0.5990219116210938
8,1,GSM331583,1,0.43964630365371704
8,1,GSM331585,1,0.636582612991333
8,1,GSM331588,1,0.6203446388244629
8,1,GSM331589,1,0.43727919459342957
8,1,GSM331592,1,0.5049877762794495
8,1,GSM331594,1,0.42248573899269104
8,1,GSM331596,1,0.5206469893455505
8,1,GSM331597,1,0.3716842234134674
8,1,GSM331599,1,0.8558814525604248
8,1,GSM331601,1,0.2501819431781769
8,1,GSM331603,1,0.4161157011985779
8,1,GSM331607,1,0.9098024368286133
8,1,GSM331608,1,0.30896613001823425
8,1,GSM331609,1,0.40199026465415955
8,1,GSM331610,1,0.7992393374443054
8,1,GSM331613,1,0.46889516711235046
8,1,GSM331615,1,0.3946639895439148
8,1,GSM331616,1,0.4933110177516937
8,1,GSM331617,1,0.8033525347709656
8,1,GSM331619,1,0.4045902490615845
8,1,GSM331621,1,0.46298569440841675
8,1,GSM331624,1,0.5999112129211426
8,1,GSM331625,1,0.7305707931518555
8,1,GSM331626,1,0.1953435242176056
8,1,GSM331627,1,0.4057939648628235
8,1,GSM331629,1,0.12379814684391022
8,1,GSM331633,1,0.1926426887512207
8,1,GSM331636,1,0.2623383402824402
8,1,GSM331641,1,0.5359405875205994
8,1,GSM331642,1,0.5731778144836426
8,1,GSM331646,1,0.3239670693874359
8,1,GSM331648,1,0.4394041895866394
8,1,GSM331649,1,0.6359837055206299
8,1,GSM331653,1,0.6057828068733215
8,1,GSM331654,1,0.7765553593635559
8,1,GSM331656,1,0.18674485385417938
8,2,GSM331662,0,0.5330731272697449
8,2,GSM331666,0,0.3496721386909485
8,2,GSM331669,0,0.856358528137207
8,2,GSM331670,0,0.4638897776603699
8,2,GSM331672,0,0.4831973910331726
8,2,GSM331674,0,0.7036093473434448
8,2,GSM331677,0,0.25664204359054565
8,2,GSM331680,0,0.5728862285614014
8,2,GSM331681,0,0.5722160339355469
8,2,GSM331682,0,0.5163469314575195
8,2,GSM331687,0,0.37227705121040344
8,2,GSM331688,0,0.45393702387809753
8,2,GSM331691,0,0.4510665237903595
8,2,GSM331692,0,0.2807890772819519
8,2,GSM331695,0,0.4292084574699402
8,2,GSM331696,0,0.3927671015262604
8,2,GSM331697,0,0.24934719502925873
8,2,GSM331698,0,0.3321261405944824
8,2,GSM331699,0,0.6498558521270752
8,2,GSM331702,0,0.5915867686271667
8,2,GSM331703,0,0.42491063475608826
8,2,GSM331705,0,0.33883076906204224
8,2,GSM331706,0,0.8137125372886658
8,2,GSM331711,0,0.49915236234664917
8,2,GSM331713,0,0.3666124641895294
8,2,GSM331714,0,0.7669811844825745
8,2,GSM331715,0,0.2923226058483124
8,2,GSM331716,0,0.9052027463912964
8,2,GSM331718,0,0.7087655663490295
8,2,GSM331720,0,0.433365136384964
8,2,GSM331722,0,0.45137080550193787
8,2,GSM331723,0,0.7792256474494934
8,2,GSM331728,0,0.1602151095867157
8,2,GSM331729,0,0.12183015048503876
8,2,GSM331730,0,0.43344846367836
8,2,GSM331732,0,0.6752912402153015
8,2,GSM331454,1,0.5779580473899841
8,2,GSM331455,1,0.22331812977790833
8,2,GSM331457,1,0.5872990489006042
8,2,GSM331458,1,0.44463640451431274
8,2,GSM331459,1,0.7537990808486938
8,2,GSM331462,1,0.6917445063591003
8,2,GSM331465,1,0.3602830767631531
8,2,GSM331466,1,0.49944859743118286
8,2,GSM331470,1,0.641420841217041
8,2,GSM331472,1,0.24035578966140747
8,2,GSM331473,1,0.4426044523715973
8,2,GSM331474,1,0.4830547571182251
8,2,GSM331476,1,0.5035067200660706
8,2,GSM331477,1,0.45045480132102966
8,2,GSM331478,1,0.37920671701431274
8,2,GSM331479,1,0.2969357967376709
8,2,GSM331481,1,0.5995419025421143
8,2,GSM331484,1,0.20852573215961456
8,2,GSM331485,1,0.6097109913825989
8,2,GSM331486,1,0.6203852891921997
8,2,GSM331487,1,0.8106299638748169
8,2,GSM331490,1,0.3493780791759491
8,2,GSM331492,1,0.550725519657135
8,2,GSM331497,1,0.6346141695976257
8,2,GSM331498,1,0.21430900692939758
8,2,GSM331506,1,0.4455626308917999
8,2,GSM331507,1,0.2812291979789734
8,2,GSM331511,1,0.48529738187789917
8,2,GSM331512,1,0.5421434640884399
8,2,GSM331514,1,0.23592782020568848
8,2,GSM331515,1,0.31334227323532104
8,2,GSM331517,1,0.5638492107391357
8,2,GSM331519,1,0.32784733176231384
8,2,GSM331523,1,0.47709453105926514
8,2,GSM331525,1,0.39354580640792847
8,2,GSM331527,1,0.3413733243942261
8,2,GSM331530,1,0.2439536601305008
8,2,GSM331531,1,0.38099488615989685
8,2,GSM331532,1,0.2176153063774109
8,2,GSM331535,1,0.39945316314697266
8,2,GSM331537,1,0.5902767181396484
8,2,GSM331541,1,0.6714639663696289
8,2,GSM331542,1,0.2782602608203888
8,2,GSM331544,1,0.3672672212123871
8,2,GSM331545,1,0.6289672255516052
8,2,GSM331546,1,0.41606995463371277
8,2,GSM331547,1,0.4481014609336853
8,2,GSM331548,1,0.7428851127624512
8,2,GSM331549,1,0.7332255840301514
8,2,GSM331551,1,0.42099839448928833
8,2,GSM331552,1,0.30511337518692017
8,2,GSM331553,1,0.7766909599304199
8,2,GSM331560,1,0.36451613903045654
8,2,GSM331565,1,0.6810210943222046
8,2,GSM331567,1,0.24324771761894226
8,2,GSM331568,1,0.8170813322067261
8,2,GSM331571,1,0.6124454140663147
8,2,GSM331576,1,0.4354419708251953
8,2,GSM331577,1,0.5326443910598755
8,2,GSM331578,1,0.5966391563415527
8,2,GSM331579,1,0.30201926827430725
8,2,GSM331580,1,0.37586307525634766
8,2,GSM331581,1,0.14404502511024475
8,2,GSM331584,1,0.2147359848022461
8,2,GSM331586,1,0.30288127064704895
8,2,GSM331587,1,0.6042637228965759
8,2,GSM331590,1,0.45377352833747864
8,2,GSM331591,1,0.6381421089172363
8,2,GSM331593,1,0.2650410532951355
8,2,GSM331595,1,0.5279746651649475
8,2,GSM331598,1,0.32771843671798706
8,2,GSM331600,1,0.8262338042259216
8,2,GSM331602,1,0.35860809683799744
8,2,GSM331604,1,0.3304970860481262
8,2,GSM331605,1,0.6155081391334534
8,2,GSM331606,1,0.1848103255033493
8,2,GSM331611,1,0.6380016207695007
8,2,GSM331612,1,0.6875705718994141
8,2,GSM331614,1,0.4010811746120453
8,2,GSM331618,1,0.5948814153671265
8,2,GSM331620,1,0.2601814866065979
8,2,GSM331622,1,0.6660622358322144
8,2,GSM331623,1,0.23252831399440765
8,2,GSM331628,1,0.38543787598609924
8,2,GSM331630,1,0.2868722975254059
8,2,GSM331631,1,0.19105379283428192
8,2,GSM331632,1,0.2467854619026184
8,2,GSM331634,1,0.2556694447994232
8,2,GSM331635,1,0.2218172401189804
8,2,GSM331637,1,0.45531347393989563
8,2,GSM331639,1,0.26288315653800964
8,2,GSM331640,1,0.1885310262441635
8,2,GSM331643,1,0.6843171715736389
8,2,GSM331644,1,0.2560065984725952
8,2,GSM331645,1,0.22134654223918915
8,2,GSM331647,1,0.5088306069374084
8,2,GSM331650,1,0.32607635855674744
8,2,GSM331651,1,0.2966882288455963
8,2,GSM331652,1,0.7860944271087646
8,2,GSM331655,1,0.2876124680042267
8,2,GSM331657,1,0.8170535564422607
8,2,GSM331658,1,0.586073100566864
8,2,GSM331659,1,0.7583250999450684
9,1,GSM331661,0,0.4860590696334839
9,1,GSM331663,0,0.47495710849761963
9,1,GSM331666,0,0.5682643055915833
9,1,GSM331668,0,0.8093536496162415
9,1,GSM331669,0,0.9691560864448547
9,1,GSM331670,0,0.626454770565033
9,1,GSM331671,0,0.927672266960144
9,1,GSM331672,0,0.6659176349639893
9,1,GSM331673,0,0.29164814949035645
9,1,GSM331675,0,0.024132708087563515
9,1,GSM331678,0,0.26983872056007385
9,1,GSM331680,0,0.8739339709281921
9,1,GSM331682,0,0.462595671415329
9,1,GSM331683,0,0.9822525978088379
9,1,GSM331684,0,0.06702865660190582
9,1,GSM331686,0,0.4360003173351288
9,1,GSM331687,0,0.47625732421875
9,1,GSM331688,0,0.9203197956085205
9,1,GSM331692,0,0.08566811680793762
9,1,GSM331693,0,0.11237859725952148
9,1,GSM331694,0,0.7533395290374756
9,1,GSM331698,0,0.16270948946475983
9,1,GSM331703,0,0.6175240874290466
9,1,GSM331704,0,0.44180065393447876
9,1,GSM331706,0,0.9262376427650452
9,1,GSM331708,0,0.8315410614013672
9,1,GSM331709,0,0.0598282627761364
9,1,GSM331714,0,0.9863405823707581
9,1,GSM331715,0,0.333718478679657
9,1,GSM331718,0,0.9451921582221985
9,1,GSM331719,0,0.011953982524573803
9,1,GSM331720,0,0.810391366481781
9,1,GSM331723,0,0.9140377640724182
9,1,GSM331727,0,0.8273322582244873
9,1,GSM331728,0,0.35407567024230957
9,1,GSM331729,0,0.11549799144268036
9,1,GSM331730,0,0.3218076229095459
9,1,GSM331453,1,0.0755520612001419
9,1,GSM331455,1,0.07335106283426285
9,1,GSM331456,1,0.4301868677139282
9,1,GSM331457,1,0.4040699303150177
9,1,GSM331460,1,0.5646886229515076
9,1,GSM331461,1,0.7974867820739746
9,1,GSM331462,1,0.7273065447807312
9,1,GSM331464,1,0.12066278606653214
9,1,GSM331467,1,0.04459718242287636
9,1,GSM331470,1,0.9040936827659607
9,1,GSM331471,1,0.9347401857376099
9,1,GSM331474,1,0.42682263255119324
9,1,GSM331478,1,0.177038311958313
9,1,GSM331483,1,0.8467699885368347
9,1,GSM331484,1,0.09171636402606964
9,1,GSM331485,1,0.4902375638484955
9,1,GSM331486,1,0.875443160533905
9,1,GSM331487,1,0.9329750537872314
9,1,GSM331488,1,0.8419326543807983
9,1,GSM331489,1,0.3250139355659485
9,1,GSM331494,1,0.8674412369728088
9,1,GSM331496,1,0.254953533411026
9,1,GSM331501,1,0.3593708872795105
9,1,GSM331502,1,0.884284257888794
9,1,GSM331505,1,0.34374508261680603
9,1,GSM331506,1,0.6069691777229309
9,1,GSM331510,1,0.875210702419281
9,1,GSM331511,1,0.7491372227668762
9,1,GSM331512,1,0.9012904167175293
9,1,GSM331513,1,0.4784840941429138
9,1,GSM331519,1,0.11709167808294296
9,1,GSM331521,1,0.27337998151779175
9,1,GSM331522,1,0.4929317235946655
9,1,GSM331523,1,0.36862877011299133
9,1,GSM331530,1,0.5596678853034973
9,1,GSM331532,1,0.07950989902019501
9,1,GSM331534,1,0.30086299777030945
9,1,GSM331536,1,0.26691001653671265
9,1,GSM331538,1,0.055753789842128754
9,1,GSM331540,1,0.9283693432807922
9,1,GSM331541,1,0.7608295679092407
9,1,GSM331543,1,0.5762414336204529
9,1,GSM331544,1,0.025725839659571648
9,1,GSM331545,1,0.5249042510986328
9,1,GSM331546,1,0.2333599328994751
9,1,GSM331547,1,0.8990921378135681
9,1,GSM331548,1,0.9851870536804199
9,1,GSM331550,1,0.37652480602264404
9,1,GSM331552,1,0.037657976150512695
9,1,GSM331553,1,0.949247419834137
9,1,GSM331554,1,0.8125534057617188
9,1,GSM331556,1,0.9443770051002502
9,1,GSM331558,1,0.029846331104636192
9,1,GSM331561,1,0.8908721208572388
9,1,GSM331563,1,0.7478038668632507
9,1,GSM331565,1,0.42341816425323486
9,1,GSM331568,1,0.9253464341163635
9,1,GSM331569,1,0.19557659327983856
9,1,GSM331571,1,0.5839734077453613
9,1,GSM331572,1,0.5685253739356995
9,1,GSM331573,1,0.6455292701721191
9,1,GSM331578,1,0.7953751683235168
9,1,GSM331579,1,0.06503545492887497
9,1,GSM331581,1,0.0451279915869236
9,1,GSM331584,1,0.4489581882953644
9,1,GSM331585,1,0.4429270625114441
9,1,GSM331586,1,0.1922425627708435
9,1,GSM331588,1,0.5868147015571594
9,1,GSM331591,1,0.9025046229362488
9,1,GSM331593,1,0.7270589470863342
9,1,GSM331594,1,0.7557854652404785
9,1,GSM331595,1,0.21523873507976532
9,1,GSM331596,1,0.816835880279541
9,1,GSM331597,1,0.28603455424308777
9,1,GSM331600,1,0.9194030165672302
9,1,GSM331601,1,0.6878188252449036
9,1,GSM331603,1,0.5833300352096558
9,1,GSM331607,1,0.9114533066749573
9,1,GSM331611,1,0.9449187517166138
9,1,GSM331613,1,0.6738010048866272
9,1,GSM331615,1,0.20846515893936157
9,1,GSM331616,1,0.4268041253089905
9,1,GSM331618,1,0.3144332468509674
9,1,GSM331619,1,0.41834571957588196
9,1,GSM331621,1,0.1330755352973938
9,1,GSM331623,1,0.492323637008667
9,1,GSM331625,1,0.7332644462585449
9,1,GSM331626,1,0.05884915217757225
9,1,GSM331630,1,0.7927886843681335
9,1,GSM331633,1,0.02880585566163063
9,1,GSM331634,1,0.16628165543079376
9,1,GSM331636,1,0.03748451545834541
9,1,GSM331637,1,0.19377487897872925
9,1,GSM331639,1,0.15822073817253113
9,1,GSM331640,1,0.1031024232506752
9,1,GSM331641,1,0.2255728840827942
9,1,GSM331644,1,0.09903351962566376
9,1,GSM331648,1,0.036423180252313614
9,1,GSM331650,1,0.12801820039749146
9,1,GSM331652,1,0.9704225063323975
9,1,GSM331654,1,0.6358276009559631
9,1,GSM331658,1,0.6064174771308899
9,1,GSM331659,1,0.8348413705825806
9,2,GSM331638,0,0.5786121487617493
9,2,GSM331660,0,0.2493850290775299
9,2,GSM331662,0,0.9493756294250488
9,2,GSM331664,0,0.7186981439590454
9,2,GSM331665,0,0.8612862825393677
9,2,GSM331674,0,0.845860481262207
9,2,GSM331676,0,0.8119127750396729
9,2,GSM331677,0,0.13990019261837006
9,2,GSM331679,0,0.753423810005188
9,2,GSM331681,0,0.5137326717376709
9,2,GSM331685,0,0.8607639074325562
9,2,GSM331689,0,0.869129478931427
9,2,GSM331690,0,0.8154056668281555
9,2,GSM331691,0,0.43094250559806824
9,2,GSM331695,0,0.5715392827987671
9,2,GSM331696,0,0.6677965521812439
9,2,GSM331697,0,0.10600250214338303
9,2,GSM331699,0,0.48955845832824707
9,2,GSM331700,0,0.824533998966217
9,2,GSM331701,0,0.2339765578508377
9,2,GSM331702,0,0.49220752716064453
9,2,GSM331705,0,0.14471492171287537
9,2,GSM331707,0,0.3865854740142822
9,2,GSM331710,0,0.009047056548297405
9,2,GSM331711,0,0.7346721887588501
9,2,GSM331712,0,0.22446924448013306
9,2,GSM331713,0,0.3534740209579468
9,2,GSM331716,0,0.9862598776817322
9,2,GSM331717,0,0.6791466474533081
9,2,GSM331721,0,0.918583869934082
9,2,GSM331722,0,0.9378530383110046
9,2,GSM331724,0,0.16441285610198975
9,2,GSM331725,0,0.9641396403312683
9,2,GSM331726,0,0.11531967669725418
9,2,GSM331731,0,0.9349498152732849
9,2,GSM331732,0,0.9177303910255432
9,2,GSM331454,1,0.3672138750553131
9,2,GSM331458,1,0.22674335539340973
9,2,GSM331459,1,0.8932247757911682
9,2,GSM331463,1,0.028364229947328568
9,2,GSM331465,1,0.2769562005996704
9,2,GSM331466,1,0.5714259147644043
9,2,GSM331468,1,0.696403980255127
9,2,GSM331469,1,0.47846296429634094
9,2,GSM331472,1,0.032911255955696106
9,2,GSM331473,1,0.5299456715583801
9,2,GSM331475,1,0.3555103540420532
9,2,GSM331476,1,0.7031992673873901
9,2,GSM331477,1,0.29622840881347656
9,2,GSM331479,1,0.5345942974090576
9,2,GSM331480,1,0.9025499820709229
9,2,GSM331481,1,0.8340838551521301
9,2,GSM331482,1,0.12597791850566864
9,2,GSM331490,1,0.23277197778224945
9,2,GSM331491,1,0.7579439878463745
9,2,GSM331492,1,0.7101069688796997
9,2,GSM331493,1,0.032168637961149216
9,2,GSM331495,1,0.5561502575874329
9,2,GSM331497,1,0.9756146669387817
9,2,GSM331498,1,0.05282881483435631
9,2,GSM331499,1,0.5146273374557495
9,2,GSM331500,1,0.1193469986319542
9,2,GSM331503,1,0.12773661315441132
9,2,GSM331504,1,0.06483296304941177
9,2,GSM331507,1,0.7478111386299133
9,2,GSM331508,1,0.8813250064849854
9,2,GSM331509,1,0.8246384859085083
9,2,GSM331514,1,0.026633474975824356
9,2,GSM331515,1,0.4252375066280365
9,2,GSM331516,1,0.9722989797592163
9,2,GSM331517,1,0.8826817274093628
9,2,GSM331518,1,0.961891770362854
9,2,GSM331520,1,0.5055332779884338
9,2,GSM331524,1,0.4703446328639984
9,2,GSM331525,1,0.7831729054450989
9,2,GSM331526,1,0.4616777002811432
9,2,GSM331527,1,0.25096285343170166
9,2,GSM331528,1,0.8474921584129333
9,2,GSM331529,1,0.845955491065979
9,2,GSM331531,1,0.32840901613235474
9,2,GSM331533,1,0.9406273365020752
9,2,GSM331535,1,0.10222731530666351
9,2,GSM331537,1,0.6230581998825073
9,2,GSM331539,1,0.5061478614807129
9,2,GSM331542,1,0.10970891267061234
9,2,GSM331549,1,0.979144811630249
9,2,GSM331551,1,0.46273887157440186
9,2,GSM331555,1,0.17049723863601685
9,2,GSM331557,1,0.537311851978302
9,2,GSM331559,1,0.9429321885108948
9,2,GSM331560,1,0.07243460416793823
9,2,GSM331562,1,0.7848318219184875
9,2,GSM331564,1,0.7158944010734558
9,2,GSM331566,1,0.7680327892303467
9,2,GSM331567,1,0.1737767457962036
9,2,GSM331570,1,0.4740126132965088
9,2,GSM331574,1,0.8016256093978882
9,2,GSM331575,1,0.33384308218955994
9,2,GSM331576,1,0.23284411430358887
9,2,GSM331577,1,0.6785500049591064
9,2,GSM331580,1,0.965564489364624
9,2,GSM331582,1,0.6966779828071594
9,2,GSM331583,1,0.34737905859947205
9,2,GSM331587,1,0.9226566553115845
9,2,GSM331589,1,0.06421572715044022
9,2,GSM331590,1,0.21349391341209412
9,2,GSM331592,1,0.6474009156227112
9,2,GSM331598,1,0.04621252417564392
9,2,GSM331599,1,0.9803131222724915
9,2,GSM331602,1,0.3418167233467102
9,2,GSM331604,1,0.023765692487359047
9,2,GSM331605,1,0.5285148024559021
9,2,GSM331606,1,0.17263184487819672
9,2,GSM331608,1,0.30532652139663696
9,2,GSM331609,1,0.18398424983024597
9,2,GSM331610,1,0.8992006778717041
9,2,GSM331612,1,0.972545325756073
9,2,GSM331614,1,0.15101435780525208
9,2,GSM331617,1,0.9485704898834229
9,2,GSM331620,1,0.1781587153673172
9,2,GSM331622,1,0.9062077403068542
9,2,GSM331624,1,0.9760245680809021
9,2,GSM331627,1,0.25704681873321533
9,2,GSM331628,1,0.3450266718864441
9,2,GSM331629,1,0.27826249599456787
9,2,GSM331631,1,0.04541115462779999
9,2,GSM331632,1,0.021682897582650185
9,2,GSM331635,1,0.04660163074731827
9,2,GSM331642,1,0.6626019477844238
9,2,GSM331643,1,0.9748232960700989
9,2,GSM331645,1,0.08505667001008987
9,2,GSM331646,1,0.35691696405410767
9,2,GSM331647,1,0.8821009397506714
9,2,GSM331649,1,0.895789384841919
9,2,GSM331651,1,0.7018049955368042
9,2,GSM331653,1,0.5832770466804504
9,2,GSM331655,1,0.14145657420158386
9,2,GSM331656,1,0.041258737444877625
9,2,GSM331657,1,0.6001313328742981
10,1,GSM331638,0,0.4268486797809601
10,1,GSM331660,0,0.2575709819793701
10,1,GSM331661,0,0.6117866039276123
10,1,GSM331662,0,0.37779566645622253
10,1,GSM331663,0,0.2873278856277466
10,1,GSM331664,0,0.15579141676425934
10,1,GSM331670,0,0.5817431211471558
10,1,GSM331672,0,0.5515024662017822
10,1,GSM331673,0,0.35888978838920593
10,1,GSM331674,0,0.19447390735149384
10,1,GSM331677,0,0.2839130461215973
10,1,GSM331683,0,0.68748939037323
10,1,GSM331684,0,0.5166522860527039
10,1,GSM331685,0,0.34966593980789185
10,1,GSM331688,0,0.5109798908233643
10,1,GSM331690,0,0.7802709937095642
10,1,GSM331691,0,0.6026424765586853
10,1,GSM331692,0,0.34995800256729126
10,1,GSM331693,0,0.37382861971855164
10,1,GSM331695,0,0.3348158895969391
10,1,GSM331697,0,0.5811943411827087
10,1,GSM331699,0,0.3256276845932007
10,1,GSM331702,0,0.5155638456344604
10,1,GSM331704,0,0.6389543414115906
10,1,GSM331706,0,0.7698982357978821
10,1,GSM331707,0,0.3534509539604187
10,1,GSM331708,0,0.7190262675285339
10,1,GSM331709,0,0.22191864252090454
10,1,GSM331715,0,0.30824536085128784
10,1,GSM331718,0,0.5312947034835815
10,1,GSM331719,0,0.40611621737480164
10,1,GSM331721,0,0.42003339529037476
10,1,GSM331724,0,0.48455822467803955
10,1,GSM331725,0,0.3882412016391754
10,1,GSM331726,0,0.3948511779308319
10,1,GSM331727,0,0.4123329222202301
10,1,GSM331729,0,0.22708949446678162
10,1,GSM331454,1,0.719781219959259
10,1,GSM331455,1,0.2933485209941864
10,1,GSM331457,1,0.42608731985092163
10,1,GSM331458,1,0.3630557358264923
10,1,GSM331459,1,0.7962818741798401
10,1,GSM331460,1,0.268015593290329
10,1,GSM331461,1,0.4002659320831299
10,1,GSM331462,1,0.3701213598251343
10,1,GSM331464,1,0.5650070905685425
10,1,GSM331469,1,0.21624012291431427
10,1,GSM331471,1,0.5781462788581848
10,1,GSM331475,1,0.29060351848602295
10,1,GSM331478,1,0.5624528527259827
10,1,GSM331479,1,0.27362415194511414
10,1,GSM331480,1,0.5261850953102112
10,1,GSM331482,1,0.4322616457939148
10,1,GSM331487,1,0.6892503499984741
10,1,GSM331492,1,0.3786727786064148
10,1,GSM331494,1,0.774885892868042
10,1,GSM331495,1,0.4202229380607605
10,1,GSM331499,1,0.3109557032585144
10,1,GSM331500,1,0.44823697209358215
10,1,GSM331506,1,0.6417944431304932
10,1,GSM331508,1,0.6803675293922424
10,1,GSM331510,1,0.21375222504138947
10,1,GSM331511,1,0.8276050090789795
10,1,GSM331512,1,0.6291626691818237
10,1,GSM331516,1,0.6699904203414917
10,1,GSM331517,1,0.5827550888061523
10,1,GSM331519,1,0.3059888482093811
10,1,GSM331520,1,0.399975061416626
10,1,GSM331522,1,0.5112259984016418
10,1,GSM331524,1,0.22083745896816254
10,1,GSM331525,1,0.38214772939682007
10,1,GSM331526,1,0.6283935308456421
10,1,GSM331527,1,0.36973434686660767
10,1,GSM331528,1,0.20963503420352936
10,1,GSM331530,1,0.5028382539749146
10,1,GSM331531,1,0.3999633193016052
10,1,GSM331532,1,0.5426408648490906
10,1,GSM331535,1,0.3091142773628235
10,1,GSM331536,1,0.19532154500484467
10,1,GSM331537,1,0.8712294697761536
10,1,GSM331540,1,0.6264985203742981
10,1,GSM331543,1,0.6252257823944092
10,1,GSM331544,1,0.24101339280605316
10,1,GSM331545,1,0.5772163271903992
10,1,GSM331548,1,0.3316338062286377
10,1,GSM331549,1,0.889887273311615
10,1,GSM331551,1,0.5589776635169983
10,1,GSM331553,1,0.6311979293823242
10,1,GSM331555,1,0.19609859585762024
10,1,GSM331556,1,0.402807354927063
10,1,GSM331560,1,0.470873087644577
10,1,GSM331563,1,0.3597208857536316
10,1,GSM331564,1,0.6241592764854431
10,1,GSM331565,1,0.6787517070770264
10,1,GSM331566,1,0.21334272623062134
10,1,GSM331570,1,0.4479407072067261
10,1,GSM331572,1,0.4997313320636749
10,1,GSM331573,1,0.5508933067321777
10,1,GSM331575,1,0.6529796719551086
10,1,GSM331577,1,0.606361448764801
10,1,GSM331578,1,0.6492266654968262
10,1,GSM331580,1,0.46021410822868347
10,1,GSM331583,1,0.14651724696159363
10,1,GSM331584,1,0.42158669233322144
10,1,GSM331589,1,0.4217967092990875
10,1,GSM331590,1,0.2629238963127136
10,1,GSM331593,1,0.15967273712158203
10,1,GSM331597,1,0.67596834897995
10,1,GSM331598,1,0.4551770091056824
10,1,GSM331600,1,0.7257318496704102
10,1,GSM331602,1,0.46951165795326233
10,1,GSM331603,1,0.3224910795688629
10,1,GSM331605,1,0.5445297360420227
10,1,GSM331606,1,0.3716071546077728
10,1,GSM331607,1,0.5071110725402832
10,1,GSM331608,1,0.11841032654047012
10,1,GSM331617,1,0.6674743294715881
10,1,GSM331618,1,0.7225911021232605
10,1,GSM331619,1,0.45624569058418274
10,1,GSM331620,1,0.4915904998779297
10,1,GSM331622,1,0.6877853274345398
10,1,GSM331624,1,0.23443251848220825
10,1,GSM331625,1,0.46014857292175293
10,1,GSM331626,1,0.4875139594078064
10,1,GSM331629,1,0.26581352949142456
10,1,GSM331631,1,0.4408147633075714
10,1,GSM331632,1,0.3894142210483551
10,1,GSM331633,1,0.42870405316352844
10,1,GSM331640,1,0.24583131074905396
10,1,GSM331641,1,0.5885146856307983
10,1,GSM331645,1,0.6239959597587585
10,1,GSM331648,1,0.40193498134613037
10,1,GSM331650,1,0.5239220857620239
10,1,GSM331652,1,0.6825511455535889
10,1,GSM331653,1,0.4987802505493164
10,1,GSM331654,1,0.7325213551521301
10,1,GSM331655,1,0.39256468415260315
10,1,GSM331656,1,0.42281797528266907
10,1,GSM331657,1,0.7129697203636169
10,1,GSM331658,1,0.5657100081443787
10,2,GSM331665,0,0.6015166640281677
10,2,GSM331666,0,0.37647154927253723
10,2,GSM331668,0,0.6417367458343506
10,2,GSM331669,0,0.7099469304084778
10,2,GSM331671,0,0.5135931372642517
10,2,GSM331675,0,0.26235073804855347
10,2,GSM331676,0,0.6399949193000793
10,2,GSM331678,0,0.2879387438297272
10,2,GSM331679,0,0.29727867245674133
10,2,GSM331680,0,0.7417197823524475
10,2,GSM331681,0,0.6444724202156067
10,2,GSM331682,0,0.5664291977882385
10,2,GSM331686,0,0.5355107188224792
10,2,GSM331687,0,0.24397976696491241
10,2,GSM331689,0,0.5451977252960205
10,2,GSM331694,0,0.5479127168655396
10,2,GSM331696,0,0.5078418254852295
10,2,GSM331698,0,0.3667420446872711
10,2,GSM331700,0,0.5364419221878052
10,2,GSM331701,0,0.43275949358940125
10,2,GSM331703,0,0.5685074925422668
10,2,GSM331705,0,0.47580486536026
10,2,GSM331710,0,0.33066418766975403
10,2,GSM331711,0,0.724038302898407
10,2,GSM331712,0,0.5149854421615601
10,2,GSM331713,0,0.37977832555770874
10,2,GSM331714,0,0.8220516443252563
10,2,GSM331716,0,0.8846387267112732
10,2,GSM331717,0,0.734512209892273
10,2,GSM331720,0,0.7065123319625854
10,2,GSM331722,0,0.6324852705001831
10,2,GSM331723,0,0.5976020693778992
10,2,GSM331728,0,0.218584805727005
10,2,GSM331730,0,0.6671813130378723
10,2,GSM331731,0,0.8449656963348389
10,2,GSM331732,0,0.7108237147331238
10,2,GSM331453,1,0.554874837398529
10,2,GSM331456,1,0.6109951734542847
10,2,GSM331463,1,0.7071288228034973
10,2,GSM331465,1,0.63435959815979
10,2,GSM331466,1,0.6674119830131531
10,2,GSM331467,1,0.6033999919891357
10,2,GSM331468,1,0.4077281951904297
10,2,GSM331470,1,0.4886593520641327
10,2,GSM331472,1,0.5473926067352295
10,2,GSM331473,1,0.4177497923374176
10,2,GSM331474,1,0.3187370002269745
10,2,GSM331476,1,0.5365902781486511
10,2,GSM331477,1,0.48129016160964966
10,2,GSM331481,1,0.48753681778907776
10,2,GSM331483,1,0.5067886710166931
10,2,GSM331484,1,0.18842920660972595
10,2,GSM331485,1,0.5629804730415344
10,2,GSM331486,1,0.647067129611969
10,2,GSM331488,1,0.6536414623260498
10,2,GSM331489,1,0.648924708366394
10,2,GSM331490,1,0.436101496219635
10,2,GSM331491,1,0.7519322037696838
10,2,GSM331493,1,0.4164583086967468
10,2,GSM331496,1,0.21641434729099274
10,2,GSM331497,1,0.7235957384109497
10,2,GSM331498,1,0.32503756880760193
10,2,GSM331501,1,0.3424470126628876
10,2,GSM331502,1,0.8948421478271484
10,2,GSM331503,1,0.5191649198532104
10,2,GSM331504,1,0.38221579790115356
10,2,GSM331505,1,0.391741544008255
10,2,GSM331507,1,0.5844888687133789
10,2,GSM331509,1,0.2139890044927597
10,2,GSM331513,1,0.7782022356987
10,2,GSM331514,1,0.5168498158454895
10,2,GSM331515,1,0.2812519669532776
10,2,GSM331518,1,0.7735702395439148
10,2,GSM331521,1,0.3489316701889038
10,2,GSM331523,1,0.6544916033744812
10,2,GSM331529,1,0.5292155146598816
10,2,GSM331533,1,0.7801130414009094
10,2,GSM331534,1,0.5625220537185669
10,2,GSM331538,1,0.32275933027267456
10,2,GSM331539,1,0.43297794461250305
10,2,GSM331541,1,0.6956459283828735
10,2,GSM331542,1,0.3919333219528198
10,2,GSM331546,1,0.6303377747535706
10,2,GSM331547,1,0.6215922832489014
10,2,GSM331550,1,0.2523491382598877
10,2,GSM331552,1,0.5720438361167908
10,2,GSM331554,1,0.5777722597122192
10,2,GSM331557,1,0.5643398761749268
10,2,GSM331558,1,0.4863393008708954
10,2,GSM331559,1,0.6827142238616943
10,2,GSM331561,1,0.42834898829460144
10,2,GSM331562,1,0.41045063734054565
10,2,GSM331567,1,0.40507128834724426
10,2,GSM331568,1,0.8249086141586304
10,2,GSM331569,1,0.43669623136520386
10,2,GSM331571,1,0.6795694828033447
10,2,GSM331574,1,0.7185149192810059
10,2,GSM331576,1,0.48354092240333557
10,2,GSM331579,1,0.7602843642234802
10,2,GSM331581,1,0.4233905076980591
10,2,GSM331582,1,0.4610579311847687
10,2,GSM331585,1,0.622798502445221
10,2,GSM331586,1,0.15996505320072174
10,2,GSM331587,1,0.6836997270584106
10,2,GSM331588,1,0.6259273290634155
10,2,GSM331591,1,0.6700164675712585
10,2,GSM331592,1,0.5224570631980896
10,2,GSM331594,1,0.756594717502594
10,2,GSM331595,1,0.6101860404014587
10,2,GSM331596,1,0.553739607334137
10,2,GSM331599,1,0.7801653742790222
10,2,GSM331601,1,0.3324773907661438
10,2,GSM331604,1,0.08178514242172241
10,2,GSM331609,1,0.535180926322937
10,2,GSM331610,1,0.5585376024246216
10,2,GSM331611,1,0.7383750677108765
10,2,GSM331612,1,0.6282866597175598
10,2,GSM331613,1,0.28880393505096436
10,2,GSM331614,1,0.5097775459289551
10,2,GSM331615,1,0.7066546082496643
10,2,GSM331616,1,0.3687629699707031
10,2,GSM331621,1,0.5015290379524231
10,2,GSM331623,1,0.5212548971176147
10,2,GSM331627,1,0.6783087849617004
10,2,GSM331628,1,0.4466748833656311
10,2,GSM331630,1,0.38522836565971375
10,2,GSM331634,1,0.370183527469635
10,2,GSM331635,1,0.3756197690963745
10,2,GSM331636,1,0.19634778797626495
10,2,GSM331637,1,0.45166832208633423
10,2,GSM331639,1,0.5349155068397522
10,2,GSM331642,1,0.7131968140602112
10,2,GSM331643,1,0.7803071141242981
10,2,GSM331644,1,0.5737056732177734
10,2,GSM331646,1,0.380504846572876
10,2,GSM331647,1,0.8193115592002869
10,2,GSM331649,1,0.8324488401412964
10,2,GSM331651,1,0.685019314289093
10,2,GSM331659,1,0.8522886633872986
11,1,GSM331638,0,0.3864026963710785
11,1,GSM331660,0,0.0788705050945282
11,1,GSM331663,0,0.42221277952194214
11,1,GSM331665,0,0.5476918816566467
11,1,GSM331666,0,0.30760079622268677
11,1,GSM331669,0,0.9164685606956482
11,1,GSM331671,0,0.665596067905426
11,1,GSM331673,0,0.4221326410770416
11,1,GSM331676,0,0.3711499571800232
11,1,GSM331678,0,0.048408690840005875
11,1,GSM331679,0,0.6228486895561218
11,1,GSM331681,0,0.6535589098930359
11,1,GSM331682,0,0.6974290609359741
11,1,GSM331683,0,0.5867388248443604
11,1,GSM331688,0,0.5803999304771423
11,1,GSM331689,0,0.21047936379909515
11,1,GSM331691,0,0.518237829208374
11,1,GSM331692,0,0.299979031085968
11,1,GSM331693,0,0.4726448357105255
11,1,GSM331695,0,0.40132299065589905
11,1,GSM331698,0,0.3903098702430725
11,1,GSM331699,0,0.7361574172973633
11,1,GSM331700,0,0.4602070450782776
11,1,GSM331701,0,0.44092172384262085
11,1,GSM331704,0,0.6841206550598145
11,1,GSM331706,0,0.9348260164260864
11,1,GSM331707,0,0.7610281705856323
11,1,GSM331709,0,0.21048122644424438
11,1,GSM331710,0,0.13467714190483093
11,1,GSM331711,0,0.5914665460586548
11,1,GSM331712,0,0.5576573610305786
11,1,GSM331715,0,0.34480008482933044
11,1,GSM331718,0,0.751713752746582
11,1,GSM331721,0,0.9624021649360657
11,1,GSM331722,0,0.6977749466896057
11,1,GSM331724,0,0.20795370638370514
11,1,GSM331725,0,0.6254101991653442
11,1,GSM331453,1,0.6199726462364197
11,1,GSM331454,1,0.6645832657814026
11,1,GSM331456,1,0.5037599802017212
11,1,GSM331459,1,0.71561598777771
11,1,GSM331461,1,0.38793250918388367
11,1,GSM331462,1,0.5127390623092651
11,1,GSM331464,1,0.31473028659820557
11,1,GSM331466,1,0.32842159271240234
11,1,GSM331471,1,0.7780376076698303
11,1,GSM331473,1,0.4065973162651062
11,1,GSM331477,1,0.6035705208778381
11,1,GSM331483,1,0.7273185849189758
11,1,GSM331484,1,0.13316605985164642
11,1,GSM331485,1,0.6511614322662354
11,1,GSM331486,1,0.488437294960022
11,1,GSM331489,1,0.6393888592720032
11,1,GSM331494,1,0.7669833898544312
11,1,GSM331497,1,0.4452701210975647
11,1,GSM331498,1,0.29157695174217224
11,1,GSM331499,1,0.23231549561023712
11,1,GSM331501,1,0.3424092233181
11,1,GSM331503,1,0.38144075870513916
11,1,GSM331504,1,0.6425844430923462
11,1,GSM331508,1,0.3634631931781769
11,1,GSM331512,1,0.5279015302658081
11,1,GSM331514,1,0.3063749074935913
11,1,GSM331515,1,0.2561238408088684
11,1,GSM331518,1,0.17129983007907867
11,1,GSM331519,1,0.521100640296936
11,1,GSM331520,1,0.7031452655792236
11,1,GSM331521,1,0.28082308173179626
11,1,GSM331522,1,0.37273138761520386
11,1,GSM331524,1,0.46937236189842224
11,1,GSM331525,1,0.32028400897979736
11,1,GSM331526,1,0.7388036847114563
11,1,GSM331527,1,0.6584794521331787
11,1,GSM331529,1,0.30581188201904297
11,1,GSM331530,1,0.262905478477478
11,1,GSM331532,1,0.5112331509590149
11,1,GSM331534,1,0.4964352548122406
11,1,GSM331536,1,0.4777868986129761
11,1,GSM331539,1,0.38640013337135315
11,1,GSM331540,1,0.4150886535644531
11,1,GSM331541,1,0.7206649780273438
11,1,GSM331542,1,0.18363086879253387
11,1,GSM331546,1,0.433291494846344
11,1,GSM331547,1,0.29582127928733826
11,1,GSM331548,1,0.4179714024066925
11,1,GSM331550,1,0.395803838968277
11,1,GSM331553,1,0.8510192036628723
11,1,GSM331555,1,0.22108562290668488
11,1,GSM331557,1,0.41172537207603455
11,1,GSM331559,1,0.698241651058197
11,1,GSM331560,1,0.6298664212226868
11,1,GSM331562,1,0.4253581464290619
11,1,GSM331565,1,0.5795497894287109
11,1,GSM331567,1,0.2673565447330475
11,1,GSM331570,1,0.7409926652908325
11,1,GSM331571,1,0.6020738482475281
11,1,GSM331574,1,0.2927446663379669
11,1,GSM331576,1,0.3090682625770569
11,1,GSM331577,1,0.6580492854118347
11,1,GSM331578,1,0.7264142632484436
11,1,GSM331579,1,0.23316450417041779
11,1,GSM331580,1,0.1955443173646927
11,1,GSM331582,1,0.6638845205307007
11,1,GSM331585,1,0.842730700969696
11,1,GSM331586,1,0.546135425567627
11,1,GSM331587,1,0.4363110363483429
11,1,GSM331588,1,0.39473462104797363
11,1,GSM331589,1,0.7263681292533875
11,1,GSM331591,1,0.8488411903381348
11,1,GSM331592,1,0.523149311542511
11,1,GSM331597,1,0.5083615779876709
11,1,GSM331602,1,0.2590896487236023
11,1,GSM331603,1,0.5478300452232361
11,1,GSM331605,1,0.32578110694885254
11,1,GSM331606,1,0.21278029680252075
11,1,GSM331611,1,0.5544676184654236
11,1,GSM331614,1,0.3261282444000244
11,1,GSM331618,1,0.6225118637084961
11,1,GSM331621,1,0.3732253909111023
11,1,GSM331624,1,0.4868454337120056
11,1,GSM331626,1,0.2707076966762543
11,1,GSM331627,1,0.6148005127906799
11,1,GSM331629,1,0.12272214144468307
11,1,GSM331631,1,0.31187790632247925
11,1,GSM331632,1,0.19775494933128357
11,1,GSM331633,1,0.1853618025779724
11,1,GSM331635,1,0.2981988191604614
11,1,GSM331636,1,0.5017634630203247
11,1,GSM331641,1,0.7052978277206421
11,1,GSM331642,1,0.4795522689819336
11,1,GSM331643,1,0.88554447889328
11,1,GSM331647,1,0.27585750818252563
11,1,GSM331650,1,0.31634485721588135
11,1,GSM331651,1,0.12062966078519821
11,1,GSM331653,1,0.40182676911354065
11,1,GSM331654,1,0.6041640043258667
11,1,GSM331655,1,0.515531063079834
11,1,GSM331656,1,0.4079037010669708
11,1,GSM331657,1,0.8701634407043457
11,1,GSM331658,1,0.7563709616661072
11,2,GSM331661,0,0.8151336312294006
11,2,GSM331662,0,0.4118405878543854
11,2,GSM331664,0,0.312017560005188
11,2,GSM331668,0,0.7023919820785522
11,2,GSM331670,0,0.7101714611053467
11,2,GSM331672,0,0.6685296893119812
11,2,GSM331674,0,0.5663269758224487
11,2,GSM331675,0,0.12763747572898865
11,2,GSM331677,0,0.14870169758796692
11,2,GSM331680,0,0.7608738541603088
11,2,GSM331684,0,0.3228388726711273
11,2,GSM331685,0,0.14856459200382233
11,2,GSM331686,0,0.7451767325401306
11,2,GSM331687,0,0.22135700285434723
11,2,GSM331690,0,0.5406347513198853
11,2,GSM331694,0,0.23607590794563293
11,2,GSM331696,0,0.2731453776359558
11,2,GSM331697,0,0.22384826838970184
11,2,GSM331702,0,0.8257957696914673
11,2,GSM331703,0,0.40484482049942017
11,2,GSM331705,0,0.6306293606758118
11,2,GSM331708,0,0.6850666999816895
11,2,GSM331713,0,0.46382567286491394
11,2,GSM331714,0,0.5015562772750854
11,2,GSM331716,0,0.9765532612800598
11,2,GSM331717,0,0.8266886472702026
11,2,GSM331719,0,0.17064814269542694
11,2,GSM331720,0,0.25134387612342834
11,2,GSM331723,0,0.8345787525177002
11,2,GSM331726,0,0.07054505497217178
11,2,GSM331727,0,0.19390593469142914
11,2,GSM331728,0,0.03841392695903778
11,2,GSM331729,0,0.024646444246172905
11,2,GSM331730,0,0.5705713033676147
11,2,GSM331731,0,0.5413548946380615
11,2,GSM331732,0,0.6425483822822571
11,2,GSM331455,1,0.34259241819381714
11,2,GSM331457,1,0.5108228921890259
11,2,GSM331458,1,0.49920541048049927
11,2,GSM331460,1,0.6564061641693115
11,2,GSM331463,1,0.17106395959854126
11,2,GSM331465,1,0.38885626196861267
11,2,GSM331467,1,0.1563551276922226
11,2,GSM331468,1,0.562558650970459
11,2,GSM331469,1,0.40622878074645996
11,2,GSM331470,1,0.27747800946235657
11,2,GSM331472,1,0.304843008518219
11,2,GSM331474,1,0.46680036187171936
11,2,GSM331475,1,0.2508169114589691
11,2,GSM331476,1,0.5987085103988647
11,2,GSM331478,1,0.5282620787620544
11,2,GSM331479,1,0.3350675404071808
11,2,GSM331480,1,0.4360232949256897
11,2,GSM331481,1,0.25218313932418823
11,2,GSM331482,1,0.17798537015914917
11,2,GSM331487,1,0.6927380561828613
11,2,GSM331488,1,0.36252355575561523
11,2,GSM331490,1,0.5805634260177612
11,2,GSM331491,1,0.701064944267273
11,2,GSM331492,1,0.19888930022716522
11,2,GSM331493,1,0.37555497884750366
11,2,GSM331495,1,0.20627814531326294
11,2,GSM331496,1,0.2147693932056427
11,2,GSM331500,1,0.6147007942199707
11,2,GSM331502,1,0.47939056158065796
11,2,GSM331505,1,0.8450084924697876
11,2,GSM331506,1,0.5542144179344177
11,2,GSM331507,1,0.09074772894382477
11,2,GSM331509,1,0.2579670548439026
11,2,GSM331510,1,0.3244536519050598
11,2,GSM331511,1,0.26274821162223816
11,2,GSM331513,1,0.5978869199752808
11,2,GSM331516,1,0.3656604290008545
11,2,GSM331517,1,0.2646709680557251
11,2,GSM331523,1,0.6785464882850647
11,2,GSM331528,1,0.3235299289226532
11,2,GSM331531,1,0.3649944067001343
11,2,GSM331533,1,0.6751829385757446
11,2,GSM331535,1,0.40459519624710083
11,2,GSM331537,1,0.7080268859863281
11,2,GSM331538,1,0.19889989495277405
11,2,GSM331543,1,0.7540157437324524
11,2,GSM331544,1,0.2925720512866974
11,2,GSM331545,1,0.8500732183456421
11,2,GSM331549,1,0.7136214971542358
11,2,GSM331551,1,0.5286089777946472
11,2,GSM331552,1,0.49433791637420654
11,2,GSM331554,1,0.13561895489692688
11,2,GSM331556,1,0.6296680569648743
11,2,GSM331558,1,0.11272165179252625
11,2,GSM331561,1,0.48238757252693176
11,2,GSM331563,1,0.7291914224624634
11,2,GSM331564,1,0.24483203887939453
11,2,GSM331566,1,0.6160861849784851
11,2,GSM331568,1,0.7230504155158997
11,2,GSM331569,1,0.569370448589325
11,2,GSM331572,1,0.7579923272132874
11,2,GSM331573,1,0.8599686622619629
11,2,GSM331575,1,0.8562512993812561
11,2,GSM331581,1,0.2472996562719345
11,2,GSM331583,1,0.35007157921791077
11,2,GSM331584,1,0.20051170885562897
11,2,GSM331590,1,0.45898690819740295
11,2,GSM331593,1,0.2811465859413147
11,2,GSM331594,1,0.24962739646434784
11,2,GSM331595,1,0.7349236607551575
11,2,GSM331596,1,0.30488690733909607
11,2,GSM331598,1,0.4323349893093109
11,2,GSM331599,1,0.8699457049369812
11,2,GSM331600,1,0.7626615762710571
11,2,GSM331601,1,0.2006443589925766
11,2,GSM331604,1,0.43953344225883484
11,2,GSM331607,1,0.7423902750015259
11,2,GSM331608,1,0.09498611837625504
11,2,GSM331609,1,0.44988182187080383
11,2,GSM331610,1,0.8717411756515503
11,2,GSM331612,1,0.5772467851638794
11,2,GSM331613,1,0.2655371129512787
11,2,GSM331615,1,0.21396903693675995
11,2,GSM331616,1,0.5976629853248596
11,2,GSM331617,1,0.788726270198822
11,2,GSM331619,1,0.2723683714866638
11,2,GSM331620,1,0.3735564649105072
11,2,GSM331622,1,0.8085551857948303
11,2,GSM331623,1,0.09517742693424225
11,2,GSM331625,1,0.8249806761741638
11,2,GSM331628,1,0.2400105595588684
11,2,GSM331630,1,0.23628629744052887
11,2,GSM331634,1,0.2848066985607147
11,2,GSM331637,1,0.6305970549583435
11,2,GSM331639,1,0.41447019577026367
11,2,GSM331640,1,0.22214742004871368
11,2,GSM331644,1,0.6422964930534363
11,2,GSM331645,1,0.28917205333709717
11,2,GSM331646,1,0.1605980545282364
11,2,GSM331648,1,0.4986729025840759
11,2,GSM331649,1,0.5271887183189392
11,2,GSM331652,1,0.6985193490982056
11,2,GSM331659,1,0.889965832233429
12,1,GSM331660,0,0.06210366263985634
12,1,GSM331662,0,0.36966973543167114
12,1,GSM331664,0,0.14930932223796844
12,1,GSM331670,0,0.4940759837627411
12,1,GSM331671,0,0.7393600344657898
12,1,GSM331672,0,0.5253291130065918
12,1,GSM331674,0,0.7092516422271729
12,1,GSM331676,0,0.5155496001243591
12,1,GSM331677,0,0.19424036145210266
12,1,GSM331679,0,0.34710440039634705
12,1,GSM331681,0,0.7551214694976807
12,1,GSM331682,0,0.7751830816268921
12,1,GSM331683,0,0.507222056388855
12,1,GSM331686,0,0.8960071206092834
12,1,GSM331689,0,0.233133465051651
12,1,GSM331691,0,0.6489195227622986
12,1,GSM331694,0,0.425430029630661
12,1,GSM331695,0,0.36433976888656616
12,1,GSM331698,0,0.38913384079933167
12,1,GSM331700,0,0.4626196622848511
12,1,GSM331701,0,0.37471985816955566
12,1,GSM331705,0,0.6081799864768982
12,1,GSM331706,0,0.9589598774909973
12,1,GSM331709,0,0.16115443408489227
12,1,GSM331711,0,0.6364480257034302
12,1,GSM331712,0,0.5729172229766846
12,1,GSM331713,0,0.5708205103874207
12,1,GSM331717,0,0.8245139122009277
12,1,GSM331720,0,0.44887372851371765
12,1,GSM331721,0,0.9274305105209351
12,1,GSM331722,0,0.47365349531173706
12,1,GSM331723,0,0.9328006505966187
12,1,GSM331724,0,0.2920286953449249
12,1,GSM331726,0,0.061404965817928314
12,1,GSM331728,0,0.08110399544239044
12,1,GSM331729,0,0.0406685546040535
12,1,GSM331732,0,0.7807173132896423
12,1,GSM331453,1,0.5304401516914368
12,1,GSM331454,1,0.8645836114883423
12,1,GSM331456,1,0.8442355394363403
12,1,GSM331462,1,0.7597745656967163
12,1,GSM331465,1,0.7532650232315063
12,1,GSM331466,1,0.6797716021537781
12,1,GSM331470,1,0.2342001497745514
12,1,GSM331471,1,0.9084396362304688
12,1,GSM331473,1,0.2963520586490631
12,1,GSM331474,1,0.3715139329433441
12,1,GSM331480,1,0.5561965107917786
12,1,GSM331481,1,0.2698526084423065
12,1,GSM331483,1,0.7329133749008179
12,1,GSM331486,1,0.40794458985328674
12,1,GSM331488,1,0.35858896374702454
12,1,GSM331491,1,0.6527688503265381
12,1,GSM331494,1,0.7258167862892151
12,1,GSM331495,1,0.4386473000049591
12,1,GSM331496,1,0.16562415659427643
12,1,GSM331497,1,0.36475780606269836
12,1,GSM331499,1,0.28909599781036377
12,1,GSM331501,1,0.376823365688324
12,1,GSM331504,1,0.556938886642456
12,1,GSM331506,1,0.707425057888031
12,1,GSM331507,1,0.11412344127893448
12,1,GSM331508,1,0.7607071399688721
12,1,GSM331510,1,0.2507011294364929
12,1,GSM331512,1,0.5032463669776917
12,1,GSM331513,1,0.9217629432678223
12,1,GSM331514,1,0.20518028736114502
12,1,GSM331516,1,0.7427555918693542
12,1,GSM331517,1,0.48963505029678345
12,1,GSM331520,1,0.7501814961433411
12,1,GSM331522,1,0.31374499201774597
12,1,GSM331524,1,0.5622490048408508
12,1,GSM331526,1,0.8945803642272949
12,1,GSM331528,1,0.27524200081825256
12,1,GSM331530,1,0.4378092885017395
12,1,GSM331531,1,0.4847543239593506
12,1,GSM331532,1,0.3442011773586273
12,1,GSM331534,1,0.7165415287017822
12,1,GSM331539,1,0.4149317145347595
12,1,GSM331542,1,0.29348525404930115
12,1,GSM331543,1,0.863411545753479
12,1,GSM331545,1,0.6538861393928528
12,1,GSM331547,1,0.2638474404811859
12,1,GSM331548,1,0.517163097858429
12,1,GSM331550,1,0.19214825332164764
12,1,GSM331551,1,0.6338973045349121
12,1,GSM331553,1,0.9245312809944153
12,1,GSM331554,1,0.3382515013217926
12,1,GSM331555,1,0.21672143042087555
12,1,GSM331560,1,0.6311262249946594
12,1,GSM331561,1,0.7771894335746765
12,1,GSM331565,1,0.8653944134712219
12,1,GSM331566,1,0.6817700266838074
12,1,GSM331568,1,0.7890143394470215
12,1,GSM331569,1,0.7889342904090881
12,1,GSM331570,1,0.7285390496253967
12,1,GSM331571,1,0.5331935286521912
12,1,GSM331575,1,0.9131501317024231
12,1,GSM331576,1,0.4259485602378845
12,1,GSM331578,1,0.871671736240387
12,1,GSM331579,1,0.5017929077148438
12,1,GSM331580,1,0.2516125440597534
12,1,GSM331582,1,0.6324933171272278
12,1,GSM331587,1,0.39461278915405273
12,1,GSM331588,1,0.35770106315612793
12,1,GSM331592,1,0.47036832571029663
12,1,GSM331593,1,0.4281441569328308
12,1,GSM331595,1,0.6665775775909424
12,1,GSM331596,1,0.4503043591976166
12,1,GSM331597,1,0.7305160760879517
12,1,GSM331600,1,0.949463427066803
12,1,GSM331603,1,0.601273238658905
12,1,GSM331606,1,0.19068017601966858
12,1,GSM331607,1,0.6239281892776489
12,1,GSM331610,1,0.8906928896903992
12,1,GSM331611,1,0.6072708964347839
12,1,GSM331613,1,0.4070000946521759
12,1,GSM331615,1,0.5395062565803528
12,1,GSM331616,1,0.7371218204498291
12,1,GSM331617,1,0.7666779160499573
12,1,GSM331618,1,0.8709585666656494
12,1,GSM331620,1,0.44352713227272034
12,1,GSM331621,1,0.7387325763702393
12,1,GSM331624,1,0.5026036500930786
12,1,GSM331625,1,0.8727538585662842
12,1,GSM331626,1,0.4449571371078491
12,1,GSM331629,1,0.09600251913070679
12,1,GSM331631,1,0.29532504081726074
12,1,GSM331632,1,0.21448937058448792
12,1,GSM331633,1,0.1891912817955017
12,1,GSM331634,1,0.46347472071647644
12,1,GSM331635,1,0.42248913645744324
12,1,GSM331636,1,0.3081190586090088
12,1,GSM331637,1,0.5541093349456787
12,1,GSM331646,1,0.4231548011302948
12,1,GSM331649,1,0.621496319770813
12,1,GSM331653,1,0.46734297275543213
12,1,GSM331654,1,0.6822286248207092
12,1,GSM331657,1,0.9516640305519104
12,1,GSM331659,1,0.8386513590812683
12,2,GSM331638,0,0.3967481255531311
12,2,GSM331661,0,0.7213114500045776
12,2,GSM331663,0,0.2153993546962738
12,2,GSM331665,0,0.6875234246253967
12,2,GSM331666,0,0.14423036575317383
12,2,GSM331668,0,0.660290002822876
12,2,GSM331669,0,0.9638903737068176
12,2,GSM331673,0,0.3342370390892029
12,2,GSM331675,0,0.05866934731602669
12,2,GSM331678,0,0.026943914592266083
12,2,GSM331680,0,0.40828177332878113
12,2,GSM331684,0,0.13368737697601318
12,2,GSM331685,0,0.20037947595119476
12,2,GSM331687,0,0.22684690356254578
12,2,GSM331688,0,0.5066447854042053
12,2,GSM331690,0,0.7619941830635071
12,2,GSM331692,0,0.22110213339328766
12,2,GSM331693,0,0.43497180938720703
12,2,GSM331696,0,0.3068508505821228
12,2,GSM331697,0,0.15465739369392395
12,2,GSM331699,0,0.8176670074462891
12,2,GSM331702,0,0.7879441380500793
12,2,GSM331703,0,0.7529906630516052
12,2,GSM331704,0,0.4548144042491913
12,2,GSM331707,0,0.8048767447471619
12,2,GSM331708,0,0.87790447473526
12,2,GSM331710,0,0.03904767706990242
12,2,GSM331714,0,0.6508907079696655
12,2,GSM331715,0,0.4368996024131775
12,2,GSM331716,0,0.987949013710022
12,2,GSM331718,0,0.7567873001098633
12,2,GSM331719,0,0.10798398405313492
12,2,GSM331725,0,0.7588973045349121
12,2,GSM331727,0,0.32511913776397705
12,2,GSM331730,0,0.6994465589523315
12,2,GSM331731,0,0.7321782112121582
12,2,GSM331455,1,0.23708932101726532
12,2,GSM331457,1,0.7541662454605103
12,2,GSM331458,1,0.6414199471473694
12,2,GSM331459,1,0.8175793886184692
12,2,GSM331460,1,0.668313205242157
12,2,GSM331461,1,0.36293989419937134
12,2,GSM331463,1,0.34533941745758057
12,2,GSM331464,1,0.35758131742477417
12,2,GSM331467,1,0.1825304925441742
12,2,GSM331468,1,0.5771966576576233
12,2,GSM331469,1,0.5991246104240417
12,2,GSM331472,1,0.163736492395401
12,2,GSM331475,1,0.17744195461273193
12,2,GSM331476,1,0.5193371176719666
12,2,GSM331477,1,0.7210010886192322
12,2,GSM331478,1,0.33753469586372375
12,2,GSM331479,1,0.3985183835029602
12,2,GSM331482,1,0.15743333101272583
12,2,GSM331484,1,0.08310122787952423
12,2,GSM331485,1,0.5810083746910095
12,2,GSM331487,1,0.9057668447494507
12,2,GSM331489,1,0.654100775718689
12,2,GSM331490,1,0.5780896544456482
12,2,GSM331492,1,0.26570191979408264
12,2,GSM331493,1,0.2468353658914566
12,2,GSM331498,1,0.4865463376045227
12,2,GSM331500,1,0.5687364935874939
12,2,GSM331502,1,0.7232381701469421
12,2,GSM331503,1,0.31024202704429626
12,2,GSM331505,1,0.8865920901298523
12,2,GSM331509,1,0.2340729981660843
12,2,GSM331511,1,0.6201536059379578
12,2,GSM331515,1,0.26638534665107727
12,2,GSM331518,1,0.2735022306442261
12,2,GSM331519,1,0.3826925456523895
12,2,GSM331521,1,0.2920701205730438
12,2,GSM331523,1,0.6934283375740051
12,2,GSM331525,1,0.26725417375564575
12,2,GSM331527,1,0.5648946166038513
12,2,GSM331529,1,0.20756825804710388
12,2,GSM331533,1,0.7369740009307861
12,2,GSM331535,1,0.46698620915412903
12,2,GSM331536,1,0.44795700907707214
12,2,GSM331537,1,0.8583036065101624
12,2,GSM331538,1,0.2645565867424011
12,2,GSM331540,1,0.5080131888389587
12,2,GSM331541,1,0.8595868349075317
12,2,GSM331544,1,0.31840941309928894
12,2,GSM331546,1,0.35908928513526917
12,2,GSM331549,1,0.8836235404014587
12,2,GSM331552,1,0.3888830840587616
12,2,GSM331556,1,0.5348542928695679
12,2,GSM331557,1,0.6778653264045715
12,2,GSM331558,1,0.11270491778850555
12,2,GSM331559,1,0.8464242219924927
12,2,GSM331562,1,0.3955766558647156
12,2,GSM331563,1,0.6557531952857971
12,2,GSM331564,1,0.2691188454627991
12,2,GSM331567,1,0.40553364157676697
12,2,GSM331572,1,0.6736951470375061
12,2,GSM331573,1,0.8392066359519958
12,2,GSM331574,1,0.3174201250076294
12,2,GSM331577,1,0.6056736707687378
12,2,GSM331581,1,0.30102282762527466
12,2,GSM331583,1,0.49784213304519653
12,2,GSM331584,1,0.19426430761814117
12,2,GSM331585,1,0.7317782044410706
12,2,GSM331586,1,0.42208021879196167
12,2,GSM331589,1,0.5545622706413269
12,2,GSM331590,1,0.709180474281311
12,2,GSM331591,1,0.8438270688056946
12,2,GSM331594,1,0.3254898488521576
12,2,GSM331598,1,0.27805566787719727
12,2,GSM331599,1,0.8898277878761292
12,2,GSM331601,1,0.06342509388923645
12,2,GSM331602,1,0.22263139486312866
12,2,GSM331604,1,0.21162007749080658
12,2,GSM331605,1,0.5374139547348022
12,2,GSM331608,1,0.06800257414579391
12,2,GSM331609,1,0.49296092987060547
12,2,GSM331612,1,0.7500234842300415
12,2,GSM331614,1,0.24242502450942993
12,2,GSM331619,1,0.40008464455604553
12,2,GSM331622,1,0.7852539420127869
12,2,GSM331623,1,0.09245889633893967
12,2,GSM331627,1,0.5589026808738708
12,2,GSM331628,1,0.2763010263442993
12,2,GSM331630,1,0.5765416026115417
12,2,GSM331639,1,0.4916040897369385
12,2,GSM331640,1,0.24072708189487457
12,2,GSM331641,1,0.3994346261024475
12,2,GSM331642,1,0.41885459423065186
12,2,GSM331643,1,0.8910542130470276
12,2,GSM331644,1,0.5121031999588013
12,2,GSM331645,1,0.22915691137313843
12,2,GSM331647,1,0.4852309226989746
12,2,GSM331648,1,0.29459938406944275
12,2,GSM331650,1,0.4896225929260254
12,2,GSM331651,1,0.11889898777008057
12,2,GSM331652,1,0.752011239528656
12,2,GSM331655,1,0.500382125377655
12,2,GSM331656,1,0.17754612863063812
12,2,GSM331658,1,0.8141921162605286
13,1,GSM331662,0,0.6094929575920105
13,1,GSM331665,0,0.6336167454719543
13,1,GSM331666,0,0.47472766041755676
13,1,GSM331668,0,0.3574261963367462
13,1,GSM331670,0,0.5299187302589417
13,1,GSM331671,0,0.5261576175689697
13,1,GSM331672,0,0.4391818940639496
13,1,GSM331673,0,0.6798346042633057
13,1,GSM331676,0,0.48306113481521606
13,1,GSM331678,0,0.2305164933204651
13,1,GSM331680,0,0.6826809644699097
13,1,GSM331681,0,0.6007866263389587
13,1,GSM331686,0,0.3653160035610199
13,1,GSM331688,0,0.5542908310890198
13,1,GSM331689,0,0.4858033061027527
13,1,GSM331694,0,0.4888031482696533
13,1,GSM331695,0,0.44219306111335754
13,1,GSM331697,0,0.5559033155441284
13,1,GSM331699,0,0.5394306182861328
13,1,GSM331703,0,0.4300221800804138
13,1,GSM331704,0,0.4997830092906952
13,1,GSM331705,0,0.40153640508651733
13,1,GSM331706,0,0.5464603900909424
13,1,GSM331709,0,0.3060844838619232
13,1,GSM331710,0,0.43005362153053284
13,1,GSM331712,0,0.2895027995109558
13,1,GSM331716,0,0.7569155097007751
13,1,GSM331717,0,0.3978899121284485
13,1,GSM331718,0,0.5886322259902954
13,1,GSM331719,0,0.25138741731643677
13,1,GSM331722,0,0.5213642716407776
13,1,GSM331723,0,0.552958071231842
13,1,GSM331724,0,0.4519692361354828
13,1,GSM331725,0,0.7125673890113831
13,1,GSM331727,0,0.5492080450057983
13,1,GSM331730,0,0.27402713894844055
13,1,GSM331732,0,0.8026793003082275
13,1,GSM331453,1,0.28220805525779724
13,1,GSM331454,1,0.6032081246376038
13,1,GSM331456,1,0.42006292939186096
13,1,GSM331461,1,0.2659068703651428
13,1,GSM331462,1,0.5991480946540833
13,1,GSM331464,1,0.5070698261260986
13,1,GSM331465,1,0.3488081097602844
13,1,GSM331467,1,0.49470770359039307
13,1,GSM331471,1,0.6434668898582458
13,1,GSM331472,1,0.29717129468917847
13,1,GSM331474,1,0.491402268409729
13,1,GSM331475,1,0.36842748522758484
13,1,GSM331476,1,0.5615020394325256
13,1,GSM331477,1,0.22843299806118011
13,1,GSM331479,1,0.3929350972175598
13,1,GSM331482,1,0.4074016809463501
13,1,GSM331483,1,0.5128892064094543
13,1,GSM331485,1,0.6491366624832153
13,1,GSM331489,1,0.511868417263031
13,1,GSM331492,1,0.33510714769363403
13,1,GSM331496,1,0.25400876998901367
13,1,GSM331498,1,0.3505301773548126
13,1,GSM331502,1,0.7409581542015076
13,1,GSM331504,1,0.4224812984466553
13,1,GSM331507,1,0.6717923283576965
13,1,GSM331511,1,0.7602008581161499
13,1,GSM331512,1,0.5127655267715454
13,1,GSM331513,1,0.5380399823188782
13,1,GSM331516,1,0.5924978852272034
13,1,GSM331517,1,0.590666651725769
13,1,GSM331519,1,0.2975466251373291
13,1,GSM331520,1,0.5117736458778381
13,1,GSM331521,1,0.509909987449646
13,1,GSM331522,1,0.38012564182281494
13,1,GSM331523,1,0.6428679823875427
13,1,GSM331524,1,0.26251059770584106
13,1,GSM331529,1,0.4654509127140045
13,1,GSM331534,1,0.5586304068565369
13,1,GSM331535,1,0.42512282729148865
13,1,GSM331536,1,0.3289100229740143
13,1,GSM331540,1,0.6944295167922974
13,1,GSM331541,1,0.5628964900970459
13,1,GSM331543,1,0.46101486682891846
13,1,GSM331544,1,0.34465649724006653
13,1,GSM331548,1,0.5768691301345825
13,1,GSM331550,1,0.4369295537471771
13,1,GSM331551,1,0.5230421423912048
13,1,GSM331553,1,0.6179313659667969
13,1,GSM331555,1,0.3482471704483032
13,1,GSM331556,1,0.5386064052581787
13,1,GSM331557,1,0.6017515659332275
13,1,GSM331560,1,0.49492743611335754
13,1,GSM331561,1,0.44833505153656006
13,1,GSM331565,1,0.8463962078094482
13,1,GSM331566,1,0.30085819959640503
13,1,GSM331567,1,0.23697875440120697
13,1,GSM331568,1,0.8366852402687073
13,1,GSM331570,1,0.45722439885139465
13,1,GSM331571,1,0.7303653955459595
13,1,GSM331572,1,0.4714924991130829
13,1,GSM331574,1,0.4327685832977295
13,1,GSM331575,1,0.4942172169685364
13,1,GSM331577,1,0.4826314151287079
13,1,GSM331578,1,0.6535809636116028
13,1,GSM331580,1,0.5037112236022949
13,1,GSM331586,1,0.23722617328166962
13,1,GSM331589,1,0.5353083610534668
13,1,GSM331591,1,0.5292602777481079
13,1,GSM331592,1,0.28607413172721863
13,1,GSM331594,1,0.7047219276428223
13,1,GSM331599,1,0.49724653363227844
13,1,GSM331601,1,0.13418328762054443
13,1,GSM331602,1,0.4264838397502899
13,1,GSM331603,1,0.3514684736728668
13,1,GSM331605,1,0.5039745569229126
13,1,GSM331607,1,0.6739553213119507
13,1,GSM331608,1,0.25704172253608704
13,1,GSM331609,1,0.607978343963623
13,1,GSM331613,1,0.3752153217792511
13,1,GSM331614,1,0.5351223945617676
13,1,GSM331617,1,0.5425972938537598
13,1,GSM331618,1,0.3605327606201172
13,1,GSM331620,1,0.3839666545391083
13,1,GSM331621,1,0.4759407639503479
13,1,GSM331624,1,0.4356395900249481
13,1,GSM331626,1,0.25841787457466125
13,1,GSM331628,1,0.3878500759601593
13,1,GSM331630,1,0.37998586893081665
13,1,GSM331631,1,0.35363686084747314
13,1,GSM331635,1,0.15443070232868195
13,1,GSM331637,1,0.34610942006111145
13,1,GSM331640,1,0.25375813245773315
13,1,GSM331641,1,0.6077877283096313
13,1,GSM331642,1,0.5655103921890259
13,1,GSM331643,1,0.7024452090263367
13,1,GSM331645,1,0.36985188722610474
13,1,GSM331646,1,0.49124929308891296
13,1,GSM331647,1,0.7185324430465698
13,1,GSM331648,1,0.26108938455581665
13,1,GSM331653,1,0.5298601984977722
13,1,GSM331655,1,0.35619521141052246
13,1,GSM331656,1,0.30651023983955383
13,1,GSM331657,1,0.6657302975654602
13,2,GSM331638,0,0.5379536747932434
13,2,GSM331660,0,0.43250057101249695
13,2,GSM331661,0,0.5751488208770752
13,2,GSM331663,0,0.33631399273872375
13,2,GSM331664,0,0.27429649233818054
13,2,GSM331669,0,0.7815093994140625
13,2,GSM331674,0,0.47880253195762634
13,2,GSM331675,0,0.16014645993709564
13,2,GSM331677,0,0.4975845515727997
13,2,GSM331679,0,0.5393117666244507
13,2,GSM331682,0,0.3917456269264221
13,2,GSM331683,0,0.7511337399482727
13,2,GSM331684,0,0.39571547508239746
13,2,GSM331685,0,0.7485870718955994
13,2,GSM331687,0,0.3659019470214844
13,2,GSM331690,0,0.6632236242294312
13,2,GSM331691,0,0.6279033422470093
13,2,GSM331692,0,0.2888442277908325
13,2,GSM331693,0,0.37524905800819397
13,2,GSM331696,0,0.4925590753555298
13,2,GSM331698,0,0.2997041642665863
13,2,GSM331700,0,0.6297063827514648
13,2,GSM331701,0,0.37250563502311707
13,2,GSM331702,0,0.4892895519733429
13,2,GSM331707,0,0.6947380304336548
13,2,GSM331708,0,0.880854606628418
13,2,GSM331711,0,0.7025285959243774
13,2,GSM331713,0,0.5491867065429688
13,2,GSM331714,0,0.7852350473403931
13,2,GSM331715,0,0.45320478081703186
13,2,GSM331720,0,0.8361546993255615
13,2,GSM331721,0,0.6192000508308411
13,2,GSM331726,0,0.3316710591316223
13,2,GSM331728,0,0.37895089387893677
13,2,GSM331729,0,0.31290847063064575
13,2,GSM331731,0,0.8413769602775574
13,2,GSM331455,1,0.2092989832162857
13,2,GSM331457,1,0.46310704946517944
13,2,GSM331458,1,0.41356128454208374
13,2,GSM331459,1,0.9313133955001831
13,2,GSM331460,1,0.5742543935775757
13,2,GSM331463,1,0.38510996103286743
13,2,GSM331466,1,0.7665030360221863
13,2,GSM331468,1,0.2989044189453125
13,2,GSM331469,1,0.6103702783584595
13,2,GSM331470,1,0.5040348768234253
13,2,GSM331473,1,0.507655143737793
13,2,GSM331478,1,0.6594443917274475
13,2,GSM331480,1,0.4929828345775604
13,2,GSM331481,1,0.7076107263565063
13,2,GSM331484,1,0.3558657765388489
13,2,GSM331486,1,0.7045989632606506
13,2,GSM331487,1,0.7548568248748779
13,2,GSM331488,1,0.6595433950424194
13,2,GSM331490,1,0.29546040296554565
13,2,GSM331491,1,0.6483608484268188
13,2,GSM331493,1,0.2821497321128845
13,2,GSM331494,1,0.8511078953742981
13,2,GSM331495,1,0.6030869483947754
13,2,GSM331497,1,0.8606112003326416
13,2,GSM331499,1,0.2580660283565521
13,2,GSM331500,1,0.3094022870063782
13,2,GSM331501,1,0.45757773518562317
13,2,GSM331503,1,0.4786047041416168
13,2,GSM331505,1,0.6249991059303284
13,2,GSM331506,1,0.6502942442893982
13,2,GSM331508,1,0.7841166853904724
13,2,GSM331509,1,0.24088436365127563
13,2,GSM331510,1,0.3600130081176758
13,2,GSM331514,1,0.47599563002586365
13,2,GSM331515,1,0.43112531304359436
13,2,GSM331518,1,0.5581066608428955
13,2,GSM331525,1,0.5224011540412903
13,2,GSM331526,1,0.5125786662101746
13,2,GSM331527,1,0.24528156220912933
13,2,GSM331528,1,0.6437450051307678
13,2,GSM331530,1,0.39740079641342163
13,2,GSM331531,1,0.6655704379081726
13,2,GSM331532,1,0.627667248249054
13,2,GSM331533,1,0.7568219900131226
13,2,GSM331537,1,0.7765175104141235
13,2,GSM331538,1,0.2851306200027466
13,2,GSM331539,1,0.5428285002708435
13,2,GSM331542,1,0.5659692287445068
13,2,GSM331545,1,0.6801424026489258
13,2,GSM331546,1,0.5670209527015686
13,2,GSM331547,1,0.5641577243804932
13,2,GSM331549,1,0.7308816909790039
13,2,GSM331552,1,0.20815050601959229
13,2,GSM331554,1,0.5059199929237366
13,2,GSM331558,1,0.4387170970439911
13,2,GSM331559,1,0.6569381952285767
13,2,GSM331562,1,0.6842845678329468
13,2,GSM331563,1,0.766464352607727
13,2,GSM331564,1,0.5449519753456116
13,2,GSM331569,1,0.44061538577079773
13,2,GSM331573,1,0.7987135648727417
13,2,GSM331576,1,0.4931010603904724
13,2,GSM331579,1,0.5708311796188354
13,2,GSM331581,1,0.19596260786056519
13,2,GSM331582,1,0.740909993648529
13,2,GSM331583,1,0.5561597943305969
13,2,GSM331584,1,0.4630972445011139
13,2,GSM331585,1,0.5031530261039734
13,2,GSM331587,1,0.7013715505599976
13,2,GSM331588,1,0.7353478670120239
13,2,GSM331590,1,0.4013599753379822
13,2,GSM331593,1,0.21484798192977905
13,2,GSM331595,1,0.5493431687355042
13,2,GSM331596,1,0.5315942764282227
13,2,GSM331597,1,0.5036447048187256
13,2,GSM331598,1,0.625339150428772
13,2,GSM331600,1,0.6868657469749451
13,2,GSM331604,1,0.22360552847385406
13,2,GSM331606,1,0.2547255754470825
13,2,GSM331610,1,0.567263126373291
13,2,GSM331611,1,0.614542543888092
13,2,GSM331612,1,0.5932875275611877
13,2,GSM331615,1,0.5033207535743713
13,2,GSM331616,1,0.45151281356811523
13,2,GSM331619,1,0.4687957465648651
13,2,GSM331622,1,0.7900019884109497
13,2,GSM331623,1,0.4259364902973175
13,2,GSM331625,1,0.47452089190483093
13,2,GSM331627,1,0.530942440032959
13,2,GSM331629,1,0.36484310030937195
13,2,GSM331632,1,0.4649207890033722
13,2,GSM331633,1,0.3416682183742523
13,2,GSM331634,1,0.35444119572639465
13,2,GSM331636,1,0.38313931226730347
13,2,GSM331639,1,0.5303956866264343
13,2,GSM331644,1,0.4766699969768524
13,2,GSM331649,1,0.6344135999679565
13,2,GSM331650,1,0.5110238790512085
13,2,GSM331651,1,0.33328354358673096
13,2,GSM331652,1,0.8222764730453491
13,2,GSM331654,1,0.7221484780311584
13,2,GSM331658,1,0.6240885853767395
13,2,GSM331659,1,0.7037800550460815
14,1,GSM331660,0,0.1105911135673523
14,1,GSM331661,0,0.7187257409095764
14,1,GSM331666,0,0.09314248710870743
14,1,GSM331668,0,0.46635758876800537
14,1,GSM331669,0,0.8636492490768433
14,1,GSM331670,0,0.6985921263694763
14,1,GSM331671,0,0.8192031979560852
14,1,GSM331673,0,0.5439759492874146
14,1,GSM331674,0,0.780135989189148
14,1,GSM331676,0,0.46422144770622253
14,1,GSM331677,0,0.27483850717544556
14,1,GSM331679,0,0.5655590295791626
14,1,GSM331680,0,0.6930981874465942
14,1,GSM331681,0,0.4131321907043457
14,1,GSM331687,0,0.1786995530128479
14,1,GSM331688,0,0.4814724624156952
14,1,GSM331689,0,0.2724592387676239
14,1,GSM331690,0,0.796113908290863
14,1,GSM331691,0,0.42759978771209717
14,1,GSM331692,0,0.2788124680519104
14,1,GSM331694,0,0.5475045442581177
14,1,GSM331696,0,0.4035227298736572
14,1,GSM331697,0,0.1780109852552414
14,1,GSM331698,0,0.48028767108917236
14,1,GSM331699,0,0.8458410501480103
14,1,GSM331700,0,0.5823768377304077
14,1,GSM331704,0,0.46396777033805847
14,1,GSM331710,0,0.10653894394636154
14,1,GSM331711,0,0.1995343565940857
14,1,GSM331713,0,0.4130093455314636
14,1,GSM331714,0,0.66875159740448
14,1,GSM331716,0,0.9067831635475159
14,1,GSM331717,0,0.6787271499633789
14,1,GSM331718,0,0.7235985994338989
14,1,GSM331721,0,0.8902831673622131
14,1,GSM331726,0,0.06093905493617058
14,1,GSM331728,0,0.08530614525079727
14,1,GSM331455,1,0.3682118356227875
14,1,GSM331460,1,0.8064268231391907
14,1,GSM331465,1,0.33283716440200806
14,1,GSM331466,1,0.8255294561386108
14,1,GSM331468,1,0.5913269519805908
14,1,GSM331473,1,0.4681519865989685
14,1,GSM331474,1,0.5618886947631836
14,1,GSM331475,1,0.4524061977863312
14,1,GSM331476,1,0.5803627967834473
14,1,GSM331477,1,0.34197932481765747
14,1,GSM331481,1,0.43956446647644043
14,1,GSM331482,1,0.28299447894096375
14,1,GSM331484,1,0.12685604393482208
14,1,GSM331485,1,0.7307275533676147
14,1,GSM331489,1,0.7426815032958984
14,1,GSM331490,1,0.5164565443992615
14,1,GSM331492,1,0.31252139806747437
14,1,GSM331493,1,0.1351262927055359
14,1,GSM331495,1,0.3769788444042206
14,1,GSM331496,1,0.43677255511283875
14,1,GSM331499,1,0.24341586232185364
14,1,GSM331502,1,0.7396606206893921
14,1,GSM331503,1,0.3119361400604248
14,1,GSM331506,1,0.5162062644958496
14,1,GSM331507,1,0.16220496594905853
14,1,GSM331508,1,0.7139771580696106
14,1,GSM331509,1,0.22786223888397217
14,1,GSM331510,1,0.19888164103031158
14,1,GSM331511,1,0.7816950678825378
14,1,GSM331513,1,0.8373767137527466
14,1,GSM331515,1,0.24047929048538208
14,1,GSM331516,1,0.7813852429389954
14,1,GSM331518,1,0.34760281443595886
14,1,GSM331519,1,0.39408454298973083
14,1,GSM331520,1,0.6280236840248108
14,1,GSM331524,1,0.3622879683971405
14,1,GSM331525,1,0.35760074853897095
14,1,GSM331527,1,0.5880789756774902
14,1,GSM331529,1,0.24916116893291473
14,1,GSM331530,1,0.12476019561290741
14,1,GSM331531,1,0.6337555646896362
14,1,GSM331532,1,0.28993409872055054
14,1,GSM331533,1,0.6184136271476746
14,1,GSM331534,1,0.8396007418632507
14,1,GSM331536,1,0.5437984466552734
14,1,GSM331542,1,0.3747346103191376
14,1,GSM331543,1,0.5546879172325134
14,1,GSM331547,1,0.31870102882385254
14,1,GSM331552,1,0.4707096517086029
14,1,GSM331553,1,0.6720733642578125
14,1,GSM331560,1,0.8461156487464905
14,1,GSM331561,1,0.5419281721115112
14,1,GSM331562,1,0.6786524057388306
14,1,GSM331564,1,0.2493409663438797
14,1,GSM331565,1,0.8249329328536987
14,1,GSM331567,1,0.2821643054485321
14,1,GSM331569,1,0.7149664163589478
14,1,GSM331572,1,0.46006518602371216
14,1,GSM331577,1,0.5693053603172302
14,1,GSM331578,1,0.7692841291427612
14,1,GSM331585,1,0.5763737559318542
14,1,GSM331588,1,0.34662380814552307
14,1,GSM331589,1,0.5708391666412354
14,1,GSM331590,1,0.3775554895401001
14,1,GSM331593,1,0.25467732548713684
14,1,GSM331594,1,0.415748655796051
14,1,GSM331596,1,0.36890989542007446
14,1,GSM331597,1,0.5080256462097168
14,1,GSM331598,1,0.7710227370262146
14,1,GSM331599,1,0.7969893217086792
14,1,GSM331600,1,0.9055740833282471
14,1,GSM331605,1,0.45197543501853943
14,1,GSM331607,1,0.8748798966407776
14,1,GSM331608,1,0.19061028957366943
14,1,GSM331609,1,0.5618700981140137
14,1,GSM331610,1,0.8627856969833374
14,1,GSM331611,1,0.4357682168483734
14,1,GSM331615,1,0.258249431848526
14,1,GSM331617,1,0.36830806732177734
14,1,GSM331618,1,0.511005163192749
14,1,GSM331621,1,0.6340538859367371
14,1,GSM331623,1,0.19574826955795288
14,1,GSM331625,1,0.805589497089386
14,1,GSM331626,1,0.26688116788864136
14,1,GSM331627,1,0.6154671311378479
14,1,GSM331631,1,0.4210841655731201
14,1,GSM331634,1,0.7221581935882568
14,1,GSM331635,1,0.2874692976474762
14,1,GSM331636,1,0.4440193474292755
14,1,GSM331637,1,0.3530377149581909
14,1,GSM331639,1,0.34617558121681213
14,1,GSM331640,1,0.271156907081604
14,1,GSM331641,1,0.7881550788879395
14,1,GSM331645,1,0.3019697666168213
14,1,GSM331646,1,0.31059709191322327
14,1,GSM331647,1,0.4039674997329712
14,1,GSM331648,1,0.37877774238586426
14,1,GSM331649,1,0.3633173704147339
14,1,GSM331652,1,0.7334728240966797
14,1,GSM331655,1,0.7211884260177612
14,1,GSM331656,1,0.2078259438276291
14,1,GSM331658,1,0.7003659009933472
14,1,GSM331659,1,0.803077220916748
14,2,GSM331638,0,0.5869922041893005
14,2,GSM331662,0,0.5555214881896973
14,2,GSM331663,0,0.5110467672348022
14,2,GSM331664,0,0.33198273181915283
14,2,GSM331665,0,0.8366445302963257
14,2,GSM331672,0,0.4767933189868927
14,2,GSM331675,0,0.10171758383512497
14,2,GSM331678,0,0.16646549105644226
14,2,GSM331682,0,0.5762381553649902
14,2,GSM331683,0,0.6220687031745911
14,2,GSM331684,0,0.19779789447784424
14,2,GSM331685,0,0.16845981776714325
14,2,GSM331686,0,0.619062602519989
14,2,GSM331693,0,0.32225391268730164
14,2,GSM331695,0,0.3442935645580292
14,2,GSM331701,0,0.5020248889923096
14,2,GSM331702,0,0.5898874402046204
14,2,GSM331703,0,0.479932963848114
14,2,GSM331705,0,0.5797218680381775
14,2,GSM331706,0,0.6163835525512695
14,2,GSM331707,0,0.8243905305862427
14,2,GSM331708,0,0.834291398525238
14,2,GSM331709,0,0.1814485639333725
14,2,GSM331712,0,0.4984179735183716
14,2,GSM331715,0,0.4822409152984619
14,2,GSM331719,0,0.08467277884483337
14,2,GSM331720,0,0.41971278190612793
14,2,GSM331722,0,0.5141291618347168
14,2,GSM331723,0,0.9480087161064148
14,2,GSM331724,0,0.2545008957386017
14,2,GSM331725,0,0.8295958638191223
14,2,GSM331727,0,0.274533748626709
14,2,GSM331729,0,0.09613846987485886
14,2,GSM331730,0,0.25664088129997253
14,2,GSM331731,0,0.7577246427536011
14,2,GSM331732,0,0.8415086269378662
14,2,GSM331453,1,0.4583020806312561
14,2,GSM331454,1,0.7546181082725525
14,2,GSM331456,1,0.41625991463661194
14,2,GSM331457,1,0.8164504766464233
14,2,GSM331458,1,0.4231009781360626
14,2,GSM331459,1,0.7701316475868225
14,2,GSM331461,1,0.5359882116317749
14,2,GSM331462,1,0.6049098968505859
14,2,GSM331463,1,0.1804664433002472
14,2,GSM331464,1,0.32007408142089844
14,2,GSM331467,1,0.4007340669631958
14,2,GSM331469,1,0.43381401896476746
14,2,GSM331470,1,0.6798157095909119
14,2,GSM331471,1,0.8005810379981995
14,2,GSM331472,1,0.4846041202545166
14,2,GSM331478,1,0.4667227566242218
14,2,GSM331479,1,0.5833058953285217
14,2,GSM331480,1,0.5178021192550659
14,2,GSM331483,1,0.5748012065887451
14,2,GSM331486,1,0.6324620842933655
14,2,GSM331487,1,0.736936092376709
14,2,GSM331488,1,0.7727342247962952
14,2,GSM331491,1,0.5552375316619873
14,2,GSM331494,1,0.6897028088569641
14,2,GSM331497,1,0.6325010061264038
14,2,GSM331498,1,0.43536609411239624
14,2,GSM331500,1,0.7406452298164368
14,2,GSM331501,1,0.583229124546051
14,2,GSM331504,1,0.7258147597312927
14,2,GSM331505,1,0.7551096081733704
14,2,GSM331512,1,0.6893541216850281
14,2,GSM331514,1,0.2878184914588928
14,2,GSM331517,1,0.5671440958976746
14,2,GSM331521,1,0.37223461270332336
14,2,GSM331522,1,0.3930356800556183
14,2,GSM331523,1,0.4746517539024353
14,2,GSM331526,1,0.7009117007255554
14,2,GSM331528,1,0.392791748046875
14,2,GSM331535,1,0.5600717663764954
14,2,GSM331537,1,0.7363784313201904
14,2,GSM331538,1,0.139498770236969
14,2,GSM331539,1,0.4839782416820526
14,2,GSM331540,1,0.7983441948890686
14,2,GSM331541,1,0.8205955624580383
14,2,GSM331544,1,0.5518433451652527
14,2,GSM331545,1,0.7802298069000244
14,2,GSM331546,1,0.43107351660728455
14,2,GSM331548,1,0.6061465740203857
14,2,GSM331549,1,0.856696367263794
14,2,GSM331550,1,0.4159034490585327
14,2,GSM331551,1,0.5402312278747559
14,2,GSM331554,1,0.41958120465278625
14,2,GSM331555,1,0.40136298537254333
14,2,GSM331556,1,0.5189290046691895
14,2,GSM331557,1,0.6203564405441284
14,2,GSM331558,1,0.2540779113769531
14,2,GSM331559,1,0.796531081199646
14,2,GSM331563,1,0.860377311706543
14,2,GSM331566,1,0.6525017023086548
14,2,GSM331568,1,0.7640939354896545
14,2,GSM331570,1,0.4900428354740143
14,2,GSM331571,1,0.7188712358474731
14,2,GSM331573,1,0.8048350811004639
14,2,GSM331574,1,0.25819677114486694
14,2,GSM331575,1,0.8489145040512085
14,2,GSM331576,1,0.38286277651786804
14,2,GSM331579,1,0.45024415850639343
14,2,GSM331580,1,0.26848238706588745
14,2,GSM331581,1,0.28998252749443054
14,2,GSM331582,1,0.8303029537200928
14,2,GSM331583,1,0.45781978964805603
14,2,GSM331584,1,0.35245856642723083
14,2,GSM331586,1,0.26678481698036194
14,2,GSM331587,1,0.5015788078308105
14,2,GSM331591,1,0.6387940645217896
14,2,GSM331592,1,0.4280525743961334
14,2,GSM331595,1,0.7234362959861755
14,2,GSM331601,1,0.2587147653102875
14,2,GSM331602,1,0.525062084197998
14,2,GSM331603,1,0.483216255903244
14,2,GSM331604,1,0.32247281074523926
14,2,GSM331606,1,0.11158314347267151
14,2,GSM331612,1,0.7665054202079773
14,2,GSM331613,1,0.5312831997871399
14,2,GSM331614,1,0.48571455478668213
14,2,GSM331616,1,0.40159642696380615
14,2,GSM331619,1,0.6313487887382507
14,2,GSM331620,1,0.5440227389335632
14,2,GSM331622,1,0.6071668267250061
14,2,GSM331624,1,0.5508790016174316
14,2,GSM331628,1,0.42126360535621643
14,2,GSM331629,1,0.24339808523654938
14,2,GSM331630,1,0.4891231060028076
14,2,GSM331632,1,0.3144858479499817
14,2,GSM331633,1,0.2038271278142929
14,2,GSM331642,1,0.4605953097343445
14,2,GSM331643,1,0.7618693113327026
14,2,GSM331644,1,0.4687454104423523
14,2,GSM331650,1,0.34555086493492126
14,2,GSM331651,1,0.2985116243362427
14,2,GSM331653,1,0.5931752324104309
14,2,GSM331654,1,0.8301726579666138
14,2,GSM331657,1,0.8462639451026917
15,1,GSM331662,0,0.6689068675041199
15,1,GSM331663,0,0.3264533579349518
15,1,GSM331664,0,0.3827633559703827
15,1,GSM331668,0,0.8197299838066101
15,1,GSM331669,0,0.9116571545600891
15,1,GSM331670,0,0.6620556712150574
15,1,GSM331671,0,0.8101757168769836
15,1,GSM331672,0,0.5160077810287476
15,1,GSM331673,0,0.5203293561935425
15,1,GSM331674,0,0.5155237913131714
15,1,GSM331678,0,0.41521695256233215
15,1,GSM331680,0,0.9636037349700928
15,1,GSM331681,0,0.35205575823783875
15,1,GSM331686,0,0.4976326823234558
15,1,GSM331689,0,0.5030308961868286
15,1,GSM331694,0,0.6953210830688477
15,1,GSM331695,0,0.36534297466278076
15,1,GSM331696,0,0.38665345311164856
15,1,GSM331698,0,0.33775174617767334
15,1,GSM331699,0,0.42490318417549133
15,1,GSM331700,0,0.6611206531524658
15,1,GSM331701,0,0.5367389917373657
15,1,GSM331702,0,0.7096113562583923
15,1,GSM331704,0,0.5947648882865906
15,1,GSM331705,0,0.41104355454444885
15,1,GSM331708,0,0.9097926020622253
15,1,GSM331709,0,0.15428943932056427
15,1,GSM331712,0,0.2685423791408539
15,1,GSM331716,0,0.8789457678794861
15,1,GSM331717,0,0.7900165915489197
15,1,GSM331719,0,0.12970265746116638
15,1,GSM331720,0,0.8216882348060608
15,1,GSM331722,0,0.8040571212768555
15,1,GSM331723,0,0.7479223608970642
15,1,GSM331724,0,0.3692358136177063
15,1,GSM331731,0,0.8105005025863647
15,1,GSM331732,0,0.5201530456542969
15,1,GSM331456,1,0.664679229259491
15,1,GSM331457,1,0.5538493990898132
15,1,GSM331461,1,0.6956758499145508
15,1,GSM331465,1,0.44763296842575073
15,1,GSM331467,1,0.23792120814323425
15,1,GSM331469,1,0.5741207003593445
15,1,GSM331471,1,0.6613439321517944
15,1,GSM331474,1,0.718834400177002
15,1,GSM331475,1,0.4283674657344818
15,1,GSM331476,1,0.8286035060882568
15,1,GSM331477,1,0.4601818323135376
15,1,GSM331479,1,0.638603150844574
15,1,GSM331480,1,0.5688527226448059
15,1,GSM331483,1,0.6646474003791809
15,1,GSM331484,1,0.3413849472999573
15,1,GSM331486,1,0.8101258277893066
15,1,GSM331487,1,0.791680634021759
15,1,GSM331488,1,0.5358633995056152
15,1,GSM331491,1,0.6498369574546814
15,1,GSM331492,1,0.3491102457046509
15,1,GSM331493,1,0.45258742570877075
15,1,GSM331494,1,0.887019693851471
15,1,GSM331495,1,0.6354533433914185
15,1,GSM331496,1,0.5041220784187317
15,1,GSM331501,1,0.6143154501914978
15,1,GSM331503,1,0.5957097411155701
15,1,GSM331504,1,0.3790881931781769
15,1,GSM331505,1,0.5700046420097351
15,1,GSM331506,1,0.7132025361061096
15,1,GSM331507,1,0.41655978560447693
15,1,GSM331509,1,0.6411449909210205
15,1,GSM331510,1,0.43842992186546326
15,1,GSM331511,1,0.6537671089172363
15,1,GSM331513,1,0.5790270566940308
15,1,GSM331517,1,0.6907121539115906
15,1,GSM331520,1,0.6565111875534058
15,1,GSM331521,1,0.38919755816459656
15,1,GSM331522,1,0.6643350720405579
15,1,GSM331523,1,0.6733047366142273
15,1,GSM331524,1,0.3612138330936432
15,1,GSM331526,1,0.40101000666618347
15,1,GSM331530,1,0.4773961305618286
15,1,GSM331532,1,0.22120216488838196
15,1,GSM331534,1,0.5241744518280029
15,1,GSM331535,1,0.5034945607185364
15,1,GSM331536,1,0.47823524475097656
15,1,GSM331538,1,0.36596545577049255
15,1,GSM331541,1,0.8954554796218872
15,1,GSM331542,1,0.6722946763038635
15,1,GSM331543,1,0.7203683853149414
15,1,GSM331544,1,0.3330049514770508
15,1,GSM331545,1,0.8596444129943848
15,1,GSM331547,1,0.7333570718765259
15,1,GSM331548,1,0.8226898312568665
15,1,GSM331549,1,0.9191972613334656
15,1,GSM331550,1,0.4818365275859833
15,1,GSM331555,1,0.35320615768432617
15,1,GSM331556,1,0.8043375611305237
15,1,GSM331559,1,0.8312757611274719
15,1,GSM331561,1,0.46437570452690125
15,1,GSM331562,1,0.5096408128738403
15,1,GSM331563,1,0.7521422505378723
15,1,GSM331564,1,0.6589809656143188
15,1,GSM331565,1,0.762908399105072
15,1,GSM331569,1,0.36261245608329773
15,1,GSM331574,1,0.8000917434692383
15,1,GSM331576,1,0.3638680577278137
15,1,GSM331577,1,0.5719068646430969
15,1,GSM331579,1,0.4635045528411865
15,1,GSM331580,1,0.5549736022949219
15,1,GSM331581,1,0.20577599108219147
15,1,GSM331582,1,0.5635738372802734
15,1,GSM331584,1,0.5398478507995605
15,1,GSM331585,1,0.8296345472335815
15,1,GSM331589,1,0.5041271448135376
15,1,GSM331590,1,0.4741191864013672
15,1,GSM331592,1,0.4479903280735016
15,1,GSM331594,1,0.7999839186668396
15,1,GSM331595,1,0.6730111241340637
15,1,GSM331599,1,0.8743475079536438
15,1,GSM331602,1,0.24522805213928223
15,1,GSM331604,1,0.29437726736068726
15,1,GSM331605,1,0.43549981713294983
15,1,GSM331607,1,0.7345795035362244
15,1,GSM331610,1,0.6743991374969482
15,1,GSM331611,1,0.7292938828468323
15,1,GSM331618,1,0.4971398115158081
15,1,GSM331619,1,0.3925785720348358
15,1,GSM331620,1,0.5435583591461182
15,1,GSM331621,1,0.39574331045150757
15,1,GSM331628,1,0.41268935799598694
15,1,GSM331637,1,0.4448578357696533
15,1,GSM331641,1,0.6518604159355164
15,1,GSM331643,1,0.8905216455459595
15,1,GSM331644,1,0.5692139267921448
15,1,GSM331645,1,0.13995057344436646
15,1,GSM331646,1,0.1844773143529892
15,1,GSM331647,1,0.6050187945365906
15,1,GSM331648,1,0.49393612146377563
15,1,GSM331649,1,0.7212935090065002
15,1,GSM331653,1,0.5002692937850952
15,1,GSM331656,1,0.13899168372154236
15,1,GSM331657,1,0.8069201707839966
15,2,GSM331638,0,0.6138072609901428
15,2,GSM331660,0,0.2563767731189728
15,2,GSM331661,0,0.6181386113166809
15,2,GSM331665,0,0.771714985370636
15,2,GSM331666,0,0.5929027199745178
15,2,GSM331675,0,0.07880512624979019
15,2,GSM331676,0,0.5282504558563232
15,2,GSM331677,0,0.14168371260166168
15,2,GSM331679,0,0.4698210656642914
15,2,GSM331682,0,0.20059441030025482
15,2,GSM331683,0,0.7897883653640747
15,2,GSM331684,0,0.1383352130651474
15,2,GSM331685,0,0.6983432173728943
15,2,GSM331687,0,0.17973659932613373
15,2,GSM331688,0,0.4900863468647003
15,2,GSM331690,0,0.7208179831504822
15,2,GSM331691,0,0.8039960265159607
15,2,GSM331692,0,0.10164927691221237
15,2,GSM331693,0,0.21353229880332947
15,2,GSM331697,0,0.19169631600379944
15,2,GSM331703,0,0.6719523668289185
15,2,GSM331706,0,0.6786370277404785
15,2,GSM331707,0,0.5799020528793335
15,2,GSM331710,0,0.06941229850053787
15,2,GSM331711,0,0.6304301023483276
15,2,GSM331713,0,0.4029392600059509
15,2,GSM331714,0,0.7930173277854919
15,2,GSM331715,0,0.4017459452152252
15,2,GSM331718,0,0.8673925399780273
15,2,GSM331721,0,0.7239823341369629
15,2,GSM331725,0,0.6543235182762146
15,2,GSM331726,0,0.23696616291999817
15,2,GSM331727,0,0.5503916144371033
15,2,GSM331728,0,0.24301540851593018
15,2,GSM331729,0,0.08744284510612488
15,2,GSM331730,0,0.34853577613830566
15,2,GSM331453,1,0.4421481490135193
15,2,GSM331454,1,0.5109466314315796
15,2,GSM331455,1,0.17706456780433655
15,2,GSM331458,1,0.5231504440307617
15,2,GSM331459,1,0.6344023942947388
15,2,GSM331460,1,0.6518948078155518
15,2,GSM331462,1,0.6582186222076416
15,2,GSM331463,1,0.35452401638031006
15,2,GSM331464,1,0.5075709223747253
15,2,GSM331466,1,0.7031141519546509
15,2,GSM331468,1,0.32836952805519104
15,2,GSM331470,1,0.7598884701728821
15,2,GSM331472,1,0.31738582253456116
15,2,GSM331473,1,0.5113065242767334
15,2,GSM331478,1,0.7823446393013
15,2,GSM331481,1,0.5968664884567261
15,2,GSM331482,1,0.09029806405305862
15,2,GSM331485,1,0.6408251523971558
15,2,GSM331489,1,0.42261651158332825
15,2,GSM331490,1,0.3267730176448822
15,2,GSM331497,1,0.7451847195625305
15,2,GSM331498,1,0.2572701573371887
15,2,GSM331499,1,0.22569610178470612
15,2,GSM331500,1,0.3949437737464905
15,2,GSM331502,1,0.915363073348999
15,2,GSM331508,1,0.8563626408576965
15,2,GSM331512,1,0.7906465530395508
15,2,GSM331514,1,0.45289501547813416
15,2,GSM331515,1,0.31644362211227417
15,2,GSM331516,1,0.8406921625137329
15,2,GSM331518,1,0.77126145362854
15,2,GSM331519,1,0.2913186848163605
15,2,GSM331525,1,0.6696651577949524
15,2,GSM331527,1,0.25223928689956665
15,2,GSM331528,1,0.20517554879188538
15,2,GSM331529,1,0.7079604864120483
15,2,GSM331531,1,0.5767281651496887
15,2,GSM331533,1,0.5863126516342163
15,2,GSM331537,1,0.7978990077972412
15,2,GSM331539,1,0.451649934053421
15,2,GSM331540,1,0.7357435822486877
15,2,GSM331546,1,0.5389906764030457
15,2,GSM331551,1,0.6683867573738098
15,2,GSM331552,1,0.26638397574424744
15,2,GSM331553,1,0.5380403995513916
15,2,GSM331554,1,0.48512664437294006
15,2,GSM331557,1,0.6473526954650879
15,2,GSM331558,1,0.1321508139371872
15,2,GSM331560,1,0.2886562645435333
15,2,GSM331566,1,0.6704176068305969
15,2,GSM331567,1,0.2951274514198303
15,2,GSM331568,1,0.7814265489578247
15,2,GSM331570,1,0.38191643357276917
15,2,GSM331571,1,0.7096759676933289
15,2,GSM331572,1,0.41130220890045166
15,2,GSM331573,1,0.7441540956497192
15,2,GSM331575,1,0.4749911427497864
15,2,GSM331578,1,0.34695664048194885
15,2,GSM331583,1,0.35796594619750977
15,2,GSM331586,1,0.06845993548631668
15,2,GSM331587,1,0.7663770318031311
15,2,GSM331588,1,0.3572588264942169
15,2,GSM331591,1,0.7268699407577515
15,2,GSM331593,1,0.3371775150299072
15,2,GSM331596,1,0.48160624504089355
15,2,GSM331597,1,0.6038765907287598
15,2,GSM331598,1,0.3821433484554291
15,2,GSM331600,1,0.8491530418395996
15,2,GSM331601,1,0.44371655583381653
15,2,GSM331603,1,0.6694812774658203
15,2,GSM331606,1,0.08405283838510513
15,2,GSM331608,1,0.44663864374160767
15,2,GSM331609,1,0.6827728748321533
15,2,GSM331612,1,0.8478947877883911
15,2,GSM331613,1,0.5977043509483337
15,2,GSM331614,1,0.4260478615760803
15,2,GSM331615,1,0.4658246636390686
15,2,GSM331616,1,0.21293166279792786
15,2,GSM331617,1,0.6987026929855347
15,2,GSM331622,1,0.6753965020179749
15,2,GSM331623,1,0.38110530376434326
15,2,GSM331624,1,0.6962646842002869
15,2,GSM331625,1,0.3980710208415985
15,2,GSM331626,1,0.18076202273368835
15,2,GSM331627,1,0.4715085029602051
15,2,GSM331629,1,0.19821888208389282
15,2,GSM331630,1,0.4187089502811432
15,2,GSM331631,1,0.241561621427536
15,2,GSM331632,1,0.3790062367916107
15,2,GSM331633,1,0.1877453476190567
15,2,GSM331634,1,0.19225430488586426
15,2,GSM331635,1,0.16428570449352264
15,2,GSM331636,1,0.06576159596443176
15,2,GSM331639,1,0.6347681879997253
15,2,GSM331640,1,0.06773318350315094
15,2,GSM331642,1,0.7888944745063782
15,2,GSM331650,1,0.43129444122314453
15,2,GSM331651,1,0.5195432901382446
15,2,GSM331652,1,0.8870478272438049
15,2,GSM331654,1,0.6002826690673828
15,2,GSM331655,1,0.5105680227279663
15,2,GSM331658,1,0.6312431693077087
15,2,GSM331659,1,0.8437002301216125
16,1,GSM331661,0,0.8270808458328247
16,1,GSM331666,0,0.39525729417800903
16,1,GSM331668,0,0.6547102332115173
16,1,GSM331670,0,0.5073504447937012
16,1,GSM331671,0,0.8057968616485596
16,1,GSM331675,0,0.19927549362182617
16,1,GSM331676,0,0.3488287627696991
16,1,GSM331678,0,0.06112518161535263
16,1,GSM331680,0,0.5989259481430054
16,1,GSM331681,0,0.6400169730186462
16,1,GSM331682,0,0.764952540397644
16,1,GSM331685,0,0.43447667360305786
16,1,GSM331687,0,0.30610039830207825
16,1,GSM331688,0,0.6156737208366394
16,1,GSM331691,0,0.6283760666847229
16,1,GSM331694,0,0.34611305594444275
16,1,GSM331696,0,0.35144802927970886
16,1,GSM331697,0,0.5621048212051392
16,1,GSM331699,0,0.43221914768218994
16,1,GSM331700,0,0.39934206008911133
16,1,GSM331702,0,0.6842195987701416
16,1,GSM331703,0,0.6479099988937378
16,1,GSM331704,0,0.5937002301216125
16,1,GSM331705,0,0.6756276488304138
16,1,GSM331707,0,0.8103291392326355
16,1,GSM331709,0,0.2205224335193634
16,1,GSM331710,0,0.2967575788497925
16,1,GSM331714,0,0.8357017040252686
16,1,GSM331715,0,0.5078994035720825
16,1,GSM331716,0,0.9568794369697571
16,1,GSM331721,0,0.7552353739738464
16,1,GSM331723,0,0.7014548778533936
16,1,GSM331726,0,0.3580779731273651
16,1,GSM331727,0,0.3169090151786804
16,1,GSM331728,0,0.12775136530399323
16,1,GSM331730,0,0.668432891368866
16,1,GSM331732,0,0.7645859718322754
16,1,GSM331454,1,0.6720554232597351
16,1,GSM331455,1,0.4273761212825775
16,1,GSM331457,1,0.587397038936615
16,1,GSM331458,1,0.8045415282249451
16,1,GSM331461,1,0.43795767426490784
16,1,GSM331462,1,0.48343977332115173
16,1,GSM331463,1,0.6563129425048828
16,1,GSM331466,1,0.42776864767074585
16,1,GSM331467,1,0.3205718398094177
16,1,GSM331468,1,0.37842366099357605
16,1,GSM331469,1,0.3434431850910187
16,1,GSM331470,1,0.300669401884079
16,1,GSM331471,1,0.6968483924865723
16,1,GSM331473,1,0.22966831922531128
16,1,GSM331474,1,0.2987329065799713
16,1,GSM331476,1,0.5194332003593445
16,1,GSM331478,1,0.6929569840431213
16,1,GSM331481,1,0.5666133165359497
16,1,GSM331482,1,0.4072642922401428
16,1,GSM331483,1,0.6564676761627197
16,1,GSM331485,1,0.5250372290611267
16,1,GSM331486,1,0.4529353976249695
16,1,GSM331487,1,0.8342033624649048
16,1,GSM331488,1,0.300015389919281
16,1,GSM331493,1,0.40027326345443726
16,1,GSM331497,1,0.4468550682067871
16,1,GSM331498,1,0.5291483402252197
16,1,GSM331505,1,0.8152719140052795
16,1,GSM331506,1,0.5255225896835327
16,1,GSM331507,1,0.2722284495830536
16,1,GSM331509,1,0.193338543176651
16,1,GSM331510,1,0.3374806344509125
16,1,GSM331512,1,0.38364842534065247
16,1,GSM331514,1,0.5449572205543518
16,1,GSM331519,1,0.5423713326454163
16,1,GSM331521,1,0.41153714060783386
16,1,GSM331522,1,0.3503856956958771
16,1,GSM331526,1,0.7746981382369995
16,1,GSM331527,1,0.439829558134079
16,1,GSM331528,1,0.3524954617023468
16,1,GSM331531,1,0.2746463716030121
16,1,GSM331537,1,0.8141770958900452
16,1,GSM331539,1,0.4720587730407715
16,1,GSM331542,1,0.39523541927337646
16,1,GSM331543,1,0.7354862689971924
16,1,GSM331544,1,0.48108407855033875
16,1,GSM331545,1,0.6695634722709656
16,1,GSM331547,1,0.42661964893341064
16,1,GSM331552,1,0.36941084265708923
16,1,GSM331553,1,0.8962230086326599
16,1,GSM331554,1,0.3602849543094635
16,1,GSM331559,1,0.6822912096977234
16,1,GSM331562,1,0.714428722858429
16,1,GSM331564,1,0.4410695433616638
16,1,GSM331567,1,0.4356202185153961
16,1,GSM331568,1,0.838050127029419
16,1,GSM331576,1,0.5147768259048462
16,1,GSM331577,1,0.7643336057662964
16,1,GSM331582,1,0.40420177578926086
16,1,GSM331585,1,0.7780690789222717
16,1,GSM331588,1,0.6440778970718384
16,1,GSM331589,1,0.7373396754264832
16,1,GSM331590,1,0.39056575298309326
16,1,GSM331591,1,0.8707247972488403
16,1,GSM331593,1,0.20124846696853638
16,1,GSM331597,1,0.5795727968215942
16,1,GSM331598,1,0.5715747475624084
16,1,GSM331599,1,0.5389133095741272
16,1,GSM331600,1,0.7574377655982971
16,1,GSM331602,1,0.38456499576568604
16,1,GSM331603,1,0.4432317614555359
16,1,GSM331604,1,0.19811676442623138
16,1,GSM331606,1,0.19816450774669647
16,1,GSM331607,1,0.8725758194923401
16,1,GSM331608,1,0.032633159309625626
16,1,GSM331610,1,0.670128583908081
16,1,GSM331614,1,0.48005348443984985
16,1,GSM331616,1,0.8270285725593567
16,1,GSM331617,1,0.7847609519958496
16,1,GSM331619,1,0.2504434585571289
16,1,GSM331620,1,0.48721733689308167
16,1,GSM331621,1,0.4153859615325928
16,1,GSM331623,1,0.20435218513011932
16,1,GSM331625,1,0.6154404878616333
16,1,GSM331626,1,0.29961100220680237
16,1,GSM331627,1,0.5708533525466919
16,1,GSM331628,1,0.34146732091903687
16,1,GSM331629,1,0.1573377251625061
16,1,GSM331630,1,0.26116809248924255
16,1,GSM331634,1,0.3130723834037781
16,1,GSM331635,1,0.41609135270118713
16,1,GSM331637,1,0.6477639675140381
16,1,GSM331639,1,0.5909942388534546
16,1,GSM331642,1,0.5322802066802979
16,1,GSM331646,1,0.5700858235359192
16,1,GSM331650,1,0.4934956431388855
16,1,GSM331651,1,0.2373076230287552
16,1,GSM331653,1,0.6977277994155884
16,1,GSM331654,1,0.6112196445465088
16,1,GSM331655,1,0.49755552411079407
16,1,GSM331657,1,0.8321398496627808
16,1,GSM331658,1,0.8082951903343201
16,1,GSM331659,1,0.8768646121025085
16,2,GSM331638,0,0.290597140789032
16,2,GSM331660,0,0.19135276973247528
16,2,GSM331662,0,0.6811487078666687
16,2,GSM331663,0,0.22032530605793
16,2,GSM331664,0,0.3809435963630676
16,2,GSM331665,0,0.42356130480766296
16,2,GSM331669,0,0.9084606766700745
16,2,GSM331672,0,0.39260736107826233
16,2,GSM331673,0,0.6158382892608643
16,2,GSM331674,0,0.4950564205646515
16,2,GSM331677,0,0.32448744773864746
16,2,GSM331679,0,0.20485146343708038
16,2,GSM331683,0,0.7139792442321777
16,2,GSM331684,0,0.4508267045021057
16,2,GSM331686,0,0.6914722919464111
16,2,GSM331689,0,0.4461372494697571
16,2,GSM331690,0,0.7657572031021118
16,2,GSM331692,0,0.37517040967941284
16,2,GSM331693,0,0.5586047172546387
16,2,GSM331695,0,0.36377424001693726
16,2,GSM331698,0,0.2914596199989319
16,2,GSM331701,0,0.4921928346157074
16,2,GSM331706,0,0.8388606309890747
16,2,GSM331708,0,0.8409929871559143
16,2,GSM331711,0,0.7673224210739136
16,2,GSM331712,0,0.48660218715667725
16,2,GSM331713,0,0.5917062163352966
16,2,GSM331717,0,0.5751338601112366
16,2,GSM331718,0,0.6440837979316711
16,2,GSM331719,0,0.2644919455051422
16,2,GSM331720,0,0.7663838863372803
16,2,GSM331722,0,0.49667322635650635
16,2,GSM331724,0,0.4324973523616791
16,2,GSM331725,0,0.5560904741287231
16,2,GSM331729,0,0.16205595433712006
16,2,GSM331731,0,0.8189498782157898
16,2,GSM331453,1,0.4869164228439331
16,2,GSM331456,1,0.5164427757263184
16,2,GSM331459,1,0.8570588231086731
16,2,GSM331460,1,0.4596850275993347
16,2,GSM331464,1,0.4998803436756134
16,2,GSM331465,1,0.38023391366004944
16,2,GSM331472,1,0.33844923973083496
16,2,GSM331475,1,0.2578848600387573
16,2,GSM331477,1,0.5327177047729492
16,2,GSM331479,1,0.20210152864456177
16,2,GSM331480,1,0.4418509304523468
16,2,GSM331484,1,0.16953399777412415
16,2,GSM331489,1,0.6031926870346069
16,2,GSM331490,1,0.32310447096824646
16,2,GSM331491,1,0.604766845703125
16,2,GSM331492,1,0.25913816690444946
16,2,GSM331494,1,0.8119117021560669
16,2,GSM331495,1,0.26009494066238403
16,2,GSM331496,1,0.08052168786525726
16,2,GSM331499,1,0.189389169216156
16,2,GSM331500,1,0.3363382816314697
16,2,GSM331501,1,0.3060101270675659
16,2,GSM331502,1,0.5708096623420715
16,2,GSM331503,1,0.4503081142902374
16,2,GSM331504,1,0.2940756380558014
16,2,GSM331508,1,0.48348385095596313
16,2,GSM331511,1,0.5296233296394348
16,2,GSM331513,1,0.6293783783912659
16,2,GSM331515,1,0.1724257469177246
16,2,GSM331516,1,0.5155511498451233
16,2,GSM331517,1,0.5250986814498901
16,2,GSM331518,1,0.33779993653297424
16,2,GSM331520,1,0.60919588804245
16,2,GSM331523,1,0.6672740578651428
16,2,GSM331524,1,0.14458326995372772
16,2,GSM331525,1,0.5902398228645325
16,2,GSM331529,1,0.4678439199924469
16,2,GSM331530,1,0.22314134240150452
16,2,GSM331532,1,0.666255533695221
16,2,GSM331533,1,0.8551133275032043
16,2,GSM331534,1,0.37861359119415283
16,2,GSM331535,1,0.33969369530677795
16,2,GSM331536,1,0.3978506624698639
16,2,GSM331538,1,0.3472103178501129
16,2,GSM331540,1,0.3482595682144165
16,2,GSM331541,1,0.6320227384567261
16,2,GSM331546,1,0.49223652482032776
16,2,GSM331548,1,0.44476354122161865
16,2,GSM331549,1,0.7868319749832153
16,2,GSM331550,1,0.35090309381484985
16,2,GSM331551,1,0.4617694914340973
16,2,GSM331555,1,0.2102767676115036
16,2,GSM331556,1,0.4427914023399353
16,2,GSM331557,1,0.6102219820022583
16,2,GSM331558,1,0.33209526538848877
16,2,GSM331560,1,0.4183841943740845
16,2,GSM331561,1,0.49149197340011597
16,2,GSM331563,1,0.5946183800697327
16,2,GSM331565,1,0.7375673055648804
16,2,GSM331566,1,0.4088394045829773
16,2,GSM331569,1,0.548801064491272
16,2,GSM331570,1,0.6522223353385925
16,2,GSM331571,1,0.8176395297050476
16,2,GSM331572,1,0.7345670461654663
16,2,GSM331573,1,0.8099343776702881
16,2,GSM331574,1,0.4492698311805725
16,2,GSM331575,1,0.5316373109817505
16,2,GSM331578,1,0.7981956005096436
16,2,GSM331579,1,0.598665177822113
16,2,GSM331580,1,0.42847853899002075
16,2,GSM331581,1,0.13033050298690796
16,2,GSM331583,1,0.2746635377407074
16,2,GSM331584,1,0.12830008566379547
16,2,GSM331586,1,0.39141473174095154
16,2,GSM331587,1,0.6995171308517456
16,2,GSM331592,1,0.31002891063690186
16,2,GSM331594,1,0.5195490717887878
16,2,GSM331595,1,0.48078346252441406
16,2,GSM331596,1,0.3815627694129944
16,2,GSM331601,1,0.13212013244628906
16,2,GSM331605,1,0.35635092854499817
16,2,GSM331609,1,0.41444331407546997
16,2,GSM331611,1,0.6810503602027893
16,2,GSM331612,1,0.5923030376434326
16,2,GSM331613,1,0.27630895376205444
16,2,GSM331615,1,0.2977476418018341
16,2,GSM331618,1,0.7724260091781616
16,2,GSM331622,1,0.7933847308158875
16,2,GSM331624,1,0.4569425582885742
16,2,GSM331631,1,0.33974528312683105
16,2,GSM331632,1,0.37729349732398987
16,2,GSM331633,1,0.23758897185325623
16,2,GSM331636,1,0.21444982290267944
16,2,GSM331640,1,0.27539440989494324
16,2,GSM331641,1,0.5669876933097839
16,2,GSM331643,1,0.6933087110519409
16,2,GSM331644,1,0.5050171613693237
16,2,GSM331645,1,0.39264237880706787
16,2,GSM331647,1,0.6519925594329834
16,2,GSM331648,1,0.3555784523487091
16,2,GSM331649,1,0.6686887741088867
16,2,GSM331652,1,0.7959812879562378
16,2,GSM331656,1,0.23395948112010956
17,1,GSM331638,0,0.42517662048339844
17,1,GSM331660,0,0.4262675642967224
17,1,GSM331663,0,0.3850477337837219
17,1,GSM331664,0,0.4005798399448395
17,1,GSM331666,0,0.49996328353881836
17,1,GSM331668,0,0.5423641800880432
17,1,GSM331670,0,0.5026232004165649
17,1,GSM331671,0,0.5745705366134644
17,1,GSM331673,0,0.4287141263484955
17,1,GSM331677,0,0.45699194073677063
17,1,GSM331678,0,0.3535483479499817
17,1,GSM331680,0,0.7519486546516418
17,1,GSM331681,0,0.4207213819026947
17,1,GSM331682,0,0.43953296542167664
17,1,GSM331683,0,0.6615819931030273
17,1,GSM331684,0,0.29138267040252686
17,1,GSM331686,0,0.4198561906814575
17,1,GSM331688,0,0.523699164390564
17,1,GSM331689,0,0.3726811707019806
17,1,GSM331691,0,0.5227944254875183
17,1,GSM331695,0,0.4113595187664032
17,1,GSM331698,0,0.29043155908584595
17,1,GSM331702,0,0.4936830997467041
17,1,GSM331703,0,0.49083399772644043
17,1,GSM331704,0,0.3877546191215515
17,1,GSM331707,0,0.5567764639854431
17,1,GSM331710,0,0.22663947939872742
17,1,GSM331713,0,0.4244603216648102
17,1,GSM331714,0,0.6639959216117859
17,1,GSM331716,0,0.6311313509941101
17,1,GSM331717,0,0.46849387884140015
17,1,GSM331721,0,0.5583632588386536
17,1,GSM331722,0,0.5795726180076599
17,1,GSM331723,0,0.5722598433494568
17,1,GSM331727,0,0.47127148509025574
17,1,GSM331730,0,0.3632257580757141
17,1,GSM331731,0,0.6758503913879395
17,1,GSM331455,1,0.2581925690174103
17,1,GSM331456,1,0.5721396803855896
17,1,GSM331461,1,0.4806397259235382
17,1,GSM331463,1,0.41416850686073303
17,1,GSM331466,1,0.6867644190788269
17,1,GSM331467,1,0.4028099477291107
17,1,GSM331468,1,0.5966599583625793
17,1,GSM331470,1,0.4334608316421509
17,1,GSM331478,1,0.6015534996986389
17,1,GSM331479,1,0.47940996289253235
17,1,GSM331482,1,0.22845928370952606
17,1,GSM331483,1,0.5052413940429688
17,1,GSM331484,1,0.6642691493034363
17,1,GSM331485,1,0.5246328115463257
17,1,GSM331487,1,0.6991270780563354
17,1,GSM331488,1,0.5903878808021545
17,1,GSM331489,1,0.587448000907898
17,1,GSM331490,1,0.3006215989589691
17,1,GSM331493,1,0.2843252718448639
17,1,GSM331494,1,0.7055342197418213
17,1,GSM331495,1,0.5427952408790588
17,1,GSM331500,1,0.4138471484184265
17,1,GSM331504,1,0.44718578457832336
17,1,GSM331505,1,0.5533668994903564
17,1,GSM331506,1,0.49049854278564453
17,1,GSM331507,1,0.34337931871414185
17,1,GSM331508,1,0.6408042311668396
17,1,GSM331509,1,0.45427271723747253
17,1,GSM331510,1,0.47070467472076416
17,1,GSM331515,1,0.4348701238632202
17,1,GSM331518,1,0.47555404901504517
17,1,GSM331519,1,0.4473567008972168
17,1,GSM331520,1,0.4430038630962372
17,1,GSM331526,1,0.5059671998023987
17,1,GSM331527,1,0.31452348828315735
17,1,GSM331528,1,0.6015626192092896
17,1,GSM331529,1,0.6143872141838074
17,1,GSM331531,1,0.5003067851066589
17,1,GSM331532,1,0.40699052810668945
17,1,GSM331534,1,0.5563367605209351
17,1,GSM331535,1,0.3358405530452728
17,1,GSM331536,1,0.5261887907981873
17,1,GSM331537,1,0.540877103805542
17,1,GSM331538,1,0.2450127899646759
17,1,GSM331539,1,0.4148009419441223
17,1,GSM331542,1,0.4099245071411133
17,1,GSM331543,1,0.49311700463294983
17,1,GSM331544,1,0.26941415667533875
17,1,GSM331545,1,0.550238847732544
17,1,GSM331547,1,0.6361567378044128
17,1,GSM331550,1,0.5645925998687744
17,1,GSM331553,1,0.6343638896942139
17,1,GSM331554,1,0.47396543622016907
17,1,GSM331555,1,0.30983057618141174
17,1,GSM331559,1,0.6215612292289734
17,1,GSM331560,1,0.4956759810447693
17,1,GSM331561,1,0.5208675265312195
17,1,GSM331563,1,0.6853563785552979
17,1,GSM331568,1,0.7280662059783936
17,1,GSM331569,1,0.41796839237213135
17,1,GSM331570,1,0.47080665826797485
17,1,GSM331575,1,0.4004622995853424
17,1,GSM331577,1,0.48797792196273804
17,1,GSM331580,1,0.520121693611145
17,1,GSM331584,1,0.35925009846687317
17,1,GSM331585,1,0.5869731903076172
17,1,GSM331586,1,0.32474273443222046
17,1,GSM331589,1,0.4016951620578766
17,1,GSM331592,1,0.4378814697265625
17,1,GSM331595,1,0.47744831442832947
17,1,GSM331597,1,0.5222282409667969
17,1,GSM331598,1,0.5272168517112732
17,1,GSM331599,1,0.717583954334259
17,1,GSM331600,1,0.6575627326965332
17,1,GSM331604,1,0.2621311843395233
17,1,GSM331605,1,0.6176736354827881
17,1,GSM331606,1,0.2783089280128479
17,1,GSM331608,1,0.38041165471076965
17,1,GSM331610,1,0.42393386363983154
17,1,GSM331612,1,0.6443345546722412
17,1,GSM331615,1,0.4884321987628937
17,1,GSM331616,1,0.4323565661907196
17,1,GSM331617,1,0.6943568587303162
17,1,GSM331622,1,0.6217818856239319
17,1,GSM331623,1,0.37871482968330383
17,1,GSM331624,1,0.5813321471214294
17,1,GSM331625,1,0.47498819231987
17,1,GSM331629,1,0.3269168734550476
17,1,GSM331630,1,0.5308851003646851
17,1,GSM331633,1,0.33721885085105896
17,1,GSM331634,1,0.3805670142173767
17,1,GSM331636,1,0.27460986375808716
17,1,GSM331639,1,0.333899587392807
17,1,GSM331641,1,0.5580249428749084
17,1,GSM331644,1,0.4341883659362793
17,1,GSM331645,1,0.32277029752731323
17,1,GSM331647,1,0.6991494297981262
17,1,GSM331649,1,0.6171490550041199
17,1,GSM331651,1,0.5209053754806519
17,1,GSM331652,1,0.771854817867279
17,1,GSM331654,1,0.6855427622795105
17,1,GSM331655,1,0.2818749248981476
17,1,GSM331658,1,0.5571703314781189
17,2,GSM331661,0,0.5723256468772888
17,2,GSM331662,0,0.5534030199050903
17,2,GSM331665,0,0.7173153162002563
17,2,GSM331669,0,0.7384198307991028
17,2,GSM331672,0,0.5005667805671692
17,2,GSM331674,0,0.6840500831604004
17,2,GSM331675,0,0.2759319245815277
17,2,GSM331676,0,0.5892162919044495
17,2,GSM331679,0,0.588890790939331
17,2,GSM331685,0,0.4453737735748291
17,2,GSM331687,0,0.42073121666908264
17,2,GSM331690,0,0.5991600751876831
17,2,GSM331692,0,0.35559698939323425
17,2,GSM331693,0,0.3787282407283783
17,2,GSM331694,0,0.489557683467865
17,2,GSM331696,0,0.4203610122203827
17,2,GSM331697,0,0.3557474613189697
17,2,GSM331699,0,0.535886824131012
17,2,GSM331700,0,0.5604244470596313
17,2,GSM331701,0,0.3083960711956024
17,2,GSM331705,0,0.3762648403644562
17,2,GSM331706,0,0.5273354649543762
17,2,GSM331708,0,0.7232792973518372
17,2,GSM331709,0,0.28536319732666016
17,2,GSM331711,0,0.5821877121925354
17,2,GSM331712,0,0.35711100697517395
17,2,GSM331715,0,0.30629870295524597
17,2,GSM331718,0,0.6997236013412476
17,2,GSM331719,0,0.19752633571624756
17,2,GSM331720,0,0.6345047354698181
17,2,GSM331724,0,0.294339120388031
17,2,GSM331725,0,0.6688560247421265
17,2,GSM331726,0,0.3308103084564209
17,2,GSM331728,0,0.34922659397125244
17,2,GSM331729,0,0.23266145586967468
17,2,GSM331732,0,0.6756270527839661
17,2,GSM331453,1,0.3378247320652008
17,2,GSM331454,1,0.4112488925457001
17,2,GSM331457,1,0.6075330376625061
17,2,GSM331458,1,0.38201820850372314
17,2,GSM331459,1,0.7354326248168945
17,2,GSM331460,1,0.6932483911514282
17,2,GSM331462,1,0.6068701148033142
17,2,GSM331464,1,0.4107735753059387
17,2,GSM331465,1,0.33089572191238403
17,2,GSM331469,1,0.578764796257019
17,2,GSM331471,1,0.6078009009361267
17,2,GSM331472,1,0.34684669971466064
17,2,GSM331473,1,0.41097891330718994
17,2,GSM331474,1,0.5429290533065796
17,2,GSM331475,1,0.33766865730285645
17,2,GSM331476,1,0.6325995922088623
17,2,GSM331477,1,0.2689173221588135
17,2,GSM331480,1,0.5560604929924011
17,2,GSM331481,1,0.6015731692314148
17,2,GSM331486,1,0.6691328287124634
17,2,GSM331491,1,0.5625781416893005
17,2,GSM331492,1,0.325820654630661
17,2,GSM331496,1,0.4500639736652374
17,2,GSM331497,1,0.5083310008049011
17,2,GSM331498,1,0.34624314308166504
17,2,GSM331499,1,0.26933011412620544
17,2,GSM331501,1,0.4889812767505646
17,2,GSM331502,1,0.7432279586791992
17,2,GSM331503,1,0.27229660749435425
17,2,GSM331511,1,0.6165585517883301
17,2,GSM331512,1,0.5210399031639099
17,2,GSM331513,1,0.5666812658309937
17,2,GSM331514,1,0.48794296383857727
17,2,GSM331516,1,0.6917850375175476
17,2,GSM331517,1,0.47369667887687683
17,2,GSM331521,1,0.41277214884757996
17,2,GSM331522,1,0.321757048368454
17,2,GSM331523,1,0.5394496321678162
17,2,GSM331524,1,0.4180893898010254
17,2,GSM331525,1,0.6075939536094666
17,2,GSM331530,1,0.27944931387901306
17,2,GSM331533,1,0.6565700173377991
17,2,GSM331540,1,0.6653726100921631
17,2,GSM331541,1,0.5642256736755371
17,2,GSM331546,1,0.4772109091281891
17,2,GSM331548,1,0.5799440145492554
17,2,GSM331549,1,0.6606808304786682
17,2,GSM331551,1,0.6465865969657898
17,2,GSM331552,1,0.2749890387058258
17,2,GSM331556,1,0.5425166487693787
17,2,GSM331557,1,0.6128436326980591
17,2,GSM331558,1,0.281617134809494
17,2,GSM331562,1,0.6374645233154297
17,2,GSM331564,1,0.516754150390625
17,2,GSM331565,1,0.5773764252662659
17,2,GSM331566,1,0.5499228835105896
17,2,GSM331567,1,0.2645970284938812
17,2,GSM331571,1,0.636863112449646
17,2,GSM331572,1,0.5431919693946838
17,2,GSM331573,1,0.6059839129447937
17,2,GSM331574,1,0.5783964991569519
17,2,GSM331576,1,0.35824379324913025
17,2,GSM331578,1,0.6303950548171997
17,2,GSM331579,1,0.3589785695075989
17,2,GSM331581,1,0.23979295790195465
17,2,GSM331582,1,0.47693780064582825
17,2,GSM331583,1,0.49612173438072205
17,2,GSM331587,1,0.6729966402053833
17,2,GSM331588,1,0.671506404876709
17,2,GSM331590,1,0.4340606927871704
17,2,GSM331591,1,0.6880114078521729
17,2,GSM331593,1,0.27691850066185
17,2,GSM331594,1,0.5733871459960938
17,2,GSM331596,1,0.4045690596103668
17,2,GSM331601,1,0.36070364713668823
17,2,GSM331602,1,0.4104684293270111
17,2,GSM331603,1,0.4247637391090393
17,2,GSM331607,1,0.6284399628639221
17,2,GSM331609,1,0.4865702986717224
17,2,GSM331611,1,0.5428367257118225
17,2,GSM331613,1,0.38074925541877747
17,2,GSM331614,1,0.33090293407440186
17,2,GSM331618,1,0.44704142212867737
17,2,GSM331619,1,0.5446877479553223
17,2,GSM331620,1,0.3761405348777771
17,2,GSM331621,1,0.3467307984828949
17,2,GSM331626,1,0.18982933461666107
17,2,GSM331627,1,0.2959955930709839
17,2,GSM331628,1,0.3951934278011322
17,2,GSM331631,1,0.278860479593277
17,2,GSM331632,1,0.2989441752433777
17,2,GSM331635,1,0.22695305943489075
17,2,GSM331637,1,0.4048037827014923
17,2,GSM331640,1,0.21071669459342957
17,2,GSM331642,1,0.543552815914154
17,2,GSM331643,1,0.66639244556427
17,2,GSM331646,1,0.3584192097187042
17,2,GSM331648,1,0.36291348934173584
17,2,GSM331650,1,0.3484261631965637
17,2,GSM331653,1,0.5166537761688232
17,2,GSM331656,1,0.24616320431232452
17,2,GSM331657,1,0.5754182934761047
17,2,GSM331659,1,0.732793927192688
18,1,GSM331638,0,0.39416787028312683
18,1,GSM331660,0,0.17249566316604614
18,1,GSM331661,0,0.7690464854240417
18,1,GSM331663,0,0.3658822178840637
18,1,GSM331666,0,0.3231233060359955
18,1,GSM331668,0,0.6970129013061523
18,1,GSM331670,0,0.47831782698631287
18,1,GSM331672,0,0.47526025772094727
18,1,GSM331678,0,0.1269381195306778
18,1,GSM331680,0,0.6492046117782593
18,1,GSM331684,0,0.17005555331707
18,1,GSM331689,0,0.48524752259254456
18,1,GSM331691,0,0.43477103114128113
18,1,GSM331692,0,0.25927793979644775
18,1,GSM331696,0,0.4246670603752136
18,1,GSM331697,0,0.35237154364585876
18,1,GSM331699,0,0.6436943411827087
18,1,GSM331702,0,0.607346773147583
18,1,GSM331703,0,0.7242583632469177
18,1,GSM331704,0,0.6269869208335876
18,1,GSM331705,0,0.3382611870765686
18,1,GSM331706,0,0.8902812004089355
18,1,GSM331708,0,0.7467736601829529
18,1,GSM331710,0,0.1678008735179901
18,1,GSM331713,0,0.3289085328578949
18,1,GSM331716,0,0.9294601678848267
18,1,GSM331718,0,0.6806413531303406
18,1,GSM331719,0,0.14214518666267395
18,1,GSM331720,0,0.42188170552253723
18,1,GSM331721,0,0.8808713555335999
18,1,GSM331722,0,0.32413581013679504
18,1,GSM331723,0,0.7834774255752563
18,1,GSM331725,0,0.5590262413024902
18,1,GSM331726,0,0.26943862438201904
18,1,GSM331727,0,0.35667145252227783
18,1,GSM331730,0,0.5741869211196899
18,1,GSM331732,0,0.5923923254013062
18,1,GSM331453,1,0.47530874609947205
18,1,GSM331454,1,0.6078643202781677
18,1,GSM331455,1,0.31201931834220886
18,1,GSM331456,1,0.6974435448646545
18,1,GSM331458,1,0.4734213650226593
18,1,GSM331460,1,0.52007657289505
18,1,GSM331461,1,0.3013371229171753
18,1,GSM331462,1,0.6564478278160095
18,1,GSM331463,1,0.39458128809928894
18,1,GSM331465,1,0.6110615134239197
18,1,GSM331466,1,0.46883758902549744
18,1,GSM331467,1,0.23845864832401276
18,1,GSM331470,1,0.6053224802017212
18,1,GSM331472,1,0.4852849245071411
18,1,GSM331473,1,0.1492103487253189
18,1,GSM331477,1,0.5717741847038269
18,1,GSM331479,1,0.23840565979480743
18,1,GSM331482,1,0.19478940963745117
18,1,GSM331484,1,0.15972916781902313
18,1,GSM331492,1,0.5578065514564514
18,1,GSM331494,1,0.8292344808578491
18,1,GSM331495,1,0.6608936190605164
18,1,GSM331498,1,0.44586482644081116
18,1,GSM331499,1,0.22495384514331818
18,1,GSM331500,1,0.39032506942749023
18,1,GSM331501,1,0.4568556547164917
18,1,GSM331503,1,0.38265350461006165
18,1,GSM331505,1,0.6892023682594299
18,1,GSM331506,1,0.5001770257949829
18,1,GSM331507,1,0.2404550164937973
18,1,GSM331508,1,0.6569481492042542
18,1,GSM331510,1,0.40313440561294556
18,1,GSM331513,1,0.6949729919433594
18,1,GSM331514,1,0.25774720311164856
18,1,GSM331516,1,0.5291283130645752
18,1,GSM331521,1,0.37926843762397766
18,1,GSM331522,1,0.21582552790641785
18,1,GSM331524,1,0.6975898742675781
18,1,GSM331525,1,0.28322339057922363
18,1,GSM331526,1,0.6806262731552124
18,1,GSM331529,1,0.23267939686775208
18,1,GSM331531,1,0.28621548414230347
18,1,GSM331534,1,0.50016850233078
18,1,GSM331535,1,0.35586851835250854
18,1,GSM331536,1,0.3831365704536438
18,1,GSM331537,1,0.7236526608467102
18,1,GSM331538,1,0.35239872336387634
18,1,GSM331539,1,0.5489739775657654
18,1,GSM331540,1,0.4553753733634949
18,1,GSM331542,1,0.20533832907676697
18,1,GSM331543,1,0.5269657373428345
18,1,GSM331547,1,0.4259820878505707
18,1,GSM331548,1,0.6762723326683044
18,1,GSM331549,1,0.804445743560791
18,1,GSM331551,1,0.47040271759033203
18,1,GSM331553,1,0.88205885887146
18,1,GSM331554,1,0.29624778032302856
18,1,GSM331555,1,0.2854345440864563
18,1,GSM331560,1,0.46114593744277954
18,1,GSM331564,1,0.445589542388916
18,1,GSM331565,1,0.7050471305847168
18,1,GSM331568,1,0.8308039903640747
18,1,GSM331570,1,0.40301641821861267
18,1,GSM331571,1,0.6614185571670532
18,1,GSM331572,1,0.3263097107410431
18,1,GSM331574,1,0.39937496185302734
18,1,GSM331576,1,0.4635794758796692
18,1,GSM331581,1,0.31399214267730713
18,1,GSM331584,1,0.21041764318943024
18,1,GSM331586,1,0.2995086908340454
18,1,GSM331587,1,0.6145591139793396
18,1,GSM331589,1,0.44168439507484436
18,1,GSM331594,1,0.32334014773368835
18,1,GSM331596,1,0.35841143131256104
18,1,GSM331599,1,0.7823964357376099
18,1,GSM331602,1,0.5342984795570374
18,1,GSM331605,1,0.7096277475357056
18,1,GSM331607,1,0.7920716404914856
18,1,GSM331612,1,0.5448406934738159
18,1,GSM331613,1,0.5740756392478943
18,1,GSM331614,1,0.3806747794151306
18,1,GSM331615,1,0.5377182960510254
18,1,GSM331616,1,0.5110443234443665
18,1,GSM331620,1,0.3923945128917694
18,1,GSM331621,1,0.4132928252220154
18,1,GSM331622,1,0.6425586342811584
18,1,GSM331623,1,0.2773478925228119
18,1,GSM331625,1,0.5409853458404541
18,1,GSM331628,1,0.49085479974746704
18,1,GSM331630,1,0.5409930348396301
18,1,GSM331633,1,0.19184888899326324
18,1,GSM331635,1,0.2900235950946808
18,1,GSM331637,1,0.5217157006263733
18,1,GSM331640,1,0.3519578278064728
18,1,GSM331641,1,0.3933497369289398
18,1,GSM331643,1,0.7143833637237549
18,1,GSM331644,1,0.33475902676582336
18,1,GSM331645,1,0.18080076575279236
18,1,GSM331647,1,0.6382525563240051
18,1,GSM331648,1,0.3677825927734375
18,1,GSM331655,1,0.3629682958126068
18,1,GSM331657,1,0.8555976748466492
18,1,GSM331658,1,0.6060821413993835
18,2,GSM331662,0,0.55881267786026
18,2,GSM331664,0,0.40300288796424866
18,2,GSM331665,0,0.736606240272522
18,2,GSM331669,0,0.9372244477272034
18,2,GSM331671,0,0.6976556777954102
18,2,GSM331673,0,0.3471042215824127
18,2,GSM331674,0,0.7696337699890137
18,2,GSM331675,0,0.13015927374362946
18,2,GSM331676,0,0.7133539319038391
18,2,GSM331677,0,0.4125513434410095
18,2,GSM331679,0,0.4922582507133484
18,2,GSM331681,0,0.580112099647522
18,2,GSM331682,0,0.6088570952415466
18,2,GSM331683,0,0.6498568058013916
18,2,GSM331685,0,0.2283678501844406
18,2,GSM331686,0,0.6833159923553467
18,2,GSM331687,0,0.4129292666912079
18,2,GSM331688,0,0.64710932970047
18,2,GSM331690,0,0.7470019459724426
18,2,GSM331693,0,0.3924475312232971
18,2,GSM331694,0,0.4622306525707245
18,2,GSM331695,0,0.5939515829086304
18,2,GSM331698,0,0.458298921585083
18,2,GSM331700,0,0.5656943321228027
18,2,GSM331701,0,0.30646002292633057
18,2,GSM331707,0,0.6359969973564148
18,2,GSM331709,0,0.35218164324760437
18,2,GSM331711,0,0.7273626327514648
18,2,GSM331712,0,0.3218713402748108
18,2,GSM331714,0,0.762412965297699
18,2,GSM331715,0,0.42179930210113525
18,2,GSM331717,0,0.6849403977394104
18,2,GSM331724,0,0.34081873297691345
18,2,GSM331728,0,0.19772496819496155
18,2,GSM331729,0,0.10704586654901505
18,2,GSM331731,0,0.8041462898254395
18,2,GSM331457,1,0.5762807130813599
18,2,GSM331459,1,0.7766157388687134
18,2,GSM331464,1,0.47407880425453186
18,2,GSM331468,1,0.6118495464324951
18,2,GSM331469,1,0.6285134553909302
18,2,GSM331471,1,0.8009647727012634
18,2,GSM331474,1,0.2799170911312103
18,2,GSM331475,1,0.2962757349014282
18,2,GSM331476,1,0.5034098029136658
18,2,GSM331478,1,0.39109891653060913
18,2,GSM331480,1,0.6509340405464172
18,2,GSM331481,1,0.74590665102005
18,2,GSM331483,1,0.6569980978965759
18,2,GSM331485,1,0.6285274624824524
18,2,GSM331486,1,0.5590140223503113
18,2,GSM331487,1,0.8286930918693542
18,2,GSM331488,1,0.492992103099823
18,2,GSM331489,1,0.5637238025665283
18,2,GSM331490,1,0.29392707347869873
18,2,GSM331491,1,0.6687672734260559
18,2,GSM331493,1,0.33176472783088684
18,2,GSM331496,1,0.3724375069141388
18,2,GSM331497,1,0.4641292095184326
18,2,GSM331502,1,0.7714672684669495
18,2,GSM331504,1,0.4937675893306732
18,2,GSM331509,1,0.2876690626144409
18,2,GSM331511,1,0.6790695190429688
18,2,GSM331512,1,0.6022497415542603
18,2,GSM331515,1,0.33846142888069153
18,2,GSM331517,1,0.48782792687416077
18,2,GSM331518,1,0.5147190690040588
18,2,GSM331519,1,0.5326317548751831
18,2,GSM331520,1,0.6259492635726929
18,2,GSM331523,1,0.49545663595199585
18,2,GSM331527,1,0.4498923420906067
18,2,GSM331528,1,0.554901659488678
18,2,GSM331530,1,0.3799712359905243
18,2,GSM331532,1,0.33319398760795593
18,2,GSM331533,1,0.5603540539741516
18,2,GSM331541,1,0.6648147702217102
18,2,GSM331544,1,0.30800825357437134
18,2,GSM331545,1,0.5784445405006409
18,2,GSM331546,1,0.4725301265716553
18,2,GSM331550,1,0.3783588707447052
18,2,GSM331552,1,0.30616265535354614
18,2,GSM331556,1,0.6361551880836487
18,2,GSM331557,1,0.5339819192886353
18,2,GSM331558,1,0.08511142432689667
18,2,GSM331559,1,0.8335862755775452
18,2,GSM331561,1,0.7514980435371399
18,2,GSM331562,1,0.39281928539276123
18,2,GSM331563,1,0.7664740681648254
18,2,GSM331566,1,0.7013392448425293
18,2,GSM331567,1,0.5104963183403015
18,2,GSM331569,1,0.43826785683631897
18,2,GSM331573,1,0.7494449615478516
18,2,GSM331575,1,0.641022801399231
18,2,GSM331577,1,0.47491681575775146
18,2,GSM331578,1,0.696749210357666
18,2,GSM331579,1,0.31988754868507385
18,2,GSM331580,1,0.555414617061615
18,2,GSM331582,1,0.47970956563949585
18,2,GSM331583,1,0.419952392578125
18,2,GSM331585,1,0.6161323189735413
18,2,GSM331588,1,0.5097911357879639
18,2,GSM331590,1,0.5569920539855957
18,2,GSM331591,1,0.8872627019882202
18,2,GSM331592,1,0.6623632311820984
18,2,GSM331593,1,0.4227706789970398
18,2,GSM331595,1,0.5711738467216492
18,2,GSM331597,1,0.695097804069519
18,2,GSM331598,1,0.40399178862571716
18,2,GSM331600,1,0.8939281105995178
18,2,GSM331601,1,0.27845653891563416
18,2,GSM331603,1,0.4189686179161072
18,2,GSM331604,1,0.3302500545978546
18,2,GSM331606,1,0.1830042153596878
18,2,GSM331608,1,0.15411461889743805
18,2,GSM331609,1,0.5875044465065002
18,2,GSM331610,1,0.7672840356826782
18,2,GSM331611,1,0.7223712205886841
18,2,GSM331617,1,0.7185244560241699
18,2,GSM331618,1,0.6754496097564697
18,2,GSM331619,1,0.44310563802719116
18,2,GSM331624,1,0.6303934454917908
18,2,GSM331626,1,0.3995313346385956
18,2,GSM331627,1,0.4263482689857483
18,2,GSM331629,1,0.11542944610118866
18,2,GSM331631,1,0.2558557987213135
18,2,GSM331632,1,0.26919472217559814
18,2,GSM331634,1,0.3309879004955292
18,2,GSM331636,1,0.22709931433200836
18,2,GSM331639,1,0.48481395840644836
18,2,GSM331642,1,0.44317978620529175
18,2,GSM331646,1,0.31670719385147095
18,2,GSM331649,1,0.7571314573287964
18,2,GSM331650,1,0.30235737562179565
18,2,GSM331651,1,0.42219334840774536
18,2,GSM331652,1,0.7964304089546204
18,2,GSM331653,1,0.6702835559844971
18,2,GSM331654,1,0.7223071455955505
18,2,GSM331656,1,0.3346301019191742
18,2,GSM331659,1,0.7279760837554932
19,1,GSM331660,0,0.19416427612304688
19,1,GSM331662,0,0.5135902166366577
19,1,GSM331666,0,0.20517630875110626
19,1,GSM331671,0,0.4686927795410156
19,1,GSM331675,0,0.10722686350345612
19,1,GSM331676,0,0.5259894132614136
19,1,GSM331677,0,0.39525994658470154
19,1,GSM331678,0,0.15458808839321136
19,1,GSM331679,0,0.3514347970485687
19,1,GSM331682,0,0.3608143925666809
19,1,GSM331683,0,0.7730331420898438
19,1,GSM331684,0,0.14847035706043243
19,1,GSM331685,0,0.247594952583313
19,1,GSM331686,0,0.5102545619010925
19,1,GSM331689,0,0.41283753514289856
19,1,GSM331690,0,0.7645292282104492
19,1,GSM331691,0,0.4926348924636841
19,1,GSM331693,0,0.33097508549690247
19,1,GSM331695,0,0.4617463946342468
19,1,GSM331696,0,0.344990074634552
19,1,GSM331697,0,0.36739519238471985
19,1,GSM331701,0,0.2761459946632385
19,1,GSM331704,0,0.49298393726348877
19,1,GSM331705,0,0.16107481718063354
19,1,GSM331707,0,0.4293515682220459
19,1,GSM331710,0,0.1939227133989334
19,1,GSM331714,0,0.6286551356315613
19,1,GSM331718,0,0.5223677754402161
19,1,GSM331719,0,0.11849826574325562
19,1,GSM331720,0,0.49611741304397583
19,1,GSM331724,0,0.26937180757522583
19,1,GSM331725,0,0.5250315070152283
19,1,GSM331726,0,0.13713805377483368
19,1,GSM331729,0,0.10408447682857513
19,1,GSM331730,0,0.3851414918899536
19,1,GSM331731,0,0.6011773943901062
19,1,GSM331732,0,0.7961887717247009
19,1,GSM331458,1,0.3775191605091095
19,1,GSM331461,1,0.3297922611236572
19,1,GSM331463,1,0.4563595652580261
19,1,GSM331465,1,0.47898587584495544
19,1,GSM331467,1,0.522513210773468
19,1,GSM331468,1,0.38814494013786316
19,1,GSM331469,1,0.45675984025001526
19,1,GSM331470,1,0.7020602226257324
19,1,GSM331472,1,0.38613301515579224
19,1,GSM331473,1,0.2683604061603546
19,1,GSM331476,1,0.24080154299736023
19,1,GSM331479,1,0.23241016268730164
19,1,GSM331480,1,0.44140011072158813
19,1,GSM331484,1,0.14370115101337433
19,1,GSM331485,1,0.7469795942306519
19,1,GSM331486,1,0.36942872405052185
19,1,GSM331490,1,0.3590899109840393
19,1,GSM331492,1,0.45759597420692444
19,1,GSM331493,1,0.17708738148212433
19,1,GSM331495,1,0.44858309626579285
19,1,GSM331496,1,0.1673288643360138
19,1,GSM331498,1,0.42689812183380127
19,1,GSM331499,1,0.2554481625556946
19,1,GSM331500,1,0.4698818027973175
19,1,GSM331501,1,0.23522622883319855
19,1,GSM331502,1,0.8206200003623962
19,1,GSM331503,1,0.18730229139328003
19,1,GSM331506,1,0.4262913763523102
19,1,GSM331507,1,0.4366726875305176
19,1,GSM331508,1,0.6030300259590149
19,1,GSM331509,1,0.255932092666626
19,1,GSM331510,1,0.27243322134017944
19,1,GSM331512,1,0.34668898582458496
19,1,GSM331514,1,0.30199578404426575
19,1,GSM331516,1,0.725852906703949
19,1,GSM331517,1,0.46552804112434387
19,1,GSM331520,1,0.602046549320221
19,1,GSM331522,1,0.302192360162735
19,1,GSM331523,1,0.7178977727890015
19,1,GSM331524,1,0.5739484429359436
19,1,GSM331527,1,0.5538795590400696
19,1,GSM331528,1,0.6997966766357422
19,1,GSM331530,1,0.23344217240810394
19,1,GSM331532,1,0.43508031964302063
19,1,GSM331533,1,0.5949257612228394
19,1,GSM331536,1,0.2579391896724701
19,1,GSM331537,1,0.8072087168693542
19,1,GSM331539,1,0.3731668293476105
19,1,GSM331544,1,0.34692680835723877
19,1,GSM331546,1,0.4552467167377472
19,1,GSM331548,1,0.5789309144020081
19,1,GSM331549,1,0.8413291573524475
19,1,GSM331550,1,0.1893414556980133
19,1,GSM331556,1,0.35588064789772034
19,1,GSM331557,1,0.44331657886505127
19,1,GSM331558,1,0.27411726117134094
19,1,GSM331559,1,0.675388514995575
19,1,GSM331561,1,0.3540745973587036
19,1,GSM331562,1,0.18924430012702942
19,1,GSM331564,1,0.585570216178894
19,1,GSM331565,1,0.874771773815155
19,1,GSM331572,1,0.5023679137229919
19,1,GSM331573,1,0.6397957801818848
19,1,GSM331574,1,0.4520914852619171
19,1,GSM331575,1,0.731248140335083
19,1,GSM331577,1,0.5816125273704529
19,1,GSM331581,1,0.2933807969093323
19,1,GSM331583,1,0.21335968375205994
19,1,GSM331585,1,0.4310533106327057
19,1,GSM331586,1,0.24705103039741516
19,1,GSM331589,1,0.3421381115913391
19,1,GSM331591,1,0.7322534322738647
19,1,GSM331593,1,0.2624911665916443
19,1,GSM331596,1,0.30810636281967163
19,1,GSM331597,1,0.5972281694412231
19,1,GSM331600,1,0.6322815418243408
19,1,GSM331601,1,0.16125492751598358
19,1,GSM331602,1,0.5405154228210449
19,1,GSM331604,1,0.26093804836273193
19,1,GSM331607,1,0.49928659200668335
19,1,GSM331609,1,0.6275500059127808
19,1,GSM331611,1,0.670670211315155
19,1,GSM331614,1,0.42893216013908386
19,1,GSM331615,1,0.43429091572761536
19,1,GSM331618,1,0.4499519169330597
19,1,GSM331619,1,0.3881158232688904
19,1,GSM331624,1,0.452277809381485
19,1,GSM331625,1,0.4484294354915619
19,1,GSM331628,1,0.2067876160144806
19,1,GSM331630,1,0.5448113083839417
19,1,GSM331633,1,0.20930354297161102
19,1,GSM331634,1,0.4773452877998352
19,1,GSM331635,1,0.267686665058136
19,1,GSM331637,1,0.22574353218078613
19,1,GSM331641,1,0.5880122184753418
19,1,GSM331644,1,0.4132300019264221
19,1,GSM331646,1,0.26304760575294495
19,1,GSM331647,1,0.5493309497833252
19,1,GSM331651,1,0.48346763849258423
19,1,GSM331655,1,0.4071495532989502
19,1,GSM331657,1,0.632118284702301
19,1,GSM331658,1,0.58939528465271
19,1,GSM331659,1,0.7404465675354004
19,2,GSM331638,0,0.44799888134002686
19,2,GSM331661,0,0.6826116442680359
19,2,GSM331663,0,0.47146546840667725
19,2,GSM331664,0,0.1840973049402237
19,2,GSM331665,0,0.7601877450942993
19,2,GSM331668,0,0.6765848994255066
19,2,GSM331669,0,0.9352953433990479
19,2,GSM331670,0,0.6275994181632996
19,2,GSM331672,0,0.6131436228752136
19,2,GSM331673,0,0.364306777715683
19,2,GSM331674,0,0.7511166930198669
19,2,GSM331680,0,0.6278428435325623
19,2,GSM331681,0,0.6821604371070862
19,2,GSM331687,0,0.4123488962650299
19,2,GSM331688,0,0.7797842621803284
19,2,GSM331692,0,0.24801196157932281
19,2,GSM331694,0,0.5017377734184265
19,2,GSM331698,0,0.6110169887542725
19,2,GSM331699,0,0.7378214597702026
19,2,GSM331700,0,0.6807551383972168
19,2,GSM331702,0,0.5246777534484863
19,2,GSM331703,0,0.511260449886322
19,2,GSM331706,0,0.9082085490226746
19,2,GSM331708,0,0.8379133343696594
19,2,GSM331709,0,0.4040103852748871
19,2,GSM331711,0,0.7017518281936646
19,2,GSM331712,0,0.5480037927627563
19,2,GSM331713,0,0.32179510593414307
19,2,GSM331715,0,0.5281908512115479
19,2,GSM331716,0,0.9324071407318115
19,2,GSM331717,0,0.6411457657814026
19,2,GSM331721,0,0.8453731536865234
19,2,GSM331722,0,0.6864944100379944
19,2,GSM331723,0,0.8857638835906982
19,2,GSM331727,0,0.6021273136138916
19,2,GSM331728,0,0.5564938187599182
19,2,GSM331453,1,0.4745299816131592
19,2,GSM331454,1,0.8004186153411865
19,2,GSM331455,1,0.4929922819137573
19,2,GSM331456,1,0.6399886608123779
19,2,GSM331457,1,0.5386990904808044
19,2,GSM331459,1,0.901100754737854
19,2,GSM331460,1,0.6549399495124817
19,2,GSM331462,1,0.7503980994224548
19,2,GSM331464,1,0.4548947215080261
19,2,GSM331466,1,0.628462553024292
19,2,GSM331471,1,0.8817865252494812
19,2,GSM331474,1,0.48232412338256836
19,2,GSM331475,1,0.32123690843582153
19,2,GSM331477,1,0.5390946865081787
19,2,GSM331478,1,0.49082469940185547
19,2,GSM331481,1,0.6101147532463074
19,2,GSM331482,1,0.4736122190952301
19,2,GSM331483,1,0.5623387098312378
19,2,GSM331487,1,0.8144705295562744
19,2,GSM331488,1,0.6738525032997131
19,2,GSM331489,1,0.7644932270050049
19,2,GSM331491,1,0.8470940589904785
19,2,GSM331494,1,0.9101468920707703
19,2,GSM331497,1,0.6574488878250122
19,2,GSM331504,1,0.6778504848480225
19,2,GSM331505,1,0.7851610779762268
19,2,GSM331511,1,0.782119870185852
19,2,GSM331513,1,0.8552803993225098
19,2,GSM331515,1,0.4258509874343872
19,2,GSM331518,1,0.6315596699714661
19,2,GSM331519,1,0.528488278388977
19,2,GSM331521,1,0.3411999046802521
19,2,GSM331525,1,0.39755791425704956
19,2,GSM331526,1,0.7946306467056274
19,2,GSM331529,1,0.2679896950721741
19,2,GSM331531,1,0.4015699326992035
19,2,GSM331534,1,0.5874941945075989
19,2,GSM331535,1,0.6370568871498108
19,2,GSM331538,1,0.4036490023136139
19,2,GSM331540,1,0.8039997816085815
19,2,GSM331541,1,0.6032191514968872
19,2,GSM331542,1,0.45681506395339966
19,2,GSM331543,1,0.6909281015396118
19,2,GSM331545,1,0.5716592669487
19,2,GSM331547,1,0.5504473447799683
19,2,GSM331551,1,0.5499061346054077
19,2,GSM331552,1,0.4070972800254822
19,2,GSM331553,1,0.7669917345046997
19,2,GSM331554,1,0.5648333430290222
19,2,GSM331555,1,0.3311227560043335
19,2,GSM331560,1,0.7224729061126709
19,2,GSM331563,1,0.6800615191459656
19,2,GSM331566,1,0.6864116787910461
19,2,GSM331567,1,0.41999369859695435
19,2,GSM331568,1,0.8431103825569153
19,2,GSM331569,1,0.7474547624588013
19,2,GSM331570,1,0.5006409287452698
19,2,GSM331571,1,0.7201090455055237
19,2,GSM331576,1,0.6721473336219788
19,2,GSM331578,1,0.8193292617797852
19,2,GSM331579,1,0.5352801084518433
19,2,GSM331580,1,0.5161728262901306
19,2,GSM331582,1,0.6979328393936157
19,2,GSM331584,1,0.39038220047950745
19,2,GSM331587,1,0.6105093359947205
19,2,GSM331588,1,0.726309597492218
19,2,GSM331590,1,0.6705628037452698
19,2,GSM331592,1,0.4704996347427368
19,2,GSM331594,1,0.41732317209243774
19,2,GSM331595,1,0.7204331159591675
19,2,GSM331598,1,0.6118398308753967
19,2,GSM331599,1,0.7695246338844299
19,2,GSM331603,1,0.4747457802295685
19,2,GSM331605,1,0.7440111637115479
19,2,GSM331606,1,0.3449162244796753
19,2,GSM331608,1,0.2937399744987488
19,2,GSM331610,1,0.8156112432479858
19,2,GSM331612,1,0.8485109806060791
19,2,GSM331613,1,0.47896674275398254
19,2,GSM331616,1,0.5964512825012207
19,2,GSM331617,1,0.6995150446891785
19,2,GSM331620,1,0.45010119676589966
19,2,GSM331621,1,0.7046613097190857
19,2,GSM331622,1,0.8308855295181274
19,2,GSM331623,1,0.4614710509777069
19,2,GSM331626,1,0.3541470766067505
19,2,GSM331627,1,0.6908016800880432
19,2,GSM331629,1,0.2763379216194153
19,2,GSM331631,1,0.5153231620788574
19,2,GSM331632,1,0.33626383543014526
19,2,GSM331636,1,0.44218793511390686
19,2,GSM331639,1,0.5327635407447815
19,2,GSM331640,1,0.28648415207862854
19,2,GSM331642,1,0.5939523577690125
19,2,GSM331643,1,0.875494122505188
19,2,GSM331645,1,0.27251553535461426
19,2,GSM331648,1,0.4923876225948334
19,2,GSM331649,1,0.6409221291542053
19,2,GSM331650,1,0.538802444934845
19,2,GSM331652,1,0.7963022589683533
19,2,GSM331653,1,0.4901399612426758
19,2,GSM331654,1,0.8504998683929443
19,2,GSM331656,1,0.24292081594467163
20,1,GSM331638,0,0.2057105004787445
20,1,GSM331661,0,0.7437336444854736
20,1,GSM331662,0,0.3366856575012207
20,1,GSM331669,0,0.9761027097702026
20,1,GSM331671,0,0.8224672079086304
20,1,GSM331673,0,0.3678816556930542
20,1,GSM331675,0,0.2306474894285202
20,1,GSM331679,0,0.659564197063446
20,1,GSM331680,0,0.7436342835426331
20,1,GSM331681,0,0.8408227562904358
20,1,GSM331682,0,0.7428514957427979
20,1,GSM331683,0,0.8541700839996338
20,1,GSM331684,0,0.33147215843200684
20,1,GSM331688,0,0.6538968086242676
20,1,GSM331689,0,0.6180683970451355
20,1,GSM331691,0,0.6332154870033264
20,1,GSM331692,0,0.47814857959747314
20,1,GSM331695,0,0.13280382752418518
20,1,GSM331696,0,0.39454716444015503
20,1,GSM331698,0,0.5082835555076599
20,1,GSM331700,0,0.8049784302711487
20,1,GSM331701,0,0.34139391779899597
20,1,GSM331703,0,0.20220915973186493
20,1,GSM331705,0,0.5219206213951111
20,1,GSM331706,0,0.9685949087142944
20,1,GSM331708,0,0.850048840045929
20,1,GSM331709,0,0.18837736546993256
20,1,GSM331710,0,0.13087908923625946
20,1,GSM331715,0,0.6526831984519958
20,1,GSM331717,0,0.8406335115432739
20,1,GSM331718,0,0.8480151891708374
20,1,GSM331720,0,0.6720524430274963
20,1,GSM331722,0,0.6281641125679016
20,1,GSM331723,0,0.9213685989379883
20,1,GSM331725,0,0.8919812440872192
20,1,GSM331731,0,0.6927112340927124
20,1,GSM331732,0,0.9360313415527344
20,1,GSM331454,1,0.751873254776001
20,1,GSM331455,1,0.4597068727016449
20,1,GSM331457,1,0.6078126430511475
20,1,GSM331459,1,0.9737436771392822
20,1,GSM331462,1,0.9534748792648315
20,1,GSM331464,1,0.43435510993003845
20,1,GSM331465,1,0.5425148606300354
20,1,GSM331466,1,0.3229934871196747
20,1,GSM331467,1,0.6562867164611816
20,1,GSM331468,1,0.5442442893981934
20,1,GSM331470,1,0.735256016254425
20,1,GSM331473,1,0.10609514266252518
20,1,GSM331478,1,0.6066554188728333
20,1,GSM331481,1,0.5351564884185791
20,1,GSM331482,1,0.7080059051513672
20,1,GSM331483,1,0.5502480268478394
20,1,GSM331488,1,0.6105322241783142
20,1,GSM331489,1,0.8925415277481079
20,1,GSM331491,1,0.821542501449585
20,1,GSM331492,1,0.3508312404155731
20,1,GSM331493,1,0.13365454971790314
20,1,GSM331496,1,0.19810931384563446
20,1,GSM331498,1,0.4249759316444397
20,1,GSM331503,1,0.3958446979522705
20,1,GSM331504,1,0.7261009216308594
20,1,GSM331505,1,0.5440199375152588
20,1,GSM331506,1,0.8357004523277283
20,1,GSM331508,1,0.6150698661804199
20,1,GSM331510,1,0.2558785080909729
20,1,GSM331517,1,0.5057421922683716
20,1,GSM331520,1,0.7986140251159668
20,1,GSM331522,1,0.5642332434654236
20,1,GSM331527,1,0.6395106911659241
20,1,GSM331533,1,0.799850583076477
20,1,GSM331535,1,0.6796877980232239
20,1,GSM331538,1,0.4532250463962555
20,1,GSM331540,1,0.7281904220581055
20,1,GSM331544,1,0.5161766409873962
20,1,GSM331545,1,0.9041306972503662
20,1,GSM331547,1,0.6526747345924377
20,1,GSM331548,1,0.6258532404899597
20,1,GSM331549,1,0.9101404547691345
20,1,GSM331551,1,0.5364840030670166
20,1,GSM331553,1,0.8779007792472839
20,1,GSM331554,1,0.47728270292282104
20,1,GSM331556,1,0.37943753600120544
20,1,GSM331557,1,0.8345541954040527
20,1,GSM331560,1,0.8205211162567139
20,1,GSM331562,1,0.2978849411010742
20,1,GSM331563,1,0.9156580567359924
20,1,GSM331564,1,0.5069977045059204
20,1,GSM331565,1,0.9678576588630676
20,1,GSM331566,1,0.6824637055397034
20,1,GSM331572,1,0.8861627578735352
20,1,GSM331573,1,0.9002515077590942
20,1,GSM331574,1,0.4529368281364441
20,1,GSM331576,1,0.6833207011222839
20,1,GSM331578,1,0.9424827098846436
20,1,GSM331579,1,0.5703824758529663
20,1,GSM331581,1,0.21403217315673828
20,1,GSM331582,1,0.6318070292472839
20,1,GSM331583,1,0.25314393639564514
20,1,GSM331584,1,0.42972373962402344
20,1,GSM331585,1,0.8115612864494324
20,1,GSM331586,1,0.5880705714225769
20,1,GSM331587,1,0.6526260375976562
20,1,GSM331588,1,0.6388633847236633
20,1,GSM331593,1,0.22475793957710266
20,1,GSM331596,1,0.3682776689529419
20,1,GSM331599,1,0.8549073338508606
20,1,GSM331600,1,0.8810064792633057
20,1,GSM331601,1,0.1145961657166481
20,1,GSM331603,1,0.5851026177406311
20,1,GSM331604,1,0.21096251904964447
20,1,GSM331605,1,0.5977155566215515
20,1,GSM331607,1,0.829321563243866
20,1,GSM331608,1,0.20710144937038422
20,1,GSM331609,1,0.6306508779525757
20,1,GSM331614,1,0.6379788517951965
20,1,GSM331615,1,0.17654889822006226
20,1,GSM331616,1,0.4070318639278412
20,1,GSM331619,1,0.6562060117721558
20,1,GSM331621,1,0.6550741195678711
20,1,GSM331623,1,0.30305156111717224
20,1,GSM331625,1,0.8825833797454834
20,1,GSM331628,1,0.2975560128688812
20,1,GSM331629,1,0.18021728098392487
20,1,GSM331631,1,0.4516144394874573
20,1,GSM331632,1,0.15683062374591827
20,1,GSM331633,1,0.05927375704050064
20,1,GSM331634,1,0.37976813316345215
20,1,GSM331636,1,0.30526500940322876
20,1,GSM331637,1,0.33788272738456726
20,1,GSM331639,1,0.5303740501403809
20,1,GSM331641,1,0.8810439109802246
20,1,GSM331643,1,0.6366019248962402
20,1,GSM331645,1,0.4341356158256531
20,1,GSM331648,1,0.5273430347442627
20,1,GSM331650,1,0.4749242067337036
20,1,GSM331652,1,0.8582959771156311
20,1,GSM331653,1,0.5787937641143799
20,1,GSM331654,1,0.9157801270484924
20,1,GSM331659,1,0.9430232644081116
20,2,GSM331660,0,0.15039955079555511
20,2,GSM331663,0,0.414228230714798
20,2,GSM331664,0,0.0798734650015831
20,2,GSM331665,0,0.8880221843719482
20,2,GSM331666,0,0.15704189240932465
20,2,GSM331668,0,0.31731125712394714
20,2,GSM331670,0,0.7573119401931763
20,2,GSM331672,0,0.6939845681190491
20,2,GSM331674,0,0.8500428199768066
20,2,GSM331676,0,0.5295641422271729
20,2,GSM331677,0,0.2778147757053375
20,2,GSM331678,0,0.1326744705438614
20,2,GSM331685,0,0.14544305205345154
20,2,GSM331686,0,0.7225069403648376
20,2,GSM331687,0,0.18089410662651062
20,2,GSM331690,0,0.8479354381561279
20,2,GSM331693,0,0.5148055553436279
20,2,GSM331694,0,0.4847277104854584
20,2,GSM331697,0,0.2077208161354065
20,2,GSM331699,0,0.6528161764144897
20,2,GSM331702,0,0.7695189714431763
20,2,GSM331704,0,0.5874053835868835
20,2,GSM331707,0,0.7302305102348328
20,2,GSM331711,0,0.20276400446891785
20,2,GSM331712,0,0.5120110511779785
20,2,GSM331713,0,0.3036028742790222
20,2,GSM331714,0,0.39774417877197266
20,2,GSM331716,0,0.9636402726173401
20,2,GSM331719,0,0.13029812276363373
20,2,GSM331721,0,0.8181027770042419
20,2,GSM331724,0,0.2340017408132553
20,2,GSM331726,0,0.05989718809723854
20,2,GSM331727,0,0.32819363474845886
20,2,GSM331728,0,0.16682855784893036
20,2,GSM331729,0,0.09991979598999023
20,2,GSM331730,0,0.1657440960407257
20,2,GSM331453,1,0.39798271656036377
20,2,GSM331456,1,0.5981103777885437
20,2,GSM331458,1,0.4430728554725647
20,2,GSM331460,1,0.5616391897201538
20,2,GSM331461,1,0.16196390986442566
20,2,GSM331463,1,0.3286113739013672
20,2,GSM331469,1,0.5357903838157654
20,2,GSM331471,1,0.9397265315055847
20,2,GSM331472,1,0.3280124068260193
20,2,GSM331474,1,0.40428590774536133
20,2,GSM331475,1,0.15192699432373047
20,2,GSM331476,1,0.4501808285713196
20,2,GSM331477,1,0.6397058367729187
20,2,GSM331479,1,0.3617611229419708
20,2,GSM331480,1,0.5872374176979065
20,2,GSM331484,1,0.0950649082660675
20,2,GSM331485,1,0.7068462371826172
20,2,GSM331486,1,0.5721076726913452
20,2,GSM331487,1,0.6290086507797241
20,2,GSM331490,1,0.4368119239807129
20,2,GSM331494,1,0.7575560212135315
20,2,GSM331495,1,0.3097776472568512
20,2,GSM331497,1,0.665650486946106
20,2,GSM331499,1,0.1071365550160408
20,2,GSM331500,1,0.7787060737609863
20,2,GSM331501,1,0.4608447551727295
20,2,GSM331502,1,0.8569170832633972
20,2,GSM331507,1,0.1684139221906662
20,2,GSM331509,1,0.15272462368011475
20,2,GSM331511,1,0.7801130414009094
20,2,GSM331512,1,0.4500569701194763
20,2,GSM331513,1,0.8651952743530273
20,2,GSM331514,1,0.3067709803581238
20,2,GSM331515,1,0.14649492502212524
20,2,GSM331516,1,0.7914615869522095
20,2,GSM331518,1,0.5594483613967896
20,2,GSM331519,1,0.5010362863540649
20,2,GSM331521,1,0.2701002359390259
20,2,GSM331523,1,0.4638260304927826
20,2,GSM331524,1,0.4092206358909607
20,2,GSM331525,1,0.2025337964296341
20,2,GSM331526,1,0.7907162308692932
20,2,GSM331528,1,0.6542518734931946
20,2,GSM331529,1,0.2552545368671417
20,2,GSM331530,1,0.11421917378902435
20,2,GSM331531,1,0.5012537240982056
20,2,GSM331532,1,0.27981069684028625
20,2,GSM331534,1,0.6785109043121338
20,2,GSM331536,1,0.3229629099369049
20,2,GSM331537,1,0.8242184519767761
20,2,GSM331539,1,0.3544174134731293
20,2,GSM331541,1,0.8010082244873047
20,2,GSM331542,1,0.40616339445114136
20,2,GSM331543,1,0.6227845549583435
20,2,GSM331546,1,0.4937800467014313
20,2,GSM331550,1,0.2714339792728424
20,2,GSM331552,1,0.6361581683158875
20,2,GSM331555,1,0.14621059596538544
20,2,GSM331558,1,0.408320814371109
20,2,GSM331559,1,0.6059659123420715
20,2,GSM331561,1,0.5107930898666382
20,2,GSM331567,1,0.3891575336456299
20,2,GSM331568,1,0.842502236366272
20,2,GSM331569,1,0.7828693985939026
20,2,GSM331570,1,0.4401504099369049
20,2,GSM331571,1,0.6287315487861633
20,2,GSM331575,1,0.8947789072990417
20,2,GSM331577,1,0.7134732604026794
20,2,GSM331580,1,0.22428752481937408
20,2,GSM331589,1,0.5127667188644409
20,2,GSM331590,1,0.49586257338523865
20,2,GSM331591,1,0.7115553021430969
20,2,GSM331592,1,0.3114128112792969
20,2,GSM331594,1,0.3829919397830963
20,2,GSM331595,1,0.42779603600502014
20,2,GSM331597,1,0.6515195965766907
20,2,GSM331598,1,0.704702615737915
20,2,GSM331602,1,0.2194061428308487
20,2,GSM331606,1,0.2959238290786743
20,2,GSM331610,1,0.5708805322647095
20,2,GSM331611,1,0.6030281186103821
20,2,GSM331612,1,0.6836715936660767
20,2,GSM331613,1,0.2503242790699005
20,2,GSM331617,1,0.7544493079185486
20,2,GSM331618,1,0.36483147740364075
20,2,GSM331620,1,0.39525339007377625
20,2,GSM331622,1,0.9221180081367493
20,2,GSM331624,1,0.3689398765563965
20,2,GSM331626,1,0.40143266320228577
20,2,GSM331627,1,0.5930982232093811
20,2,GSM331630,1,0.38210877776145935
20,2,GSM331635,1,0.2294478565454483
20,2,GSM331640,1,0.14943787455558777
20,2,GSM331642,1,0.43613243103027344
20,2,GSM331644,1,0.6102396249771118
20,2,GSM331646,1,0.38687974214553833
20,2,GSM331647,1,0.5683348178863525
20,2,GSM331649,1,0.35845306515693665
20,2,GSM331651,1,0.4146589934825897
20,2,GSM331655,1,0.4082353115081787
20,2,GSM331656,1,0.21777866780757904
20,2,GSM331657,1,0.9339678883552551
20,2,GSM331658,1,0.6910563707351685
21,1,GSM331661,0,0.6881961226463318
21,1,GSM331662,0,0.7346227765083313
21,1,GSM331663,0,0.49983394145965576
21,1,GSM331664,0,0.1683575063943863
21,1,GSM331665,0,0.7197425365447998
21,1,GSM331671,0,0.8879650831222534
21,1,GSM331673,0,0.2843954563140869
21,1,GSM331675,0,0.13470402359962463
21,1,GSM331676,0,0.6693145632743835
21,1,GSM331677,0,0.6382198929786682
21,1,GSM331681,0,0.47510361671447754
21,1,GSM331683,0,0.8287705183029175
21,1,GSM331684,0,0.20774491131305695
21,1,GSM331685,0,0.19207890331745148
21,1,GSM331686,0,0.8534771800041199
21,1,GSM331687,0,0.5326427817344666
21,1,GSM331692,0,0.18455442786216736
21,1,GSM331694,0,0.37527796626091003
21,1,GSM331697,0,0.5182031393051147
21,1,GSM331698,0,0.2319408357143402
21,1,GSM331699,0,0.7626661062240601
21,1,GSM331700,0,0.38591256737709045
21,1,GSM331701,0,0.15975536406040192
21,1,GSM331704,0,0.5411097407341003
21,1,GSM331705,0,0.4273357689380646
21,1,GSM331707,0,0.8422653079032898
21,1,GSM331715,0,0.4422542452812195
21,1,GSM331717,0,0.6632788181304932
21,1,GSM331718,0,0.755223274230957
21,1,GSM331719,0,0.10206832736730576
21,1,GSM331721,0,0.8964597582817078
21,1,GSM331723,0,0.8248165845870972
21,1,GSM331725,0,0.581946849822998
21,1,GSM331727,0,0.3426901698112488
21,1,GSM331728,0,0.16374973952770233
21,1,GSM331729,0,0.07466643303632736
21,1,GSM331730,0,0.3254009187221527
21,1,GSM331453,1,0.33897197246551514
21,1,GSM331454,1,0.48472726345062256
21,1,GSM331456,1,0.652722179889679
21,1,GSM331458,1,0.6809327602386475
21,1,GSM331462,1,0.8121370077133179
21,1,GSM331463,1,0.35771626234054565
21,1,GSM331464,1,0.4873672425746918
21,1,GSM331468,1,0.7491124272346497
21,1,GSM331477,1,0.6739575862884521
21,1,GSM331478,1,0.42980918288230896
21,1,GSM331482,1,0.195669487118721
21,1,GSM331484,1,0.15457922220230103
21,1,GSM331487,1,0.9259005784988403
21,1,GSM331488,1,0.6140018105506897
21,1,GSM331490,1,0.2863050401210785
21,1,GSM331491,1,0.4490821361541748
21,1,GSM331494,1,0.886631429195404
21,1,GSM331495,1,0.3439726233482361
21,1,GSM331497,1,0.7421743273735046
21,1,GSM331501,1,0.4346752464771271
21,1,GSM331503,1,0.32204416394233704
21,1,GSM331504,1,0.43621280789375305
21,1,GSM331505,1,0.8544999361038208
21,1,GSM331506,1,0.47321709990501404
21,1,GSM331507,1,0.12293223291635513
21,1,GSM331510,1,0.5425015687942505
21,1,GSM331512,1,0.32297420501708984
21,1,GSM331514,1,0.33059319853782654
21,1,GSM331516,1,0.7959689497947693
21,1,GSM331518,1,0.479311466217041
21,1,GSM331520,1,0.6314665675163269
21,1,GSM331522,1,0.17963820695877075
21,1,GSM331523,1,0.6625446677207947
21,1,GSM331526,1,0.6349748969078064
21,1,GSM331527,1,0.48365309834480286
21,1,GSM331529,1,0.18468640744686127
21,1,GSM331532,1,0.2785249948501587
21,1,GSM331534,1,0.8028153777122498
21,1,GSM331540,1,0.41161224246025085
21,1,GSM331543,1,0.7102547287940979
21,1,GSM331545,1,0.7080932259559631
21,1,GSM331546,1,0.5800232887268066
21,1,GSM331548,1,0.7816737294197083
21,1,GSM331549,1,0.8005658984184265
21,1,GSM331550,1,0.430164635181427
21,1,GSM331551,1,0.49758461117744446
21,1,GSM331552,1,0.20399151742458344
21,1,GSM331553,1,0.8808631300926208
21,1,GSM331558,1,0.09313397854566574
21,1,GSM331559,1,0.9154040217399597
21,1,GSM331562,1,0.6836176514625549
21,1,GSM331568,1,0.864436149597168
21,1,GSM331569,1,0.7443355321884155
21,1,GSM331570,1,0.21037596464157104
21,1,GSM331574,1,0.20679309964179993
21,1,GSM331575,1,0.7087417244911194
21,1,GSM331577,1,0.4253895580768585
21,1,GSM331578,1,0.8085742592811584
21,1,GSM331581,1,0.22096258401870728
21,1,GSM331582,1,0.42572009563446045
21,1,GSM331583,1,0.4996344745159149
21,1,GSM331584,1,0.07093308120965958
21,1,GSM331585,1,0.5441052317619324
21,1,GSM331587,1,0.7453644871711731
21,1,GSM331588,1,0.36847996711730957
21,1,GSM331589,1,0.39982014894485474
21,1,GSM331590,1,0.6029325723648071
21,1,GSM331591,1,0.9625860452651978
21,1,GSM331592,1,0.7832072377204895
21,1,GSM331595,1,0.8440476059913635
21,1,GSM331596,1,0.4840772747993469
21,1,GSM331598,1,0.324258029460907
21,1,GSM331599,1,0.9328858852386475
21,1,GSM331600,1,0.9019761085510254
21,1,GSM331601,1,0.07605057954788208
21,1,GSM331602,1,0.3735899329185486
21,1,GSM331603,1,0.4544065296649933
21,1,GSM331605,1,0.7141091227531433
21,1,GSM331608,1,0.05256858095526695
21,1,GSM331609,1,0.5812642574310303
21,1,GSM331611,1,0.613109290599823
21,1,GSM331612,1,0.6359239220619202
21,1,GSM331618,1,0.5044330954551697
21,1,GSM331620,1,0.5583316683769226
21,1,GSM331621,1,0.44367775321006775
21,1,GSM331622,1,0.7054386138916016
21,1,GSM331625,1,0.8833665251731873
21,1,GSM331626,1,0.16718190908432007
21,1,GSM331628,1,0.4029591381549835
21,1,GSM331629,1,0.042575061321258545
21,1,GSM331630,1,0.32496780157089233
21,1,GSM331631,1,0.31002554297447205
21,1,GSM331633,1,0.2918102741241455
21,1,GSM331636,1,0.19498462975025177
21,1,GSM331637,1,0.4646760821342468
21,1,GSM331640,1,0.3335844874382019
21,1,GSM331643,1,0.8228731155395508
21,1,GSM331645,1,0.21192112565040588
21,1,GSM331646,1,0.3832547068595886
21,1,GSM331647,1,0.626270592212677
21,1,GSM331649,1,0.7170221209526062
21,1,GSM331650,1,0.48711350560188293
21,1,GSM331651,1,0.15907178819179535
21,2,GSM331638,0,0.31790968775749207
21,2,GSM331660,0,0.10670918971300125
21,2,GSM331666,0,0.13128435611724854
21,2,GSM331668,0,0.6461524367332458
21,2,GSM331669,0,0.9483497738838196
21,2,GSM331670,0,0.34558379650115967
21,2,GSM331672,0,0.639728844165802
21,2,GSM331674,0,0.7705378532409668
21,2,GSM331678,0,0.04949606955051422
21,2,GSM331679,0,0.3972323536872864
21,2,GSM331680,0,0.4768645465373993
21,2,GSM331682,0,0.7077065110206604
21,2,GSM331688,0,0.6980023384094238
21,2,GSM331689,0,0.4217723309993744
21,2,GSM331690,0,0.7550891637802124
21,2,GSM331691,0,0.496966153383255
21,2,GSM331693,0,0.621085524559021
21,2,GSM331695,0,0.46518445014953613
21,2,GSM331696,0,0.33725494146347046
21,2,GSM331702,0,0.6243521571159363
21,2,GSM331703,0,0.7525272965431213
21,2,GSM331706,0,0.8255699276924133
21,2,GSM331708,0,0.8640936017036438
21,2,GSM331709,0,0.18455331027507782
21,2,GSM331710,0,0.0688479095697403
21,2,GSM331711,0,0.629851758480072
21,2,GSM331712,0,0.4763695299625397
21,2,GSM331713,0,0.3766447603702545
21,2,GSM331714,0,0.7520141005516052
21,2,GSM331716,0,0.9757585525512695
21,2,GSM331720,0,0.2562709152698517
21,2,GSM331722,0,0.27888569235801697
21,2,GSM331724,0,0.1858462393283844
21,2,GSM331726,0,0.2259276807308197
21,2,GSM331731,0,0.8447617292404175
21,2,GSM331732,0,0.8278132081031799
21,2,GSM331455,1,0.3597084581851959
21,2,GSM331457,1,0.7554457187652588
21,2,GSM331459,1,0.8468024730682373
21,2,GSM331460,1,0.5744163990020752
21,2,GSM331461,1,0.15660162270069122
21,2,GSM331465,1,0.5255557298660278
21,2,GSM331466,1,0.6262139081954956
21,2,GSM331467,1,0.13358375430107117
21,2,GSM331469,1,0.5494288802146912
21,2,GSM331470,1,0.694434404373169
21,2,GSM331471,1,0.8903841376304626
21,2,GSM331472,1,0.19197441637516022
21,2,GSM331473,1,0.3100525438785553
21,2,GSM331474,1,0.20278996229171753
21,2,GSM331475,1,0.14903777837753296
21,2,GSM331476,1,0.30712196230888367
21,2,GSM331479,1,0.37377679347991943
21,2,GSM331480,1,0.658322274684906
21,2,GSM331481,1,0.593696653842926
21,2,GSM331483,1,0.6103168725967407
21,2,GSM331485,1,0.7721194624900818
21,2,GSM331486,1,0.4852377474308014
21,2,GSM331489,1,0.42836418747901917
21,2,GSM331492,1,0.5389254093170166
21,2,GSM331493,1,0.21928074955940247
21,2,GSM331496,1,0.13786444067955017
21,2,GSM331498,1,0.4368191361427307
21,2,GSM331499,1,0.12425997108221054
21,2,GSM331500,1,0.2063528448343277
21,2,GSM331502,1,0.7306615710258484
21,2,GSM331508,1,0.3741264045238495
21,2,GSM331509,1,0.14678026735782623
21,2,GSM331511,1,0.7733548879623413
21,2,GSM331513,1,0.933147132396698
21,2,GSM331515,1,0.3553208112716675
21,2,GSM331517,1,0.33166974782943726
21,2,GSM331519,1,0.4824143052101135
21,2,GSM331521,1,0.3479658365249634
21,2,GSM331524,1,0.6310917735099792
21,2,GSM331525,1,0.2652584910392761
21,2,GSM331528,1,0.6273605227470398
21,2,GSM331530,1,0.17524680495262146
21,2,GSM331531,1,0.24535629153251648
21,2,GSM331533,1,0.7021945118904114
21,2,GSM331535,1,0.2752315104007721
21,2,GSM331536,1,0.37805289030075073
21,2,GSM331537,1,0.7144062519073486
21,2,GSM331538,1,0.20314529538154602
21,2,GSM331539,1,0.5666846632957458
21,2,GSM331541,1,0.752234160900116
21,2,GSM331542,1,0.2404167354106903
21,2,GSM331544,1,0.2741498649120331
21,2,GSM331547,1,0.4097355008125305
21,2,GSM331554,1,0.35796642303466797
21,2,GSM331555,1,0.11665631085634232
21,2,GSM331556,1,0.7814821600914001
21,2,GSM331557,1,0.65663743019104
21,2,GSM331560,1,0.356490820646286
21,2,GSM331561,1,0.7553567290306091
21,2,GSM331563,1,0.7057324051856995
21,2,GSM331564,1,0.45417889952659607
21,2,GSM331565,1,0.8586763143539429
21,2,GSM331566,1,0.6630462408065796
21,2,GSM331567,1,0.32683560252189636
21,2,GSM331571,1,0.5680463314056396
21,2,GSM331572,1,0.6260503530502319
21,2,GSM331573,1,0.7847725749015808
21,2,GSM331576,1,0.42782264947891235
21,2,GSM331579,1,0.1703576147556305
21,2,GSM331580,1,0.6425638794898987
21,2,GSM331586,1,0.17905482649803162
21,2,GSM331593,1,0.37522825598716736
21,2,GSM331594,1,0.4895661175251007
21,2,GSM331597,1,0.43383005261421204
21,2,GSM331604,1,0.4997108280658722
21,2,GSM331606,1,0.16890718042850494
21,2,GSM331607,1,0.9203128218650818
21,2,GSM331610,1,0.8624410629272461
21,2,GSM331613,1,0.3820362091064453
21,2,GSM331614,1,0.3921830952167511
21,2,GSM331615,1,0.3272399604320526
21,2,GSM331616,1,0.6264763474464417
21,2,GSM331617,1,0.8402161002159119
21,2,GSM331619,1,0.4692634642124176
21,2,GSM331623,1,0.2361375242471695
21,2,GSM331624,1,0.6930744051933289
21,2,GSM331627,1,0.3668409585952759
21,2,GSM331632,1,0.30605143308639526
21,2,GSM331634,1,0.16325773298740387
21,2,GSM331635,1,0.15072152018547058
21,2,GSM331639,1,0.4754944145679474
21,2,GSM331641,1,0.3186507821083069
21,2,GSM331642,1,0.5416879057884216
21,2,GSM331644,1,0.31865087151527405
21,2,GSM331648,1,0.31624945998191833
21,2,GSM331652,1,0.8979472517967224
21,2,GSM331653,1,0.6605414152145386
21,2,GSM331654,1,0.8344416618347168
21,2,GSM331655,1,0.45471322536468506
21,2,GSM331656,1,0.21414785087108612
21,2,GSM331657,1,0.8050454258918762
21,2,GSM331658,1,0.8817873001098633
21,2,GSM331659,1,0.8693696856498718
22,1,GSM331660,0,0.353777676820755
22,1,GSM331661,0,0.64095139503479
22,1,GSM331662,0,0.5801820158958435
22,1,GSM331665,0,0.8584975004196167
22,1,GSM331666,0,0.26187944412231445
22,1,GSM331671,0,0.8861153721809387
22,1,GSM331675,0,0.26625123620033264
22,1,GSM331677,0,0.46995386481285095
22,1,GSM331678,0,0.2858690023422241
22,1,GSM331679,0,0.7513923048973083
22,1,GSM331681,0,0.2874051332473755
22,1,GSM331682,0,0.5100952386856079
22,1,GSM331683,0,0.670816957950592
22,1,GSM331684,0,0.2560712397098541
22,1,GSM331689,0,0.3397720456123352
22,1,GSM331692,0,0.4135407507419586
22,1,GSM331694,0,0.5911844372749329
22,1,GSM331695,0,0.40013352036476135
22,1,GSM331697,0,0.37402164936065674
22,1,GSM331698,0,0.21460045874118805
22,1,GSM331700,0,0.586231529712677
22,1,GSM331701,0,0.15121547877788544
22,1,GSM331702,0,0.5828546285629272
22,1,GSM331704,0,0.3955842852592468
22,1,GSM331706,0,0.7398819923400879
22,1,GSM331708,0,0.7492659091949463
22,1,GSM331709,0,0.2489471286535263
22,1,GSM331710,0,0.0905173048377037
22,1,GSM331715,0,0.44843795895576477
22,1,GSM331720,0,0.40605801343917847
22,1,GSM331721,0,0.8259553909301758
22,1,GSM331722,0,0.5634293556213379
22,1,GSM331723,0,0.7723863124847412
22,1,GSM331727,0,0.4893914461135864
22,1,GSM331728,0,0.2597811222076416
22,1,GSM331729,0,0.10560333728790283
22,1,GSM331730,0,0.1843932867050171
22,1,GSM331453,1,0.32208502292633057
22,1,GSM331454,1,0.2790478765964508
22,1,GSM331458,1,0.3689804673194885
22,1,GSM331461,1,0.32315289974212646
22,1,GSM331463,1,0.1745748519897461
22,1,GSM331465,1,0.4227522313594818
22,1,GSM331467,1,0.21254129707813263
22,1,GSM331468,1,0.6370418667793274
22,1,GSM331471,1,0.725733757019043
22,1,GSM331473,1,0.6032529473304749
22,1,GSM331474,1,0.5951491594314575
22,1,GSM331475,1,0.43906402587890625
22,1,GSM331476,1,0.6972483396530151
22,1,GSM331477,1,0.3546769618988037
22,1,GSM331478,1,0.43977537751197815
22,1,GSM331479,1,0.6492835879325867
22,1,GSM331481,1,0.5598178505897522
22,1,GSM331482,1,0.236540749669075
22,1,GSM331483,1,0.7157333493232727
22,1,GSM331484,1,0.3031599521636963
22,1,GSM331485,1,0.5097935795783997
22,1,GSM331489,1,0.4521064758300781
22,1,GSM331491,1,0.2620358169078827
22,1,GSM331494,1,0.7572837471961975
22,1,GSM331498,1,0.39494726061820984
22,1,GSM331501,1,0.6643193960189819
22,1,GSM331502,1,0.8129204511642456
22,1,GSM331504,1,0.3659011125564575
22,1,GSM331505,1,0.7127884030342102
22,1,GSM331506,1,0.2349386066198349
22,1,GSM331507,1,0.3060649037361145
22,1,GSM331510,1,0.4612559676170349
22,1,GSM331513,1,0.7347483038902283
22,1,GSM331515,1,0.29692238569259644
22,1,GSM331516,1,0.795395016670227
22,1,GSM331517,1,0.39370226860046387
22,1,GSM331520,1,0.45415976643562317
22,1,GSM331523,1,0.5422042012214661
22,1,GSM331525,1,0.4453945755958557
22,1,GSM331526,1,0.665807843208313
22,1,GSM331527,1,0.2863084673881531
22,1,GSM331531,1,0.5773934125900269
22,1,GSM331532,1,0.19560717046260834
22,1,GSM331533,1,0.37638190388679504
22,1,GSM331534,1,0.6692509651184082
22,1,GSM331535,1,0.34946131706237793
22,1,GSM331536,1,0.6503710746765137
22,1,GSM331538,1,0.11239033937454224
22,1,GSM331539,1,0.20664756000041962
22,1,GSM331540,1,0.494281530380249
22,1,GSM331544,1,0.2448084056377411
22,1,GSM331545,1,0.6798864006996155
22,1,GSM331547,1,0.5319656729698181
22,1,GSM331548,1,0.7543679475784302
22,1,GSM331549,1,0.825241208076477
22,1,GSM331551,1,0.5449071526527405
22,1,GSM331553,1,0.6279808878898621
22,1,GSM331555,1,0.2259940803050995
22,1,GSM331556,1,0.5042945742607117
22,1,GSM331557,1,0.7833381295204163
22,1,GSM331558,1,0.19669315218925476
22,1,GSM331560,1,0.2884303331375122
22,1,GSM331562,1,0.6378763914108276
22,1,GSM331566,1,0.8018506169319153
22,1,GSM331569,1,0.2708316743373871
22,1,GSM331578,1,0.6686883568763733
22,1,GSM331582,1,0.7600919604301453
22,1,GSM331585,1,0.44720086455345154
22,1,GSM331587,1,0.6695907711982727
22,1,GSM331591,1,0.8422218561172485
22,1,GSM331593,1,0.4275396168231964
22,1,GSM331594,1,0.605656087398529
22,1,GSM331598,1,0.34813904762268066
22,1,GSM331599,1,0.8068719506263733
22,1,GSM331601,1,0.4387555718421936
22,1,GSM331603,1,0.6447710394859314
22,1,GSM331604,1,0.42589271068573
22,1,GSM331614,1,0.2628341019153595
22,1,GSM331615,1,0.30341482162475586
22,1,GSM331619,1,0.4273177981376648
22,1,GSM331621,1,0.33269003033638
22,1,GSM331622,1,0.6492475271224976
22,1,GSM331624,1,0.6295749545097351
22,1,GSM331626,1,0.1512901932001114
22,1,GSM331628,1,0.47160276770591736
22,1,GSM331629,1,0.19338849186897278
22,1,GSM331630,1,0.3984013795852661
22,1,GSM331631,1,0.44872933626174927
22,1,GSM331633,1,0.2377292662858963
22,1,GSM331640,1,0.168779656291008
22,1,GSM331641,1,0.5285184383392334
22,1,GSM331643,1,0.7271968722343445
22,1,GSM331644,1,0.37448862195014954
22,1,GSM331645,1,0.2894434332847595
22,1,GSM331647,1,0.682395875453949
22,1,GSM331648,1,0.31794342398643494
22,1,GSM331649,1,0.48702725768089294
22,1,GSM331650,1,0.4810466170310974
22,1,GSM331651,1,0.37756991386413574
22,1,GSM331653,1,0.5296632051467896
22,1,GSM331656,1,0.18590521812438965
22,1,GSM331657,1,0.7970043420791626
22,1,GSM331658,1,0.5393293499946594
22,2,GSM331638,0,0.38228124380111694
22,2,GSM331663,0,0.6689000725746155
22,2,GSM331664,0,0.3536072075366974
22,2,GSM331668,0,0.48470279574394226
22,2,GSM331669,0,0.9402677416801453
22,2,GSM331670,0,0.5323677659034729
22,2,GSM331672,0,0.6913449764251709
22,2,GSM331673,0,0.4650227725505829
22,2,GSM331674,0,0.9039666652679443
22,2,GSM331676,0,0.7430524826049805
22,2,GSM331680,0,0.5992723107337952
22,2,GSM331685,0,0.36899900436401367
22,2,GSM331686,0,0.7027904987335205
22,2,GSM331687,0,0.4273202121257782
22,2,GSM331688,0,0.715556800365448
22,2,GSM331690,0,0.513207197189331
22,2,GSM331691,0,0.2827465832233429
22,2,GSM331693,0,0.5783336162567139
22,2,GSM331696,0,0.2518598437309265
22,2,GSM331699,0,0.8462263941764832
22,2,GSM331703,0,0.5142377018928528
22,2,GSM331705,0,0.5025100708007812
22,2,GSM331707,0,0.9127717614173889
22,2,GSM331711,0,0.41762596368789673
22,2,GSM331712,0,0.34385642409324646
22,2,GSM331713,0,0.3918394148349762
22,2,GSM331714,0,0.6614580154418945
22,2,GSM331716,0,0.8854248523712158
22,2,GSM331717,0,0.6211009621620178
22,2,GSM331718,0,0.7875197529792786
22,2,GSM331719,0,0.16294331848621368
22,2,GSM331724,0,0.3075689375400543
22,2,GSM331725,0,0.8314380645751953
22,2,GSM331726,0,0.2368776798248291
22,2,GSM331731,0,0.6478692293167114
22,2,GSM331732,0,0.7813315391540527
22,2,GSM331455,1,0.3087853491306305
22,2,GSM331456,1,0.445145845413208
22,2,GSM331457,1,0.8518806099891663
22,2,GSM331459,1,0.6697173714637756
22,2,GSM331460,1,0.7621976137161255
22,2,GSM331462,1,0.7814264297485352
22,2,GSM331464,1,0.5706905722618103
22,2,GSM331466,1,0.6008015275001526
22,2,GSM331469,1,0.7008891701698303
22,2,GSM331470,1,0.4838094711303711
22,2,GSM331472,1,0.315069317817688
22,2,GSM331480,1,0.5842083692550659
22,2,GSM331486,1,0.615067720413208
22,2,GSM331487,1,0.7400945425033569
22,2,GSM331488,1,0.6610538959503174
22,2,GSM331490,1,0.3081619143486023
22,2,GSM331492,1,0.3693598210811615
22,2,GSM331493,1,0.38883405923843384
22,2,GSM331495,1,0.48966923356056213
22,2,GSM331496,1,0.5437585711479187
22,2,GSM331497,1,0.5537182092666626
22,2,GSM331499,1,0.2692720293998718
22,2,GSM331500,1,0.36221811175346375
22,2,GSM331503,1,0.3137810528278351
22,2,GSM331508,1,0.6120700240135193
22,2,GSM331509,1,0.3776198625564575
22,2,GSM331511,1,0.7501689195632935
22,2,GSM331512,1,0.6097325682640076
22,2,GSM331514,1,0.488383948802948
22,2,GSM331518,1,0.5427216291427612
22,2,GSM331519,1,0.46570321917533875
22,2,GSM331521,1,0.5272873640060425
22,2,GSM331522,1,0.34234514832496643
22,2,GSM331524,1,0.574042797088623
22,2,GSM331528,1,0.6831570267677307
22,2,GSM331529,1,0.49245670437812805
22,2,GSM331530,1,0.15982091426849365
22,2,GSM331537,1,0.5352059006690979
22,2,GSM331541,1,0.8238652348518372
22,2,GSM331542,1,0.5570523142814636
22,2,GSM331543,1,0.6212490200996399
22,2,GSM331546,1,0.6007750034332275
22,2,GSM331550,1,0.5634104609489441
22,2,GSM331552,1,0.3294285237789154
22,2,GSM331554,1,0.39556998014450073
22,2,GSM331559,1,0.6751106977462769
22,2,GSM331561,1,0.5905670523643494
22,2,GSM331563,1,0.8402002453804016
22,2,GSM331564,1,0.34335142374038696
22,2,GSM331565,1,0.756411612033844
22,2,GSM331567,1,0.4115055501461029
22,2,GSM331568,1,0.710334837436676
22,2,GSM331570,1,0.3421207666397095
22,2,GSM331571,1,0.4014192521572113
22,2,GSM331572,1,0.5525411367416382
22,2,GSM331573,1,0.8006716370582581
22,2,GSM331574,1,0.34671157598495483
22,2,GSM331575,1,0.6858338117599487
22,2,GSM331576,1,0.5320589542388916
22,2,GSM331577,1,0.43350160121917725
22,2,GSM331579,1,0.2896236479282379
22,2,GSM331580,1,0.4899112284183502
22,2,GSM331581,1,0.3081166446208954
22,2,GSM331583,1,0.5639984011650085
22,2,GSM331584,1,0.30687618255615234
22,2,GSM331586,1,0.4130154252052307
22,2,GSM331588,1,0.33029574155807495
22,2,GSM331589,1,0.3418358564376831
22,2,GSM331590,1,0.726086437702179
22,2,GSM331592,1,0.37973764538764954
22,2,GSM331595,1,0.531667172908783
22,2,GSM331596,1,0.3797766864299774
22,2,GSM331597,1,0.42735859751701355
22,2,GSM331600,1,0.7770426273345947
22,2,GSM331602,1,0.4796486794948578
22,2,GSM331605,1,0.604631245136261
22,2,GSM331606,1,0.30932101607322693
22,2,GSM331607,1,0.7970501184463501
22,2,GSM331608,1,0.42106616497039795
22,2,GSM331609,1,0.6580943465232849
22,2,GSM331610,1,0.7821309566497803
22,2,GSM331611,1,0.5073519349098206
22,2,GSM331612,1,0.714137077331543
22,2,GSM331613,1,0.5521299839019775
22,2,GSM331616,1,0.5258600115776062
22,2,GSM331617,1,0.7447882890701294
22,2,GSM331618,1,0.41986581683158875
22,2,GSM331620,1,0.5903366208076477
22,2,GSM331623,1,0.31307512521743774
22,2,GSM331625,1,0.7806411981582642
22,2,GSM331627,1,0.3462311625480652
22,2,GSM331632,1,0.34173086285591125
22,2,GSM331634,1,0.2934565544128418
22,2,GSM331635,1,0.4440769553184509
22,2,GSM331636,1,0.2764416038990021
22,2,GSM331637,1,0.33932220935821533
22,2,GSM331639,1,0.2483808398246765
22,2,GSM331642,1,0.440032422542572
22,2,GSM331646,1,0.3247259259223938
22,2,GSM331652,1,0.7852602005004883
22,2,GSM331654,1,0.7887563109397888
22,2,GSM331655,1,0.3766566514968872
22,2,GSM331659,1,0.8215585947036743
23,1,GSM331638,0,0.45159268379211426
23,1,GSM331660,0,0.34019923210144043
23,1,GSM331661,0,0.6985715627670288
23,1,GSM331664,0,0.3573988974094391
23,1,GSM331665,0,0.6418518424034119
23,1,GSM331669,0,0.8055292963981628
23,1,GSM331672,0,0.6223056316375732
23,1,GSM331674,0,0.6498784422874451
23,1,GSM331676,0,0.5635775923728943
23,1,GSM331677,0,0.5890038013458252
23,1,GSM331681,0,0.45682787895202637
23,1,GSM331683,0,0.5871523022651672
23,1,GSM331686,0,0.6102350950241089
23,1,GSM331687,0,0.4894004762172699
23,1,GSM331689,0,0.26762816309928894
23,1,GSM331691,0,0.5029118657112122
23,1,GSM331692,0,0.34819576144218445
23,1,GSM331693,0,0.5304055213928223
23,1,GSM331696,0,0.2844935357570648
23,1,GSM331697,0,0.5654729604721069
23,1,GSM331698,0,0.21923723816871643
23,1,GSM331702,0,0.479918897151947
23,1,GSM331703,0,0.6789278984069824
23,1,GSM331706,0,0.6641709208488464
23,1,GSM331707,0,0.6368681788444519
23,1,GSM331708,0,0.7806570529937744
23,1,GSM331714,0,0.7003160715103149
23,1,GSM331715,0,0.3563123345375061
23,1,GSM331717,0,0.637129545211792
23,1,GSM331719,0,0.18800882995128632
23,1,GSM331720,0,0.41035187244415283
23,1,GSM331721,0,0.7732153534889221
23,1,GSM331722,0,0.4246380627155304
23,1,GSM331723,0,0.6639754772186279
23,1,GSM331725,0,0.5113112926483154
23,1,GSM331730,0,0.5608386397361755
23,1,GSM331731,0,0.7567815184593201
23,1,GSM331454,1,0.30003586411476135
23,1,GSM331455,1,0.29896852374076843
23,1,GSM331456,1,0.6356794238090515
23,1,GSM331458,1,0.4716845452785492
23,1,GSM331459,1,0.7305094599723816
23,1,GSM331461,1,0.39639508724212646
23,1,GSM331462,1,0.7246782779693604
23,1,GSM331463,1,0.547146201133728
23,1,GSM331466,1,0.6579364538192749
23,1,GSM331467,1,0.12932029366493225
23,1,GSM331473,1,0.4148217439651489
23,1,GSM331476,1,0.5802481770515442
23,1,GSM331477,1,0.30312395095825195
23,1,GSM331478,1,0.41764095425605774
23,1,GSM331479,1,0.5416550040245056
23,1,GSM331482,1,0.15875744819641113
23,1,GSM331486,1,0.531360387802124
23,1,GSM331489,1,0.4789794683456421
23,1,GSM331491,1,0.4466823637485504
23,1,GSM331493,1,0.5798227787017822
23,1,GSM331494,1,0.6547726392745972
23,1,GSM331495,1,0.47611916065216064
23,1,GSM331496,1,0.33805549144744873
23,1,GSM331499,1,0.2733648717403412
23,1,GSM331502,1,0.6152942180633545
23,1,GSM331504,1,0.43064403533935547
23,1,GSM331507,1,0.30859294533729553
23,1,GSM331508,1,0.5611919164657593
23,1,GSM331509,1,0.3656819462776184
23,1,GSM331510,1,0.5801738500595093
23,1,GSM331513,1,0.4919075667858124
23,1,GSM331514,1,0.5138816833496094
23,1,GSM331516,1,0.3964488208293915
23,1,GSM331517,1,0.4378531575202942
23,1,GSM331518,1,0.4884470999240875
23,1,GSM331520,1,0.5689042210578918
23,1,GSM331521,1,0.6268104314804077
23,1,GSM331523,1,0.6555996537208557
23,1,GSM331524,1,0.5774621367454529
23,1,GSM331526,1,0.5726931095123291
23,1,GSM331527,1,0.30323389172554016
23,1,GSM331529,1,0.49598193168640137
23,1,GSM331532,1,0.3145560920238495
23,1,GSM331534,1,0.6135139465332031
23,1,GSM331537,1,0.6797387599945068
23,1,GSM331538,1,0.286300927400589
23,1,GSM331539,1,0.5776113271713257
23,1,GSM331542,1,0.5437488555908203
23,1,GSM331543,1,0.6870938539505005
23,1,GSM331546,1,0.739934504032135
23,1,GSM331549,1,0.7056074738502502
23,1,GSM331550,1,0.5225155353546143
23,1,GSM331552,1,0.2257918268442154
23,1,GSM331553,1,0.644163191318512
23,1,GSM331554,1,0.3912937343120575
23,1,GSM331555,1,0.20577681064605713
23,1,GSM331565,1,0.4865231513977051
23,1,GSM331566,1,0.7427952885627747
23,1,GSM331569,1,0.32586050033569336
23,1,GSM331570,1,0.2844434082508087
23,1,GSM331571,1,0.41919615864753723
23,1,GSM331572,1,0.30486389994621277
23,1,GSM331574,1,0.37898480892181396
23,1,GSM331575,1,0.6491414904594421
23,1,GSM331576,1,0.3296951949596405
23,1,GSM331577,1,0.48708605766296387
23,1,GSM331578,1,0.5538162589073181
23,1,GSM331582,1,0.6524227857589722
23,1,GSM331583,1,0.5191060900688171
23,1,GSM331584,1,0.28329434990882874
23,1,GSM331586,1,0.18628835678100586
23,1,GSM331589,1,0.2578071653842926
23,1,GSM331592,1,0.6335625648498535
23,1,GSM331594,1,0.5224998593330383
23,1,GSM331595,1,0.6323213577270508
23,1,GSM331596,1,0.4088086187839508
23,1,GSM331597,1,0.4396190643310547
23,1,GSM331601,1,0.24281273782253265
23,1,GSM331603,1,0.4156446158885956
23,1,GSM331604,1,0.47899100184440613
23,1,GSM331605,1,0.73320072889328
23,1,GSM331606,1,0.24799272418022156
23,1,GSM331608,1,0.26336783170700073
23,1,GSM331612,1,0.5011102557182312
23,1,GSM331613,1,0.4001249074935913
23,1,GSM331614,1,0.495136022567749
23,1,GSM331615,1,0.6742486357688904
23,1,GSM331616,1,0.4638547897338867
23,1,GSM331618,1,0.4756312668323517
23,1,GSM331622,1,0.6761276721954346
23,1,GSM331624,1,0.4648308753967285
23,1,GSM331626,1,0.24160732328891754
23,1,GSM331627,1,0.25606226921081543
23,1,GSM331628,1,0.4412694573402405
23,1,GSM331629,1,0.15416264533996582
23,1,GSM331631,1,0.3391415774822235
23,1,GSM331637,1,0.3943847417831421
23,1,GSM331641,1,0.3883831202983856
23,1,GSM331647,1,0.4826095998287201
23,1,GSM331649,1,0.7964034676551819
23,1,GSM331650,1,0.5041077733039856
23,1,GSM331651,1,0.3161621391773224
23,1,GSM331656,1,0.31876638531684875
23,2,GSM331662,0,0.6317065954208374
23,2,GSM331663,0,0.4470420479774475
23,2,GSM331666,0,0.27830860018730164
23,2,GSM331668,0,0.4405043125152588
23,2,GSM331670,0,0.20154058933258057
23,2,GSM331671,0,0.6983044743537903
23,2,GSM331673,0,0.43534228205680847
23,2,GSM331675,0,0.2601504325866699
23,2,GSM331678,0,0.25345849990844727
23,2,GSM331679,0,0.539219319820404
23,2,GSM331680,0,0.6651225090026855
23,2,GSM331682,0,0.4167969822883606
23,2,GSM331684,0,0.2181270271539688
23,2,GSM331685,0,0.5375358462333679
23,2,GSM331688,0,0.4534895718097687
23,2,GSM331690,0,0.6308388710021973
23,2,GSM331694,0,0.5558438897132874
23,2,GSM331695,0,0.49703165888786316
23,2,GSM331699,0,0.7802961468696594
23,2,GSM331700,0,0.3405400216579437
23,2,GSM331701,0,0.29101115465164185
23,2,GSM331704,0,0.582013726234436
23,2,GSM331705,0,0.360400915145874
23,2,GSM331709,0,0.2025153487920761
23,2,GSM331710,0,0.23347748816013336
23,2,GSM331711,0,0.557405948638916
23,2,GSM331712,0,0.196986585855484
23,2,GSM331713,0,0.2912448048591614
23,2,GSM331716,0,0.6844893097877502
23,2,GSM331718,0,0.6491233706474304
23,2,GSM331724,0,0.41917353868484497
23,2,GSM331726,0,0.3900242745876312
23,2,GSM331727,0,0.30282315611839294
23,2,GSM331728,0,0.25779157876968384
23,2,GSM331729,0,0.19962675869464874
23,2,GSM331732,0,0.5444427132606506
23,2,GSM331453,1,0.40137311816215515
23,2,GSM331457,1,0.42866024374961853
23,2,GSM331460,1,0.6565203666687012
23,2,GSM331464,1,0.5724599361419678
23,2,GSM331465,1,0.5132588744163513
23,2,GSM331468,1,0.4557894468307495
23,2,GSM331469,1,0.640516459941864
23,2,GSM331470,1,0.4880428910255432
23,2,GSM331471,1,0.5639395713806152
23,2,GSM331472,1,0.21721993386745453
23,2,GSM331474,1,0.5156213641166687
23,2,GSM331475,1,0.32566243410110474
23,2,GSM331480,1,0.45464545488357544
23,2,GSM331481,1,0.6616713404655457
23,2,GSM331483,1,0.6771504878997803
23,2,GSM331484,1,0.4032611548900604
23,2,GSM331485,1,0.5770910978317261
23,2,GSM331487,1,0.6443307995796204
23,2,GSM331488,1,0.4040113091468811
23,2,GSM331490,1,0.30495327711105347
23,2,GSM331492,1,0.4538961946964264
23,2,GSM331497,1,0.6105712056159973
23,2,GSM331498,1,0.4702388644218445
23,2,GSM331500,1,0.4299883246421814
23,2,GSM331501,1,0.4338627755641937
23,2,GSM331503,1,0.2752841114997864
23,2,GSM331505,1,0.699226975440979
23,2,GSM331506,1,0.3564305007457733
23,2,GSM331511,1,0.40607520937919617
23,2,GSM331512,1,0.3296430706977844
23,2,GSM331515,1,0.21739768981933594
23,2,GSM331519,1,0.3761041760444641
23,2,GSM331522,1,0.27135172486305237
23,2,GSM331525,1,0.5370887517929077
23,2,GSM331528,1,0.48353227972984314
23,2,GSM331530,1,0.342073529958725
23,2,GSM331531,1,0.45862674713134766
23,2,GSM331533,1,0.39698871970176697
23,2,GSM331535,1,0.439746230840683
23,2,GSM331536,1,0.5470011234283447
23,2,GSM331540,1,0.5351625680923462
23,2,GSM331541,1,0.6539688110351562
23,2,GSM331544,1,0.2720743417739868
23,2,GSM331545,1,0.6385923027992249
23,2,GSM331547,1,0.5957412719726562
23,2,GSM331548,1,0.7079882025718689
23,2,GSM331551,1,0.40745991468429565
23,2,GSM331556,1,0.6520187854766846
23,2,GSM331557,1,0.517383873462677
23,2,GSM331558,1,0.1854487806558609
23,2,GSM331559,1,0.8459311127662659
23,2,GSM331560,1,0.17971181869506836
23,2,GSM331561,1,0.47075971961021423
23,2,GSM331562,1,0.416805237531662
23,2,GSM331563,1,0.5737218260765076
23,2,GSM331564,1,0.5985344648361206
23,2,GSM331567,1,0.38076937198638916
23,2,GSM331568,1,0.7302353978157043
23,2,GSM331573,1,0.5624599456787109
23,2,GSM331579,1,0.35418859124183655
23,2,GSM331580,1,0.49726930260658264
23,2,GSM331581,1,0.3281593322753906
23,2,GSM331585,1,0.30306947231292725
23,2,GSM331587,1,0.6227719783782959
23,2,GSM331588,1,0.31869009137153625
23,2,GSM331590,1,0.5187134146690369
23,2,GSM331591,1,0.7305962443351746
23,2,GSM331593,1,0.37887558341026306
23,2,GSM331598,1,0.20461130142211914
23,2,GSM331599,1,0.7703900337219238
23,2,GSM331600,1,0.661888062953949
23,2,GSM331602,1,0.5148757100105286
23,2,GSM331607,1,0.4859732389450073
23,2,GSM331609,1,0.741422712802887
23,2,GSM331610,1,0.48171544075012207
23,2,GSM331611,1,0.5837684869766235
23,2,GSM331617,1,0.6646053791046143
23,2,GSM331619,1,0.16738362610340118
23,2,GSM331620,1,0.47912973165512085
23,2,GSM331621,1,0.4773086607456207
23,2,GSM331623,1,0.37867915630340576
23,2,GSM331625,1,0.5981302261352539
23,2,GSM331630,1,0.43074706196784973
23,2,GSM331632,1,0.47661176323890686
23,2,GSM331633,1,0.37713122367858887
23,2,GSM331634,1,0.3243846893310547
23,2,GSM331635,1,0.4597600996494293
23,2,GSM331636,1,0.20233283936977386
23,2,GSM331639,1,0.37040701508522034
23,2,GSM331640,1,0.1922111064195633
23,2,GSM331642,1,0.7033154964447021
23,2,GSM331643,1,0.8182693719863892
23,2,GSM331644,1,0.29291048645973206
23,2,GSM331645,1,0.23863807320594788
23,2,GSM331646,1,0.30446913838386536
23,2,GSM331648,1,0.4174063205718994
23,2,GSM331652,1,0.7203705906867981
23,2,GSM331653,1,0.4502182602882385
23,2,GSM331654,1,0.7095359563827515
23,2,GSM331655,1,0.48497259616851807
23,2,GSM331657,1,0.8186759352684021
23,2,GSM331658,1,0.39944711327552795
23,2,GSM331659,1,0.6910240054130554
24,1,GSM331661,0,0.6529290080070496
24,1,GSM331663,0,0.38333258032798767
24,1,GSM331664,0,0.23128916323184967
24,1,GSM331666,0,0.4161720871925354
24,1,GSM331670,0,0.5703257918357849
24,1,GSM331671,0,0.47900092601776123
24,1,GSM331672,0,0.5530884861946106
24,1,GSM331675,0,0.2067279815673828
24,1,GSM331680,0,0.6748691201210022
24,1,GSM331685,0,0.32265380024909973
24,1,GSM331686,0,0.5797988176345825
24,1,GSM331687,0,0.27276328206062317
24,1,GSM331688,0,0.45075803995132446
24,1,GSM331690,0,0.7847736477851868
24,1,GSM331691,0,0.6015819311141968
24,1,GSM331692,0,0.20776240527629852
24,1,GSM331693,0,0.4278905987739563
24,1,GSM331695,0,0.37564823031425476
24,1,GSM331696,0,0.575688898563385
24,1,GSM331698,0,0.49570655822753906
24,1,GSM331699,0,0.42664018273353577
24,1,GSM331700,0,0.5723307132720947
24,1,GSM331702,0,0.6615952253341675
24,1,GSM331703,0,0.5324639081954956
24,1,GSM331704,0,0.7388364672660828
24,1,GSM331705,0,0.36993804574012756
24,1,GSM331707,0,0.439395010471344
24,1,GSM331708,0,0.7323579788208008
24,1,GSM331711,0,0.5894500017166138
24,1,GSM331713,0,0.39545971155166626
24,1,GSM331714,0,0.6015961766242981
24,1,GSM331716,0,0.953822135925293
24,1,GSM331717,0,0.7161514759063721
24,1,GSM331722,0,0.4682798385620117
24,1,GSM331724,0,0.45891904830932617
24,1,GSM331726,0,0.28584128618240356
24,1,GSM331728,0,0.2107100933790207
24,1,GSM331453,1,0.47379207611083984
24,1,GSM331454,1,0.6382664442062378
24,1,GSM331455,1,0.3578883409500122
24,1,GSM331458,1,0.38605135679244995
24,1,GSM331462,1,0.6272865533828735
24,1,GSM331465,1,0.46394479274749756
24,1,GSM331466,1,0.37539318203926086
24,1,GSM331468,1,0.45665302872657776
24,1,GSM331469,1,0.3828607201576233
24,1,GSM331470,1,0.5331758260726929
24,1,GSM331476,1,0.3870779573917389
24,1,GSM331478,1,0.5028000473976135
24,1,GSM331479,1,0.2868828773498535
24,1,GSM331480,1,0.5787883996963501
24,1,GSM331481,1,0.6864643692970276
24,1,GSM331483,1,0.4086458384990692
24,1,GSM331484,1,0.210142120718956
24,1,GSM331485,1,0.7273550033569336
24,1,GSM331486,1,0.627017617225647
24,1,GSM331487,1,0.7457407712936401
24,1,GSM331488,1,0.4086337089538574
24,1,GSM331491,1,0.6359598636627197
24,1,GSM331494,1,0.7827682495117188
24,1,GSM331497,1,0.47614315152168274
24,1,GSM331498,1,0.4028171896934509
24,1,GSM331499,1,0.19276726245880127
24,1,GSM331500,1,0.5132485032081604
24,1,GSM331503,1,0.42689579725265503
24,1,GSM331505,1,0.4923372268676758
24,1,GSM331507,1,0.23008672893047333
24,1,GSM331509,1,0.22973914444446564
24,1,GSM331510,1,0.31651920080184937
24,1,GSM331512,1,0.5866169929504395
24,1,GSM331514,1,0.37967291474342346
24,1,GSM331515,1,0.36979231238365173
24,1,GSM331516,1,0.40910348296165466
24,1,GSM331518,1,0.4388241469860077
24,1,GSM331521,1,0.2597842514514923
24,1,GSM331522,1,0.3510415852069855
24,1,GSM331523,1,0.7470331788063049
24,1,GSM331524,1,0.35345444083213806
24,1,GSM331526,1,0.6916292905807495
24,1,GSM331528,1,0.38691434264183044
24,1,GSM331530,1,0.43980956077575684
24,1,GSM331533,1,0.7302773594856262
24,1,GSM331534,1,0.5580822825431824
24,1,GSM331535,1,0.6295876502990723
24,1,GSM331536,1,0.38324201107025146
24,1,GSM331538,1,0.2630566954612732
24,1,GSM331540,1,0.446257621049881
24,1,GSM331541,1,0.6852254867553711
24,1,GSM331545,1,0.7160664200782776
24,1,GSM331548,1,0.49984195828437805
24,1,GSM331553,1,0.8320502638816833
24,1,GSM331554,1,0.15805207192897797
24,1,GSM331556,1,0.45049238204956055
24,1,GSM331557,1,0.5738301873207092
24,1,GSM331558,1,0.33702021837234497
24,1,GSM331559,1,0.7196635007858276
24,1,GSM331560,1,0.5008155703544617
24,1,GSM331561,1,0.4414224922657013
24,1,GSM331567,1,0.43669188022613525
24,1,GSM331569,1,0.5734372735023499
24,1,GSM331570,1,0.5666845440864563
24,1,GSM331573,1,0.6627055406570435
24,1,GSM331575,1,0.629239022731781
24,1,GSM331578,1,0.66228848695755
24,1,GSM331579,1,0.48816052079200745
24,1,GSM331581,1,0.25913766026496887
24,1,GSM331582,1,0.43491697311401367
24,1,GSM331583,1,0.2519821226596832
24,1,GSM331585,1,0.6822637915611267
24,1,GSM331588,1,0.4228956997394562
24,1,GSM331589,1,0.6250740885734558
24,1,GSM331593,1,0.19502656161785126
24,1,GSM331596,1,0.38777050375938416
24,1,GSM331597,1,0.5670551061630249
24,1,GSM331598,1,0.4642513692378998
24,1,GSM331599,1,0.7845476269721985
24,1,GSM331603,1,0.4313449561595917
24,1,GSM331604,1,0.37900152802467346
24,1,GSM331607,1,0.7328846454620361
24,1,GSM331608,1,0.1081751137971878
24,1,GSM331609,1,0.5464069247245789
24,1,GSM331614,1,0.4530732333660126
24,1,GSM331617,1,0.6924117207527161
24,1,GSM331618,1,0.5586862564086914
24,1,GSM331622,1,0.8088533878326416
24,1,GSM331626,1,0.3415783941745758
24,1,GSM331627,1,0.49792250990867615
24,1,GSM331631,1,0.3044191598892212
24,1,GSM331632,1,0.4220198690891266
24,1,GSM331633,1,0.23419097065925598
24,1,GSM331635,1,0.23976384103298187
24,1,GSM331636,1,0.291578471660614
24,1,GSM331641,1,0.5803118348121643
24,1,GSM331647,1,0.36708852648735046
24,1,GSM331648,1,0.4256979525089264
24,1,GSM331651,1,0.38638240098953247
24,1,GSM331652,1,0.6320628523826599
24,1,GSM331653,1,0.3164350688457489
24,1,GSM331654,1,0.6775317192077637
24,1,GSM331657,1,0.6880744695663452
24,2,GSM331638,0,0.3837268054485321
24,2,GSM331660,0,0.2613275945186615
24,2,GSM331662,0,0.4693719446659088
24,2,GSM331665,0,0.6276049613952637
24,2,GSM331668,0,0.5949325561523438
24,2,GSM331669,0,0.8687846064567566
24,2,GSM331673,0,0.374920517206192
24,2,GSM331674,0,0.44566628336906433
24,2,GSM331676,0,0.6317610144615173
24,2,GSM331677,0,0.39900457859039307
24,2,GSM331678,0,0.26515549421310425
24,2,GSM331679,0,0.3198545575141907
24,2,GSM331681,0,0.5550810098648071
24,2,GSM331682,0,0.3925667405128479
24,2,GSM331683,0,0.6352224349975586
24,2,GSM331684,0,0.20097824931144714
24,2,GSM331689,0,0.3953753113746643
24,2,GSM331694,0,0.23083028197288513
24,2,GSM331697,0,0.4915470480918884
24,2,GSM331701,0,0.4087156057357788
24,2,GSM331706,0,0.9120938181877136
24,2,GSM331709,0,0.21807719767093658
24,2,GSM331710,0,0.14577995240688324
24,2,GSM331712,0,0.41223135590553284
24,2,GSM331715,0,0.44809550046920776
24,2,GSM331718,0,0.6949594020843506
24,2,GSM331719,0,0.1989983171224594
24,2,GSM331720,0,0.4577746093273163
24,2,GSM331721,0,0.8043447732925415
24,2,GSM331723,0,0.6132853031158447
24,2,GSM331725,0,0.5873518586158752
24,2,GSM331727,0,0.2779880166053772
24,2,GSM331729,0,0.17457406222820282
24,2,GSM331730,0,0.578190803527832
24,2,GSM331731,0,0.7603091597557068
24,2,GSM331732,0,0.6641287803649902
24,2,GSM331456,1,0.5126635432243347
24,2,GSM331457,1,0.387634813785553
24,2,GSM331459,1,0.8408738374710083
24,2,GSM331460,1,0.4682503044605255
24,2,GSM331461,1,0.3350943922996521
24,2,GSM331463,1,0.3384231925010681
24,2,GSM331464,1,0.5151577591896057
24,2,GSM331467,1,0.23483337461948395
24,2,GSM331471,1,0.6625860333442688
24,2,GSM331472,1,0.3599091172218323
24,2,GSM331473,1,0.254520446062088
24,2,GSM331474,1,0.2872445583343506
24,2,GSM331475,1,0.19555075466632843
24,2,GSM331477,1,0.3365705907344818
24,2,GSM331482,1,0.19017183780670166
24,2,GSM331489,1,0.6196876764297485
24,2,GSM331490,1,0.37033841013908386
24,2,GSM331492,1,0.2417657971382141
24,2,GSM331493,1,0.37775298953056335
24,2,GSM331495,1,0.44672295451164246
24,2,GSM331496,1,0.15724490582942963
24,2,GSM331501,1,0.42310836911201477
24,2,GSM331502,1,0.712988555431366
24,2,GSM331504,1,0.5187831521034241
24,2,GSM331506,1,0.61109459400177
24,2,GSM331508,1,0.5307812690734863
24,2,GSM331511,1,0.40133655071258545
24,2,GSM331513,1,0.5818273425102234
24,2,GSM331517,1,0.6729357242584229
24,2,GSM331519,1,0.35262829065322876
24,2,GSM331520,1,0.7433555126190186
24,2,GSM331525,1,0.46030300855636597
24,2,GSM331527,1,0.35496580600738525
24,2,GSM331529,1,0.3315618336200714
24,2,GSM331531,1,0.45839276909828186
24,2,GSM331532,1,0.27072030305862427
24,2,GSM331537,1,0.6790216565132141
24,2,GSM331539,1,0.5336466431617737
24,2,GSM331542,1,0.5376386642456055
24,2,GSM331543,1,0.5926914811134338
24,2,GSM331544,1,0.32715219259262085
24,2,GSM331546,1,0.6502061486244202
24,2,GSM331547,1,0.5070086717605591
24,2,GSM331549,1,0.7023141980171204
24,2,GSM331550,1,0.2962646782398224
24,2,GSM331551,1,0.5812708139419556
24,2,GSM331552,1,0.40421774983406067
24,2,GSM331555,1,0.16966873407363892
24,2,GSM331562,1,0.2500922977924347
24,2,GSM331563,1,0.6763999462127686
24,2,GSM331564,1,0.5015342235565186
24,2,GSM331565,1,0.6796815991401672
24,2,GSM331566,1,0.5302537083625793
24,2,GSM331568,1,0.7193619012832642
24,2,GSM331571,1,0.5526504516601562
24,2,GSM331572,1,0.47730758786201477
24,2,GSM331574,1,0.5288597345352173
24,2,GSM331576,1,0.4080858528614044
24,2,GSM331577,1,0.6178714036941528
24,2,GSM331580,1,0.47515150904655457
24,2,GSM331584,1,0.2400045543909073
24,2,GSM331586,1,0.26105833053588867
24,2,GSM331587,1,0.6580227613449097
24,2,GSM331590,1,0.3475317358970642
24,2,GSM331591,1,0.6454294919967651
24,2,GSM331592,1,0.37687772512435913
24,2,GSM331594,1,0.367260217666626
24,2,GSM331595,1,0.6017829775810242
24,2,GSM331600,1,0.6588910818099976
24,2,GSM331601,1,0.22194461524486542
24,2,GSM331602,1,0.3114687204360962
24,2,GSM331605,1,0.5103764533996582
24,2,GSM331606,1,0.21535296738147736
24,2,GSM331610,1,0.6446477770805359
24,2,GSM331611,1,0.3822556138038635
24,2,GSM331612,1,0.48871561884880066
24,2,GSM331613,1,0.2128640115261078
24,2,GSM331615,1,0.5331979990005493
24,2,GSM331616,1,0.30144768953323364
24,2,GSM331619,1,0.44351956248283386
24,2,GSM331620,1,0.4544626474380493
24,2,GSM331621,1,0.5009129643440247
24,2,GSM331623,1,0.12711858749389648
24,2,GSM331624,1,0.3557053506374359
24,2,GSM331625,1,0.537346363067627
24,2,GSM331628,1,0.3959324359893799
24,2,GSM331629,1,0.1887584924697876
24,2,GSM331630,1,0.35465601086616516
24,2,GSM331634,1,0.20889410376548767
24,2,GSM331637,1,0.3874930441379547
24,2,GSM331639,1,0.4266076683998108
24,2,GSM331640,1,0.16787388920783997
24,2,GSM331642,1,0.4805412292480469
24,2,GSM331643,1,0.7831005454063416
24,2,GSM331644,1,0.4221251606941223
24,2,GSM331645,1,0.19679749011993408
24,2,GSM331646,1,0.25333964824676514
24,2,GSM331649,1,0.6927198767662048
24,2,GSM331650,1,0.4851078987121582
24,2,GSM331655,1,0.3264664113521576
24,2,GSM331656,1,0.2013343721628189
24,2,GSM331658,1,0.6127689480781555
24,2,GSM331659,1,0.7870376110076904
25,1,GSM331638,0,0.33334481716156006
25,1,GSM331661,0,0.6057710647583008
25,1,GSM331663,0,0.40041905641555786
25,1,GSM331664,0,0.3719908595085144
25,1,GSM331665,0,0.7913599014282227
25,1,GSM331668,0,0.6546544432640076
25,1,GSM331671,0,0.7594197988510132
25,1,GSM331674,0,0.7543933391571045
25,1,GSM331678,0,0.2755900025367737
25,1,GSM331680,0,0.5295390486717224
25,1,GSM331682,0,0.5190973281860352
25,1,GSM331683,0,0.5971570014953613
25,1,GSM331684,0,0.20900121331214905
25,1,GSM331685,0,0.27660468220710754
25,1,GSM331687,0,0.6364325881004333
25,1,GSM331690,0,0.6651365756988525
25,1,GSM331692,0,0.34382572770118713
25,1,GSM331697,0,0.647038996219635
25,1,GSM331698,0,0.2986803650856018
25,1,GSM331700,0,0.542706310749054
25,1,GSM331702,0,0.4791147708892822
25,1,GSM331703,0,0.7158827781677246
25,1,GSM331704,0,0.5625520944595337
25,1,GSM331705,0,0.31726354360580444
25,1,GSM331708,0,0.7127431631088257
25,1,GSM331709,0,0.3120459318161011
25,1,GSM331713,0,0.35536855459213257
25,1,GSM331714,0,0.6690179109573364
25,1,GSM331718,0,0.6745036840438843
25,1,GSM331720,0,0.39807817339897156
25,1,GSM331723,0,0.7366504669189453
25,1,GSM331724,0,0.3894607126712799
25,1,GSM331726,0,0.3303873836994171
25,1,GSM331727,0,0.3412017822265625
25,1,GSM331728,0,0.1944008320569992
25,1,GSM331730,0,0.3270840346813202
25,1,GSM331732,0,0.6658061742782593
25,1,GSM331453,1,0.4718473553657532
25,1,GSM331454,1,0.40192127227783203
25,1,GSM331461,1,0.399675190448761
25,1,GSM331462,1,0.7555407285690308
25,1,GSM331463,1,0.2655749022960663
25,1,GSM331465,1,0.520740270614624
25,1,GSM331466,1,0.5006871223449707
25,1,GSM331467,1,0.21750830113887787
25,1,GSM331469,1,0.6338323950767517
25,1,GSM331470,1,0.7424010634422302
25,1,GSM331471,1,0.8020234107971191
25,1,GSM331473,1,0.3004845380783081
25,1,GSM331474,1,0.4385729134082794
25,1,GSM331476,1,0.5556607842445374
25,1,GSM331478,1,0.2789026200771332
25,1,GSM331479,1,0.4892020523548126
25,1,GSM331481,1,0.7507749199867249
25,1,GSM331486,1,0.6238474249839783
25,1,GSM331487,1,0.7604939341545105
25,1,GSM331488,1,0.5369627475738525
25,1,GSM331490,1,0.2807212173938751
25,1,GSM331493,1,0.37228769063949585
25,1,GSM331494,1,0.7239808440208435
25,1,GSM331495,1,0.629958987236023
25,1,GSM331498,1,0.4380588233470917
25,1,GSM331500,1,0.46939998865127563
25,1,GSM331501,1,0.6144452691078186
25,1,GSM331502,1,0.7287241816520691
25,1,GSM331507,1,0.2700265645980835
25,1,GSM331509,1,0.2885163426399231
25,1,GSM331510,1,0.6382829546928406
25,1,GSM331513,1,0.63768470287323
25,1,GSM331516,1,0.7029851675033569
25,1,GSM331517,1,0.39878150820732117
25,1,GSM331518,1,0.6722173094749451
25,1,GSM331522,1,0.1560342162847519
25,1,GSM331523,1,0.5119989514350891
25,1,GSM331524,1,0.6626795530319214
25,1,GSM331526,1,0.7129262685775757
25,1,GSM331527,1,0.39278289675712585
25,1,GSM331528,1,0.6249891519546509
25,1,GSM331531,1,0.285386323928833
25,1,GSM331534,1,0.5884995460510254
25,1,GSM331535,1,0.5203414559364319
25,1,GSM331537,1,0.6308335661888123
25,1,GSM331541,1,0.6145269274711609
25,1,GSM331543,1,0.5165456533432007
25,1,GSM331544,1,0.4105027914047241
25,1,GSM331545,1,0.6662480235099792
25,1,GSM331547,1,0.5928077101707458
25,1,GSM331550,1,0.47817113995552063
25,1,GSM331551,1,0.30622541904449463
25,1,GSM331552,1,0.3704606890678406
25,1,GSM331553,1,0.7778328061103821
25,1,GSM331554,1,0.3074377775192261
25,1,GSM331556,1,0.4999285340309143
25,1,GSM331557,1,0.6740460991859436
25,1,GSM331564,1,0.5182690620422363
25,1,GSM331566,1,0.7193283438682556
25,1,GSM331567,1,0.49796050786972046
25,1,GSM331568,1,0.7264226675033569
25,1,GSM331569,1,0.3634360432624817
25,1,GSM331570,1,0.2936675548553467
25,1,GSM331572,1,0.3625331223011017
25,1,GSM331573,1,0.7316256165504456
25,1,GSM331574,1,0.3797897696495056
25,1,GSM331575,1,0.7554806470870972
25,1,GSM331583,1,0.39225807785987854
25,1,GSM331585,1,0.46258801221847534
25,1,GSM331586,1,0.3266191780567169
25,1,GSM331588,1,0.2653859555721283
25,1,GSM331589,1,0.29136374592781067
25,1,GSM331591,1,0.8787896633148193
25,1,GSM331593,1,0.33547431230545044
25,1,GSM331594,1,0.39234480261802673
25,1,GSM331597,1,0.5038753747940063
25,1,GSM331599,1,0.7310466766357422
25,1,GSM331600,1,0.8327901363372803
25,1,GSM331601,1,0.21674838662147522
25,1,GSM331602,1,0.6235952377319336
25,1,GSM331608,1,0.31868526339530945
25,1,GSM331610,1,0.718056321144104
25,1,GSM331613,1,0.7230894565582275
25,1,GSM331614,1,0.48617422580718994
25,1,GSM331615,1,0.47301116585731506
25,1,GSM331616,1,0.2859207093715668
25,1,GSM331617,1,0.6919724941253662
25,1,GSM331619,1,0.3489496111869812
25,1,GSM331622,1,0.5652977824211121
25,1,GSM331628,1,0.47529247403144836
25,1,GSM331631,1,0.3810510039329529
25,1,GSM331635,1,0.3874340355396271
25,1,GSM331640,1,0.3189693093299866
25,1,GSM331642,1,0.46841445565223694
25,1,GSM331644,1,0.4081045091152191
25,1,GSM331645,1,0.18909749388694763
25,1,GSM331648,1,0.45155441761016846
25,1,GSM331649,1,0.7643780708312988
25,1,GSM331650,1,0.39468279480934143
25,1,GSM331654,1,0.6170156598091125
25,1,GSM331656,1,0.25282251834869385
25,1,GSM331657,1,0.8585151433944702
25,1,GSM331659,1,0.6506136655807495
25,2,GSM331660,0,0.3874129354953766
25,2,GSM331662,0,0.6466402411460876
25,2,GSM331666,0,0.22311216592788696
25,2,GSM331669,0,0.9279781579971313
25,2,GSM331670,0,0.35136377811431885
25,2,GSM331672,0,0.6847121119499207
25,2,GSM331673,0,0.3779500126838684
25,2,GSM331675,0,0.13169550895690918
25,2,GSM331676,0,0.7881624698638916
25,2,GSM331677,0,0.5244835019111633
25,2,GSM331679,0,0.3567938208580017
25,2,GSM331681,0,0.3805687129497528
25,2,GSM331686,0,0.5742919445037842
25,2,GSM331688,0,0.6522276997566223
25,2,GSM331689,0,0.2793612480163574
25,2,GSM331691,0,0.28271129727363586
25,2,GSM331693,0,0.4590166509151459
25,2,GSM331694,0,0.3203456699848175
25,2,GSM331695,0,0.5447485446929932
25,2,GSM331696,0,0.3770017921924591
25,2,GSM331699,0,0.7649919986724854
25,2,GSM331701,0,0.19112738966941833
25,2,GSM331706,0,0.7996950745582581
25,2,GSM331707,0,0.721092164516449
25,2,GSM331710,0,0.07371746748685837
25,2,GSM331711,0,0.6356302499771118
25,2,GSM331712,0,0.2917267382144928
25,2,GSM331715,0,0.36586907505989075
25,2,GSM331716,0,0.8998969793319702
25,2,GSM331717,0,0.5597826242446899
25,2,GSM331719,0,0.10644211620092392
25,2,GSM331721,0,0.8198848962783813
25,2,GSM331722,0,0.3189976215362549
25,2,GSM331725,0,0.6599070429801941
25,2,GSM331729,0,0.1480524241924286
25,2,GSM331731,0,0.7458096742630005
25,2,GSM331455,1,0.3875724971294403
25,2,GSM331456,1,0.5362908244132996
25,2,GSM331457,1,0.5277404189109802
25,2,GSM331458,1,0.3796873688697815
25,2,GSM331459,1,0.7786827683448792
25,2,GSM331460,1,0.5483894944190979
25,2,GSM331464,1,0.46265798807144165
25,2,GSM331468,1,0.6337010860443115
25,2,GSM331472,1,0.2241641730070114
25,2,GSM331475,1,0.20594650506973267
25,2,GSM331477,1,0.3875408470630646
25,2,GSM331480,1,0.646616518497467
25,2,GSM331482,1,0.28701603412628174
25,2,GSM331483,1,0.5412186980247498
25,2,GSM331484,1,0.13487887382507324
25,2,GSM331485,1,0.7449637651443481
25,2,GSM331489,1,0.43498024344444275
25,2,GSM331491,1,0.4936784505844116
25,2,GSM331492,1,0.45942097902297974
25,2,GSM331496,1,0.34494397044181824
25,2,GSM331497,1,0.4204009473323822
25,2,GSM331499,1,0.19124673306941986
25,2,GSM331503,1,0.39092519879341125
25,2,GSM331504,1,0.5553608536720276
25,2,GSM331505,1,0.7885936498641968
25,2,GSM331506,1,0.3315412998199463
25,2,GSM331508,1,0.5004025101661682
25,2,GSM331511,1,0.6490333676338196
25,2,GSM331512,1,0.4390919804573059
25,2,GSM331514,1,0.35567378997802734
25,2,GSM331515,1,0.1703377217054367
25,2,GSM331519,1,0.4669978618621826
25,2,GSM331520,1,0.6080529093742371
25,2,GSM331521,1,0.42542290687561035
25,2,GSM331525,1,0.20741279423236847
25,2,GSM331529,1,0.23642612993717194
25,2,GSM331530,1,0.1937071681022644
25,2,GSM331532,1,0.18611665070056915
25,2,GSM331533,1,0.3782011866569519
25,2,GSM331536,1,0.4201946258544922
25,2,GSM331538,1,0.2030797302722931
25,2,GSM331539,1,0.4430296719074249
25,2,GSM331540,1,0.35756608843803406
25,2,GSM331542,1,0.3861692249774933
25,2,GSM331546,1,0.7306113839149475
25,2,GSM331548,1,0.7429903745651245
25,2,GSM331549,1,0.7845600247383118
25,2,GSM331555,1,0.17388445138931274
25,2,GSM331558,1,0.13682568073272705
25,2,GSM331559,1,0.7620850801467896
25,2,GSM331560,1,0.23055382072925568
25,2,GSM331561,1,0.5512555837631226
25,2,GSM331562,1,0.4501710534095764
25,2,GSM331563,1,0.722912609577179
25,2,GSM331565,1,0.4758923649787903
25,2,GSM331571,1,0.32797518372535706
25,2,GSM331576,1,0.5520811676979065
25,2,GSM331577,1,0.35141488909721375
25,2,GSM331578,1,0.5021068453788757
25,2,GSM331579,1,0.2249940037727356
25,2,GSM331580,1,0.5012590885162354
25,2,GSM331581,1,0.24629075825214386
25,2,GSM331582,1,0.6086351275444031
25,2,GSM331584,1,0.108668752014637
25,2,GSM331587,1,0.7106205224990845
25,2,GSM331590,1,0.47804176807403564
25,2,GSM331592,1,0.5279157757759094
25,2,GSM331595,1,0.7010682225227356
25,2,GSM331596,1,0.261336088180542
25,2,GSM331598,1,0.40800586342811584
25,2,GSM331603,1,0.3273482322692871
25,2,GSM331604,1,0.4797041714191437
25,2,GSM331605,1,0.7778889536857605
25,2,GSM331606,1,0.1820409893989563
25,2,GSM331607,1,0.8009649515151978
25,2,GSM331609,1,0.6564173102378845
25,2,GSM331611,1,0.6539999842643738
25,2,GSM331612,1,0.44036486744880676
25,2,GSM331618,1,0.494543194770813
25,2,GSM331620,1,0.40736380219459534
25,2,GSM331621,1,0.333834171295166
25,2,GSM331623,1,0.2292437106370926
25,2,GSM331624,1,0.4358130395412445
25,2,GSM331625,1,0.6258054375648499
25,2,GSM331626,1,0.23518560826778412
25,2,GSM331627,1,0.4300505518913269
25,2,GSM331629,1,0.08012668788433075
25,2,GSM331630,1,0.4152025282382965
25,2,GSM331632,1,0.40862759947776794
25,2,GSM331633,1,0.24792805314064026
25,2,GSM331634,1,0.2590950131416321
25,2,GSM331636,1,0.22094303369522095
25,2,GSM331637,1,0.3183194100856781
25,2,GSM331639,1,0.3999415338039398
25,2,GSM331641,1,0.5790309906005859
25,2,GSM331643,1,0.6440256834030151
25,2,GSM331646,1,0.21365003287792206
25,2,GSM331647,1,0.6195456981658936
25,2,GSM331651,1,0.3455734848976135
25,2,GSM331652,1,0.6854544281959534
25,2,GSM331653,1,0.6554778814315796
25,2,GSM331655,1,0.41054773330688477
25,2,GSM331658,1,0.5811111330986023
26,1,GSM331638,0,0.27056238055229187
26,1,GSM331661,0,0.59328293800354
26,1,GSM331663,0,0.2931685149669647
26,1,GSM331666,0,0.2575010061264038
26,1,GSM331668,0,0.20332647860050201
26,1,GSM331672,0,0.4659298360347748
26,1,GSM331673,0,0.36318883299827576
26,1,GSM331676,0,0.39964422583580017
26,1,GSM331677,0,0.48121803998947144
26,1,GSM331680,0,0.741983950138092
26,1,GSM331683,0,0.760116457939148
26,1,GSM331684,0,0.3594632148742676
26,1,GSM331685,0,0.40270036458969116
26,1,GSM331686,0,0.5816206932067871
26,1,GSM331687,0,0.2509606182575226
26,1,GSM331690,0,0.6018758416175842
26,1,GSM331691,0,0.4038010537624359
26,1,GSM331692,0,0.1450388878583908
26,1,GSM331694,0,0.3720340132713318
26,1,GSM331696,0,0.43616729974746704
26,1,GSM331697,0,0.5016611814498901
26,1,GSM331698,0,0.3809235394001007
26,1,GSM331704,0,0.48635250329971313
26,1,GSM331706,0,0.3572219908237457
26,1,GSM331707,0,0.5697413086891174
26,1,GSM331709,0,0.2514958083629608
26,1,GSM331711,0,0.5662320852279663
26,1,GSM331712,0,0.4227680265903473
26,1,GSM331713,0,0.4189439117908478
26,1,GSM331714,0,0.6382768154144287
26,1,GSM331715,0,0.24363583326339722
26,1,GSM331717,0,0.5116328597068787
26,1,GSM331718,0,0.530135989189148
26,1,GSM331721,0,0.2683600187301636
26,1,GSM331724,0,0.39763393998146057
26,1,GSM331726,0,0.24010519683361053
26,1,GSM331728,0,0.16596120595932007
26,1,GSM331456,1,0.3664121925830841
26,1,GSM331457,1,0.5902958512306213
26,1,GSM331464,1,0.5468334555625916
26,1,GSM331466,1,0.28964319825172424
26,1,GSM331467,1,0.31236720085144043
26,1,GSM331470,1,0.30762985348701477
26,1,GSM331471,1,0.5226463675498962
26,1,GSM331476,1,0.4481932818889618
26,1,GSM331478,1,0.6321054100990295
26,1,GSM331479,1,0.47842422127723694
26,1,GSM331480,1,0.20766010880470276
26,1,GSM331481,1,0.5596746802330017
26,1,GSM331483,1,0.4481910467147827
26,1,GSM331485,1,0.6101351380348206
26,1,GSM331492,1,0.30627501010894775
26,1,GSM331494,1,0.6341449618339539
26,1,GSM331498,1,0.42109155654907227
26,1,GSM331499,1,0.16952653229236603
26,1,GSM331501,1,0.38424769043922424
26,1,GSM331504,1,0.46574315428733826
26,1,GSM331505,1,0.5837095975875854
26,1,GSM331506,1,0.4850362539291382
26,1,GSM331507,1,0.24340379238128662
26,1,GSM331508,1,0.4856228232383728
26,1,GSM331509,1,0.1845978945493698
26,1,GSM331510,1,0.3670139014720917
26,1,GSM331511,1,0.591829776763916
26,1,GSM331512,1,0.40937358140945435
26,1,GSM331514,1,0.5180679559707642
26,1,GSM331515,1,0.24841906130313873
26,1,GSM331516,1,0.7490906119346619
26,1,GSM331517,1,0.3878367245197296
26,1,GSM331518,1,0.4534691572189331
26,1,GSM331520,1,0.5476813316345215
26,1,GSM331524,1,0.3441351652145386
26,1,GSM331525,1,0.4397783875465393
26,1,GSM331526,1,0.6684867739677429
26,1,GSM331528,1,0.5498055815696716
26,1,GSM331529,1,0.39814016222953796
26,1,GSM331530,1,0.1471693217754364
26,1,GSM331531,1,0.44113996624946594
26,1,GSM331533,1,0.42632439732551575
26,1,GSM331534,1,0.49313679337501526
26,1,GSM331535,1,0.471620112657547
26,1,GSM331537,1,0.7422327399253845
26,1,GSM331539,1,0.24900393187999725
26,1,GSM331544,1,0.3655542731285095
26,1,GSM331545,1,0.5619115829467773
26,1,GSM331551,1,0.40488961338996887
26,1,GSM331554,1,0.3976527154445648
26,1,GSM331557,1,0.652286171913147
26,1,GSM331560,1,0.5011106133460999
26,1,GSM331561,1,0.3588027060031891
26,1,GSM331562,1,0.4540024995803833
26,1,GSM331564,1,0.4754330813884735
26,1,GSM331565,1,0.730348527431488
26,1,GSM331568,1,0.6765459179878235
26,1,GSM331570,1,0.5415309071540833
26,1,GSM331572,1,0.5228770971298218
26,1,GSM331576,1,0.3044617474079132
26,1,GSM331577,1,0.6066754460334778
26,1,GSM331580,1,0.382607638835907
26,1,GSM331582,1,0.4442808926105499
26,1,GSM331583,1,0.4749782383441925
26,1,GSM331586,1,0.13670235872268677
26,1,GSM331594,1,0.39272448420524597
26,1,GSM331596,1,0.20978975296020508
26,1,GSM331597,1,0.32854437828063965
26,1,GSM331598,1,0.4798842668533325
26,1,GSM331604,1,0.418971985578537
26,1,GSM331605,1,0.499235063791275
26,1,GSM331607,1,0.5216098427772522
26,1,GSM331608,1,0.1276628077030182
26,1,GSM331609,1,0.5424104928970337
26,1,GSM331610,1,0.48423537611961365
26,1,GSM331612,1,0.6359583735466003
26,1,GSM331619,1,0.33233407139778137
26,1,GSM331620,1,0.4493919014930725
26,1,GSM331621,1,0.5700324177742004
26,1,GSM331622,1,0.7151560187339783
26,1,GSM331626,1,0.31615957617759705
26,1,GSM331627,1,0.47534462809562683
26,1,GSM331628,1,0.297757089138031
26,1,GSM331630,1,0.304118812084198
26,1,GSM331631,1,0.46211838722229004
26,1,GSM331633,1,0.4038882255554199
26,1,GSM331634,1,0.2721468210220337
26,1,GSM331637,1,0.4170546233654022
26,1,GSM331640,1,0.2018098086118698
26,1,GSM331642,1,0.5201001763343811
26,1,GSM331645,1,0.19485828280448914
26,1,GSM331647,1,0.6123824119567871
26,1,GSM331648,1,0.35028284788131714
26,1,GSM331649,1,0.4902772307395935
26,1,GSM331650,1,0.5460465550422668
26,1,GSM331651,1,0.2764228582382202
26,1,GSM331652,1,0.6711198687553406
26,1,GSM331653,1,0.2982604205608368
26,1,GSM331654,1,0.85630863904953
26,1,GSM331655,1,0.4241902232170105
26,1,GSM331656,1,0.3815489113330841
26,1,GSM331657,1,0.8461130261421204
26,1,GSM331658,1,0.6583448648452759
26,2,GSM331660,0,0.28313979506492615
26,2,GSM331662,0,0.6409393548965454
26,2,GSM331664,0,0.3004666268825531
26,2,GSM331665,0,0.6588149070739746
26,2,GSM331669,0,0.7437147498130798
26,2,GSM331670,0,0.6674104928970337
26,2,GSM331671,0,0.682735800743103
26,2,GSM331674,0,0.47568580508232117
26,2,GSM331675,0,0.25971493124961853
26,2,GSM331678,0,0.21564094722270966
26,2,GSM331679,0,0.24895291030406952
26,2,GSM331681,0,0.6566455960273743
26,2,GSM331682,0,0.5837371945381165
26,2,GSM331688,0,0.4823223352432251
26,2,GSM331689,0,0.2661404311656952
26,2,GSM331693,0,0.5558516979217529
26,2,GSM331695,0,0.41255614161491394
26,2,GSM331699,0,0.5920360088348389
26,2,GSM331700,0,0.6356962323188782
26,2,GSM331701,0,0.3050972819328308
26,2,GSM331702,0,0.6179534196853638
26,2,GSM331703,0,0.3873783349990845
26,2,GSM331705,0,0.4164668917655945
26,2,GSM331708,0,0.8309890031814575
26,2,GSM331710,0,0.2596305012702942
26,2,GSM331716,0,0.7172048091888428
26,2,GSM331719,0,0.2875141501426697
26,2,GSM331720,0,0.7537974119186401
26,2,GSM331722,0,0.6579274535179138
26,2,GSM331723,0,0.6852504014968872
26,2,GSM331725,0,0.6825815439224243
26,2,GSM331727,0,0.5058650970458984
26,2,GSM331729,0,0.17023150622844696
26,2,GSM331730,0,0.4081343114376068
26,2,GSM331731,0,0.7653524875640869
26,2,GSM331732,0,0.7434269785881042
26,2,GSM331453,1,0.5043953657150269
26,2,GSM331454,1,0.5240483283996582
26,2,GSM331455,1,0.36136505007743835
26,2,GSM331458,1,0.4460047483444214
26,2,GSM331459,1,0.8879350423812866
26,2,GSM331460,1,0.6094337701797485
26,2,GSM331461,1,0.4307849407196045
26,2,GSM331462,1,0.6862873435020447
26,2,GSM331463,1,0.42701244354248047
26,2,GSM331465,1,0.3898674547672272
26,2,GSM331468,1,0.37956950068473816
26,2,GSM331469,1,0.44112345576286316
26,2,GSM331472,1,0.2972891330718994
26,2,GSM331473,1,0.42706942558288574
26,2,GSM331474,1,0.6759412288665771
26,2,GSM331475,1,0.26673296093940735
26,2,GSM331477,1,0.32554566860198975
26,2,GSM331482,1,0.3709087371826172
26,2,GSM331484,1,0.38133925199508667
26,2,GSM331486,1,0.44770732522010803
26,2,GSM331487,1,0.7302578091621399
26,2,GSM331488,1,0.5107035040855408
26,2,GSM331489,1,0.6573905348777771
26,2,GSM331490,1,0.30366280674934387
26,2,GSM331491,1,0.6275303363800049
26,2,GSM331493,1,0.43079397082328796
26,2,GSM331495,1,0.41100576519966125
26,2,GSM331496,1,0.27808600664138794
26,2,GSM331497,1,0.6392556428909302
26,2,GSM331500,1,0.4552185535430908
26,2,GSM331502,1,0.7821178436279297
26,2,GSM331503,1,0.4237256348133087
26,2,GSM331513,1,0.7414968013763428
26,2,GSM331519,1,0.4175836145877838
26,2,GSM331521,1,0.45673954486846924
26,2,GSM331522,1,0.3526099622249603
26,2,GSM331523,1,0.7697218060493469
26,2,GSM331527,1,0.3292275369167328
26,2,GSM331532,1,0.7210612893104553
26,2,GSM331536,1,0.4718870520591736
26,2,GSM331538,1,0.21237115561962128
26,2,GSM331540,1,0.7601654529571533
26,2,GSM331541,1,0.7026016712188721
26,2,GSM331542,1,0.5164246559143066
26,2,GSM331543,1,0.6340302228927612
26,2,GSM331546,1,0.6190091967582703
26,2,GSM331547,1,0.5934549570083618
26,2,GSM331548,1,0.5625810623168945
26,2,GSM331549,1,0.7143638730049133
26,2,GSM331550,1,0.5736353397369385
26,2,GSM331552,1,0.3422287702560425
26,2,GSM331553,1,0.6218985319137573
26,2,GSM331555,1,0.25005292892456055
26,2,GSM331556,1,0.4448312819004059
26,2,GSM331558,1,0.2407791018486023
26,2,GSM331559,1,0.6126955151557922
26,2,GSM331563,1,0.5438417792320251
26,2,GSM331566,1,0.4736979007720947
26,2,GSM331567,1,0.2809487283229828
26,2,GSM331569,1,0.6377215385437012
26,2,GSM331571,1,0.793276309967041
26,2,GSM331573,1,0.7586920857429504
26,2,GSM331574,1,0.3937816023826599
26,2,GSM331575,1,0.6299419403076172
26,2,GSM331578,1,0.7743240594863892
26,2,GSM331579,1,0.566063404083252
26,2,GSM331581,1,0.33080512285232544
26,2,GSM331584,1,0.4536381661891937
26,2,GSM331585,1,0.6549817323684692
26,2,GSM331587,1,0.5855641961097717
26,2,GSM331588,1,0.5096579194068909
26,2,GSM331589,1,0.4504373371601105
26,2,GSM331590,1,0.3954828679561615
26,2,GSM331591,1,0.6542207598686218
26,2,GSM331592,1,0.3808145821094513
26,2,GSM331593,1,0.10871640592813492
26,2,GSM331595,1,0.4939088821411133
26,2,GSM331599,1,0.6845332384109497
26,2,GSM331600,1,0.6327728033065796
26,2,GSM331601,1,0.32088711857795715
26,2,GSM331602,1,0.353977233171463
26,2,GSM331603,1,0.5044775605201721
26,2,GSM331606,1,0.19911687076091766
26,2,GSM331611,1,0.5961053371429443
26,2,GSM331613,1,0.2705579102039337
26,2,GSM331614,1,0.5474861264228821
26,2,GSM331615,1,0.4130370318889618
26,2,GSM331616,1,0.4760109782218933
26,2,GSM331617,1,0.5877670049667358
26,2,GSM331618,1,0.7273607850074768
26,2,GSM331623,1,0.291500985622406
26,2,GSM331624,1,0.4340817928314209
26,2,GSM331625,1,0.5149804949760437
26,2,GSM331629,1,0.21224138140678406
26,2,GSM331632,1,0.5317269563674927
26,2,GSM331635,1,0.32561659812927246
26,2,GSM331636,1,0.4444999396800995
26,2,GSM331639,1,0.5016557574272156
26,2,GSM331641,1,0.6254330277442932
26,2,GSM331643,1,0.7115687727928162
26,2,GSM331644,1,0.4938400387763977
26,2,GSM331646,1,0.4646308422088623
26,2,GSM331659,1,0.7587096691131592
27,1,GSM331662,0,0.7263744473457336
27,1,GSM331663,0,0.5228389501571655
27,1,GSM331666,0,0.4495362639427185
27,1,GSM331669,0,0.8902799487113953
27,1,GSM331671,0,0.751573920249939
27,1,GSM331674,0,0.6926446557044983
27,1,GSM331676,0,0.6542748212814331
27,1,GSM331677,0,0.41101565957069397
27,1,GSM331678,0,0.30014532804489136
27,1,GSM331680,0,0.6977408528327942
27,1,GSM331681,0,0.5760013461112976
27,1,GSM331683,0,0.6442567110061646
27,1,GSM331684,0,0.21860435605049133
27,1,GSM331685,0,0.5308452248573303
27,1,GSM331686,0,0.5648488402366638
27,1,GSM331688,0,0.5725241303443909
27,1,GSM331690,0,0.6813921332359314
27,1,GSM331691,0,0.5580350160598755
27,1,GSM331693,0,0.388928085565567
27,1,GSM331694,0,0.50831139087677
27,1,GSM331695,0,0.48261943459510803
27,1,GSM331696,0,0.5890642404556274
27,1,GSM331697,0,0.3124746084213257
27,1,GSM331698,0,0.489587664604187
27,1,GSM331701,0,0.5278628468513489
27,1,GSM331703,0,0.5554001331329346
27,1,GSM331712,0,0.31512734293937683
27,1,GSM331714,0,0.7558297514915466
27,1,GSM331717,0,0.6497065424919128
27,1,GSM331718,0,0.7805694937705994
27,1,GSM331720,0,0.6351994276046753
27,1,GSM331721,0,0.7780792713165283
27,1,GSM331725,0,0.7016337513923645
27,1,GSM331726,0,0.2654632329940796
27,1,GSM331727,0,0.41603124141693115
27,1,GSM331729,0,0.16481781005859375
27,1,GSM331732,0,0.6638049483299255
27,1,GSM331453,1,0.397504597902298
27,1,GSM331457,1,0.47197189927101135
27,1,GSM331458,1,0.546985924243927
27,1,GSM331459,1,0.7951602339744568
27,1,GSM331460,1,0.613764762878418
27,1,GSM331462,1,0.69374018907547
27,1,GSM331463,1,0.2327001541852951
27,1,GSM331464,1,0.39859092235565186
27,1,GSM331466,1,0.686224639415741
27,1,GSM331467,1,0.2504023015499115
27,1,GSM331469,1,0.5918653011322021
27,1,GSM331470,1,0.6247615218162537
27,1,GSM331472,1,0.2858109474182129
27,1,GSM331473,1,0.458936870098114
27,1,GSM331475,1,0.4563523232936859
27,1,GSM331476,1,0.565308690071106
27,1,GSM331478,1,0.4759385883808136
27,1,GSM331479,1,0.4173023998737335
27,1,GSM331481,1,0.6253615021705627
27,1,GSM331482,1,0.18493755161762238
27,1,GSM331483,1,0.6330806016921997
27,1,GSM331484,1,0.38075920939445496
27,1,GSM331489,1,0.6465015411376953
27,1,GSM331492,1,0.4073617458343506
27,1,GSM331493,1,0.259033739566803
27,1,GSM331494,1,0.7431821227073669
27,1,GSM331495,1,0.6110736727714539
27,1,GSM331498,1,0.2781623899936676
27,1,GSM331500,1,0.46382567286491394
27,1,GSM331503,1,0.42301756143569946
27,1,GSM331506,1,0.7301061153411865
27,1,GSM331508,1,0.5892436504364014
27,1,GSM331509,1,0.39378032088279724
27,1,GSM331512,1,0.6614357829093933
27,1,GSM331513,1,0.44069185853004456
27,1,GSM331515,1,0.4118051528930664
27,1,GSM331516,1,0.6826345920562744
27,1,GSM331519,1,0.47605258226394653
27,1,GSM331523,1,0.40656065940856934
27,1,GSM331525,1,0.6307449340820312
27,1,GSM331530,1,0.46489909291267395
27,1,GSM331531,1,0.5052449107170105
27,1,GSM331532,1,0.2792317867279053
27,1,GSM331533,1,0.7214869260787964
27,1,GSM331534,1,0.7195459008216858
27,1,GSM331535,1,0.4057480990886688
27,1,GSM331537,1,0.5780555009841919
27,1,GSM331539,1,0.5640004873275757
27,1,GSM331540,1,0.5261329412460327
27,1,GSM331541,1,0.759259819984436
27,1,GSM331546,1,0.3934801518917084
27,1,GSM331550,1,0.4527142345905304
27,1,GSM331551,1,0.5856384038925171
27,1,GSM331552,1,0.3688878118991852
27,1,GSM331555,1,0.4198528528213501
27,1,GSM331556,1,0.6413345336914062
27,1,GSM331558,1,0.19071820378303528
27,1,GSM331560,1,0.42727938294410706
27,1,GSM331561,1,0.6714379787445068
27,1,GSM331563,1,0.7766937017440796
27,1,GSM331567,1,0.39489805698394775
27,1,GSM331568,1,0.7824997901916504
27,1,GSM331571,1,0.6098639369010925
27,1,GSM331573,1,0.7872277498245239
27,1,GSM331574,1,0.509456992149353
27,1,GSM331575,1,0.47727125883102417
27,1,GSM331576,1,0.35185644030570984
27,1,GSM331578,1,0.7466480135917664
27,1,GSM331580,1,0.6795068979263306
27,1,GSM331581,1,0.300586074590683
27,1,GSM331582,1,0.6445958614349365
27,1,GSM331584,1,0.30298423767089844
27,1,GSM331585,1,0.7032779455184937
27,1,GSM331589,1,0.48899924755096436
27,1,GSM331592,1,0.48234573006629944
27,1,GSM331593,1,0.42431512475013733
27,1,GSM331595,1,0.6536727547645569
27,1,GSM331596,1,0.5930808782577515
27,1,GSM331598,1,0.4711260199546814
27,1,GSM331601,1,0.3268459737300873
27,1,GSM331603,1,0.46121513843536377
27,1,GSM331605,1,0.5055264234542847
27,1,GSM331607,1,0.8571254014968872
27,1,GSM331609,1,0.49489477276802063
27,1,GSM331611,1,0.7216684222221375
27,1,GSM331612,1,0.6587574481964111
27,1,GSM331615,1,0.35611432790756226
27,1,GSM331620,1,0.3553982973098755
27,1,GSM331626,1,0.3958777189254761
27,1,GSM331630,1,0.5696234703063965
27,1,GSM331633,1,0.19407621026039124
27,1,GSM331635,1,0.2948375642299652
27,1,GSM331639,1,0.5658559203147888
27,1,GSM331641,1,0.39136093854904175
27,1,GSM331643,1,0.7127975225448608
27,1,GSM331644,1,0.36560365557670593
27,1,GSM331646,1,0.3793783485889435
27,1,GSM331647,1,0.5549039840698242
27,1,GSM331648,1,0.3281581997871399
27,1,GSM331653,1,0.5887086987495422
27,1,GSM331654,1,0.6206928491592407
27,1,GSM331658,1,0.7285746335983276
27,1,GSM331659,1,0.7676581144332886
27,2,GSM331638,0,0.5009754300117493
27,2,GSM331660,0,0.221051886677742
27,2,GSM331661,0,0.6050427556037903
27,2,GSM331664,0,0.33967435359954834
27,2,GSM331665,0,0.6912356019020081
27,2,GSM331668,0,0.6799136996269226
27,2,GSM331670,0,0.47082340717315674
27,2,GSM331672,0,0.4439793527126312
27,2,GSM331673,0,0.414249449968338
27,2,GSM331675,0,0.1671089380979538
27,2,GSM331679,0,0.4583013653755188
27,2,GSM331682,0,0.44479915499687195
27,2,GSM331687,0,0.35468482971191406
27,2,GSM331689,0,0.4612782895565033
27,2,GSM331692,0,0.19742438197135925
27,2,GSM331699,0,0.6581811904907227
27,2,GSM331700,0,0.5069339871406555
27,2,GSM331702,0,0.5532288551330566
27,2,GSM331704,0,0.4619150161743164
27,2,GSM331705,0,0.2708415985107422
27,2,GSM331706,0,0.6711454391479492
27,2,GSM331707,0,0.5989609956741333
27,2,GSM331708,0,0.7653986215591431
27,2,GSM331709,0,0.21169522404670715
27,2,GSM331710,0,0.13967570662498474
27,2,GSM331711,0,0.6263573169708252
27,2,GSM331713,0,0.45829540491104126
27,2,GSM331715,0,0.5161890387535095
27,2,GSM331716,0,0.8447791337966919
27,2,GSM331719,0,0.18309132754802704
27,2,GSM331722,0,0.486820250749588
27,2,GSM331723,0,0.8028943538665771
27,2,GSM331724,0,0.2430049329996109
27,2,GSM331728,0,0.24484597146511078
27,2,GSM331730,0,0.3887898027896881
27,2,GSM331731,0,0.8222460150718689
27,2,GSM331454,1,0.4563910663127899
27,2,GSM331455,1,0.23537571728229523
27,2,GSM331456,1,0.5262182354927063
27,2,GSM331461,1,0.47458866238594055
27,2,GSM331465,1,0.37073636054992676
27,2,GSM331468,1,0.43948036432266235
27,2,GSM331471,1,0.7175793051719666
27,2,GSM331474,1,0.3530440032482147
27,2,GSM331477,1,0.35509392619132996
27,2,GSM331480,1,0.5220463275909424
27,2,GSM331485,1,0.7664303779602051
27,2,GSM331486,1,0.6553545594215393
27,2,GSM331487,1,0.7811760902404785
27,2,GSM331488,1,0.49846500158309937
27,2,GSM331490,1,0.3594364821910858
27,2,GSM331491,1,0.49918296933174133
27,2,GSM331496,1,0.33690404891967773
27,2,GSM331497,1,0.44957947731018066
27,2,GSM331499,1,0.3064873218536377
27,2,GSM331501,1,0.6388753056526184
27,2,GSM331502,1,0.6056557297706604
27,2,GSM331504,1,0.5424844622612
27,2,GSM331505,1,0.5757154822349548
27,2,GSM331507,1,0.20112191140651703
27,2,GSM331510,1,0.4587094187736511
27,2,GSM331511,1,0.5609679222106934
27,2,GSM331514,1,0.2762036919593811
27,2,GSM331517,1,0.6342265009880066
27,2,GSM331518,1,0.5158728361129761
27,2,GSM331520,1,0.6478655338287354
27,2,GSM331521,1,0.317462682723999
27,2,GSM331522,1,0.4069862365722656
27,2,GSM331524,1,0.48374077677726746
27,2,GSM331526,1,0.45644617080688477
27,2,GSM331527,1,0.36342093348503113
27,2,GSM331528,1,0.4714246094226837
27,2,GSM331529,1,0.4511164128780365
27,2,GSM331536,1,0.3540682792663574
27,2,GSM331538,1,0.2814253270626068
27,2,GSM331542,1,0.333275705575943
27,2,GSM331543,1,0.4696218967437744
27,2,GSM331544,1,0.31614789366722107
27,2,GSM331545,1,0.533880889415741
27,2,GSM331547,1,0.5437490940093994
27,2,GSM331548,1,0.6524052023887634
27,2,GSM331549,1,0.7341139912605286
27,2,GSM331553,1,0.79481440782547
27,2,GSM331554,1,0.3819020986557007
27,2,GSM331557,1,0.5746064186096191
27,2,GSM331559,1,0.7807299494743347
27,2,GSM331562,1,0.49735474586486816
27,2,GSM331564,1,0.380501925945282
27,2,GSM331565,1,0.581514835357666
27,2,GSM331566,1,0.5634315609931946
27,2,GSM331569,1,0.5061677098274231
27,2,GSM331570,1,0.4147617518901825
27,2,GSM331572,1,0.45163068175315857
27,2,GSM331577,1,0.5624010562896729
27,2,GSM331579,1,0.2567113935947418
27,2,GSM331583,1,0.35996517539024353
27,2,GSM331586,1,0.39028292894363403
27,2,GSM331587,1,0.7556210160255432
27,2,GSM331588,1,0.3598453402519226
27,2,GSM331590,1,0.3514080345630646
27,2,GSM331591,1,0.6822624206542969
27,2,GSM331594,1,0.3736926019191742
27,2,GSM331597,1,0.5355727076530457
27,2,GSM331599,1,0.8313754200935364
27,2,GSM331600,1,0.7791932225227356
27,2,GSM331602,1,0.3281348645687103
27,2,GSM331604,1,0.3810749053955078
27,2,GSM331606,1,0.20256899297237396
27,2,GSM331608,1,0.1823875457048416
27,2,GSM331610,1,0.7608532905578613
27,2,GSM331613,1,0.4311217665672302
27,2,GSM331614,1,0.4546002745628357
27,2,GSM331616,1,0.30351656675338745
27,2,GSM331617,1,0.6798674464225769
27,2,GSM331618,1,0.49146807193756104
27,2,GSM331619,1,0.4579981565475464
27,2,GSM331621,1,0.33025944232940674
27,2,GSM331622,1,0.7064327597618103
27,2,GSM331623,1,0.2406928837299347
27,2,GSM331624,1,0.5560669302940369
27,2,GSM331625,1,0.5776771306991577
27,2,GSM331627,1,0.41728919744491577
27,2,GSM331628,1,0.44349414110183716
27,2,GSM331629,1,0.2751292288303375
27,2,GSM331631,1,0.14634482562541962
27,2,GSM331632,1,0.2164442539215088
27,2,GSM331634,1,0.2610032260417938
27,2,GSM331636,1,0.28028732538223267
27,2,GSM331637,1,0.4302273094654083
27,2,GSM331640,1,0.26628920435905457
27,2,GSM331642,1,0.46764516830444336
27,2,GSM331645,1,0.1952008455991745
27,2,GSM331649,1,0.6259714961051941
27,2,GSM331650,1,0.2996865212917328
27,2,GSM331651,1,0.3303273916244507
27,2,GSM331652,1,0.7788681387901306
27,2,GSM331655,1,0.3931518793106079
27,2,GSM331656,1,0.23431247472763062
27,2,GSM331657,1,0.7504838109016418
28,1,GSM331661,0,0.7184398770332336
28,1,GSM331662,0,0.4624955356121063
28,1,GSM331663,0,0.5897291302680969
28,1,GSM331664,0,0.12484441697597504
28,1,GSM331672,0,0.5915989875793457
28,1,GSM331673,0,0.342643141746521
28,1,GSM331675,0,0.0804527997970581
28,1,GSM331678,0,0.05717407912015915
28,1,GSM331679,0,0.44425708055496216
28,1,GSM331680,0,0.5333993434906006
28,1,GSM331686,0,0.7626763582229614
28,1,GSM331689,0,0.24486428499221802
28,1,GSM331691,0,0.38767415285110474
28,1,GSM331692,0,0.16168679296970367
28,1,GSM331693,0,0.45066189765930176
28,1,GSM331695,0,0.4192637503147125
28,1,GSM331696,0,0.5204722285270691
28,1,GSM331697,0,0.6785474419593811
28,1,GSM331698,0,0.5258464813232422
28,1,GSM331699,0,0.8657501339912415
28,1,GSM331701,0,0.2843870222568512
28,1,GSM331702,0,0.652655303478241
28,1,GSM331703,0,0.5728074312210083
28,1,GSM331704,0,0.7855578660964966
28,1,GSM331705,0,0.4301147162914276
28,1,GSM331709,0,0.43410614132881165
28,1,GSM331711,0,0.689841091632843
28,1,GSM331712,0,0.528315544128418
28,1,GSM331713,0,0.4721567630767822
28,1,GSM331715,0,0.5725685358047485
28,1,GSM331716,0,0.99289470911026
28,1,GSM331717,0,0.7328323125839233
28,1,GSM331719,0,0.15733465552330017
28,1,GSM331721,0,0.9506799578666687
28,1,GSM331723,0,0.8833873867988586
28,1,GSM331725,0,0.6587677001953125
28,1,GSM331726,0,0.23583070933818817
28,1,GSM331461,1,0.20259568095207214
28,1,GSM331462,1,0.6886129379272461
28,1,GSM331465,1,0.542716383934021
28,1,GSM331466,1,0.6465122699737549
28,1,GSM331468,1,0.6105825901031494
28,1,GSM331469,1,0.5446854829788208
28,1,GSM331471,1,0.8906112909317017
28,1,GSM331475,1,0.2139589935541153
28,1,GSM331477,1,0.5151457786560059
28,1,GSM331480,1,0.625934898853302
28,1,GSM331482,1,0.1917937844991684
28,1,GSM331483,1,0.6584776043891907
28,1,GSM331484,1,0.20545820891857147
28,1,GSM331491,1,0.8508180379867554
28,1,GSM331492,1,0.5133929252624512
28,1,GSM331494,1,0.9588047862052917
28,1,GSM331495,1,0.563094437122345
28,1,GSM331498,1,0.4513002634048462
28,1,GSM331501,1,0.2988726496696472
28,1,GSM331502,1,0.8486487865447998
28,1,GSM331503,1,0.3269900381565094
28,1,GSM331504,1,0.6446954607963562
28,1,GSM331505,1,0.8061255812644958
28,1,GSM331506,1,0.416953444480896
28,1,GSM331507,1,0.12560541927814484
28,1,GSM331508,1,0.3332606554031372
28,1,GSM331509,1,0.18057648837566376
28,1,GSM331510,1,0.39900699257850647
28,1,GSM331511,1,0.7915169596672058
28,1,GSM331513,1,0.9139953255653381
28,1,GSM331514,1,0.3343886137008667
28,1,GSM331515,1,0.2981864809989929
28,1,GSM331517,1,0.5801413059234619
28,1,GSM331520,1,0.7361507415771484
28,1,GSM331521,1,0.3143341839313507
28,1,GSM331526,1,0.8183357119560242
28,1,GSM331528,1,0.48769333958625793
28,1,GSM331529,1,0.32276487350463867
28,1,GSM331533,1,0.7936360836029053
28,1,GSM331534,1,0.7098085880279541
28,1,GSM331535,1,0.49692878127098083
28,1,GSM331540,1,0.35829687118530273
28,1,GSM331542,1,0.4106150269508362
28,1,GSM331544,1,0.33558785915374756
28,1,GSM331545,1,0.6692041158676147
28,1,GSM331546,1,0.6623291373252869
28,1,GSM331550,1,0.21106621623039246
28,1,GSM331553,1,0.876094400882721
28,1,GSM331555,1,0.3013770580291748
28,1,GSM331556,1,0.6547457575798035
28,1,GSM331557,1,0.42542245984077454
28,1,GSM331558,1,0.10525687038898468
28,1,GSM331560,1,0.7035691142082214
28,1,GSM331561,1,0.4541987180709839
28,1,GSM331563,1,0.730241596698761
28,1,GSM331564,1,0.18238946795463562
28,1,GSM331565,1,0.8337166905403137
28,1,GSM331568,1,0.9203234314918518
28,1,GSM331569,1,0.6866580843925476
28,1,GSM331573,1,0.717369019985199
28,1,GSM331576,1,0.5125146508216858
28,1,GSM331580,1,0.4338224232196808
28,1,GSM331584,1,0.17280614376068115
28,1,GSM331587,1,0.5872814059257507
28,1,GSM331588,1,0.27963680028915405
28,1,GSM331589,1,0.700143039226532
28,1,GSM331591,1,0.9313702583312988
28,1,GSM331592,1,0.7473236918449402
28,1,GSM331594,1,0.5595129132270813
28,1,GSM331597,1,0.6779386401176453
28,1,GSM331598,1,0.7079524397850037
28,1,GSM331599,1,0.8734234571456909
28,1,GSM331600,1,0.9240347146987915
28,1,GSM331604,1,0.32849568128585815
28,1,GSM331605,1,0.7607681155204773
28,1,GSM331606,1,0.16918370127677917
28,1,GSM331607,1,0.8347896933555603
28,1,GSM331611,1,0.5015354752540588
28,1,GSM331612,1,0.6828813552856445
28,1,GSM331614,1,0.49299466609954834
28,1,GSM331615,1,0.48525679111480713
28,1,GSM331616,1,0.38464248180389404
28,1,GSM331617,1,0.7868880033493042
28,1,GSM331618,1,0.6716249585151672
28,1,GSM331619,1,0.751010537147522
28,1,GSM331620,1,0.527443528175354
28,1,GSM331622,1,0.6977853178977966
28,1,GSM331624,1,0.5711734890937805
28,1,GSM331625,1,0.7107193470001221
28,1,GSM331626,1,0.3223484456539154
28,1,GSM331633,1,0.24476495385169983
28,1,GSM331635,1,0.3454979956150055
28,1,GSM331640,1,0.3567954897880554
28,1,GSM331641,1,0.6858274340629578
28,1,GSM331642,1,0.29258447885513306
28,1,GSM331643,1,0.8871886134147644
28,1,GSM331644,1,0.42712944746017456
28,1,GSM331645,1,0.3045172393321991
28,1,GSM331648,1,0.5102463960647583
28,1,GSM331649,1,0.6440620422363281
28,1,GSM331650,1,0.45400482416152954
28,1,GSM331655,1,0.5771163105964661
28,1,GSM331656,1,0.2337067425251007
28,2,GSM331638,0,0.30052506923675537
28,2,GSM331660,0,0.11433399468660355
28,2,GSM331665,0,0.7198530435562134
28,2,GSM331666,0,0.22828198969364166
28,2,GSM331668,0,0.6724684834480286
28,2,GSM331669,0,0.9732065200805664
28,2,GSM331670,0,0.6886123418807983
28,2,GSM331671,0,0.6384366750717163
28,2,GSM331674,0,0.654276967048645
28,2,GSM331676,0,0.7741140127182007
28,2,GSM331677,0,0.28747737407684326
28,2,GSM331681,0,0.6558811068534851
28,2,GSM331682,0,0.4983474612236023
28,2,GSM331683,0,0.5343266129493713
28,2,GSM331684,0,0.11930172145366669
28,2,GSM331685,0,0.0812380462884903
28,2,GSM331687,0,0.2092648595571518
28,2,GSM331688,0,0.6668025255203247
28,2,GSM331690,0,0.8913520574569702
28,2,GSM331694,0,0.25364693999290466
28,2,GSM331700,0,0.342142254114151
28,2,GSM331706,0,0.986970841884613
28,2,GSM331707,0,0.5066862106323242
28,2,GSM331708,0,0.8305212259292603
28,2,GSM331710,0,0.0838177353143692
28,2,GSM331714,0,0.6986623406410217
28,2,GSM331718,0,0.4800201952457428
28,2,GSM331720,0,0.27732163667678833
28,2,GSM331722,0,0.3097713589668274
28,2,GSM331724,0,0.22765851020812988
28,2,GSM331727,0,0.3315695822238922
28,2,GSM331728,0,0.09727508574724197
28,2,GSM331729,0,0.07040354609489441
28,2,GSM331730,0,0.37311089038848877
28,2,GSM331731,0,0.7921990156173706
28,2,GSM331732,0,0.8119258880615234
28,2,GSM331453,1,0.37532827258110046
28,2,GSM331454,1,0.8666312098503113
28,2,GSM331455,1,0.19371247291564941
28,2,GSM331456,1,0.54647296667099
28,2,GSM331457,1,0.42520871758461
28,2,GSM331458,1,0.41590410470962524
28,2,GSM331459,1,0.9045329689979553
28,2,GSM331460,1,0.6983836889266968
28,2,GSM331463,1,0.13125573098659515
28,2,GSM331464,1,0.2213851660490036
28,2,GSM331467,1,0.12159909307956696
28,2,GSM331470,1,0.45840513706207275
28,2,GSM331472,1,0.4126594364643097
28,2,GSM331473,1,0.20076411962509155
28,2,GSM331474,1,0.17915622889995575
28,2,GSM331476,1,0.3371078073978424
28,2,GSM331478,1,0.1994270533323288
28,2,GSM331479,1,0.15051919221878052
28,2,GSM331481,1,0.675288200378418
28,2,GSM331485,1,0.7144257426261902
28,2,GSM331486,1,0.5762563347816467
28,2,GSM331487,1,0.7474780082702637
28,2,GSM331488,1,0.70912104845047
28,2,GSM331489,1,0.6332556009292603
28,2,GSM331490,1,0.3914640247821808
28,2,GSM331493,1,0.19259598851203918
28,2,GSM331496,1,0.10010995715856552
28,2,GSM331497,1,0.656826376914978
28,2,GSM331499,1,0.17657066881656647
28,2,GSM331500,1,0.41601863503456116
28,2,GSM331512,1,0.4203197956085205
28,2,GSM331516,1,0.5297225117683411
28,2,GSM331518,1,0.34703707695007324
28,2,GSM331519,1,0.39210155606269836
28,2,GSM331522,1,0.39842405915260315
28,2,GSM331523,1,0.6717592477798462
28,2,GSM331524,1,0.6619006395339966
28,2,GSM331525,1,0.1873851865530014
28,2,GSM331527,1,0.5151274800300598
28,2,GSM331530,1,0.21357235312461853
28,2,GSM331531,1,0.1759902834892273
28,2,GSM331532,1,0.13697251677513123
28,2,GSM331536,1,0.35668954253196716
28,2,GSM331537,1,0.7990524172782898
28,2,GSM331538,1,0.07905856519937515
28,2,GSM331539,1,0.428073912858963
28,2,GSM331541,1,0.6423487067222595
28,2,GSM331543,1,0.5087531805038452
28,2,GSM331547,1,0.213930144906044
28,2,GSM331548,1,0.42846500873565674
28,2,GSM331549,1,0.9130656719207764
28,2,GSM331551,1,0.5793507099151611
28,2,GSM331552,1,0.4120791554450989
28,2,GSM331554,1,0.19545376300811768
28,2,GSM331559,1,0.756698727607727
28,2,GSM331562,1,0.19237202405929565
28,2,GSM331566,1,0.5819681882858276
28,2,GSM331567,1,0.2762204110622406
28,2,GSM331570,1,0.38827916979789734
28,2,GSM331571,1,0.6290522813796997
28,2,GSM331572,1,0.4870704114437103
28,2,GSM331574,1,0.285102516412735
28,2,GSM331575,1,0.6702278256416321
28,2,GSM331577,1,0.513042688369751
28,2,GSM331578,1,0.7107868194580078
28,2,GSM331579,1,0.39682599902153015
28,2,GSM331581,1,0.167471244931221
28,2,GSM331582,1,0.5282354950904846
28,2,GSM331583,1,0.19902917742729187
28,2,GSM331585,1,0.6136239171028137
28,2,GSM331586,1,0.22502343356609344
28,2,GSM331590,1,0.48096397519111633
28,2,GSM331593,1,0.16315555572509766
28,2,GSM331595,1,0.37017449736595154
28,2,GSM331596,1,0.600293755531311
28,2,GSM331601,1,0.15348410606384277
28,2,GSM331602,1,0.5883631110191345
28,2,GSM331603,1,0.1463283896446228
28,2,GSM331608,1,0.07552048563957214
28,2,GSM331609,1,0.3624249994754791
28,2,GSM331610,1,0.8720290064811707
28,2,GSM331613,1,0.3982563018798828
28,2,GSM331621,1,0.3183646500110626
28,2,GSM331623,1,0.11201941221952438
28,2,GSM331627,1,0.44642847776412964
28,2,GSM331628,1,0.26331356167793274
28,2,GSM331629,1,0.16008667647838593
28,2,GSM331630,1,0.2433549016714096
28,2,GSM331631,1,0.24411830306053162
28,2,GSM331632,1,0.19198215007781982
28,2,GSM331634,1,0.27308040857315063
28,2,GSM331636,1,0.2953892946243286
28,2,GSM331637,1,0.2999820113182068
28,2,GSM331639,1,0.3837500214576721
28,2,GSM331646,1,0.114765465259552
28,2,GSM331647,1,0.4285402297973633
28,2,GSM331651,1,0.13116519153118134
28,2,GSM331652,1,0.8729886412620544
28,2,GSM331653,1,0.46981146931648254
28,2,GSM331654,1,0.6211193799972534
28,2,GSM331657,1,0.6831546425819397
28,2,GSM331658,1,0.7824624180793762
28,2,GSM331659,1,0.7939661741256714
29,1,GSM331638,0,0.39197778701782227
29,1,GSM331661,0,0.602300763130188
29,1,GSM331662,0,0.6025451421737671
29,1,GSM331664,0,0.26422029733657837
29,1,GSM331665,0,0.857040286064148
29,1,GSM331668,0,0.7494466304779053
29,1,GSM331672,0,0.3382780849933624
29,1,GSM331674,0,0.7417572140693665
29,1,GSM331676,0,0.7480528950691223
29,1,GSM331678,0,0.5783302187919617
29,1,GSM331680,0,0.6774933934211731
29,1,GSM331682,0,0.4790424406528473
29,1,GSM331683,0,0.8613590598106384
29,1,GSM331684,0,0.19115681946277618
29,1,GSM331688,0,0.7521803975105286
29,1,GSM331689,0,0.8266828060150146
29,1,GSM331690,0,0.7957464456558228
29,1,GSM331695,0,0.4351007342338562
29,1,GSM331696,0,0.6080341339111328
29,1,GSM331697,0,0.24489645659923553
29,1,GSM331698,0,0.602793276309967
29,1,GSM331700,0,0.6737744212150574
29,1,GSM331701,0,0.3373011350631714
29,1,GSM331702,0,0.35384079813957214
29,1,GSM331703,0,0.6327819228172302
29,1,GSM331704,0,0.3960450291633606
29,1,GSM331706,0,0.6775909662246704
29,1,GSM331707,0,0.5622066855430603
29,1,GSM331709,0,0.2569597065448761
29,1,GSM331710,0,0.15986157953739166
29,1,GSM331712,0,0.34793683886528015
29,1,GSM331713,0,0.27720907330513
29,1,GSM331714,0,0.9058126211166382
29,1,GSM331719,0,0.08529611676931381
29,1,GSM331725,0,0.7721440196037292
29,1,GSM331731,0,0.8501230478286743
29,1,GSM331732,0,0.8105478286743164
29,1,GSM331454,1,0.5302460193634033
29,1,GSM331457,1,0.6004341840744019
29,1,GSM331461,1,0.3884597420692444
29,1,GSM331462,1,0.8310930728912354
29,1,GSM331464,1,0.26343798637390137
29,1,GSM331465,1,0.44897934794425964
29,1,GSM331466,1,0.6220617294311523
29,1,GSM331468,1,0.59037846326828
29,1,GSM331470,1,0.8304770588874817
29,1,GSM331471,1,0.8430798053741455
29,1,GSM331473,1,0.4359246492385864
29,1,GSM331474,1,0.38189348578453064
29,1,GSM331475,1,0.3991395831108093
29,1,GSM331476,1,0.5033865571022034
29,1,GSM331477,1,0.4008112847805023
29,1,GSM331478,1,0.5019224286079407
29,1,GSM331479,1,0.2596639394760132
29,1,GSM331480,1,0.815402090549469
29,1,GSM331481,1,0.8072032332420349
29,1,GSM331482,1,0.39287039637565613
29,1,GSM331483,1,0.5754851698875427
29,1,GSM331485,1,0.6555657982826233
29,1,GSM331486,1,0.7486314177513123
29,1,GSM331487,1,0.865749716758728
29,1,GSM331493,1,0.11832593381404877
29,1,GSM331496,1,0.21139894425868988
29,1,GSM331497,1,0.7480344176292419
29,1,GSM331501,1,0.6249025464057922
29,1,GSM331504,1,0.43201977014541626
29,1,GSM331506,1,0.6553247570991516
29,1,GSM331507,1,0.29864567518234253
29,1,GSM331509,1,0.3990291655063629
29,1,GSM331510,1,0.4616694450378418
29,1,GSM331513,1,0.7307977676391602
29,1,GSM331518,1,0.6278117299079895
29,1,GSM331519,1,0.5175180435180664
29,1,GSM331521,1,0.3198738992214203
29,1,GSM331522,1,0.491233229637146
29,1,GSM331523,1,0.39978694915771484
29,1,GSM331524,1,0.5408023595809937
29,1,GSM331526,1,0.402998149394989
29,1,GSM331530,1,0.39061281085014343
29,1,GSM331534,1,0.39823591709136963
29,1,GSM331535,1,0.4023743271827698
29,1,GSM331540,1,0.5925745368003845
29,1,GSM331541,1,0.7546989321708679
29,1,GSM331546,1,0.3793770670890808
29,1,GSM331548,1,0.8327813148498535
29,1,GSM331549,1,0.7835984826087952
29,1,GSM331551,1,0.5220651030540466
29,1,GSM331554,1,0.5087659955024719
29,1,GSM331555,1,0.5003949403762817
29,1,GSM331557,1,0.6589701175689697
29,1,GSM331558,1,0.22552311420440674
29,1,GSM331561,1,0.764892578125
29,1,GSM331564,1,0.5797927379608154
29,1,GSM331565,1,0.8515875339508057
29,1,GSM331568,1,0.8820828795433044
29,1,GSM331569,1,0.3341175615787506
29,1,GSM331574,1,0.6632561683654785
29,1,GSM331575,1,0.24194198846817017
29,1,GSM331576,1,0.7200920581817627
29,1,GSM331577,1,0.40359315276145935
29,1,GSM331578,1,0.7392575144767761
29,1,GSM331580,1,0.6307185888290405
29,1,GSM331581,1,0.09836655110120773
29,1,GSM331582,1,0.44892966747283936
29,1,GSM331585,1,0.5361465811729431
29,1,GSM331587,1,0.8523112535476685
29,1,GSM331589,1,0.3401245176792145
29,1,GSM331592,1,0.66683030128479
29,1,GSM331594,1,0.5150532126426697
29,1,GSM331596,1,0.6771228313446045
29,1,GSM331598,1,0.4703933894634247
29,1,GSM331600,1,0.7548026442527771
29,1,GSM331602,1,0.5935466289520264
29,1,GSM331605,1,0.6378357410430908
29,1,GSM331608,1,0.2760732173919678
29,1,GSM331609,1,0.4220559298992157
29,1,GSM331612,1,0.7314883470535278
29,1,GSM331615,1,0.23098871111869812
29,1,GSM331618,1,0.3955272436141968
29,1,GSM331619,1,0.5948158502578735
29,1,GSM331620,1,0.28706422448158264
29,1,GSM331621,1,0.35760360956192017
29,1,GSM331623,1,0.5656344294548035
29,1,GSM331625,1,0.6251077055931091
29,1,GSM331626,1,0.22296811640262604
29,1,GSM331632,1,0.19567915797233582
29,1,GSM331633,1,0.12853440642356873
29,1,GSM331634,1,0.4163081645965576
29,1,GSM331635,1,0.10781221836805344
29,1,GSM331637,1,0.6157861351966858
29,1,GSM331639,1,0.3790578544139862
29,1,GSM331640,1,0.280967652797699
29,1,GSM331641,1,0.46355122327804565
29,1,GSM331642,1,0.4644174575805664
29,1,GSM331643,1,0.8143150806427002
29,1,GSM331644,1,0.16751055419445038
29,1,GSM331647,1,0.7346678972244263
29,1,GSM331648,1,0.308120459318161
29,1,GSM331653,1,0.7576526999473572
29,1,GSM331658,1,0.7941145300865173
29,2,GSM331660,0,0.40328288078308105
29,2,GSM331663,0,0.4647093117237091
29,2,GSM331666,0,0.35766562819480896
29,2,GSM331669,0,0.6472403407096863
29,2,GSM331670,0,0.6113653779029846
29,2,GSM331671,0,0.6402556896209717
29,2,GSM331673,0,0.31307217478752136
29,2,GSM331675,0,0.09392303973436356
29,2,GSM331677,0,0.3829474151134491
29,2,GSM331679,0,0.40488046407699585
29,2,GSM331681,0,0.4237929582595825
29,2,GSM331685,0,0.2699594795703888
29,2,GSM331686,0,0.26443836092948914
29,2,GSM331687,0,0.28657209873199463
29,2,GSM331691,0,0.6523756980895996
29,2,GSM331692,0,0.18063543736934662
29,2,GSM331693,0,0.3733440041542053
29,2,GSM331694,0,0.7429376244544983
29,2,GSM331699,0,0.6415829062461853
29,2,GSM331705,0,0.3454993963241577
29,2,GSM331708,0,0.7907523512840271
29,2,GSM331711,0,0.48357531428337097
29,2,GSM331715,0,0.5732316374778748
29,2,GSM331716,0,0.6521838307380676
29,2,GSM331717,0,0.4399598240852356
29,2,GSM331718,0,0.714533805847168
29,2,GSM331720,0,0.5131439566612244
29,2,GSM331721,0,0.7034268379211426
29,2,GSM331722,0,0.42734286189079285
29,2,GSM331723,0,0.7171045541763306
29,2,GSM331724,0,0.18839548528194427
29,2,GSM331726,0,0.3454536497592926
29,2,GSM331727,0,0.5885922312736511
29,2,GSM331728,0,0.4669135510921478
29,2,GSM331729,0,0.35622352361679077
29,2,GSM331730,0,0.2625025808811188
29,2,GSM331453,1,0.3587043285369873
29,2,GSM331455,1,0.46065977215766907
29,2,GSM331456,1,0.667504072189331
29,2,GSM331458,1,0.49614575505256653
29,2,GSM331459,1,0.722947895526886
29,2,GSM331460,1,0.6335859894752502
29,2,GSM331463,1,0.36399921774864197
29,2,GSM331467,1,0.5404043197631836
29,2,GSM331469,1,0.4516933560371399
29,2,GSM331472,1,0.5459173917770386
29,2,GSM331484,1,0.2696612775325775
29,2,GSM331488,1,0.5928895473480225
29,2,GSM331489,1,0.5307434797286987
29,2,GSM331490,1,0.4435631334781647
29,2,GSM331491,1,0.5548592209815979
29,2,GSM331492,1,0.7097030878067017
29,2,GSM331494,1,0.7311384081840515
29,2,GSM331495,1,0.670449435710907
29,2,GSM331498,1,0.3292253017425537
29,2,GSM331499,1,0.26135995984077454
29,2,GSM331500,1,0.6276763081550598
29,2,GSM331502,1,0.8351349234580994
29,2,GSM331503,1,0.3041932284832001
29,2,GSM331505,1,0.3951340615749359
29,2,GSM331508,1,0.7751206755638123
29,2,GSM331511,1,0.8221275210380554
29,2,GSM331512,1,0.6666852831840515
29,2,GSM331514,1,0.22931961715221405
29,2,GSM331515,1,0.3739984929561615
29,2,GSM331516,1,0.7467981576919556
29,2,GSM331517,1,0.4188743829727173
29,2,GSM331520,1,0.5163871645927429
29,2,GSM331525,1,0.2679588198661804
29,2,GSM331527,1,0.38550418615341187
29,2,GSM331528,1,0.3814183473587036
29,2,GSM331529,1,0.31911349296569824
29,2,GSM331531,1,0.2982916831970215
29,2,GSM331532,1,0.33401235938072205
29,2,GSM331533,1,0.4585651159286499
29,2,GSM331536,1,0.27280572056770325
29,2,GSM331537,1,0.5220360159873962
29,2,GSM331538,1,0.3903142809867859
29,2,GSM331539,1,0.5566362142562866
29,2,GSM331542,1,0.2281206101179123
29,2,GSM331543,1,0.34446537494659424
29,2,GSM331544,1,0.4473881423473358
29,2,GSM331545,1,0.4686889946460724
29,2,GSM331547,1,0.5025101900100708
29,2,GSM331550,1,0.38518795371055603
29,2,GSM331552,1,0.26195400953292847
29,2,GSM331553,1,0.6066358685493469
29,2,GSM331556,1,0.5329589247703552
29,2,GSM331559,1,0.6593499779701233
29,2,GSM331560,1,0.5718642473220825
29,2,GSM331562,1,0.5293371677398682
29,2,GSM331563,1,0.7832883596420288
29,2,GSM331566,1,0.7429316639900208
29,2,GSM331567,1,0.601464033126831
29,2,GSM331570,1,0.40432441234588623
29,2,GSM331571,1,0.8438841104507446
29,2,GSM331572,1,0.3726922869682312
29,2,GSM331573,1,0.455148845911026
29,2,GSM331579,1,0.3652542531490326
29,2,GSM331583,1,0.497894823551178
29,2,GSM331584,1,0.14685304462909698
29,2,GSM331586,1,0.22474312782287598
29,2,GSM331588,1,0.5388992428779602
29,2,GSM331590,1,0.58375483751297
29,2,GSM331591,1,0.6775310635566711
29,2,GSM331593,1,0.4119582176208496
29,2,GSM331595,1,0.5279108881950378
29,2,GSM331597,1,0.7732693552970886
29,2,GSM331599,1,0.6564252376556396
29,2,GSM331601,1,0.23830817639827728
29,2,GSM331603,1,0.5802130103111267
29,2,GSM331604,1,0.19974881410598755
29,2,GSM331606,1,0.11869114637374878
29,2,GSM331607,1,0.7889042496681213
29,2,GSM331610,1,0.4324129819869995
29,2,GSM331611,1,0.6281640529632568
29,2,GSM331613,1,0.6412439346313477
29,2,GSM331614,1,0.5794658660888672
29,2,GSM331616,1,0.4248734414577484
29,2,GSM331617,1,0.3296431601047516
29,2,GSM331622,1,0.5677870512008667
29,2,GSM331624,1,0.7753087282180786
29,2,GSM331627,1,0.5745545625686646
29,2,GSM331628,1,0.3258611261844635
29,2,GSM331629,1,0.39301690459251404
29,2,GSM331630,1,0.6423654556274414
29,2,GSM331631,1,0.23281340301036835
29,2,GSM331636,1,0.22800312936306
29,2,GSM331645,1,0.1854400932788849
29,2,GSM331646,1,0.46266239881515503
29,2,GSM331649,1,0.6532959938049316
29,2,GSM331650,1,0.29268911480903625
29,2,GSM331651,1,0.6106966137886047
29,2,GSM331652,1,0.6689141392707825
29,2,GSM331654,1,0.746342122554779
29,2,GSM331655,1,0.2932416498661041
29,2,GSM331656,1,0.14473028481006622
29,2,GSM331657,1,0.6391571760177612
29,2,GSM331659,1,0.4643911123275757
30,1,GSM331661,0,0.7076185345649719
30,1,GSM331663,0,0.5341537594795227
30,1,GSM331666,0,0.5101650953292847
30,1,GSM331668,0,0.7242571115493774
30,1,GSM331670,0,0.6381433010101318
30,1,GSM331672,0,0.4197506606578827
30,1,GSM331673,0,0.4457440972328186
30,1,GSM331675,0,0.28246989846229553
30,1,GSM331678,0,0.32533660531044006
30,1,GSM331680,0,0.6687588095664978
30,1,GSM331682,0,0.65865558385849
30,1,GSM331684,0,0.43334269523620605
30,1,GSM331685,0,0.3911546766757965
30,1,GSM331686,0,0.5024176836013794
30,1,GSM331687,0,0.556390643119812
30,1,GSM331692,0,0.36751270294189453
30,1,GSM331695,0,0.4344003200531006
30,1,GSM331701,0,0.47053658962249756
30,1,GSM331702,0,0.704366147518158
30,1,GSM331706,0,0.8048641085624695
30,1,GSM331707,0,0.6561040878295898
30,1,GSM331708,0,0.5003660321235657
30,1,GSM331709,0,0.31228795647621155
30,1,GSM331710,0,0.3602827787399292
30,1,GSM331712,0,0.5687540769577026
30,1,GSM331713,0,0.4436008036136627
30,1,GSM331714,0,0.7423537969589233
30,1,GSM331715,0,0.45408517122268677
30,1,GSM331716,0,0.8272997736930847
30,1,GSM331717,0,0.5696299076080322
30,1,GSM331719,0,0.38712555170059204
30,1,GSM331720,0,0.555516242980957
30,1,GSM331724,0,0.45735761523246765
30,1,GSM331725,0,0.608027994632721
30,1,GSM331728,0,0.3159904181957245
30,1,GSM331731,0,0.7965708374977112
30,1,GSM331732,0,0.8265587687492371
30,1,GSM331454,1,0.6437242031097412
30,1,GSM331458,1,0.4819420278072357
30,1,GSM331461,1,0.3594862222671509
30,1,GSM331463,1,0.29070812463760376
30,1,GSM331466,1,0.433402955532074
30,1,GSM331467,1,0.6801292300224304
30,1,GSM331469,1,0.44880759716033936
30,1,GSM331470,1,0.6417144536972046
30,1,GSM331471,1,0.7839468121528625
30,1,GSM331472,1,0.665287971496582
30,1,GSM331474,1,0.19495902955532074
30,1,GSM331475,1,0.3932148516178131
30,1,GSM331480,1,0.7265309691429138
30,1,GSM331482,1,0.4373120963573456
30,1,GSM331483,1,0.37062469124794006
30,1,GSM331486,1,0.5994186997413635
30,1,GSM331491,1,0.6888212561607361
30,1,GSM331493,1,0.2905850410461426
30,1,GSM331494,1,0.7458950877189636
30,1,GSM331495,1,0.44268694519996643
30,1,GSM331496,1,0.20592515170574188
30,1,GSM331497,1,0.49107852578163147
30,1,GSM331503,1,0.483143150806427
30,1,GSM331504,1,0.6441181898117065
30,1,GSM331508,1,0.5233508944511414
30,1,GSM331511,1,0.6637423634529114
30,1,GSM331512,1,0.6244364380836487
30,1,GSM331513,1,0.6716517210006714
30,1,GSM331515,1,0.4097807705402374
30,1,GSM331517,1,0.5323759317398071
30,1,GSM331518,1,0.5871454477310181
30,1,GSM331519,1,0.5356598496437073
30,1,GSM331520,1,0.6854609251022339
30,1,GSM331523,1,0.5500345826148987
30,1,GSM331525,1,0.44888296723365784
30,1,GSM331526,1,0.4315071702003479
30,1,GSM331528,1,0.5749954581260681
30,1,GSM331529,1,0.41318148374557495
30,1,GSM331530,1,0.5340895056724548
30,1,GSM331533,1,0.6257567405700684
30,1,GSM331536,1,0.3212105333805084
30,1,GSM331540,1,0.4497816860675812
30,1,GSM331541,1,0.6692923903465271
30,1,GSM331544,1,0.5446406602859497
30,1,GSM331548,1,0.5637173056602478
30,1,GSM331549,1,0.5277954936027527
30,1,GSM331551,1,0.6478279232978821
30,1,GSM331552,1,0.44670191407203674
30,1,GSM331554,1,0.4251835346221924
30,1,GSM331555,1,0.3980119824409485
30,1,GSM331556,1,0.48034465312957764
30,1,GSM331557,1,0.7139871120452881
30,1,GSM331561,1,0.6604568958282471
30,1,GSM331566,1,0.5674484372138977
30,1,GSM331567,1,0.4731082320213318
30,1,GSM331572,1,0.6531851887702942
30,1,GSM331575,1,0.38894176483154297
30,1,GSM331576,1,0.5353454947471619
30,1,GSM331578,1,0.73280268907547
30,1,GSM331580,1,0.4324467182159424
30,1,GSM331581,1,0.3649768829345703
30,1,GSM331582,1,0.3868013918399811
30,1,GSM331585,1,0.8280578851699829
30,1,GSM331587,1,0.7510225176811218
30,1,GSM331589,1,0.4255733788013458
30,1,GSM331590,1,0.2708779275417328
30,1,GSM331593,1,0.40048307180404663
30,1,GSM331596,1,0.45424020290374756
30,1,GSM331597,1,0.6381834149360657
30,1,GSM331598,1,0.585252046585083
30,1,GSM331600,1,0.7229852676391602
30,1,GSM331603,1,0.35357969999313354
30,1,GSM331605,1,0.46768438816070557
30,1,GSM331606,1,0.3320821225643158
30,1,GSM331608,1,0.14280934631824493
30,1,GSM331609,1,0.4544782042503357
30,1,GSM331610,1,0.5715731978416443
30,1,GSM331611,1,0.6946635842323303
30,1,GSM331612,1,0.5475090146064758
30,1,GSM331613,1,0.36067846417427063
30,1,GSM331614,1,0.5443433523178101
30,1,GSM331616,1,0.49508190155029297
30,1,GSM331618,1,0.6262097358703613
30,1,GSM331619,1,0.5821362137794495
30,1,GSM331621,1,0.5150242447853088
30,1,GSM331626,1,0.4343983829021454
30,1,GSM331628,1,0.5415076613426208
30,1,GSM331630,1,0.49136587977409363
30,1,GSM331633,1,0.46341609954833984
30,1,GSM331634,1,0.5635955333709717
30,1,GSM331636,1,0.39837878942489624
30,1,GSM331640,1,0.30883923172950745
30,1,GSM331641,1,0.5486546158790588
30,1,GSM331642,1,0.4772864580154419
30,1,GSM331643,1,0.6257421374320984
30,1,GSM331646,1,0.4018247723579407
30,1,GSM331647,1,0.542274534702301
30,1,GSM331649,1,0.5748897194862366
30,1,GSM331650,1,0.4455747604370117
30,1,GSM331651,1,0.39176440238952637
30,1,GSM331652,1,0.7284741997718811
30,1,GSM331653,1,0.6622722148895264
30,1,GSM331654,1,0.7621573805809021
30,2,GSM331638,0,0.4621163010597229
30,2,GSM331660,0,0.28879454731941223
30,2,GSM331662,0,0.6566969752311707
30,2,GSM331664,0,0.40102776885032654
30,2,GSM331665,0,0.5314961075782776
30,2,GSM331669,0,0.7563281655311584
30,2,GSM331671,0,0.5487157106399536
30,2,GSM331674,0,0.5021550059318542
30,2,GSM331676,0,0.5449293851852417
30,2,GSM331677,0,0.49137502908706665
30,2,GSM331679,0,0.46023795008659363
30,2,GSM331681,0,0.6275540590286255
30,2,GSM331683,0,0.5951623320579529
30,2,GSM331688,0,0.6176962852478027
30,2,GSM331689,0,0.6678068041801453
30,2,GSM331690,0,0.7163351774215698
30,2,GSM331691,0,0.6780523657798767
30,2,GSM331693,0,0.42376214265823364
30,2,GSM331694,0,0.38974204659461975
30,2,GSM331696,0,0.6314792037010193
30,2,GSM331697,0,0.30837008357048035
30,2,GSM331698,0,0.5332443714141846
30,2,GSM331699,0,0.46113771200180054
30,2,GSM331700,0,0.4421059191226959
30,2,GSM331703,0,0.6151021122932434
30,2,GSM331704,0,0.40785539150238037
30,2,GSM331705,0,0.3389451503753662
30,2,GSM331711,0,0.7314547896385193
30,2,GSM331718,0,0.654579222202301
30,2,GSM331721,0,0.7006797194480896
30,2,GSM331722,0,0.4970005452632904
30,2,GSM331723,0,0.6000410914421082
30,2,GSM331726,0,0.38896849751472473
30,2,GSM331727,0,0.4208989143371582
30,2,GSM331729,0,0.17603540420532227
30,2,GSM331730,0,0.4149656295776367
30,2,GSM331453,1,0.2243719846010208
30,2,GSM331455,1,0.3169628083705902
30,2,GSM331456,1,0.5863982439041138
30,2,GSM331457,1,0.4308852255344391
30,2,GSM331459,1,0.782246470451355
30,2,GSM331460,1,0.6185104250907898
30,2,GSM331462,1,0.5125300884246826
30,2,GSM331464,1,0.35441339015960693
30,2,GSM331465,1,0.5094019174575806
30,2,GSM331468,1,0.694839358329773
30,2,GSM331473,1,0.1698402762413025
30,2,GSM331476,1,0.24223914742469788
30,2,GSM331477,1,0.3416043817996979
30,2,GSM331478,1,0.5101915001869202
30,2,GSM331479,1,0.12295379489660263
30,2,GSM331481,1,0.4123474955558777
30,2,GSM331484,1,0.4795302152633667
30,2,GSM331485,1,0.7313713431358337
30,2,GSM331487,1,0.7761946320533752
30,2,GSM331488,1,0.5502465963363647
30,2,GSM331489,1,0.5660696029663086
30,2,GSM331490,1,0.42701372504234314
30,2,GSM331492,1,0.4948274791240692
30,2,GSM331498,1,0.35972097516059875
30,2,GSM331499,1,0.4013035297393799
30,2,GSM331500,1,0.35043635964393616
30,2,GSM331501,1,0.3388861417770386
30,2,GSM331502,1,0.7046535015106201
30,2,GSM331505,1,0.5590800642967224
30,2,GSM331506,1,0.7126094698905945
30,2,GSM331507,1,0.2318236380815506
30,2,GSM331509,1,0.3645222783088684
30,2,GSM331510,1,0.428143173456192
30,2,GSM331514,1,0.4038354158401489
30,2,GSM331516,1,0.5099090337753296
30,2,GSM331521,1,0.3469383120536804
30,2,GSM331522,1,0.49203070998191833
30,2,GSM331524,1,0.5021543502807617
30,2,GSM331527,1,0.41116762161254883
30,2,GSM331531,1,0.20712867379188538
30,2,GSM331532,1,0.4331616163253784
30,2,GSM331534,1,0.5109650492668152
30,2,GSM331535,1,0.42525872588157654
30,2,GSM331537,1,0.5677133202552795
30,2,GSM331538,1,0.375605046749115
30,2,GSM331539,1,0.4716542065143585
30,2,GSM331542,1,0.4499606788158417
30,2,GSM331543,1,0.43886786699295044
30,2,GSM331545,1,0.4908785820007324
30,2,GSM331546,1,0.49768373370170593
30,2,GSM331547,1,0.6255723237991333
30,2,GSM331550,1,0.3160686194896698
30,2,GSM331553,1,0.851417601108551
30,2,GSM331558,1,0.3682290315628052
30,2,GSM331559,1,0.6903783082962036
30,2,GSM331560,1,0.511818528175354
30,2,GSM331562,1,0.6175210475921631
30,2,GSM331563,1,0.7482781410217285
30,2,GSM331564,1,0.6488118767738342
30,2,GSM331565,1,0.7888224124908447
30,2,GSM331568,1,0.6803600788116455
30,2,GSM331569,1,0.5336905717849731
30,2,GSM331570,1,0.5212095975875854
30,2,GSM331571,1,0.7409668564796448
30,2,GSM331573,1,0.5478984117507935
30,2,GSM331574,1,0.47543999552726746
30,2,GSM331577,1,0.5137889385223389
30,2,GSM331579,1,0.35808998346328735
30,2,GSM331583,1,0.3069570064544678
30,2,GSM331584,1,0.2997128367424011
30,2,GSM331586,1,0.49812018871307373
30,2,GSM331588,1,0.7006469964981079
30,2,GSM331591,1,0.7772631645202637
30,2,GSM331592,1,0.4703842103481293
30,2,GSM331594,1,0.42640596628189087
30,2,GSM331595,1,0.6176549196243286
30,2,GSM331599,1,0.6814281344413757
30,2,GSM331601,1,0.3406106233596802
30,2,GSM331602,1,0.45983418822288513
30,2,GSM331604,1,0.2136484831571579
30,2,GSM331607,1,0.8514700531959534
30,2,GSM331615,1,0.35971155762672424
30,2,GSM331617,1,0.7172666788101196
30,2,GSM331620,1,0.3395029604434967
30,2,GSM331622,1,0.6730635762214661
30,2,GSM331623,1,0.3775070607662201
30,2,GSM331624,1,0.5632597208023071
30,2,GSM331625,1,0.650654137134552
30,2,GSM331627,1,0.5871113538742065
30,2,GSM331629,1,0.21246129274368286
30,2,GSM331631,1,0.33085885643959045
30,2,GSM331632,1,0.25283488631248474
30,2,GSM331635,1,0.20821215212345123
30,2,GSM331637,1,0.7385407090187073
30,2,GSM331639,1,0.47763174772262573
30,2,GSM331644,1,0.4500855505466461
30,2,GSM331645,1,0.39437204599380493
30,2,GSM331648,1,0.36132800579071045
30,2,GSM331655,1,0.2686125636100769
30,2,GSM331656,1,0.3157294690608978
30,2,GSM331657,1,0.5223861336708069
30,2,GSM331658,1,0.6392596960067749
30,2,GSM331659,1,0.627159059047699
31,1,GSM331638,0,0.4114767611026764
31,1,GSM331662,0,0.5095250010490417
31,1,GSM331664,0,0.111250139772892
31,1,GSM331665,0,0.545081615447998
31,1,GSM331668,0,0.6779415607452393
31,1,GSM331669,0,0.9028806090354919
31,1,GSM331670,0,0.5887249708175659
31,1,GSM331671,0,0.4409945011138916
31,1,GSM331672,0,0.5850088596343994
31,1,GSM331673,0,0.3030066192150116
31,1,GSM331674,0,0.5855280160903931
31,1,GSM331675,0,0.10185461491346359
31,1,GSM331677,0,0.23830339312553406
31,1,GSM331678,0,0.06427902728319168
31,1,GSM331680,0,0.4550199806690216
31,1,GSM331681,0,0.7016797661781311
31,1,GSM331682,0,0.532253623008728
31,1,GSM331686,0,0.7218450307846069
31,1,GSM331690,0,0.811752200126648
31,1,GSM331691,0,0.638286292552948
31,1,GSM331694,0,0.3622794449329376
31,1,GSM331696,0,0.4640846848487854
31,1,GSM331698,0,0.30577701330184937
31,1,GSM331702,0,0.6503263711929321
31,1,GSM331704,0,0.527764081954956
31,1,GSM331706,0,0.9307203888893127
31,1,GSM331710,0,0.09878012537956238
31,1,GSM331713,0,0.3526792824268341
31,1,GSM331715,0,0.3539392650127411
31,1,GSM331718,0,0.7606683373451233
31,1,GSM331719,0,0.10687902569770813
31,1,GSM331720,0,0.33848056197166443
31,1,GSM331722,0,0.34884679317474365
31,1,GSM331723,0,0.8664603233337402
31,1,GSM331727,0,0.4687008857727051
31,1,GSM331729,0,0.05455860495567322
31,1,GSM331732,0,0.7669302821159363
31,1,GSM331458,1,0.5246695280075073
31,1,GSM331463,1,0.34121477603912354
31,1,GSM331464,1,0.3195793330669403
31,1,GSM331466,1,0.5126684904098511
31,1,GSM331467,1,0.3195304274559021
31,1,GSM331468,1,0.47336307168006897
31,1,GSM331473,1,0.2933287024497986
31,1,GSM331474,1,0.20156817138195038
31,1,GSM331477,1,0.4669458866119385
31,1,GSM331479,1,0.25248339772224426
31,1,GSM331480,1,0.6648809313774109
31,1,GSM331481,1,0.48855793476104736
31,1,GSM331484,1,0.05591164901852608
31,1,GSM331486,1,0.6033097505569458
31,1,GSM331488,1,0.7079740166664124
31,1,GSM331491,1,0.6770277619361877
31,1,GSM331492,1,0.33251073956489563
31,1,GSM331493,1,0.22535531222820282
31,1,GSM331494,1,0.8149859309196472
31,1,GSM331496,1,0.07845477014780045
31,1,GSM331499,1,0.23605018854141235
31,1,GSM331504,1,0.31704649329185486
31,1,GSM331506,1,0.45504826307296753
31,1,GSM331509,1,0.16265852749347687
31,1,GSM331510,1,0.29887714982032776
31,1,GSM331513,1,0.8776689171791077
31,1,GSM331514,1,0.14381659030914307
31,1,GSM331517,1,0.6744357943534851
31,1,GSM331518,1,0.3852878212928772
31,1,GSM331520,1,0.7013730406761169
31,1,GSM331521,1,0.1162232831120491
31,1,GSM331522,1,0.21347105503082275
31,1,GSM331523,1,0.6815291047096252
31,1,GSM331524,1,0.3624117374420166
31,1,GSM331525,1,0.1077500507235527
31,1,GSM331527,1,0.4781078100204468
31,1,GSM331529,1,0.1926337480545044
31,1,GSM331531,1,0.20938244462013245
31,1,GSM331533,1,0.796963632106781
31,1,GSM331535,1,0.4252970218658447
31,1,GSM331536,1,0.2526209354400635
31,1,GSM331538,1,0.30057427287101746
31,1,GSM331541,1,0.70473712682724
31,1,GSM331543,1,0.5973365306854248
31,1,GSM331544,1,0.26167580485343933
31,1,GSM331547,1,0.41651207208633423
31,1,GSM331549,1,0.9099217057228088
31,1,GSM331550,1,0.143801748752594
31,1,GSM331551,1,0.5334614515304565
31,1,GSM331552,1,0.2932892143726349
31,1,GSM331554,1,0.18407346308231354
31,1,GSM331556,1,0.406877338886261
31,1,GSM331558,1,0.23423118889331818
31,1,GSM331559,1,0.6616060733795166
31,1,GSM331560,1,0.5966511368751526
31,1,GSM331561,1,0.5151068568229675
31,1,GSM331562,1,0.2759617865085602
31,1,GSM331564,1,0.5388084053993225
31,1,GSM331568,1,0.8610047101974487
31,1,GSM331570,1,0.614220917224884
31,1,GSM331571,1,0.6620796918869019
31,1,GSM331574,1,0.41742491722106934
31,1,GSM331575,1,0.755046010017395
31,1,GSM331579,1,0.3551880121231079
31,1,GSM331582,1,0.467863529920578
31,1,GSM331583,1,0.24040959775447845
31,1,GSM331584,1,0.2277504950761795
31,1,GSM331585,1,0.548614501953125
31,1,GSM331587,1,0.684889554977417
31,1,GSM331588,1,0.5511298775672913
31,1,GSM331592,1,0.47178059816360474
31,1,GSM331593,1,0.27981963753700256
31,1,GSM331594,1,0.4376557171344757
31,1,GSM331595,1,0.6415392756462097
31,1,GSM331597,1,0.5564498901367188
31,1,GSM331602,1,0.39323726296424866
31,1,GSM331604,1,0.12217316776514053
31,1,GSM331606,1,0.14212104678153992
31,1,GSM331607,1,0.8913995027542114
31,1,GSM331613,1,0.33346670866012573
31,1,GSM331614,1,0.3370388150215149
31,1,GSM331616,1,0.3750448226928711
31,1,GSM331617,1,0.7152417302131653
31,1,GSM331618,1,0.7136154174804688
31,1,GSM331619,1,0.5190644860267639
31,1,GSM331620,1,0.4281749427318573
31,1,GSM331621,1,0.5459524989128113
31,1,GSM331623,1,0.1504102200269699
31,1,GSM331624,1,0.5779528021812439
31,1,GSM331627,1,0.635916531085968
31,1,GSM331630,1,0.26737162470817566
31,1,GSM331631,1,0.2169751077890396
31,1,GSM331634,1,0.27035534381866455
31,1,GSM331635,1,0.20083904266357422
31,1,GSM331639,1,0.541817307472229
31,1,GSM331643,1,0.8005614876747131
31,1,GSM331644,1,0.3544488549232483
31,1,GSM331645,1,0.3652273714542389
31,1,GSM331646,1,0.3424236476421356
31,1,GSM331647,1,0.5191107392311096
31,1,GSM331648,1,0.38867107033729553
31,1,GSM331653,1,0.5171867609024048
31,1,GSM331654,1,0.7147051692008972
31,2,GSM331660,0,0.1599302887916565
31,2,GSM331661,0,0.7425583004951477
31,2,GSM331663,0,0.3168972134590149
31,2,GSM331666,0,0.19735126197338104
31,2,GSM331676,0,0.6441689729690552
31,2,GSM331679,0,0.28085577487945557
31,2,GSM331683,0,0.7049363255500793
31,2,GSM331684,0,0.2380039244890213
31,2,GSM331685,0,0.15223760902881622
31,2,GSM331687,0,0.13916906714439392
31,2,GSM331688,0,0.6968568563461304
31,2,GSM331689,0,0.4422733783721924
31,2,GSM331692,0,0.16119740903377533
31,2,GSM331693,0,0.4752974808216095
31,2,GSM331695,0,0.3362971544265747
31,2,GSM331697,0,0.3257704973220825
31,2,GSM331699,0,0.6216397285461426
31,2,GSM331700,0,0.5368462204933167
31,2,GSM331701,0,0.2862432301044464
31,2,GSM331703,0,0.8006162047386169
31,2,GSM331705,0,0.41203242540359497
31,2,GSM331707,0,0.5651010870933533
31,2,GSM331708,0,0.8279750943183899
31,2,GSM331709,0,0.2675970792770386
31,2,GSM331711,0,0.6509377956390381
31,2,GSM331712,0,0.4720100462436676
31,2,GSM331714,0,0.7828675508499146
31,2,GSM331716,0,0.9657061100006104
31,2,GSM331717,0,0.6983284950256348
31,2,GSM331721,0,0.8939529061317444
31,2,GSM331724,0,0.2697029113769531
31,2,GSM331725,0,0.5911107063293457
31,2,GSM331726,0,0.18586967885494232
31,2,GSM331728,0,0.1404019296169281
31,2,GSM331730,0,0.5485409498214722
31,2,GSM331731,0,0.8737308979034424
31,2,GSM331453,1,0.4247519373893738
31,2,GSM331454,1,0.6574256420135498
31,2,GSM331455,1,0.3227967917919159
31,2,GSM331456,1,0.5059269666671753
31,2,GSM331457,1,0.710673987865448
31,2,GSM331459,1,0.8411445021629333
31,2,GSM331460,1,0.7116459608078003
31,2,GSM331461,1,0.36793071031570435
31,2,GSM331462,1,0.564447820186615
31,2,GSM331465,1,0.5539138317108154
31,2,GSM331469,1,0.47357508540153503
31,2,GSM331470,1,0.6799489259719849
31,2,GSM331471,1,0.9238077998161316
31,2,GSM331472,1,0.23140716552734375
31,2,GSM331475,1,0.23056763410568237
31,2,GSM331476,1,0.4404481053352356
31,2,GSM331478,1,0.41879186034202576
31,2,GSM331482,1,0.20649442076683044
31,2,GSM331483,1,0.6149902939796448
31,2,GSM331485,1,0.5259684324264526
31,2,GSM331487,1,0.884788453578949
31,2,GSM331489,1,0.6761030554771423
31,2,GSM331490,1,0.2782215476036072
31,2,GSM331495,1,0.4191083610057831
31,2,GSM331497,1,0.6059281826019287
31,2,GSM331498,1,0.31286367774009705
31,2,GSM331500,1,0.38702160120010376
31,2,GSM331501,1,0.36479276418685913
31,2,GSM331502,1,0.7916558980941772
31,2,GSM331503,1,0.3282310664653778
31,2,GSM331505,1,0.6694138646125793
31,2,GSM331507,1,0.17525933682918549
31,2,GSM331508,1,0.7876238226890564
31,2,GSM331511,1,0.8137760162353516
31,2,GSM331512,1,0.6885615587234497
31,2,GSM331515,1,0.2936778664588928
31,2,GSM331516,1,0.7796230316162109
31,2,GSM331519,1,0.397795706987381
31,2,GSM331526,1,0.7023847699165344
31,2,GSM331528,1,0.4497215747833252
31,2,GSM331530,1,0.4963620603084564
31,2,GSM331532,1,0.4050021767616272
31,2,GSM331534,1,0.6034670472145081
31,2,GSM331537,1,0.8504983186721802
31,2,GSM331539,1,0.5886938571929932
31,2,GSM331540,1,0.586213231086731
31,2,GSM331542,1,0.21163243055343628
31,2,GSM331545,1,0.5607345700263977
31,2,GSM331546,1,0.5102561712265015
31,2,GSM331548,1,0.724458634853363
31,2,GSM331553,1,0.9196852445602417
31,2,GSM331555,1,0.09706961363554001
31,2,GSM331557,1,0.5933281779289246
31,2,GSM331563,1,0.7443175315856934
31,2,GSM331565,1,0.8553839921951294
31,2,GSM331566,1,0.7251522541046143
31,2,GSM331567,1,0.6069965362548828
31,2,GSM331569,1,0.6469604969024658
31,2,GSM331572,1,0.5476952791213989
31,2,GSM331573,1,0.7102730870246887
31,2,GSM331576,1,0.6260847449302673
31,2,GSM331577,1,0.4941636621952057
31,2,GSM331578,1,0.7647915482521057
31,2,GSM331580,1,0.46068087220191956
31,2,GSM331581,1,0.1852148473262787
31,2,GSM331586,1,0.22867591679096222
31,2,GSM331589,1,0.535929262638092
31,2,GSM331590,1,0.5529671311378479
31,2,GSM331591,1,0.8722479939460754
31,2,GSM331596,1,0.732378363609314
31,2,GSM331598,1,0.43292489647865295
31,2,GSM331599,1,0.9001245498657227
31,2,GSM331600,1,0.9252439737319946
31,2,GSM331601,1,0.09502075612545013
31,2,GSM331603,1,0.46423521637916565
31,2,GSM331605,1,0.7721555233001709
31,2,GSM331608,1,0.05137661471962929
31,2,GSM331609,1,0.42580917477607727
31,2,GSM331610,1,0.785526692867279
31,2,GSM331611,1,0.5669605731964111
31,2,GSM331612,1,0.7070842981338501
31,2,GSM331615,1,0.2813408672809601
31,2,GSM331622,1,0.7899600267410278
31,2,GSM331625,1,0.6918853521347046
31,2,GSM331626,1,0.30174827575683594
31,2,GSM331628,1,0.44520217180252075
31,2,GSM331629,1,0.050162654370069504
31,2,GSM331632,1,0.24470369517803192
31,2,GSM331633,1,0.0997321829199791
31,2,GSM331636,1,0.23282524943351746
31,2,GSM331637,1,0.3269684612751007
31,2,GSM331640,1,0.3133091926574707
31,2,GSM331641,1,0.4293630123138428
31,2,GSM331642,1,0.47683972120285034
31,2,GSM331649,1,0.735285758972168
31,2,GSM331650,1,0.2566501498222351
31,2,GSM331651,1,0.3769020438194275
31,2,GSM331652,1,0.8898899555206299
31,2,GSM331655,1,0.21163113415241241
31,2,GSM331656,1,0.22545835375785828
31,2,GSM331657,1,0.7853571772575378
31,2,GSM331658,1,0.86786949634552
31,2,GSM331659,1,0.7859922647476196
32,1,GSM331638,0,0.4453302323818207
32,1,GSM331660,0,0.38613125681877136
32,1,GSM331661,0,0.5583139657974243
32,1,GSM331662,0,0.6751548051834106
32,1,GSM331663,0,0.5040488839149475
32,1,GSM331665,0,0.8275368809700012
32,1,GSM331666,0,0.3077961504459381
32,1,GSM331668,0,0.6756042838096619
32,1,GSM331671,0,0.7527570128440857
32,1,GSM331673,0,0.5832569003105164
32,1,GSM331676,0,0.8202782273292542
32,1,GSM331677,0,0.4658361077308655
32,1,GSM331680,0,0.6057209968566895
32,1,GSM331681,0,0.5562461614608765
32,1,GSM331685,0,0.6048018932342529
32,1,GSM331688,0,0.7056349515914917
32,1,GSM331690,0,0.7997192144393921
32,1,GSM331692,0,0.44209930300712585
32,1,GSM331693,0,0.35147833824157715
32,1,GSM331694,0,0.4277139902114868
32,1,GSM331696,0,0.6804018020629883
32,1,GSM331697,0,0.4933899939060211
32,1,GSM331698,0,0.35033512115478516
32,1,GSM331702,0,0.5438119769096375
32,1,GSM331706,0,0.8325080871582031
32,1,GSM331707,0,0.5633807182312012
32,1,GSM331710,0,0.2871122658252716
32,1,GSM331711,0,0.6853219866752625
32,1,GSM331716,0,0.8807207942008972
32,1,GSM331718,0,0.7897284626960754
32,1,GSM331719,0,0.2699185907840729
32,1,GSM331720,0,0.5884332656860352
32,1,GSM331723,0,0.750544548034668
32,1,GSM331725,0,0.8383702635765076
32,1,GSM331728,0,0.4120810925960541
32,1,GSM331729,0,0.300426721572876
32,1,GSM331732,0,0.8185360431671143
32,1,GSM331453,1,0.3134467899799347
32,1,GSM331454,1,0.6258828639984131
32,1,GSM331455,1,0.23427802324295044
32,1,GSM331456,1,0.2709701955318451
32,1,GSM331457,1,0.5200983881950378
32,1,GSM331459,1,0.8170117735862732
32,1,GSM331460,1,0.6438047885894775
32,1,GSM331461,1,0.44692400097846985
32,1,GSM331463,1,0.18541304767131805
32,1,GSM331464,1,0.2882629334926605
32,1,GSM331468,1,0.4758201241493225
32,1,GSM331470,1,0.6605536937713623
32,1,GSM331471,1,0.6927842497825623
32,1,GSM331472,1,0.32782691717147827
32,1,GSM331475,1,0.34288647770881653
32,1,GSM331478,1,0.45312565565109253
32,1,GSM331481,1,0.6458017230033875
32,1,GSM331485,1,0.5968732237815857
32,1,GSM331487,1,0.7319607138633728
32,1,GSM331490,1,0.3559759557247162
32,1,GSM331492,1,0.40535470843315125
32,1,GSM331493,1,0.24267704784870148
32,1,GSM331495,1,0.24734224379062653
32,1,GSM331496,1,0.3309519290924072
32,1,GSM331497,1,0.7706443071365356
32,1,GSM331498,1,0.2794540524482727
32,1,GSM331499,1,0.33382412791252136
32,1,GSM331501,1,0.5034924745559692
32,1,GSM331505,1,0.5547741055488586
32,1,GSM331507,1,0.5379176139831543
32,1,GSM331509,1,0.4251740574836731
32,1,GSM331510,1,0.5863298773765564
32,1,GSM331513,1,0.6383638381958008
32,1,GSM331516,1,0.7853235602378845
32,1,GSM331518,1,0.7296746373176575
32,1,GSM331519,1,0.31545332074165344
32,1,GSM331521,1,0.36220166087150574
32,1,GSM331522,1,0.5007883310317993
32,1,GSM331527,1,0.385460764169693
32,1,GSM331528,1,0.738396406173706
32,1,GSM331530,1,0.3120344281196594
32,1,GSM331533,1,0.8608459234237671
32,1,GSM331534,1,0.5268759727478027
32,1,GSM331544,1,0.3463408052921295
32,1,GSM331547,1,0.6502689123153687
32,1,GSM331549,1,0.7851321697235107
32,1,GSM331554,1,0.46154579520225525
32,1,GSM331560,1,0.45481905341148376
32,1,GSM331561,1,0.5442633628845215
32,1,GSM331563,1,0.8362258672714233
32,1,GSM331564,1,0.574738085269928
32,1,GSM331565,1,0.7180876135826111
32,1,GSM331568,1,0.7889617681503296
32,1,GSM331569,1,0.529578447341919
32,1,GSM331570,1,0.556270956993103
32,1,GSM331571,1,0.6569336652755737
32,1,GSM331573,1,0.6911082863807678
32,1,GSM331575,1,0.45399799942970276
32,1,GSM331576,1,0.5087186694145203
32,1,GSM331578,1,0.6996766924858093
32,1,GSM331580,1,0.6906409859657288
32,1,GSM331582,1,0.5050229430198669
32,1,GSM331583,1,0.5150333046913147
32,1,GSM331585,1,0.5800935626029968
32,1,GSM331586,1,0.45278817415237427
32,1,GSM331589,1,0.4145980477333069
32,1,GSM331590,1,0.3293064832687378
32,1,GSM331591,1,0.7181715965270996
32,1,GSM331593,1,0.35906535387039185
32,1,GSM331595,1,0.45289695262908936
32,1,GSM331597,1,0.2275104820728302
32,1,GSM331601,1,0.3119524419307709
32,1,GSM331602,1,0.34397196769714355
32,1,GSM331603,1,0.4536226689815521
32,1,GSM331605,1,0.4662129580974579
32,1,GSM331606,1,0.44197753071784973
32,1,GSM331607,1,0.7937533259391785
32,1,GSM331609,1,0.2509337067604065
32,1,GSM331610,1,0.8135350942611694
32,1,GSM331612,1,0.7499191761016846
32,1,GSM331616,1,0.4812004566192627
32,1,GSM331618,1,0.454833060503006
32,1,GSM331620,1,0.3293459713459015
32,1,GSM331622,1,0.814833402633667
32,1,GSM331625,1,0.6325384974479675
32,1,GSM331628,1,0.535542368888855
32,1,GSM331629,1,0.32308968901634216
32,1,GSM331630,1,0.3071948289871216
32,1,GSM331633,1,0.24150080978870392
32,1,GSM331637,1,0.3534228205680847
32,1,GSM331640,1,0.3245868682861328
32,1,GSM331641,1,0.5304756164550781
32,1,GSM331645,1,0.37311026453971863
32,1,GSM331647,1,0.7021061182022095
32,1,GSM331648,1,0.26035603880882263
32,1,GSM331649,1,0.4766678214073181
32,1,GSM331650,1,0.39597415924072266
32,1,GSM331651,1,0.4475591480731964
32,1,GSM331653,1,0.6377353668212891
32,1,GSM331654,1,0.6791371703147888
32,1,GSM331655,1,0.28949710726737976
32,1,GSM331656,1,0.20034641027450562
32,1,GSM331659,1,0.7606143951416016
32,2,GSM331664,0,0.5434056520462036
32,2,GSM331669,0,0.8591011762619019
32,2,GSM331670,0,0.5584484934806824
32,2,GSM331672,0,0.5744550824165344
32,2,GSM331674,0,0.7557850480079651
32,2,GSM331675,0,0.19861310720443726
32,2,GSM331678,0,0.341808944940567
32,2,GSM331679,0,0.6714376211166382
32,2,GSM331682,0,0.4755614995956421
32,2,GSM331683,0,0.8240039348602295
32,2,GSM331684,0,0.3149954080581665
32,2,GSM331686,0,0.5216520428657532
32,2,GSM331687,0,0.33790451288223267
32,2,GSM331689,0,0.6159176826477051
32,2,GSM331691,0,0.4150940775871277
32,2,GSM331695,0,0.37950581312179565
32,2,GSM331699,0,0.4874405562877655
32,2,GSM331700,0,0.8055363297462463
32,2,GSM331701,0,0.43651774525642395
32,2,GSM331703,0,0.4081394672393799
32,2,GSM331704,0,0.5378766059875488
32,2,GSM331705,0,0.32819274067878723
32,2,GSM331708,0,0.6863192319869995
32,2,GSM331709,0,0.3095974922180176
32,2,GSM331712,0,0.45936694741249084
32,2,GSM331713,0,0.43451300263404846
32,2,GSM331714,0,0.8102797865867615
32,2,GSM331715,0,0.317813515663147
32,2,GSM331717,0,0.5993214845657349
32,2,GSM331721,0,0.6187189221382141
32,2,GSM331722,0,0.5841421484947205
32,2,GSM331724,0,0.3443729281425476
32,2,GSM331726,0,0.2937029302120209
32,2,GSM331727,0,0.6131242513656616
32,2,GSM331730,0,0.3315977156162262
32,2,GSM331731,0,0.8351870179176331
32,2,GSM331458,1,0.3991922438144684
32,2,GSM331462,1,0.6656114459037781
32,2,GSM331465,1,0.2039661705493927
32,2,GSM331466,1,0.617579460144043
32,2,GSM331467,1,0.28337347507476807
32,2,GSM331469,1,0.6290569305419922
32,2,GSM331473,1,0.5094503164291382
32,2,GSM331474,1,0.5340534448623657
32,2,GSM331476,1,0.506254255771637
32,2,GSM331477,1,0.30758702754974365
32,2,GSM331479,1,0.40386441349983215
32,2,GSM331480,1,0.6850155591964722
32,2,GSM331482,1,0.2571486532688141
32,2,GSM331483,1,0.5703617334365845
32,2,GSM331484,1,0.4882661700248718
32,2,GSM331486,1,0.7608544826507568
32,2,GSM331488,1,0.6773040890693665
32,2,GSM331489,1,0.4909672439098358
32,2,GSM331491,1,0.5768908262252808
32,2,GSM331494,1,0.8098301887512207
32,2,GSM331500,1,0.22449207305908203
32,2,GSM331502,1,0.7660107612609863
32,2,GSM331503,1,0.3244430422782898
32,2,GSM331504,1,0.3143918514251709
32,2,GSM331506,1,0.5038490295410156
32,2,GSM331508,1,0.4005856513977051
32,2,GSM331511,1,0.7485963702201843
32,2,GSM331512,1,0.5818793773651123
32,2,GSM331514,1,0.3587135672569275
32,2,GSM331515,1,0.3847038149833679
32,2,GSM331517,1,0.6314188838005066
32,2,GSM331520,1,0.41645142436027527
32,2,GSM331523,1,0.48542487621307373
32,2,GSM331524,1,0.33807966113090515
32,2,GSM331525,1,0.635661244392395
32,2,GSM331526,1,0.22993867099285126
32,2,GSM331529,1,0.5486253499984741
32,2,GSM331531,1,0.5139598846435547
32,2,GSM331532,1,0.2129923403263092
32,2,GSM331535,1,0.31910619139671326
32,2,GSM331536,1,0.4656198024749756
32,2,GSM331537,1,0.41418761014938354
32,2,GSM331538,1,0.1631597876548767
32,2,GSM331539,1,0.3616103529930115
32,2,GSM331540,1,0.5521280169487
32,2,GSM331541,1,0.5932599902153015
32,2,GSM331542,1,0.39207151532173157
32,2,GSM331543,1,0.4159033000469208
32,2,GSM331545,1,0.5696709156036377
32,2,GSM331546,1,0.4202355742454529
32,2,GSM331548,1,0.8415342569351196
32,2,GSM331550,1,0.4198639988899231
32,2,GSM331551,1,0.5934716463088989
32,2,GSM331552,1,0.2981628477573395
32,2,GSM331553,1,0.720483660697937
32,2,GSM331555,1,0.2836088240146637
32,2,GSM331556,1,0.6185665726661682
32,2,GSM331557,1,0.5763761401176453
32,2,GSM331558,1,0.32591742277145386
32,2,GSM331559,1,0.6729356646537781
32,2,GSM331562,1,0.6261975765228271
32,2,GSM331566,1,0.5423526763916016
32,2,GSM331567,1,0.1694730520248413
32,2,GSM331572,1,0.6570633053779602
32,2,GSM331574,1,0.5625725388526917
32,2,GSM331577,1,0.4933325946331024
32,2,GSM331579,1,0.34147217869758606
32,2,GSM331581,1,0.1142766997218132
32,2,GSM331584,1,0.4813597500324249
32,2,GSM331587,1,0.7075566649436951
32,2,GSM331588,1,0.7860403060913086
32,2,GSM331592,1,0.4392123520374298
32,2,GSM331594,1,0.6690065860748291
32,2,GSM331596,1,0.5991254448890686
32,2,GSM331598,1,0.4118325710296631
32,2,GSM331599,1,0.8570927977561951
32,2,GSM331600,1,0.6454384922981262
32,2,GSM331604,1,0.2119561731815338
32,2,GSM331608,1,0.33329007029533386
32,2,GSM331611,1,0.4591310918331146
32,2,GSM331613,1,0.34886473417282104
32,2,GSM331614,1,0.3148571848869324
32,2,GSM331615,1,0.23067493736743927
32,2,GSM331617,1,0.7817236185073853
32,2,GSM331619,1,0.5196728110313416
32,2,GSM331621,1,0.33893126249313354
32,2,GSM331623,1,0.4488634169101715
32,2,GSM331624,1,0.6453171372413635
32,2,GSM331626,1,0.1843269169330597
32,2,GSM331627,1,0.2971619963645935
32,2,GSM331631,1,0.3283078968524933
32,2,GSM331632,1,0.281202107667923
32,2,GSM331634,1,0.2179560512304306
32,2,GSM331635,1,0.19860373437404633
32,2,GSM331636,1,0.23288145661354065
32,2,GSM331639,1,0.24463436007499695
32,2,GSM331642,1,0.5531744360923767
32,2,GSM331643,1,0.7617745399475098
32,2,GSM331644,1,0.3615093529224396
32,2,GSM331646,1,0.3539333939552307
32,2,GSM331652,1,0.8615399599075317
32,2,GSM331657,1,0.4108382761478424
32,2,GSM331658,1,0.6093968152999878
33,1,GSM331660,0,0.2983083426952362
33,1,GSM331664,0,0.36401277780532837
33,1,GSM331665,0,0.6235709190368652
33,1,GSM331666,0,0.3169197142124176
33,1,GSM331668,0,0.7980322241783142
33,1,GSM331669,0,0.9427791833877563
33,1,GSM331670,0,0.4632915258407593
33,1,GSM331674,0,0.7005086541175842
33,1,GSM331677,0,0.6181920766830444
33,1,GSM331678,0,0.2935972213745117
33,1,GSM331681,0,0.3488072454929352
33,1,GSM331682,0,0.4540015161037445
33,1,GSM331687,0,0.4839644432067871
33,1,GSM331688,0,0.7294523119926453
33,1,GSM331689,0,0.49130165576934814
33,1,GSM331691,0,0.5729727745056152
33,1,GSM331693,0,0.4104076623916626
33,1,GSM331696,0,0.5807932615280151
33,1,GSM331699,0,0.6871815323829651
33,1,GSM331700,0,0.3719915747642517
33,1,GSM331707,0,0.6450983881950378
33,1,GSM331710,0,0.09216152131557465
33,1,GSM331715,0,0.5690999031066895
33,1,GSM331716,0,0.8926265835762024
33,1,GSM331717,0,0.4628881514072418
33,1,GSM331718,0,0.6751322746276855
33,1,GSM331719,0,0.07277444005012512
33,1,GSM331720,0,0.7035130858421326
33,1,GSM331721,0,0.808482825756073
33,1,GSM331722,0,0.5604550242424011
33,1,GSM331723,0,0.7216574549674988
33,1,GSM331725,0,0.5776353478431702
33,1,GSM331727,0,0.5021058917045593
33,1,GSM331728,0,0.4517877995967865
33,1,GSM331729,0,0.19555354118347168
33,1,GSM331731,0,0.8642016053199768
33,1,GSM331732,0,0.6719608902931213
33,1,GSM331453,1,0.2890487015247345
33,1,GSM331456,1,0.5772022008895874
33,1,GSM331457,1,0.5485946536064148
33,1,GSM331458,1,0.6231924891471863
33,1,GSM331460,1,0.824809193611145
33,1,GSM331466,1,0.8291494846343994
33,1,GSM331467,1,0.25023767352104187
33,1,GSM331469,1,0.6094653606414795
33,1,GSM331471,1,0.8128036856651306
33,1,GSM331473,1,0.26648497581481934
33,1,GSM331475,1,0.24755561351776123
33,1,GSM331476,1,0.5721724033355713
33,1,GSM331477,1,0.45393845438957214
33,1,GSM331478,1,0.2998831868171692
33,1,GSM331479,1,0.27151158452033997
33,1,GSM331481,1,0.8563330173492432
33,1,GSM331487,1,0.8679118156433105
33,1,GSM331489,1,0.5932244062423706
33,1,GSM331490,1,0.39841148257255554
33,1,GSM331491,1,0.7114341259002686
33,1,GSM331493,1,0.23408368229866028
33,1,GSM331496,1,0.2368929088115692
33,1,GSM331497,1,0.5833815336227417
33,1,GSM331499,1,0.4421861171722412
33,1,GSM331500,1,0.3855278491973877
33,1,GSM331505,1,0.7474899291992188
33,1,GSM331507,1,0.3960764706134796
33,1,GSM331508,1,0.7787924408912659
33,1,GSM331509,1,0.30433404445648193
33,1,GSM331510,1,0.5684165954589844
33,1,GSM331511,1,0.6859422326087952
33,1,GSM331512,1,0.5229558944702148
33,1,GSM331513,1,0.7949506640434265
33,1,GSM331514,1,0.27567562460899353
33,1,GSM331516,1,0.7630893588066101
33,1,GSM331521,1,0.5212840437889099
33,1,GSM331523,1,0.6399815678596497
33,1,GSM331530,1,0.6198611259460449
33,1,GSM331533,1,0.7534927725791931
33,1,GSM331534,1,0.5765829682350159
33,1,GSM331535,1,0.5608387589454651
33,1,GSM331543,1,0.4633553922176361
33,1,GSM331544,1,0.34057512879371643
33,1,GSM331545,1,0.5648050308227539
33,1,GSM331546,1,0.49852633476257324
33,1,GSM331547,1,0.416830450296402
33,1,GSM331550,1,0.4316103458404541
33,1,GSM331552,1,0.3060927391052246
33,1,GSM331555,1,0.35104256868362427
33,1,GSM331556,1,0.824403703212738
33,1,GSM331559,1,0.8307052850723267
33,1,GSM331561,1,0.7440887093544006
33,1,GSM331562,1,0.6908477544784546
33,1,GSM331564,1,0.4585530459880829
33,1,GSM331565,1,0.8091822862625122
33,1,GSM331567,1,0.519532322883606
33,1,GSM331570,1,0.4903905987739563
33,1,GSM331571,1,0.7840617895126343
33,1,GSM331572,1,0.3379824459552765
33,1,GSM331573,1,0.6426129341125488
33,1,GSM331575,1,0.4328472912311554
33,1,GSM331576,1,0.4854763448238373
33,1,GSM331578,1,0.692835807800293
33,1,GSM331580,1,0.7309154272079468
33,1,GSM331584,1,0.11946418881416321
33,1,GSM331585,1,0.38296788930892944
33,1,GSM331589,1,0.46075618267059326
33,1,GSM331591,1,0.9512205719947815
33,1,GSM331592,1,0.6612558364868164
33,1,GSM331594,1,0.4929050803184509
33,1,GSM331597,1,0.5215703845024109
33,1,GSM331600,1,0.7827883362770081
33,1,GSM331601,1,0.12075131386518478
33,1,GSM331604,1,0.32381218671798706
33,1,GSM331607,1,0.8467668294906616
33,1,GSM331608,1,0.1351691633462906
33,1,GSM331609,1,0.5762830376625061
33,1,GSM331610,1,0.8923602104187012
33,1,GSM331612,1,0.7331477403640747
33,1,GSM331614,1,0.5525851249694824
33,1,GSM331616,1,0.4663073420524597
33,1,GSM331617,1,0.6631942987442017
33,1,GSM331618,1,0.47806060314178467
33,1,GSM331619,1,0.6887754797935486
33,1,GSM331620,1,0.28454533219337463
33,1,GSM331621,1,0.3695068955421448
33,1,GSM331622,1,0.613726794719696
33,1,GSM331626,1,0.19296866655349731
33,1,GSM331629,1,0.27540674805641174
33,1,GSM331632,1,0.2775712311267853
33,1,GSM331633,1,0.18668954074382782
33,1,GSM331634,1,0.4593183398246765
33,1,GSM331635,1,0.34519970417022705
33,1,GSM331637,1,0.5755932927131653
33,1,GSM331639,1,0.46948790550231934
33,1,GSM331640,1,0.32058364152908325
33,1,GSM331643,1,0.9244081974029541
33,1,GSM331644,1,0.1897999495267868
33,1,GSM331646,1,0.3703685700893402
33,1,GSM331647,1,0.6832616329193115
33,1,GSM331650,1,0.33181819319725037
33,1,GSM331653,1,0.6953328251838684
33,1,GSM331655,1,0.36397722363471985
33,2,GSM331638,0,0.4569104313850403
33,2,GSM331661,0,0.47383546829223633
33,2,GSM331662,0,0.6937441825866699
33,2,GSM331663,0,0.4638916254043579
33,2,GSM331671,0,0.6999629139900208
33,2,GSM331672,0,0.5149728655815125
33,2,GSM331673,0,0.3462267220020294
33,2,GSM331675,0,0.036241065710783005
33,2,GSM331676,0,0.7633620500564575
33,2,GSM331679,0,0.3483791649341583
33,2,GSM331680,0,0.30519577860832214
33,2,GSM331683,0,0.5832690596580505
33,2,GSM331684,0,0.08627471327781677
33,2,GSM331685,0,0.49477994441986084
33,2,GSM331686,0,0.4466395974159241
33,2,GSM331690,0,0.7557557225227356
33,2,GSM331692,0,0.13936486840248108
33,2,GSM331694,0,0.26908543705940247
33,2,GSM331695,0,0.531695544719696
33,2,GSM331697,0,0.4272882640361786
33,2,GSM331698,0,0.4137305021286011
33,2,GSM331701,0,0.2994318902492523
33,2,GSM331702,0,0.3371647596359253
33,2,GSM331703,0,0.5796055793762207
33,2,GSM331704,0,0.31365346908569336
33,2,GSM331705,0,0.13992595672607422
33,2,GSM331706,0,0.797819972038269
33,2,GSM331708,0,0.6990868449211121
33,2,GSM331709,0,0.29302752017974854
33,2,GSM331711,0,0.811626136302948
33,2,GSM331712,0,0.21342237293720245
33,2,GSM331713,0,0.24906054139137268
33,2,GSM331714,0,0.8124551177024841
33,2,GSM331724,0,0.27310141921043396
33,2,GSM331726,0,0.23179496824741364
33,2,GSM331730,0,0.4096812903881073
33,2,GSM331454,1,0.6041191220283508
33,2,GSM331455,1,0.2179086059331894
33,2,GSM331459,1,0.8107560873031616
33,2,GSM331461,1,0.28918078541755676
33,2,GSM331462,1,0.6603361368179321
33,2,GSM331463,1,0.18981537222862244
33,2,GSM331464,1,0.3341810405254364
33,2,GSM331465,1,0.30444949865341187
33,2,GSM331468,1,0.7522117495536804
33,2,GSM331470,1,0.6795511841773987
33,2,GSM331472,1,0.23988531529903412
33,2,GSM331474,1,0.316575288772583
33,2,GSM331480,1,0.5794442892074585
33,2,GSM331482,1,0.22063565254211426
33,2,GSM331483,1,0.6065393090248108
33,2,GSM331484,1,0.33504459261894226
33,2,GSM331485,1,0.7452180981636047
33,2,GSM331486,1,0.6100339889526367
33,2,GSM331488,1,0.4945959150791168
33,2,GSM331492,1,0.5644668936729431
33,2,GSM331494,1,0.8512682914733887
33,2,GSM331495,1,0.5351719260215759
33,2,GSM331498,1,0.3666507303714752
33,2,GSM331501,1,0.32876020669937134
33,2,GSM331502,1,0.7492994070053101
33,2,GSM331503,1,0.1818433701992035
33,2,GSM331504,1,0.4129200577735901
33,2,GSM331506,1,0.4455113410949707
33,2,GSM331515,1,0.3613634705543518
33,2,GSM331517,1,0.49811598658561707
33,2,GSM331518,1,0.30774328112602234
33,2,GSM331519,1,0.5173155665397644
33,2,GSM331520,1,0.6224636435508728
33,2,GSM331522,1,0.2794339954853058
33,2,GSM331524,1,0.7160919904708862
33,2,GSM331525,1,0.32048746943473816
33,2,GSM331526,1,0.43582987785339355
33,2,GSM331527,1,0.44999635219573975
33,2,GSM331528,1,0.5306628346443176
33,2,GSM331529,1,0.20786866545677185
33,2,GSM331531,1,0.17845341563224792
33,2,GSM331532,1,0.2210271954536438
33,2,GSM331536,1,0.3433610498905182
33,2,GSM331537,1,0.5673383474349976
33,2,GSM331538,1,0.1092982366681099
33,2,GSM331539,1,0.5720037817955017
33,2,GSM331540,1,0.452439546585083
33,2,GSM331541,1,0.6729154586791992
33,2,GSM331542,1,0.39428243041038513
33,2,GSM331548,1,0.7346889972686768
33,2,GSM331549,1,0.6643086671829224
33,2,GSM331551,1,0.5107130408287048
33,2,GSM331553,1,0.8533737063407898
33,2,GSM331554,1,0.38173437118530273
33,2,GSM331557,1,0.5449361801147461
33,2,GSM331558,1,0.07321959733963013
33,2,GSM331560,1,0.2531431317329407
33,2,GSM331563,1,0.599547266960144
33,2,GSM331566,1,0.7760027647018433
33,2,GSM331568,1,0.7977234721183777
33,2,GSM331569,1,0.37565717101097107
33,2,GSM331574,1,0.43694445490837097
33,2,GSM331577,1,0.2065015584230423
33,2,GSM331579,1,0.15399134159088135
33,2,GSM331581,1,0.20196299254894257
33,2,GSM331582,1,0.597489058971405
33,2,GSM331583,1,0.3654792308807373
33,2,GSM331586,1,0.16932138800621033
33,2,GSM331587,1,0.8326499462127686
33,2,GSM331588,1,0.6007502675056458
33,2,GSM331590,1,0.46632400155067444
33,2,GSM331593,1,0.42936092615127563
33,2,GSM331595,1,0.5515478253364563
33,2,GSM331596,1,0.45836547017097473
33,2,GSM331598,1,0.34227269887924194
33,2,GSM331599,1,0.8253053426742554
33,2,GSM331602,1,0.5410003662109375
33,2,GSM331603,1,0.1967257559299469
33,2,GSM331605,1,0.6146268844604492
33,2,GSM331606,1,0.16424307227134705
33,2,GSM331611,1,0.7300176620483398
33,2,GSM331613,1,0.5967108011245728
33,2,GSM331615,1,0.33434581756591797
33,2,GSM331623,1,0.2587880790233612
33,2,GSM331624,1,0.534166157245636
33,2,GSM331625,1,0.5625931620597839
33,2,GSM331627,1,0.26331400871276855
33,2,GSM331628,1,0.4317232072353363
33,2,GSM331630,1,0.4357183277606964
33,2,GSM331631,1,0.42187464237213135
33,2,GSM331636,1,0.2153632491827011
33,2,GSM331641,1,0.38748899102211
33,2,GSM331642,1,0.43609288334846497
33,2,GSM331645,1,0.13586612045764923
33,2,GSM331648,1,0.26260825991630554
33,2,GSM331649,1,0.7793471813201904
33,2,GSM331651,1,0.5171218514442444
33,2,GSM331652,1,0.8765816688537598
33,2,GSM331654,1,0.7590026259422302
33,2,GSM331656,1,0.1452125608921051
33,2,GSM331657,1,0.5556896924972534
33,2,GSM331658,1,0.6543006300926208
33,2,GSM331659,1,0.5696301460266113
34,1,GSM331660,0,0.17000417411327362
34,1,GSM331662,0,0.5642185211181641
34,1,GSM331666,0,0.2260061800479889
34,1,GSM331668,0,0.5062472820281982
34,1,GSM331669,0,0.9277704358100891
34,1,GSM331670,0,0.42157095670700073
34,1,GSM331671,0,0.8660787343978882
34,1,GSM331672,0,0.6022658348083496
34,1,GSM331674,0,0.7068929672241211
34,1,GSM331676,0,0.6914193034172058
34,1,GSM331681,0,0.4567588269710541
34,1,GSM331682,0,0.6347971558570862
34,1,GSM331683,0,0.8137648701667786
34,1,GSM331684,0,0.2928805649280548
34,1,GSM331685,0,0.42451608180999756
34,1,GSM331686,0,0.7552464008331299
34,1,GSM331690,0,0.6907526850700378
34,1,GSM331691,0,0.3372915983200073
34,1,GSM331696,0,0.1665898710489273
34,1,GSM331698,0,0.19018718600273132
34,1,GSM331699,0,0.5388842821121216
34,1,GSM331700,0,0.7760477662086487
34,1,GSM331702,0,0.5920896530151367
34,1,GSM331703,0,0.45997560024261475
34,1,GSM331710,0,0.16953392326831818
34,1,GSM331711,0,0.4719375967979431
34,1,GSM331712,0,0.4020596444606781
34,1,GSM331713,0,0.4226119816303253
34,1,GSM331714,0,0.8755277395248413
34,1,GSM331716,0,0.8906532526016235
34,1,GSM331718,0,0.8070411086082458
34,1,GSM331723,0,0.7331253886222839
34,1,GSM331724,0,0.3970845639705658
34,1,GSM331726,0,0.16322916746139526
34,1,GSM331727,0,0.4336591362953186
34,1,GSM331728,0,0.15901586413383484
34,1,GSM331730,0,0.31754422187805176
34,1,GSM331454,1,0.37387487292289734
34,1,GSM331456,1,0.3110772669315338
34,1,GSM331457,1,0.6081783771514893
34,1,GSM331458,1,0.38716232776641846
34,1,GSM331460,1,0.5443868041038513
34,1,GSM331462,1,0.7762758731842041
34,1,GSM331464,1,0.3452267348766327
34,1,GSM331465,1,0.14679956436157227
34,1,GSM331469,1,0.4164494574069977
34,1,GSM331470,1,0.37631237506866455
34,1,GSM331472,1,0.2658362090587616
34,1,GSM331473,1,0.3470262289047241
34,1,GSM331476,1,0.41869357228279114
34,1,GSM331480,1,0.3971058428287506
34,1,GSM331481,1,0.6717832088470459
34,1,GSM331483,1,0.5720795392990112
34,1,GSM331484,1,0.24157781898975372
34,1,GSM331487,1,0.7994222640991211
34,1,GSM331488,1,0.5503048300743103
34,1,GSM331491,1,0.25801989436149597
34,1,GSM331494,1,0.7884954810142517
34,1,GSM331495,1,0.2940930128097534
34,1,GSM331496,1,0.44045963883399963
34,1,GSM331498,1,0.17514337599277496
34,1,GSM331501,1,0.5899739861488342
34,1,GSM331502,1,0.8429553508758545
34,1,GSM331503,1,0.5192908644676208
34,1,GSM331509,1,0.2013000100851059
34,1,GSM331513,1,0.47736814618110657
34,1,GSM331514,1,0.445491760969162
34,1,GSM331516,1,0.6578660607337952
34,1,GSM331517,1,0.48434996604919434
34,1,GSM331519,1,0.15637381374835968
34,1,GSM331521,1,0.44090157747268677
34,1,GSM331524,1,0.23375454545021057
34,1,GSM331526,1,0.4044065475463867
34,1,GSM331528,1,0.5359506011009216
34,1,GSM331531,1,0.5570021867752075
34,1,GSM331533,1,0.48755261301994324
34,1,GSM331536,1,0.3996223509311676
34,1,GSM331537,1,0.391368567943573
34,1,GSM331539,1,0.2870750427246094
34,1,GSM331541,1,0.6906938552856445
34,1,GSM331544,1,0.1726199835538864
34,1,GSM331545,1,0.7200193405151367
34,1,GSM331547,1,0.46829256415367126
34,1,GSM331548,1,0.7126102447509766
34,1,GSM331550,1,0.4455329179763794
34,1,GSM331553,1,0.8571292161941528
34,1,GSM331558,1,0.2544420659542084
34,1,GSM331560,1,0.19540181756019592
34,1,GSM331562,1,0.536703884601593
34,1,GSM331563,1,0.6933960914611816
34,1,GSM331566,1,0.6400220990180969
34,1,GSM331567,1,0.16868369281291962
34,1,GSM331570,1,0.5400612950325012
34,1,GSM331572,1,0.6194500923156738
34,1,GSM331576,1,0.3694455921649933
34,1,GSM331578,1,0.6087772846221924
34,1,GSM331580,1,0.5174053311347961
34,1,GSM331581,1,0.09921811521053314
34,1,GSM331582,1,0.4740864634513855
34,1,GSM331583,1,0.41634735465049744
34,1,GSM331584,1,0.2336709052324295
34,1,GSM331588,1,0.6633622050285339
34,1,GSM331593,1,0.2651136815547943
34,1,GSM331595,1,0.6443405747413635
34,1,GSM331596,1,0.4240964651107788
34,1,GSM331597,1,0.2418801337480545
34,1,GSM331600,1,0.7522790431976318
34,1,GSM331602,1,0.2691589593887329
34,1,GSM331606,1,0.2445290982723236
34,1,GSM331609,1,0.38583534955978394
34,1,GSM331613,1,0.3420211672782898
34,1,GSM331616,1,0.38258495926856995
34,1,GSM331617,1,0.853121280670166
34,1,GSM331621,1,0.16067306697368622
34,1,GSM331622,1,0.8498298525810242
34,1,GSM331623,1,0.2604897618293762
34,1,GSM331624,1,0.31726476550102234
34,1,GSM331626,1,0.09155213832855225
34,1,GSM331627,1,0.3939824402332306
34,1,GSM331628,1,0.38404518365859985
34,1,GSM331629,1,0.07629197090864182
34,1,GSM331630,1,0.3564695417881012
34,1,GSM331632,1,0.2646990120410919
34,1,GSM331633,1,0.2749672532081604
34,1,GSM331634,1,0.16605865955352783
34,1,GSM331635,1,0.18811292946338654
34,1,GSM331636,1,0.11319667845964432
34,1,GSM331637,1,0.46970582008361816
34,1,GSM331639,1,0.1208796575665474
34,1,GSM331640,1,0.12316082417964935
34,1,GSM331641,1,0.24837824702262878
34,1,GSM331643,1,0.780999481678009
34,1,GSM331645,1,0.18115578591823578
34,1,GSM331648,1,0.22586117684841156
34,1,GSM331649,1,0.6160628199577332
34,1,GSM331650,1,0.2767331004142761
34,1,GSM331651,1,0.2086842656135559
34,1,GSM331653,1,0.3671647906303406
34,1,GSM331654,1,0.6411072015762329
34,1,GSM331655,1,0.18863290548324585
34,2,GSM331638,0,0.37882375717163086
34,2,GSM331661,0,0.741621732711792
34,2,GSM331663,0,0.38355547189712524
34,2,GSM331664,0,0.3242492377758026
34,2,GSM331665,0,0.8397315144538879
34,2,GSM331673,0,0.4921506941318512
34,2,GSM331675,0,0.21478573977947235
34,2,GSM331677,0,0.22981974482536316
34,2,GSM331678,0,0.21927978098392487
34,2,GSM331679,0,0.520713210105896
34,2,GSM331680,0,0.7162735462188721
34,2,GSM331687,0,0.37862855195999146
34,2,GSM331688,0,0.4960844814777374
34,2,GSM331689,0,0.4492281675338745
34,2,GSM331692,0,0.32257944345474243
34,2,GSM331693,0,0.575924277305603
34,2,GSM331694,0,0.37767767906188965
34,2,GSM331695,0,0.5325206518173218
34,2,GSM331697,0,0.2890210449695587
34,2,GSM331701,0,0.33503270149230957
34,2,GSM331704,0,0.5974957346916199
34,2,GSM331705,0,0.4448001980781555
34,2,GSM331706,0,0.6429020762443542
34,2,GSM331707,0,0.7555320262908936
34,2,GSM331708,0,0.8337603807449341
34,2,GSM331709,0,0.2849159836769104
34,2,GSM331715,0,0.21071110665798187
34,2,GSM331717,0,0.748788058757782
34,2,GSM331719,0,0.21271830797195435
34,2,GSM331720,0,0.4333246052265167
34,2,GSM331721,0,0.6546004414558411
34,2,GSM331722,0,0.250259667634964
34,2,GSM331725,0,0.7702521681785583
34,2,GSM331729,0,0.16583678126335144
34,2,GSM331731,0,0.7345024943351746
34,2,GSM331732,0,0.739422082901001
34,2,GSM331453,1,0.4473845064640045
34,2,GSM331455,1,0.2607901692390442
34,2,GSM331459,1,0.7256433963775635
34,2,GSM331461,1,0.27988192439079285
34,2,GSM331463,1,0.2718484401702881
34,2,GSM331466,1,0.6615601181983948
34,2,GSM331467,1,0.31123748421669006
34,2,GSM331468,1,0.2200780212879181
34,2,GSM331471,1,0.5647053718566895
34,2,GSM331474,1,0.44640523195266724
34,2,GSM331475,1,0.34144118428230286
34,2,GSM331477,1,0.15106891095638275
34,2,GSM331478,1,0.7207022309303284
34,2,GSM331479,1,0.5468173027038574
34,2,GSM331482,1,0.30222761631011963
34,2,GSM331485,1,0.5928313732147217
34,2,GSM331486,1,0.7337549924850464
34,2,GSM331489,1,0.4187311828136444
34,2,GSM331490,1,0.22210577130317688
34,2,GSM331492,1,0.2899797856807709
34,2,GSM331493,1,0.29641371965408325
34,2,GSM331497,1,0.5983766317367554
34,2,GSM331499,1,0.1493176370859146
34,2,GSM331500,1,0.2892470955848694
34,2,GSM331504,1,0.3878803551197052
34,2,GSM331505,1,0.6001829504966736
34,2,GSM331506,1,0.6006749868392944
34,2,GSM331507,1,0.2971178889274597
34,2,GSM331508,1,0.597300112247467
34,2,GSM331510,1,0.4124828577041626
34,2,GSM331511,1,0.7164393663406372
34,2,GSM331512,1,0.48244938254356384
34,2,GSM331515,1,0.24375295639038086
34,2,GSM331518,1,0.5594381093978882
34,2,GSM331520,1,0.3104855716228485
34,2,GSM331522,1,0.36145228147506714
34,2,GSM331523,1,0.5378741025924683
34,2,GSM331525,1,0.6480859518051147
34,2,GSM331527,1,0.21613240242004395
34,2,GSM331529,1,0.36542993783950806
34,2,GSM331530,1,0.12707313895225525
34,2,GSM331532,1,0.3755641281604767
34,2,GSM331534,1,0.5704827308654785
34,2,GSM331535,1,0.3457145392894745
34,2,GSM331538,1,0.22481253743171692
34,2,GSM331540,1,0.6730499863624573
34,2,GSM331542,1,0.28308412432670593
34,2,GSM331543,1,0.6045722365379333
34,2,GSM331546,1,0.6657097339630127
34,2,GSM331549,1,0.7493053674697876
34,2,GSM331551,1,0.35503003001213074
34,2,GSM331552,1,0.2044525146484375
34,2,GSM331554,1,0.45446541905403137
34,2,GSM331555,1,0.18113702535629272
34,2,GSM331556,1,0.6270845532417297
34,2,GSM331557,1,0.7804189324378967
34,2,GSM331559,1,0.7763386368751526
34,2,GSM331561,1,0.6393093466758728
34,2,GSM331564,1,0.4266347289085388
34,2,GSM331565,1,0.6241936087608337
34,2,GSM331568,1,0.8204056024551392
34,2,GSM331569,1,0.25079354643821716
34,2,GSM331571,1,0.7136109471321106
34,2,GSM331573,1,0.7856252789497375
34,2,GSM331574,1,0.498067706823349
34,2,GSM331575,1,0.637773334980011
34,2,GSM331577,1,0.489480197429657
34,2,GSM331579,1,0.41047602891921997
34,2,GSM331585,1,0.7168238759040833
34,2,GSM331586,1,0.2902032136917114
34,2,GSM331587,1,0.541849672794342
34,2,GSM331589,1,0.2644498944282532
34,2,GSM331590,1,0.2899570167064667
34,2,GSM331591,1,0.6637035608291626
34,2,GSM331592,1,0.3767923414707184
34,2,GSM331594,1,0.498216450214386
34,2,GSM331598,1,0.4975610077381134
34,2,GSM331599,1,0.8477317094802856
34,2,GSM331601,1,0.2227904498577118
34,2,GSM331603,1,0.3245515525341034
34,2,GSM331604,1,0.2703706622123718
34,2,GSM331605,1,0.4792555868625641
34,2,GSM331607,1,0.8646354079246521
34,2,GSM331608,1,0.17676712572574615
34,2,GSM331610,1,0.7844927906990051
34,2,GSM331611,1,0.6334658265113831
34,2,GSM331612,1,0.5799196362495422
34,2,GSM331614,1,0.44646045565605164
34,2,GSM331615,1,0.35683223605155945
34,2,GSM331618,1,0.6338494420051575
34,2,GSM331619,1,0.29576575756073
34,2,GSM331620,1,0.3579329550266266
34,2,GSM331625,1,0.6232037544250488
34,2,GSM331631,1,0.22665853798389435
34,2,GSM331642,1,0.4323481321334839
34,2,GSM331644,1,0.5815452933311462
34,2,GSM331646,1,0.25578486919403076
34,2,GSM331647,1,0.5665988326072693
34,2,GSM331652,1,0.7580370306968689
34,2,GSM331656,1,0.2196572870016098
34,2,GSM331657,1,0.7623180150985718
34,2,GSM331658,1,0.6623842120170593
34,2,GSM331659,1,0.8817789554595947
35,1,GSM331661,0,0.6661806106567383
35,1,GSM331662,0,0.49520978331565857
35,1,GSM331663,0,0.3939266502857208
35,1,GSM331665,0,0.6869007349014282
35,1,GSM331669,0,0.9372967481613159
35,1,GSM331670,0,0.6076369881629944
35,1,GSM331671,0,0.8522098064422607
35,1,GSM331674,0,0.5829338431358337
35,1,GSM331676,0,0.6385364532470703
35,1,GSM331677,0,0.34669235348701477
35,1,GSM331679,0,0.5676438808441162
35,1,GSM331685,0,0.5880027413368225
35,1,GSM331686,0,0.7278223633766174
35,1,GSM331687,0,0.31867557764053345
35,1,GSM331690,0,0.6649818420410156
35,1,GSM331691,0,0.42938077449798584
35,1,GSM331693,0,0.4569992125034332
35,1,GSM331696,0,0.3860452175140381
35,1,GSM331698,0,0.39677050709724426
35,1,GSM331699,0,0.6264485120773315
35,1,GSM331701,0,0.3660229742527008
35,1,GSM331703,0,0.5166310667991638
35,1,GSM331704,0,0.6062164902687073
35,1,GSM331711,0,0.5783160328865051
35,1,GSM331713,0,0.49134090542793274
35,1,GSM331714,0,0.7678074240684509
35,1,GSM331715,0,0.4062856137752533
35,1,GSM331716,0,0.9464716911315918
35,1,GSM331718,0,0.7686061263084412
35,1,GSM331719,0,0.1740293651819229
35,1,GSM331720,0,0.6497344970703125
35,1,GSM331721,0,0.7972428202629089
35,1,GSM331723,0,0.7779863476753235
35,1,GSM331724,0,0.47679048776626587
35,1,GSM331728,0,0.21097387373447418
35,1,GSM331730,0,0.420439213514328
35,1,GSM331731,0,0.7766876816749573
35,1,GSM331454,1,0.5049024820327759
35,1,GSM331455,1,0.24400083720684052
35,1,GSM331456,1,0.5085505843162537
35,1,GSM331459,1,0.8405682444572449
35,1,GSM331460,1,0.772011399269104
35,1,GSM331463,1,0.29780763387680054
35,1,GSM331465,1,0.26816996932029724
35,1,GSM331466,1,0.7605592608451843
35,1,GSM331467,1,0.1956452876329422
35,1,GSM331470,1,0.6810503602027893
35,1,GSM331471,1,0.7564004063606262
35,1,GSM331472,1,0.2845577299594879
35,1,GSM331474,1,0.5011959671974182
35,1,GSM331475,1,0.3892053961753845
35,1,GSM331477,1,0.3859882354736328
35,1,GSM331482,1,0.20848912000656128
35,1,GSM331483,1,0.7205137014389038
35,1,GSM331484,1,0.35142266750335693
35,1,GSM331485,1,0.7199978232383728
35,1,GSM331486,1,0.7380477786064148
35,1,GSM331487,1,0.75709468126297
35,1,GSM331488,1,0.6386054158210754
35,1,GSM331489,1,0.5355693101882935
35,1,GSM331490,1,0.34342098236083984
35,1,GSM331492,1,0.4389818012714386
35,1,GSM331498,1,0.4157247841358185
35,1,GSM331502,1,0.8062195777893066
35,1,GSM331504,1,0.5212202072143555
35,1,GSM331507,1,0.2350286841392517
35,1,GSM331510,1,0.4271186590194702
35,1,GSM331515,1,0.3564051687717438
35,1,GSM331518,1,0.4279763102531433
35,1,GSM331519,1,0.2708985209465027
35,1,GSM331520,1,0.6301823854446411
35,1,GSM331523,1,0.7297670841217041
35,1,GSM331525,1,0.5875030755996704
35,1,GSM331526,1,0.529678463935852
35,1,GSM331529,1,0.46138957142829895
35,1,GSM331530,1,0.4069380760192871
35,1,GSM331532,1,0.24932032823562622
35,1,GSM331534,1,0.7823208570480347
35,1,GSM331535,1,0.5105817317962646
35,1,GSM331538,1,0.1672026515007019
35,1,GSM331539,1,0.37422069907188416
35,1,GSM331540,1,0.6705132126808167
35,1,GSM331543,1,0.6256264448165894
35,1,GSM331549,1,0.848773181438446
35,1,GSM331551,1,0.658669650554657
35,1,GSM331552,1,0.3091842234134674
35,1,GSM331557,1,0.7228227257728577
35,1,GSM331558,1,0.1766260713338852
35,1,GSM331559,1,0.8201862573623657
35,1,GSM331560,1,0.44901737570762634
35,1,GSM331561,1,0.461107462644577
35,1,GSM331563,1,0.722873330116272
35,1,GSM331564,1,0.35714611411094666
35,1,GSM331570,1,0.5892757177352905
35,1,GSM331571,1,0.5268548130989075
35,1,GSM331577,1,0.5974870920181274
35,1,GSM331578,1,0.7777857780456543
35,1,GSM331580,1,0.5570539236068726
35,1,GSM331581,1,0.18013402819633484
35,1,GSM331584,1,0.3346303403377533
35,1,GSM331586,1,0.3872125446796417
35,1,GSM331589,1,0.4166465401649475
35,1,GSM331590,1,0.4720826745033264
35,1,GSM331591,1,0.8837643265724182
35,1,GSM331592,1,0.4648140072822571
35,1,GSM331593,1,0.42918965220451355
35,1,GSM331596,1,0.5061894059181213
35,1,GSM331598,1,0.5755392909049988
35,1,GSM331600,1,0.7411209940910339
35,1,GSM331601,1,0.22167439758777618
35,1,GSM331602,1,0.41434067487716675
35,1,GSM331604,1,0.3358721435070038
35,1,GSM331606,1,0.3694199323654175
35,1,GSM331607,1,0.6980710625648499
35,1,GSM331610,1,0.765903890132904
35,1,GSM331612,1,0.6991645097732544
35,1,GSM331613,1,0.39682096242904663
35,1,GSM331614,1,0.4212949275970459
35,1,GSM331619,1,0.5269002318382263
35,1,GSM331623,1,0.31458207964897156
35,1,GSM331624,1,0.4952387809753418
35,1,GSM331625,1,0.6581340432167053
35,1,GSM331627,1,0.4378114938735962
35,1,GSM331629,1,0.24167464673519135
35,1,GSM331631,1,0.3709940016269684
35,1,GSM331632,1,0.3745313584804535
35,1,GSM331634,1,0.29400354623794556
35,1,GSM331635,1,0.24903538823127747
35,1,GSM331636,1,0.2311115264892578
35,1,GSM331639,1,0.4387524425983429
35,1,GSM331642,1,0.43850257992744446
35,1,GSM331643,1,0.8979164958000183
35,1,GSM331644,1,0.466993510723114
35,1,GSM331645,1,0.22841504216194153
35,1,GSM331646,1,0.37763121724128723
35,1,GSM331652,1,0.83455890417099
35,1,GSM331655,1,0.29962098598480225
35,1,GSM331656,1,0.24481627345085144
35,1,GSM331657,1,0.7338904738426208
35,1,GSM331659,1,0.8541241884231567
35,2,GSM331638,0,0.3809567093849182
35,2,GSM331660,0,0.20776018500328064
35,2,GSM331664,0,0.21757014095783234
35,2,GSM331666,0,0.3040623962879181
35,2,GSM331668,0,0.5731666684150696
35,2,GSM331672,0,0.5085634589195251
35,2,GSM331673,0,0.44202637672424316
35,2,GSM331675,0,0.2204321026802063
35,2,GSM331678,0,0.1896616667509079
35,2,GSM331680,0,0.7063917517662048
35,2,GSM331681,0,0.47319576144218445
35,2,GSM331682,0,0.46630388498306274
35,2,GSM331683,0,0.7416413426399231
35,2,GSM331684,0,0.20712845027446747
35,2,GSM331688,0,0.6009010076522827
35,2,GSM331689,0,0.4286258816719055
35,2,GSM331692,0,0.29904982447624207
35,2,GSM331694,0,0.4719751477241516
35,2,GSM331695,0,0.2331729680299759
35,2,GSM331697,0,0.2889164090156555
35,2,GSM331700,0,0.49449363350868225
35,2,GSM331702,0,0.5804969072341919
35,2,GSM331705,0,0.34332460165023804
35,2,GSM331706,0,0.8347432017326355
35,2,GSM331707,0,0.5820878148078918
35,2,GSM331708,0,0.7617547512054443
35,2,GSM331709,0,0.18966883420944214
35,2,GSM331710,0,0.17235222458839417
35,2,GSM331712,0,0.40444472432136536
35,2,GSM331717,0,0.604967474937439
35,2,GSM331722,0,0.6250948309898376
35,2,GSM331725,0,0.5946435332298279
35,2,GSM331726,0,0.14203187823295593
35,2,GSM331727,0,0.43469488620758057
35,2,GSM331729,0,0.14355413615703583
35,2,GSM331732,0,0.616163432598114
35,2,GSM331453,1,0.2796577215194702
35,2,GSM331457,1,0.5589500665664673
35,2,GSM331458,1,0.3638105094432831
35,2,GSM331461,1,0.48036080598831177
35,2,GSM331462,1,0.6736428141593933
35,2,GSM331464,1,0.3020298480987549
35,2,GSM331468,1,0.3489023745059967
35,2,GSM331469,1,0.42524778842926025
35,2,GSM331473,1,0.39593303203582764
35,2,GSM331476,1,0.3976781964302063
35,2,GSM331478,1,0.5080763697624207
35,2,GSM331479,1,0.4762880504131317
35,2,GSM331480,1,0.3812606632709503
35,2,GSM331481,1,0.4684543311595917
35,2,GSM331491,1,0.5456401705741882
35,2,GSM331493,1,0.24157066643238068
35,2,GSM331494,1,0.8140225410461426
35,2,GSM331495,1,0.2975175976753235
35,2,GSM331496,1,0.27267301082611084
35,2,GSM331497,1,0.6847988963127136
35,2,GSM331499,1,0.3086298406124115
35,2,GSM331500,1,0.362150639295578
35,2,GSM331501,1,0.5225505828857422
35,2,GSM331503,1,0.36882567405700684
35,2,GSM331505,1,0.5324165225028992
35,2,GSM331506,1,0.5262525677680969
35,2,GSM331508,1,0.5832515358924866
35,2,GSM331509,1,0.3259899616241455
35,2,GSM331511,1,0.66993248462677
35,2,GSM331512,1,0.5496745109558105
35,2,GSM331513,1,0.6286901235580444
35,2,GSM331514,1,0.3841017186641693
35,2,GSM331516,1,0.7032142281532288
35,2,GSM331517,1,0.6074957251548767
35,2,GSM331521,1,0.40870270133018494
35,2,GSM331522,1,0.5080697536468506
35,2,GSM331524,1,0.2804982662200928
35,2,GSM331527,1,0.3732026219367981
35,2,GSM331528,1,0.5299558639526367
35,2,GSM331531,1,0.4560496509075165
35,2,GSM331533,1,0.680277407169342
35,2,GSM331536,1,0.4038081169128418
35,2,GSM331537,1,0.517393171787262
35,2,GSM331541,1,0.7044066786766052
35,2,GSM331542,1,0.4770679473876953
35,2,GSM331544,1,0.22372862696647644
35,2,GSM331545,1,0.6875943541526794
35,2,GSM331546,1,0.4328208863735199
35,2,GSM331547,1,0.4821656346321106
35,2,GSM331548,1,0.5781958103179932
35,2,GSM331550,1,0.3638300895690918
35,2,GSM331553,1,0.6754240393638611
35,2,GSM331554,1,0.34104469418525696
35,2,GSM331555,1,0.22300301492214203
35,2,GSM331556,1,0.4625488817691803
35,2,GSM331562,1,0.6020625233650208
35,2,GSM331565,1,0.8070747256278992
35,2,GSM331566,1,0.4161320626735687
35,2,GSM331567,1,0.24402423202991486
35,2,GSM331568,1,0.6853033900260925
35,2,GSM331569,1,0.32950273156166077
35,2,GSM331572,1,0.5435271859169006
35,2,GSM331573,1,0.6488808393478394
35,2,GSM331574,1,0.611728847026825
35,2,GSM331575,1,0.5906087160110474
35,2,GSM331576,1,0.4225062429904938
35,2,GSM331579,1,0.47158971428871155
35,2,GSM331582,1,0.6416180729866028
35,2,GSM331583,1,0.2078247219324112
35,2,GSM331585,1,0.6377200484275818
35,2,GSM331587,1,0.5918604731559753
35,2,GSM331588,1,0.45865723490715027
35,2,GSM331594,1,0.5996410250663757
35,2,GSM331595,1,0.6735315322875977
35,2,GSM331597,1,0.4245830774307251
35,2,GSM331599,1,0.7600009441375732
35,2,GSM331603,1,0.3729862868785858
35,2,GSM331605,1,0.3431094288825989
35,2,GSM331608,1,0.25894418358802795
35,2,GSM331609,1,0.5886688232421875
35,2,GSM331611,1,0.5328838229179382
35,2,GSM331615,1,0.29548630118370056
35,2,GSM331616,1,0.3991300165653229
35,2,GSM331617,1,0.719943642616272
35,2,GSM331618,1,0.4844132661819458
35,2,GSM331620,1,0.3583846688270569
35,2,GSM331621,1,0.52094566822052
35,2,GSM331622,1,0.7089776396751404
35,2,GSM331626,1,0.18429070711135864
35,2,GSM331628,1,0.3134308457374573
35,2,GSM331630,1,0.29673051834106445
35,2,GSM331633,1,0.23043714463710785
35,2,GSM331637,1,0.4663037061691284
35,2,GSM331640,1,0.12984998524188995
35,2,GSM331641,1,0.45253291726112366
35,2,GSM331647,1,0.6046252250671387
35,2,GSM331648,1,0.3125629723072052
35,2,GSM331649,1,0.4207313358783722
35,2,GSM331650,1,0.3524560034275055
35,2,GSM331651,1,0.3632737696170807
35,2,GSM331653,1,0.3448689877986908
35,2,GSM331654,1,0.7124122381210327
35,2,GSM331658,1,0.617369532585144
36,1,GSM331661,0,0.6107894778251648
36,1,GSM331663,0,0.33952996134757996
36,1,GSM331665,0,0.9021263718605042
36,1,GSM331669,0,0.8719294667243958
36,1,GSM331670,0,0.43602922558784485
36,1,GSM331677,0,0.5382423400878906
36,1,GSM331681,0,0.5305013656616211
36,1,GSM331682,0,0.4062897861003876
36,1,GSM331685,0,0.6591282486915588
36,1,GSM331686,0,0.5508570671081543
36,1,GSM331688,0,0.6921558380126953
36,1,GSM331689,0,0.6174260973930359
36,1,GSM331690,0,0.7889886498451233
36,1,GSM331694,0,0.45200660824775696
36,1,GSM331697,0,0.48520228266716003
36,1,GSM331700,0,0.8202430009841919
36,1,GSM331703,0,0.7710610032081604
36,1,GSM331704,0,0.4599008560180664
36,1,GSM331706,0,0.6467122435569763
36,1,GSM331707,0,0.7262078523635864
36,1,GSM331708,0,0.9147308468818665
36,1,GSM331710,0,0.3098001182079315
36,1,GSM331711,0,0.7552061676979065
36,1,GSM331712,0,0.2805032730102539
36,1,GSM331713,0,0.40191650390625
36,1,GSM331715,0,0.4152480959892273
36,1,GSM331716,0,0.8804548382759094
36,1,GSM331718,0,0.8192219138145447
36,1,GSM331719,0,0.15746928751468658
36,1,GSM331720,0,0.7820813059806824
36,1,GSM331722,0,0.7029272317886353
36,1,GSM331723,0,0.7707189917564392
36,1,GSM331725,0,0.8262650966644287
36,1,GSM331726,0,0.421398788690567
36,1,GSM331727,0,0.644053041934967
36,1,GSM331729,0,0.2847575545310974
36,1,GSM331731,0,0.9240671992301941
36,1,GSM331453,1,0.23837986588478088
36,1,GSM331454,1,0.649146556854248
36,1,GSM331455,1,0.13983580470085144
36,1,GSM331456,1,0.3049951195716858
36,1,GSM331457,1,0.46391093730926514
36,1,GSM331459,1,0.8899394869804382
36,1,GSM331462,1,0.7234988808631897
36,1,GSM331464,1,0.4226406216621399
36,1,GSM331472,1,0.1698881834745407
36,1,GSM331473,1,0.8154013752937317
36,1,GSM331475,1,0.3496605157852173
36,1,GSM331476,1,0.523193359375
36,1,GSM331478,1,0.5128709077835083
36,1,GSM331480,1,0.6504244208335876
36,1,GSM331482,1,0.19668331742286682
36,1,GSM331484,1,0.5835481286048889
36,1,GSM331485,1,0.5863103270530701
36,1,GSM331486,1,0.8396342992782593
36,1,GSM331490,1,0.2072092741727829
36,1,GSM331491,1,0.5453913807868958
36,1,GSM331492,1,0.6122499704360962
36,1,GSM331494,1,0.887137770652771
36,1,GSM331496,1,0.3525974750518799
36,1,GSM331497,1,0.8516021966934204
36,1,GSM331498,1,0.2610836923122406
36,1,GSM331503,1,0.304635614156723
36,1,GSM331505,1,0.7122321724891663
36,1,GSM331506,1,0.6055762767791748
36,1,GSM331508,1,0.7121328711509705
36,1,GSM331509,1,0.3737219572067261
36,1,GSM331512,1,0.6802079081535339
36,1,GSM331517,1,0.7686459422111511
36,1,GSM331518,1,0.8000838756561279
36,1,GSM331519,1,0.24552135169506073
36,1,GSM331521,1,0.5920931696891785
36,1,GSM331525,1,0.7867924571037292
36,1,GSM331526,1,0.5070278644561768
36,1,GSM331528,1,0.756655216217041
36,1,GSM331529,1,0.578193187713623
36,1,GSM331531,1,0.6007066965103149
36,1,GSM331532,1,0.3382451832294464
36,1,GSM331533,1,0.8089867234230042
36,1,GSM331534,1,0.6764839887619019
36,1,GSM331535,1,0.3343745172023773
36,1,GSM331538,1,0.22506268322467804
36,1,GSM331540,1,0.677985429763794
36,1,GSM331543,1,0.48450878262519836
36,1,GSM331544,1,0.3158034086227417
36,1,GSM331546,1,0.48174211382865906
36,1,GSM331548,1,0.852975070476532
36,1,GSM331549,1,0.9058119058609009
36,1,GSM331550,1,0.47739970684051514
36,1,GSM331551,1,0.8092029094696045
36,1,GSM331552,1,0.13347512483596802
36,1,GSM331553,1,0.6466196179389954
36,1,GSM331554,1,0.5823130011558533
36,1,GSM331556,1,0.6041064262390137
36,1,GSM331557,1,0.6492093801498413
36,1,GSM331558,1,0.4497240483760834
36,1,GSM331559,1,0.8611822128295898
36,1,GSM331561,1,0.6453810930252075
36,1,GSM331563,1,0.8692047595977783
36,1,GSM331567,1,0.13749799132347107
36,1,GSM331570,1,0.24640163779258728
36,1,GSM331577,1,0.49154964089393616
36,1,GSM331580,1,0.6971070766448975
36,1,GSM331582,1,0.795552670955658
36,1,GSM331583,1,0.6112454533576965
36,1,GSM331584,1,0.572274386882782
36,1,GSM331585,1,0.4185127317905426
36,1,GSM331586,1,0.30522412061691284
36,1,GSM331589,1,0.43954798579216003
36,1,GSM331591,1,0.7385733127593994
36,1,GSM331593,1,0.20583607256412506
36,1,GSM331596,1,0.7001148462295532
36,1,GSM331598,1,0.44679370522499084
36,1,GSM331601,1,0.20976553857326508
36,1,GSM331602,1,0.33743271231651306
36,1,GSM331605,1,0.6677842140197754
36,1,GSM331608,1,0.41387036442756653
36,1,GSM331609,1,0.45247599482536316
36,1,GSM331610,1,0.7363617420196533
36,1,GSM331611,1,0.6253893971443176
36,1,GSM331614,1,0.4842287302017212
36,1,GSM331617,1,0.7702118158340454
36,1,GSM331620,1,0.23643741011619568
36,1,GSM331622,1,0.7988027930259705
36,1,GSM331625,1,0.5904969573020935
36,1,GSM331626,1,0.1253867745399475
36,1,GSM331627,1,0.21368256211280823
36,1,GSM331628,1,0.7082082629203796
36,1,GSM331630,1,0.2935747504234314
36,1,GSM331633,1,0.21591782569885254
36,1,GSM331634,1,0.25965380668640137
36,1,GSM331636,1,0.17911343276500702
36,1,GSM331642,1,0.7811150550842285
36,1,GSM331643,1,0.9239404797554016
36,1,GSM331648,1,0.23620733618736267
36,1,GSM331649,1,0.7112767100334167
36,1,GSM331651,1,0.4187670946121216
36,1,GSM331652,1,0.8842507004737854
36,1,GSM331653,1,0.7419306635856628
36,1,GSM331658,1,0.7010599374771118
36,2,GSM331638,0,0.4834004342556
36,2,GSM331660,0,0.3928115963935852
36,2,GSM331662,0,0.724307656288147
36,2,GSM331664,0,0.5603311061859131
36,2,GSM331666,0,0.1837921142578125
36,2,GSM331668,0,0.6506363749504089
36,2,GSM331671,0,0.7153809070587158
36,2,GSM331672,0,0.47177621722221375
36,2,GSM331673,0,0.5821881294250488
36,2,GSM331674,0,0.7891849875450134
36,2,GSM331675,0,0.09952804446220398
36,2,GSM331676,0,0.7301228642463684
36,2,GSM331678,0,0.2972005009651184
36,2,GSM331679,0,0.5603839755058289
36,2,GSM331680,0,0.4473346769809723
36,2,GSM331683,0,0.8684621453285217
36,2,GSM331684,0,0.1899273693561554
36,2,GSM331687,0,0.29424211382865906
36,2,GSM331691,0,0.4126991033554077
36,2,GSM331692,0,0.35098448395729065
36,2,GSM331693,0,0.1304793506860733
36,2,GSM331695,0,0.4776225984096527
36,2,GSM331696,0,0.7655171155929565
36,2,GSM331698,0,0.12309245020151138
36,2,GSM331699,0,0.6516261100769043
36,2,GSM331701,0,0.3288803696632385
36,2,GSM331702,0,0.4207603931427002
36,2,GSM331705,0,0.29649263620376587
36,2,GSM331709,0,0.2169131338596344
36,2,GSM331714,0,0.9253042340278625
36,2,GSM331717,0,0.49065083265304565
36,2,GSM331721,0,0.7245026230812073
36,2,GSM331724,0,0.37946340441703796
36,2,GSM331728,0,0.30248022079467773
36,2,GSM331730,0,0.29153743386268616
36,2,GSM331732,0,0.7988691329956055
36,2,GSM331458,1,0.3478759527206421
36,2,GSM331460,1,0.6225960850715637
36,2,GSM331461,1,0.3010692596435547
36,2,GSM331463,1,0.23143617808818817
36,2,GSM331465,1,0.16125522553920746
36,2,GSM331466,1,0.8436610698699951
36,2,GSM331467,1,0.3231966197490692
36,2,GSM331468,1,0.25158119201660156
36,2,GSM331469,1,0.8076695203781128
36,2,GSM331470,1,0.6239312887191772
36,2,GSM331471,1,0.6648463010787964
36,2,GSM331474,1,0.3992132842540741
36,2,GSM331477,1,0.14094768464565277
36,2,GSM331479,1,0.2413601130247116
36,2,GSM331481,1,0.6401864886283875
36,2,GSM331483,1,0.6470958590507507
36,2,GSM331487,1,0.759260892868042
36,2,GSM331488,1,0.700387716293335
36,2,GSM331489,1,0.4089738428592682
36,2,GSM331493,1,0.1755310446023941
36,2,GSM331495,1,0.5715711712837219
36,2,GSM331499,1,0.23696407675743103
36,2,GSM331500,1,0.13776621222496033
36,2,GSM331501,1,0.633671760559082
36,2,GSM331502,1,0.884092390537262
36,2,GSM331504,1,0.27279889583587646
36,2,GSM331507,1,0.6943590044975281
36,2,GSM331510,1,0.4481942355632782
36,2,GSM331511,1,0.6921061277389526
36,2,GSM331513,1,0.37189382314682007
36,2,GSM331514,1,0.24732817709445953
36,2,GSM331515,1,0.5110427141189575
36,2,GSM331516,1,0.6346067786216736
36,2,GSM331520,1,0.37680044770240784
36,2,GSM331522,1,0.3185054361820221
36,2,GSM331523,1,0.4650702476501465
36,2,GSM331524,1,0.27820754051208496
36,2,GSM331527,1,0.19624543190002441
36,2,GSM331530,1,0.3523418605327606
36,2,GSM331536,1,0.5018296241760254
36,2,GSM331537,1,0.5285569429397583
36,2,GSM331539,1,0.4101378619670868
36,2,GSM331541,1,0.6383355855941772
36,2,GSM331542,1,0.3113675117492676
36,2,GSM331545,1,0.5384764075279236
36,2,GSM331547,1,0.7151163816452026
36,2,GSM331555,1,0.2865786850452423
36,2,GSM331560,1,0.27061864733695984
36,2,GSM331562,1,0.6327062249183655
36,2,GSM331564,1,0.730763852596283
36,2,GSM331565,1,0.7083808183670044
36,2,GSM331566,1,0.480412095785141
36,2,GSM331568,1,0.8410837650299072
36,2,GSM331569,1,0.5038418769836426
36,2,GSM331571,1,0.6908737421035767
36,2,GSM331572,1,0.4413532018661499
36,2,GSM331573,1,0.6530400514602661
36,2,GSM331574,1,0.7296351194381714
36,2,GSM331575,1,0.4453127682209015
36,2,GSM331576,1,0.43010377883911133
36,2,GSM331578,1,0.5790587067604065
36,2,GSM331579,1,0.36419013142585754
36,2,GSM331581,1,0.08268304169178009
36,2,GSM331587,1,0.8327407240867615
36,2,GSM331588,1,0.7931707501411438
36,2,GSM331590,1,0.2660273313522339
36,2,GSM331592,1,0.3118324279785156
36,2,GSM331594,1,0.7773301601409912
36,2,GSM331595,1,0.5188208818435669
36,2,GSM331597,1,0.22001886367797852
36,2,GSM331599,1,0.8637269139289856
36,2,GSM331600,1,0.7728800177574158
36,2,GSM331603,1,0.21314162015914917
36,2,GSM331604,1,0.16920550167560577
36,2,GSM331606,1,0.25802820920944214
36,2,GSM331607,1,0.8744272589683533
36,2,GSM331612,1,0.7309436202049255
36,2,GSM331613,1,0.3992871940135956
36,2,GSM331615,1,0.40394827723503113
36,2,GSM331616,1,0.35170692205429077
36,2,GSM331618,1,0.2876211404800415
36,2,GSM331619,1,0.404964417219162
36,2,GSM331621,1,0.27497681975364685
36,2,GSM331623,1,0.3810391128063202
36,2,GSM331624,1,0.6453600525856018
36,2,GSM331629,1,0.1785278469324112
36,2,GSM331631,1,0.19827888906002045
36,2,GSM331632,1,0.2781780958175659
36,2,GSM331635,1,0.11751803755760193
36,2,GSM331637,1,0.28044000267982483
36,2,GSM331639,1,0.217473566532135
36,2,GSM331640,1,0.11158270388841629
36,2,GSM331641,1,0.35179364681243896
36,2,GSM331644,1,0.21836096048355103
36,2,GSM331645,1,0.31893691420555115
36,2,GSM331646,1,0.295950323343277
36,2,GSM331647,1,0.7575759887695312
36,2,GSM331650,1,0.34655672311782837
36,2,GSM331654,1,0.6827710270881653
36,2,GSM331655,1,0.256988525390625
36,2,GSM331656,1,0.11585655808448792
36,2,GSM331657,1,0.6121965050697327
36,2,GSM331659,1,0.7828670144081116
37,1,GSM331660,0,0.32396137714385986
37,1,GSM331663,0,0.3904682695865631
37,1,GSM331668,0,0.729960560798645
37,1,GSM331671,0,0.8228439688682556
37,1,GSM331675,0,0.24668611586093903
37,1,GSM331677,0,0.39083918929100037
37,1,GSM331679,0,0.622394859790802
37,1,GSM331680,0,0.6090893149375916
37,1,GSM331681,0,0.42895737290382385
37,1,GSM331683,0,0.7745997309684753
37,1,GSM331686,0,0.47468528151512146
37,1,GSM331687,0,0.3945517838001251
37,1,GSM331688,0,0.5892114043235779
37,1,GSM331691,0,0.47887152433395386
37,1,GSM331692,0,0.42526674270629883
37,1,GSM331693,0,0.3355448842048645
37,1,GSM331695,0,0.5300138592720032
37,1,GSM331697,0,0.4899698793888092
37,1,GSM331699,0,0.8806459903717041
37,1,GSM331703,0,0.5951268672943115
37,1,GSM331705,0,0.5908012390136719
37,1,GSM331706,0,0.7203163504600525
37,1,GSM331707,0,0.8345910310745239
37,1,GSM331708,0,0.8851569890975952
37,1,GSM331709,0,0.34333890676498413
37,1,GSM331710,0,0.17953747510910034
37,1,GSM331711,0,0.7581652402877808
37,1,GSM331714,0,0.8485331535339355
37,1,GSM331715,0,0.3445146381855011
37,1,GSM331716,0,0.7740073800086975
37,1,GSM331718,0,0.7288509011268616
37,1,GSM331722,0,0.651907742023468
37,1,GSM331723,0,0.8784538507461548
37,1,GSM331725,0,0.6795262098312378
37,1,GSM331726,0,0.49744486808776855
37,1,GSM331728,0,0.3453194200992584
37,1,GSM331729,0,0.2587817907333374
37,1,GSM331453,1,0.36425861716270447
37,1,GSM331456,1,0.3374842405319214
37,1,GSM331459,1,0.6567264795303345
37,1,GSM331462,1,0.39615872502326965
37,1,GSM331463,1,0.3993415832519531
37,1,GSM331464,1,0.5057639479637146
37,1,GSM331465,1,0.2641916275024414
37,1,GSM331466,1,0.8150530457496643
37,1,GSM331470,1,0.6108070015907288
37,1,GSM331471,1,0.6182186603546143
37,1,GSM331472,1,0.3053952753543854
37,1,GSM331473,1,0.5663418173789978
37,1,GSM331474,1,0.6298109889030457
37,1,GSM331477,1,0.39442476630210876
37,1,GSM331484,1,0.35986095666885376
37,1,GSM331488,1,0.5412818789482117
37,1,GSM331489,1,0.3058962821960449
37,1,GSM331490,1,0.2710399627685547
37,1,GSM331492,1,0.6584665179252625
37,1,GSM331493,1,0.30417343974113464
37,1,GSM331496,1,0.4806273579597473
37,1,GSM331497,1,0.7690291404724121
37,1,GSM331498,1,0.440147340297699
37,1,GSM331500,1,0.4165217876434326
37,1,GSM331501,1,0.39330950379371643
37,1,GSM331502,1,0.7967684864997864
37,1,GSM331503,1,0.34059518575668335
37,1,GSM331504,1,0.37859541177749634
37,1,GSM331505,1,0.8253651857376099
37,1,GSM331506,1,0.3425517678260803
37,1,GSM331509,1,0.4418492317199707
37,1,GSM331510,1,0.6077303886413574
37,1,GSM331512,1,0.672049343585968
37,1,GSM331515,1,0.2606087028980255
37,1,GSM331516,1,0.6284017562866211
37,1,GSM331517,1,0.4672882854938507
37,1,GSM331519,1,0.3078446686267853
37,1,GSM331521,1,0.6423907279968262
37,1,GSM331524,1,0.3389815092086792
37,1,GSM331529,1,0.6263410449028015
37,1,GSM331530,1,0.43983930349349976
37,1,GSM331533,1,0.5618025064468384
37,1,GSM331534,1,0.4702427089214325
37,1,GSM331535,1,0.3868652582168579
37,1,GSM331537,1,0.6206431984901428
37,1,GSM331538,1,0.21712997555732727
37,1,GSM331540,1,0.5462521910667419
37,1,GSM331545,1,0.5191458463668823
37,1,GSM331546,1,0.5333374738693237
37,1,GSM331547,1,0.6655058264732361
37,1,GSM331553,1,0.7131232023239136
37,1,GSM331555,1,0.48771363496780396
37,1,GSM331556,1,0.7231203317642212
37,1,GSM331557,1,0.5342370271682739
37,1,GSM331558,1,0.3108404278755188
37,1,GSM331559,1,0.7417927384376526
37,1,GSM331560,1,0.29433584213256836
37,1,GSM331561,1,0.5393157601356506
37,1,GSM331562,1,0.7413178086280823
37,1,GSM331564,1,0.5212559700012207
37,1,GSM331568,1,0.8932479023933411
37,1,GSM331572,1,0.4251348376274109
37,1,GSM331575,1,0.6991298794746399
37,1,GSM331577,1,0.41999268531799316
37,1,GSM331581,1,0.23269447684288025
37,1,GSM331586,1,0.3788265585899353
37,1,GSM331587,1,0.6660802960395813
37,1,GSM331588,1,0.6659488081932068
37,1,GSM331591,1,0.859143853187561
37,1,GSM331592,1,0.5178722739219666
37,1,GSM331593,1,0.45332780480384827
37,1,GSM331594,1,0.8182612657546997
37,1,GSM331595,1,0.5712884068489075
37,1,GSM331598,1,0.33475929498672485
37,1,GSM331600,1,0.8488209247589111
37,1,GSM331605,1,0.5253902673721313
37,1,GSM331606,1,0.22023694217205048
37,1,GSM331607,1,0.788725733757019
37,1,GSM331613,1,0.7265809178352356
37,1,GSM331618,1,0.4765397906303406
37,1,GSM331619,1,0.24883858859539032
37,1,GSM331620,1,0.5626933574676514
37,1,GSM331621,1,0.27996155619621277
37,1,GSM331622,1,0.38469693064689636
37,1,GSM331624,1,0.7312744855880737
37,1,GSM331626,1,0.18809641897678375
37,1,GSM331628,1,0.41421860456466675
37,1,GSM331631,1,0.36143386363983154
37,1,GSM331632,1,0.3555821478366852
37,1,GSM331633,1,0.32969602942466736
37,1,GSM331637,1,0.4510863721370697
37,1,GSM331639,1,0.413711279630661
37,1,GSM331642,1,0.6330679059028625
37,1,GSM331644,1,0.2787531614303589
37,1,GSM331646,1,0.6530747413635254
37,1,GSM331647,1,0.7750604152679443
37,1,GSM331648,1,0.2955595552921295
37,1,GSM331649,1,0.7902578115463257
37,1,GSM331650,1,0.2820788323879242
37,1,GSM331651,1,0.21266867220401764
37,1,GSM331652,1,0.810089647769928
37,1,GSM331655,1,0.47215914726257324
37,1,GSM331659,1,0.6251114010810852
37,2,GSM331638,0,0.536647379398346
37,2,GSM331661,0,0.6609317064285278
37,2,GSM331662,0,0.7365230917930603
37,2,GSM331664,0,0.5152909159660339
37,2,GSM331665,0,0.5465405583381653
37,2,GSM331666,0,0.38055670261383057
37,2,GSM331669,0,0.7810438871383667
37,2,GSM331670,0,0.43279212713241577
37,2,GSM331672,0,0.42792102694511414
37,2,GSM331673,0,0.49667274951934814
37,2,GSM331674,0,0.6784142851829529
37,2,GSM331676,0,0.545475959777832
37,2,GSM331678,0,0.24312002956867218
37,2,GSM331682,0,0.47127750515937805
37,2,GSM331684,0,0.29537010192871094
37,2,GSM331685,0,0.5228363871574402
37,2,GSM331689,0,0.5487167835235596
37,2,GSM331690,0,0.6617957353591919
37,2,GSM331694,0,0.5623056292533875
37,2,GSM331696,0,0.4329128563404083
37,2,GSM331698,0,0.22500485181808472
37,2,GSM331700,0,0.43612435460090637
37,2,GSM331701,0,0.3440965712070465
37,2,GSM331702,0,0.3872535228729248
37,2,GSM331704,0,0.59453284740448
37,2,GSM331712,0,0.3255500793457031
37,2,GSM331713,0,0.3202958405017853
37,2,GSM331717,0,0.46722811460494995
37,2,GSM331719,0,0.1657247692346573
37,2,GSM331720,0,0.5885792374610901
37,2,GSM331721,0,0.7215001583099365
37,2,GSM331724,0,0.35874900221824646
37,2,GSM331727,0,0.5627822279930115
37,2,GSM331730,0,0.4193468689918518
37,2,GSM331731,0,0.761748194694519
37,2,GSM331732,0,0.6574884057044983
37,2,GSM331454,1,0.5876295566558838
37,2,GSM331455,1,0.1751212775707245
37,2,GSM331457,1,0.4919768273830414
37,2,GSM331458,1,0.4297405779361725
37,2,GSM331460,1,0.638836681842804
37,2,GSM331461,1,0.469891220331192
37,2,GSM331467,1,0.2976101338863373
37,2,GSM331468,1,0.36334285140037537
37,2,GSM331469,1,0.6554518938064575
37,2,GSM331475,1,0.3680659234523773
37,2,GSM331476,1,0.6741980910301208
37,2,GSM331478,1,0.40449920296669006
37,2,GSM331479,1,0.4578224718570709
37,2,GSM331480,1,0.4702250063419342
37,2,GSM331481,1,0.44944998621940613
37,2,GSM331482,1,0.2901741564273834
37,2,GSM331483,1,0.7162550091743469
37,2,GSM331485,1,0.4807436764240265
37,2,GSM331486,1,0.5305989384651184
37,2,GSM331487,1,0.7836916446685791
37,2,GSM331491,1,0.38311082124710083
37,2,GSM331494,1,0.7788754105567932
37,2,GSM331495,1,0.37598687410354614
37,2,GSM331499,1,0.2270834594964981
37,2,GSM331507,1,0.4903113842010498
37,2,GSM331508,1,0.5932674407958984
37,2,GSM331511,1,0.5161423683166504
37,2,GSM331513,1,0.3711129128932953
37,2,GSM331514,1,0.38583242893218994
37,2,GSM331518,1,0.566504180431366
37,2,GSM331520,1,0.4170365333557129
37,2,GSM331522,1,0.542926549911499
37,2,GSM331523,1,0.677119791507721
37,2,GSM331525,1,0.5305190086364746
37,2,GSM331526,1,0.588487446308136
37,2,GSM331527,1,0.307113379240036
37,2,GSM331528,1,0.4035901427268982
37,2,GSM331531,1,0.37086108326911926
37,2,GSM331532,1,0.40043559670448303
37,2,GSM331536,1,0.6664542555809021
37,2,GSM331539,1,0.34223800897598267
37,2,GSM331541,1,0.7078392505645752
37,2,GSM331542,1,0.34964439272880554
37,2,GSM331543,1,0.4562687277793884
37,2,GSM331544,1,0.342709481716156
37,2,GSM331548,1,0.7547321319580078
37,2,GSM331549,1,0.8633314371109009
37,2,GSM331550,1,0.4435863792896271
37,2,GSM331551,1,0.5089369416236877
37,2,GSM331552,1,0.19916477799415588
37,2,GSM331554,1,0.5014029145240784
37,2,GSM331563,1,0.6829563975334167
37,2,GSM331565,1,0.6419858336448669
37,2,GSM331566,1,0.5836989283561707
37,2,GSM331567,1,0.2800680696964264
37,2,GSM331569,1,0.35261696577072144
37,2,GSM331570,1,0.272335410118103
37,2,GSM331571,1,0.6324792504310608
37,2,GSM331573,1,0.5395293235778809
37,2,GSM331574,1,0.6051746010780334
37,2,GSM331576,1,0.5068530440330505
37,2,GSM331578,1,0.560836136341095
37,2,GSM331579,1,0.35615143179893494
37,2,GSM331580,1,0.5044701099395752
37,2,GSM331582,1,0.7295435070991516
37,2,GSM331583,1,0.3984617590904236
37,2,GSM331584,1,0.3455170691013336
37,2,GSM331585,1,0.38673025369644165
37,2,GSM331589,1,0.45433422923088074
37,2,GSM331590,1,0.4987241327762604
37,2,GSM331596,1,0.5798050761222839
37,2,GSM331597,1,0.3640972375869751
37,2,GSM331599,1,0.7375810146331787
37,2,GSM331601,1,0.2705841064453125
37,2,GSM331602,1,0.3724620044231415
37,2,GSM331603,1,0.34310925006866455
37,2,GSM331604,1,0.30454200506210327
37,2,GSM331608,1,0.3352881073951721
37,2,GSM331609,1,0.3700372874736786
37,2,GSM331610,1,0.5673453211784363
37,2,GSM331611,1,0.7066082954406738
37,2,GSM331612,1,0.6495376825332642
37,2,GSM331614,1,0.34668031334877014
37,2,GSM331615,1,0.4228285551071167
37,2,GSM331616,1,0.44961264729499817
37,2,GSM331617,1,0.6051206588745117
37,2,GSM331623,1,0.5733386278152466
37,2,GSM331625,1,0.7266731262207031
37,2,GSM331627,1,0.4471789300441742
37,2,GSM331629,1,0.3027513325214386
37,2,GSM331630,1,0.2839052081108093
37,2,GSM331634,1,0.3808465301990509
37,2,GSM331635,1,0.3149266242980957
37,2,GSM331636,1,0.3028905987739563
37,2,GSM331640,1,0.20511142909526825
37,2,GSM331641,1,0.4595735967159271
37,2,GSM331643,1,0.6492919325828552
37,2,GSM331645,1,0.4549415409564972
37,2,GSM331653,1,0.6113244295120239
37,2,GSM331654,1,0.40703055262565613
37,2,GSM331656,1,0.2547348141670227
37,2,GSM331657,1,0.722419261932373
37,2,GSM331658,1,0.6628609895706177
38,1,GSM331638,0,0.36099639534950256
38,1,GSM331660,0,0.204361692070961
38,1,GSM331661,0,0.7202484607696533
38,1,GSM331664,0,0.18797869980335236
38,1,GSM331665,0,0.8712470531463623
38,1,GSM331670,0,0.5816801190376282
38,1,GSM331673,0,0.37580132484436035
38,1,GSM331675,0,0.23043237626552582
38,1,GSM331676,0,0.7974199056625366
38,1,GSM331678,0,0.1071997806429863
38,1,GSM331680,0,0.44061362743377686
38,1,GSM331684,0,0.22886957228183746
38,1,GSM331686,0,0.8918668627738953
38,1,GSM331689,0,0.24623438715934753
38,1,GSM331690,0,0.6343138217926025
38,1,GSM331692,0,0.3541571795940399
38,1,GSM331695,0,0.44316840171813965
38,1,GSM331697,0,0.3329083323478699
38,1,GSM331698,0,0.3366122245788574
38,1,GSM331699,0,0.8792794346809387
38,1,GSM331702,0,0.760911762714386
38,1,GSM331703,0,0.6700952053070068
38,1,GSM331706,0,0.8788366317749023
38,1,GSM331707,0,0.8582066893577576
38,1,GSM331708,0,0.9107626080513
38,1,GSM331711,0,0.45518410205841064
38,1,GSM331714,0,0.7090023159980774
38,1,GSM331716,0,0.9843027591705322
38,1,GSM331718,0,0.8061190843582153
38,1,GSM331720,0,0.36485210061073303
38,1,GSM331721,0,0.9392650127410889
38,1,GSM331722,0,0.33449992537498474
38,1,GSM331725,0,0.8610760569572449
38,1,GSM331727,0,0.38436001539230347
38,1,GSM331728,0,0.1360965073108673
38,1,GSM331731,0,0.7272650599479675
38,1,GSM331732,0,0.8707780241966248
38,1,GSM331454,1,0.47863614559173584
38,1,GSM331455,1,0.28048786520957947
38,1,GSM331456,1,0.5510201454162598
38,1,GSM331457,1,0.8808028697967529
38,1,GSM331459,1,0.8693548440933228
38,1,GSM331461,1,0.21602776646614075
38,1,GSM331462,1,0.9257031679153442
38,1,GSM331465,1,0.328645795583725
38,1,GSM331466,1,0.5947980284690857
38,1,GSM331467,1,0.2640592157840729
38,1,GSM331468,1,0.7184761166572571
38,1,GSM331470,1,0.27448222041130066
38,1,GSM331472,1,0.24014586210250854
38,1,GSM331473,1,0.5578824877738953
38,1,GSM331475,1,0.1317339688539505
38,1,GSM331476,1,0.773501992225647
38,1,GSM331477,1,0.34562426805496216
38,1,GSM331479,1,0.554202139377594
38,1,GSM331480,1,0.6068678498268127
38,1,GSM331482,1,0.3718052804470062
38,1,GSM331485,1,0.5719183683395386
38,1,GSM331487,1,0.8987067937850952
38,1,GSM331489,1,0.7950571775436401
38,1,GSM331491,1,0.6120656728744507
38,1,GSM331492,1,0.4719716012477875
38,1,GSM331493,1,0.17430782318115234
38,1,GSM331495,1,0.4699958264827728
38,1,GSM331498,1,0.48340097069740295
38,1,GSM331501,1,0.7978224158287048
38,1,GSM331506,1,0.7197051644325256
38,1,GSM331507,1,0.19359758496284485
38,1,GSM331509,1,0.38545748591423035
38,1,GSM331512,1,0.4613088369369507
38,1,GSM331514,1,0.3875410556793213
38,1,GSM331516,1,0.7142376899719238
38,1,GSM331518,1,0.3882276117801666
38,1,GSM331519,1,0.4080810844898224
38,1,GSM331520,1,0.6935495734214783
38,1,GSM331524,1,0.6233006119728088
38,1,GSM331527,1,0.4216543734073639
38,1,GSM331528,1,0.7808288931846619
38,1,GSM331529,1,0.27302050590515137
38,1,GSM331531,1,0.5627742409706116
38,1,GSM331535,1,0.5441127419471741
38,1,GSM331536,1,0.7662791013717651
38,1,GSM331537,1,0.6578294634819031
38,1,GSM331540,1,0.6095237135887146
38,1,GSM331542,1,0.33746424317359924
38,1,GSM331546,1,0.5863454937934875
38,1,GSM331547,1,0.39576756954193115
38,1,GSM331551,1,0.4954077899456024
38,1,GSM331552,1,0.335395872592926
38,1,GSM331553,1,0.8807539939880371
38,1,GSM331556,1,0.648199200630188
38,1,GSM331557,1,0.7270358800888062
38,1,GSM331558,1,0.17490988969802856
38,1,GSM331559,1,0.8524177074432373
38,1,GSM331560,1,0.5450130105018616
38,1,GSM331564,1,0.37113717198371887
38,1,GSM331565,1,0.7193443179130554
38,1,GSM331567,1,0.372251033782959
38,1,GSM331568,1,0.9352418780326843
38,1,GSM331569,1,0.7035871744155884
38,1,GSM331570,1,0.5756708383560181
38,1,GSM331575,1,0.9600122570991516
38,1,GSM331579,1,0.5353474617004395
38,1,GSM331580,1,0.365876704454422
38,1,GSM331581,1,0.2453186959028244
38,1,GSM331584,1,0.4304092824459076
38,1,GSM331587,1,0.642047643661499
38,1,GSM331588,1,0.35734686255455017
38,1,GSM331593,1,0.38268646597862244
38,1,GSM331595,1,0.6922731995582581
38,1,GSM331596,1,0.47339630126953125
38,1,GSM331598,1,0.3634459674358368
38,1,GSM331605,1,0.6884715557098389
38,1,GSM331610,1,0.9064213037490845
38,1,GSM331611,1,0.4319608807563782
38,1,GSM331616,1,0.6610876321792603
38,1,GSM331617,1,0.821412980556488
38,1,GSM331619,1,0.285460889339447
38,1,GSM331620,1,0.44998955726623535
38,1,GSM331621,1,0.41861969232559204
38,1,GSM331623,1,0.19833426177501678
38,1,GSM331624,1,0.3163909614086151
38,1,GSM331625,1,0.8267251253128052
38,1,GSM331626,1,0.2281101942062378
38,1,GSM331630,1,0.5713168978691101
38,1,GSM331631,1,0.3330705761909485
38,1,GSM331633,1,0.24104809761047363
38,1,GSM331634,1,0.26317670941352844
38,1,GSM331636,1,0.23469127714633942
38,1,GSM331637,1,0.4024825096130371
38,1,GSM331639,1,0.3041757047176361
38,1,GSM331642,1,0.43175017833709717
38,1,GSM331643,1,0.7891589403152466
38,1,GSM331644,1,0.5058576464653015
38,1,GSM331646,1,0.2708264887332916
38,1,GSM331647,1,0.5986714959144592
38,1,GSM331648,1,0.44973865151405334
38,1,GSM331656,1,0.4829620122909546
38,1,GSM331658,1,0.7131810188293457
38,1,GSM331659,1,0.9136167764663696
38,2,GSM331662,0,0.42244258522987366
38,2,GSM331663,0,0.35157743096351624
38,2,GSM331666,0,0.19805267453193665
38,2,GSM331668,0,0.3990514874458313
38,2,GSM331669,0,0.9470654129981995
38,2,GSM331671,0,0.8680991530418396
38,2,GSM331672,0,0.7165031433105469
38,2,GSM331674,0,0.8697994947433472
38,2,GSM331677,0,0.5161869525909424
38,2,GSM331679,0,0.6459497213363647
38,2,GSM331681,0,0.6209966540336609
38,2,GSM331682,0,0.6954827308654785
38,2,GSM331683,0,0.5988230109214783
38,2,GSM331685,0,0.11006873100996017
38,2,GSM331687,0,0.42908164858818054
38,2,GSM331688,0,0.6815150380134583
38,2,GSM331691,0,0.34306153655052185
38,2,GSM331693,0,0.37092524766921997
38,2,GSM331694,0,0.396564781665802
38,2,GSM331696,0,0.285016268491745
38,2,GSM331700,0,0.6884855031967163
38,2,GSM331701,0,0.3026641011238098
38,2,GSM331704,0,0.6265806555747986
38,2,GSM331705,0,0.4837881028652191
38,2,GSM331709,0,0.19723597168922424
38,2,GSM331710,0,0.1499539315700531
38,2,GSM331712,0,0.4776298999786377
38,2,GSM331713,0,0.45452603697776794
38,2,GSM331715,0,0.4389493763446808
38,2,GSM331717,0,0.8276535272598267
38,2,GSM331719,0,0.2562309205532074
38,2,GSM331723,0,0.9209203124046326
38,2,GSM331724,0,0.4546905755996704
38,2,GSM331726,0,0.17245161533355713
38,2,GSM331729,0,0.05227936431765556
38,2,GSM331730,0,0.43126988410949707
38,2,GSM331453,1,0.4231099486351013
38,2,GSM331458,1,0.38082626461982727
38,2,GSM331460,1,0.6278846859931946
38,2,GSM331463,1,0.3266151249408722
38,2,GSM331464,1,0.4099123179912567
38,2,GSM331469,1,0.7955105900764465
38,2,GSM331471,1,0.9146426320075989
38,2,GSM331474,1,0.5230819582939148
38,2,GSM331478,1,0.4303821623325348
38,2,GSM331481,1,0.5634618401527405
38,2,GSM331483,1,0.6963791251182556
38,2,GSM331484,1,0.18938928842544556
38,2,GSM331486,1,0.6711091995239258
38,2,GSM331488,1,0.5255277156829834
38,2,GSM331490,1,0.31856828927993774
38,2,GSM331494,1,0.666148841381073
38,2,GSM331496,1,0.3763585388660431
38,2,GSM331497,1,0.5097203254699707
38,2,GSM331499,1,0.31813469529151917
38,2,GSM331500,1,0.6320522427558899
38,2,GSM331502,1,0.7214742302894592
38,2,GSM331503,1,0.37484943866729736
38,2,GSM331504,1,0.5322641134262085
38,2,GSM331505,1,0.9253459572792053
38,2,GSM331508,1,0.7497451305389404
38,2,GSM331510,1,0.32161417603492737
38,2,GSM331511,1,0.551957905292511
38,2,GSM331513,1,0.7871795296669006
38,2,GSM331515,1,0.3050181269645691
38,2,GSM331517,1,0.3926573097705841
38,2,GSM331521,1,0.6937026381492615
38,2,GSM331522,1,0.3258238136768341
38,2,GSM331523,1,0.541021466255188
38,2,GSM331525,1,0.268460750579834
38,2,GSM331526,1,0.8405815958976746
38,2,GSM331530,1,0.29042550921440125
38,2,GSM331532,1,0.536353588104248
38,2,GSM331533,1,0.5543241500854492
38,2,GSM331534,1,0.6489361524581909
38,2,GSM331538,1,0.4078714847564697
38,2,GSM331539,1,0.33001211285591125
38,2,GSM331541,1,0.7755682468414307
38,2,GSM331543,1,0.7600545287132263
38,2,GSM331544,1,0.3967946171760559
38,2,GSM331545,1,0.7572426199913025
38,2,GSM331548,1,0.645720899105072
38,2,GSM331549,1,0.7086983919143677
38,2,GSM331550,1,0.5276087522506714
38,2,GSM331554,1,0.2895427942276001
38,2,GSM331555,1,0.10498543828725815
38,2,GSM331561,1,0.7530168890953064
38,2,GSM331562,1,0.47683238983154297
38,2,GSM331563,1,0.8689706325531006
38,2,GSM331566,1,0.8876527547836304
38,2,GSM331571,1,0.6017343997955322
38,2,GSM331572,1,0.5874791145324707
38,2,GSM331573,1,0.8310002088546753
38,2,GSM331574,1,0.32246556878089905
38,2,GSM331576,1,0.6125082969665527
38,2,GSM331577,1,0.669642984867096
38,2,GSM331578,1,0.8788178563117981
38,2,GSM331582,1,0.7697644233703613
38,2,GSM331583,1,0.47668981552124023
38,2,GSM331585,1,0.5378736853599548
38,2,GSM331586,1,0.6619952917098999
38,2,GSM331589,1,0.4600120186805725
38,2,GSM331590,1,0.5711266398429871
38,2,GSM331591,1,0.8857061266899109
38,2,GSM331592,1,0.5487532615661621
38,2,GSM331594,1,0.30683770775794983
38,2,GSM331597,1,0.3265964090824127
38,2,GSM331599,1,0.8818730115890503
38,2,GSM331600,1,0.7355838418006897
38,2,GSM331601,1,0.11806784570217133
38,2,GSM331602,1,0.4189448356628418
38,2,GSM331603,1,0.6968829035758972
38,2,GSM331604,1,0.31019124388694763
38,2,GSM331606,1,0.3191480338573456
38,2,GSM331607,1,0.7087993621826172
38,2,GSM331608,1,0.2506893575191498
38,2,GSM331609,1,0.6257249116897583
38,2,GSM331612,1,0.6066720485687256
38,2,GSM331613,1,0.5957218408584595
38,2,GSM331614,1,0.29669326543807983
38,2,GSM331615,1,0.30744245648384094
38,2,GSM331618,1,0.5813280344009399
38,2,GSM331622,1,0.7808651328086853
38,2,GSM331627,1,0.456941157579422
38,2,GSM331628,1,0.3595387935638428
38,2,GSM331629,1,0.09555000811815262
38,2,GSM331632,1,0.25804880261421204
38,2,GSM331635,1,0.42134472727775574
38,2,GSM331640,1,0.3038073182106018
38,2,GSM331641,1,0.6919211149215698
38,2,GSM331645,1,0.28147122263908386
38,2,GSM331649,1,0.5871191620826721
38,2,GSM331650,1,0.4476911723613739
38,2,GSM331651,1,0.17591287195682526
38,2,GSM331652,1,0.6393957734107971
38,2,GSM331653,1,0.4868948459625244
38,2,GSM331654,1,0.7871266603469849
38,2,GSM331655,1,0.3343045115470886
38,2,GSM331657,1,0.9379174113273621
39,1,GSM331660,0,0.2648439407348633
39,1,GSM331661,0,0.6717075705528259
39,1,GSM331663,0,0.4434093236923218
39,1,GSM331664,0,0.20365366339683533
39,1,GSM331666,0,0.30624061822891235
39,1,GSM331673,0,0.33075669407844543
39,1,GSM331675,0,0.25267091393470764
39,1,GSM331677,0,0.41410109400749207
39,1,GSM331678,0,0.26672980189323425
39,1,GSM331679,0,0.516361653804779
39,1,GSM331680,0,0.5968502163887024
39,1,GSM331682,0,0.49138811230659485
39,1,GSM331683,0,0.5057442784309387
39,1,GSM331686,0,0.5567135810852051
39,1,GSM331687,0,0.36253830790519714
39,1,GSM331688,0,0.7025083899497986
39,1,GSM331690,0,0.6766810417175293
39,1,GSM331696,0,0.39367660880088806
39,1,GSM331697,0,0.5122146010398865
39,1,GSM331699,0,0.6319208741188049
39,1,GSM331700,0,0.5320050120353699
39,1,GSM331701,0,0.3120845556259155
39,1,GSM331704,0,0.47696900367736816
39,1,GSM331707,0,0.5962101817131042
39,1,GSM331709,0,0.34467053413391113
39,1,GSM331711,0,0.4541335999965668
39,1,GSM331715,0,0.4271070659160614
39,1,GSM331716,0,0.793158769607544
39,1,GSM331717,0,0.5933998227119446
39,1,GSM331719,0,0.21419250965118408
39,1,GSM331720,0,0.38230451941490173
39,1,GSM331723,0,0.6896652579307556
39,1,GSM331728,0,0.17543408274650574
39,1,GSM331729,0,0.16457106173038483
39,1,GSM331730,0,0.37065741419792175
39,1,GSM331731,0,0.7623894810676575
39,1,GSM331732,0,0.7024005651473999
39,1,GSM331455,1,0.3632984757423401
39,1,GSM331457,1,0.6544886231422424
39,1,GSM331458,1,0.3985826075077057
39,1,GSM331460,1,0.5260334014892578
39,1,GSM331461,1,0.4326341450214386
39,1,GSM331462,1,0.6964302062988281
39,1,GSM331464,1,0.5269837975502014
39,1,GSM331465,1,0.5250478386878967
39,1,GSM331466,1,0.6116460561752319
39,1,GSM331469,1,0.4200282692909241
39,1,GSM331470,1,0.3577198088169098
39,1,GSM331471,1,0.7969042658805847
39,1,GSM331472,1,0.4150824546813965
39,1,GSM331474,1,0.4542251527309418
39,1,GSM331475,1,0.2614453136920929
39,1,GSM331478,1,0.5263379216194153
39,1,GSM331482,1,0.25395965576171875
39,1,GSM331483,1,0.40568578243255615
39,1,GSM331485,1,0.519650399684906
39,1,GSM331486,1,0.5546078085899353
39,1,GSM331488,1,0.7042310237884521
39,1,GSM331489,1,0.5615253448486328
39,1,GSM331491,1,0.5960718393325806
39,1,GSM331497,1,0.5316208004951477
39,1,GSM331499,1,0.3683789074420929
39,1,GSM331500,1,0.44506752490997314
39,1,GSM331502,1,0.6904910206794739
39,1,GSM331505,1,0.5030505657196045
39,1,GSM331506,1,0.5806304216384888
39,1,GSM331508,1,0.572806179523468
39,1,GSM331509,1,0.2742781341075897
39,1,GSM331512,1,0.5350549221038818
39,1,GSM331513,1,0.7323119640350342
39,1,GSM331514,1,0.5144937634468079
39,1,GSM331515,1,0.35943174362182617
39,1,GSM331517,1,0.4234505295753479
39,1,GSM331519,1,0.4752122461795807
39,1,GSM331520,1,0.6466090679168701
39,1,GSM331522,1,0.38521116971969604
39,1,GSM331523,1,0.6055912375450134
39,1,GSM331530,1,0.4751618504524231
39,1,GSM331534,1,0.6837832927703857
39,1,GSM331535,1,0.361591100692749
39,1,GSM331537,1,0.7122077345848083
39,1,GSM331539,1,0.5085160732269287
39,1,GSM331540,1,0.5725259780883789
39,1,GSM331546,1,0.5715743899345398
39,1,GSM331548,1,0.5359090566635132
39,1,GSM331549,1,0.6796417236328125
39,1,GSM331552,1,0.27893441915512085
39,1,GSM331555,1,0.20583601295948029
39,1,GSM331556,1,0.4237893223762512
39,1,GSM331557,1,0.5382159948348999
39,1,GSM331561,1,0.5291915535926819
39,1,GSM331562,1,0.5232923030853271
39,1,GSM331563,1,0.7405691742897034
39,1,GSM331564,1,0.48953285813331604
39,1,GSM331565,1,0.6537585854530334
39,1,GSM331567,1,0.5553640723228455
39,1,GSM331568,1,0.789141058921814
39,1,GSM331569,1,0.46946462988853455
39,1,GSM331576,1,0.361846387386322
39,1,GSM331577,1,0.5327317714691162
39,1,GSM331580,1,0.4641511142253876
39,1,GSM331585,1,0.6034950613975525
39,1,GSM331586,1,0.2821303904056549
39,1,GSM331587,1,0.5758593678474426
39,1,GSM331588,1,0.5869860053062439
39,1,GSM331589,1,0.3263428509235382
39,1,GSM331590,1,0.5597068071365356
39,1,GSM331591,1,0.6968700885772705
39,1,GSM331592,1,0.41294020414352417
39,1,GSM331594,1,0.4292116165161133
39,1,GSM331603,1,0.4940005838871002
39,1,GSM331608,1,0.19164137542247772
39,1,GSM331611,1,0.66510409116745
39,1,GSM331616,1,0.4665891230106354
39,1,GSM331618,1,0.4952237010002136
39,1,GSM331620,1,0.5721807479858398
39,1,GSM331621,1,0.5420717597007751
39,1,GSM331622,1,0.7504198551177979
39,1,GSM331623,1,0.20522382855415344
39,1,GSM331624,1,0.38431316614151
39,1,GSM331625,1,0.5054439306259155
39,1,GSM331626,1,0.3864189684391022
39,1,GSM331629,1,0.19098547101020813
39,1,GSM331630,1,0.4174833595752716
39,1,GSM331631,1,0.31981536746025085
39,1,GSM331634,1,0.3527437746524811
39,1,GSM331635,1,0.2949768900871277
39,1,GSM331636,1,0.25794005393981934
39,1,GSM331642,1,0.4336719214916229
39,1,GSM331644,1,0.3893333077430725
39,1,GSM331645,1,0.26855650544166565
39,1,GSM331646,1,0.3397544026374817
39,1,GSM331648,1,0.3160516321659088
39,1,GSM331649,1,0.5961002111434937
39,1,GSM331650,1,0.46814092993736267
39,1,GSM331651,1,0.4030452072620392
39,1,GSM331652,1,0.7089819312095642
39,1,GSM331656,1,0.340256929397583
39,1,GSM331657,1,0.8030903935432434
39,1,GSM331659,1,0.7351431250572205
39,2,GSM331638,0,0.5204112529754639
39,2,GSM331662,0,0.612991213798523
39,2,GSM331665,0,0.7448177337646484
39,2,GSM331668,0,0.5784003734588623
39,2,GSM331669,0,0.8598917126655579
39,2,GSM331670,0,0.487594336271286
39,2,GSM331671,0,0.5965885519981384
39,2,GSM331672,0,0.3576960563659668
39,2,GSM331674,0,0.6367925405502319
39,2,GSM331676,0,0.5176208019256592
39,2,GSM331681,0,0.4676913619041443
39,2,GSM331684,0,0.18198828399181366
39,2,GSM331685,0,0.29747551679611206
39,2,GSM331689,0,0.5012063980102539
39,2,GSM331691,0,0.558186411857605
39,2,GSM331692,0,0.29539740085601807
39,2,GSM331693,0,0.2758330702781677
39,2,GSM331694,0,0.5053977370262146
39,2,GSM331695,0,0.570073127746582
39,2,GSM331698,0,0.3148850202560425
39,2,GSM331702,0,0.4672713279724121
39,2,GSM331703,0,0.6378812789916992
39,2,GSM331705,0,0.3463587760925293
39,2,GSM331706,0,0.787594735622406
39,2,GSM331708,0,0.7589078545570374
39,2,GSM331710,0,0.22289398312568665
39,2,GSM331712,0,0.33802759647369385
39,2,GSM331713,0,0.4536435306072235
39,2,GSM331714,0,0.7207721471786499
39,2,GSM331718,0,0.7302395701408386
39,2,GSM331721,0,0.6948447823524475
39,2,GSM331722,0,0.5100192427635193
39,2,GSM331724,0,0.23800872266292572
39,2,GSM331725,0,0.7106105089187622
39,2,GSM331726,0,0.3218194246292114
39,2,GSM331727,0,0.447244256734848
39,2,GSM331453,1,0.3652174174785614
39,2,GSM331454,1,0.422518789768219
39,2,GSM331456,1,0.4833456575870514
39,2,GSM331459,1,0.7763869762420654
39,2,GSM331463,1,0.41902321577072144
39,2,GSM331467,1,0.3820071518421173
39,2,GSM331468,1,0.5257762670516968
39,2,GSM331473,1,0.3730402886867523
39,2,GSM331476,1,0.5427044630050659
39,2,GSM331477,1,0.4370216727256775
39,2,GSM331479,1,0.5047115683555603
39,2,GSM331480,1,0.5667065382003784
39,2,GSM331481,1,0.6272343397140503
39,2,GSM331484,1,0.39006751775741577
39,2,GSM331487,1,0.6654019951820374
39,2,GSM331490,1,0.27686646580696106
39,2,GSM331492,1,0.5081833004951477
39,2,GSM331493,1,0.29235512018203735
39,2,GSM331494,1,0.8202224373817444
39,2,GSM331495,1,0.6393628716468811
39,2,GSM331496,1,0.3035663962364197
39,2,GSM331498,1,0.3872835338115692
39,2,GSM331501,1,0.5077290534973145
39,2,GSM331503,1,0.25223004817962646
39,2,GSM331504,1,0.3994245231151581
39,2,GSM331507,1,0.2310228794813156
39,2,GSM331510,1,0.2548612952232361
39,2,GSM331511,1,0.8127197027206421
39,2,GSM331516,1,0.7488195300102234
39,2,GSM331518,1,0.5183144211769104
39,2,GSM331521,1,0.2808600068092346
39,2,GSM331524,1,0.5298139452934265
39,2,GSM331525,1,0.3950686454772949
39,2,GSM331526,1,0.5118336081504822
39,2,GSM331527,1,0.4278515875339508
39,2,GSM331528,1,0.44724586606025696
39,2,GSM331529,1,0.33128637075424194
39,2,GSM331531,1,0.4021874666213989
39,2,GSM331532,1,0.3113294243812561
39,2,GSM331533,1,0.6408185362815857
39,2,GSM331536,1,0.37170252203941345
39,2,GSM331538,1,0.3232153356075287
39,2,GSM331541,1,0.5921045541763306
39,2,GSM331542,1,0.3059252202510834
39,2,GSM331543,1,0.43570637702941895
39,2,GSM331544,1,0.2180042862892151
39,2,GSM331545,1,0.5654777884483337
39,2,GSM331547,1,0.5788969397544861
39,2,GSM331550,1,0.4432629346847534
39,2,GSM331551,1,0.6974328756332397
39,2,GSM331553,1,0.6787266731262207
39,2,GSM331554,1,0.4627418518066406
39,2,GSM331558,1,0.24362213909626007
39,2,GSM331559,1,0.6907795667648315
39,2,GSM331560,1,0.5526154041290283
39,2,GSM331566,1,0.7402471303939819
39,2,GSM331570,1,0.4323108494281769
39,2,GSM331571,1,0.6253163814544678
39,2,GSM331572,1,0.5269805788993835
39,2,GSM331573,1,0.6150910258293152
39,2,GSM331574,1,0.48815882205963135
39,2,GSM331575,1,0.5824607014656067
39,2,GSM331578,1,0.7124462723731995
39,2,GSM331579,1,0.3549383282661438
39,2,GSM331581,1,0.257894366979599
39,2,GSM331582,1,0.5474409461021423
39,2,GSM331583,1,0.4555613398551941
39,2,GSM331584,1,0.3570031523704529
39,2,GSM331593,1,0.3528155982494354
39,2,GSM331595,1,0.5059239268302917
39,2,GSM331596,1,0.5138897895812988
39,2,GSM331597,1,0.5832890868186951
39,2,GSM331598,1,0.5056455731391907
39,2,GSM331599,1,0.7955178022384644
39,2,GSM331600,1,0.742394745349884
39,2,GSM331601,1,0.29799023270606995
39,2,GSM331602,1,0.5432226657867432
39,2,GSM331604,1,0.12636657059192657
39,2,GSM331605,1,0.6007679104804993
39,2,GSM331606,1,0.2267926186323166
39,2,GSM331607,1,0.7506073713302612
39,2,GSM331609,1,0.6456003785133362
39,2,GSM331610,1,0.5849130749702454
39,2,GSM331612,1,0.6185414791107178
39,2,GSM331613,1,0.5224593877792358
39,2,GSM331614,1,0.3651982545852661
39,2,GSM331615,1,0.48559334874153137
39,2,GSM331617,1,0.6658273935317993
39,2,GSM331619,1,0.6077033281326294
39,2,GSM331627,1,0.4193495512008667
39,2,GSM331628,1,0.5353510975837708
39,2,GSM331632,1,0.3063734173774719
39,2,GSM331633,1,0.20394089818000793
39,2,GSM331637,1,0.3466235399246216
39,2,GSM331639,1,0.45485398173332214
39,2,GSM331640,1,0.3159385025501251
39,2,GSM331641,1,0.488357812166214
39,2,GSM331643,1,0.7626432180404663
39,2,GSM331647,1,0.5299148559570312
39,2,GSM331653,1,0.5210134983062744
39,2,GSM331654,1,0.7468140125274658
39,2,GSM331655,1,0.31614965200424194
39,2,GSM331658,1,0.5651179552078247
40,1,GSM331660,0,0.3893888294696808
40,1,GSM331661,0,0.7509577870368958
40,1,GSM331662,0,0.5281016230583191
40,1,GSM331663,0,0.40924662351608276
40,1,GSM331664,0,0.43092042207717896
40,1,GSM331666,0,0.4524725675582886
40,1,GSM331669,0,0.8790863156318665
40,1,GSM331670,0,0.5210106372833252
40,1,GSM331676,0,0.36406373977661133
40,1,GSM331681,0,0.4425126612186432
40,1,GSM331683,0,0.6782678961753845
40,1,GSM331687,0,0.34366995096206665
40,1,GSM331688,0,0.6398877501487732
40,1,GSM331692,0,0.1683618426322937
40,1,GSM331693,0,0.39424774050712585
40,1,GSM331694,0,0.31368690729141235
40,1,GSM331696,0,0.5404883623123169
40,1,GSM331699,0,0.7625845670700073
40,1,GSM331700,0,0.4180395007133484
40,1,GSM331701,0,0.33381977677345276
40,1,GSM331704,0,0.44558337330818176
40,1,GSM331706,0,0.49765250086784363
40,1,GSM331707,0,0.7702659964561462
40,1,GSM331709,0,0.3860112130641937
40,1,GSM331714,0,0.783561646938324
40,1,GSM331715,0,0.416756808757782
40,1,GSM331716,0,0.8712783455848694
40,1,GSM331717,0,0.5846436619758606
40,1,GSM331718,0,0.7303417325019836
40,1,GSM331719,0,0.16509702801704407
40,1,GSM331721,0,0.7569371461868286
40,1,GSM331724,0,0.3878480792045593
40,1,GSM331725,0,0.6997669339179993
40,1,GSM331726,0,0.38949158787727356
40,1,GSM331727,0,0.4752614498138428
40,1,GSM331730,0,0.642386794090271
40,1,GSM331732,0,0.6357852220535278
40,1,GSM331453,1,0.475614994764328
40,1,GSM331454,1,0.4680068790912628
40,1,GSM331455,1,0.40839818120002747
40,1,GSM331456,1,0.49744486808776855
40,1,GSM331458,1,0.5838098526000977
40,1,GSM331460,1,0.6171405911445618
40,1,GSM331461,1,0.38969606161117554
40,1,GSM331462,1,0.576028048992157
40,1,GSM331466,1,0.8660751581192017
40,1,GSM331467,1,0.15408000349998474
40,1,GSM331470,1,0.6302881836891174
40,1,GSM331472,1,0.18458089232444763
40,1,GSM331473,1,0.541935920715332
40,1,GSM331475,1,0.423683762550354
40,1,GSM331476,1,0.7676990628242493
40,1,GSM331477,1,0.5281124114990234
40,1,GSM331479,1,0.5431411266326904
40,1,GSM331480,1,0.2601704001426697
40,1,GSM331481,1,0.7952858209609985
40,1,GSM331482,1,0.1515682488679886
40,1,GSM331484,1,0.2609187960624695
40,1,GSM331485,1,0.6493725776672363
40,1,GSM331486,1,0.6288315653800964
40,1,GSM331488,1,0.6651664972305298
40,1,GSM331490,1,0.28698378801345825
40,1,GSM331496,1,0.5704426169395447
40,1,GSM331503,1,0.4449886679649353
40,1,GSM331506,1,0.45710667967796326
40,1,GSM331507,1,0.5056627988815308
40,1,GSM331508,1,0.7490668296813965
40,1,GSM331510,1,0.6990497708320618
40,1,GSM331512,1,0.3330647945404053
40,1,GSM331513,1,0.5421319007873535
40,1,GSM331514,1,0.5091332197189331
40,1,GSM331515,1,0.3994296193122864
40,1,GSM331516,1,0.7452930212020874
40,1,GSM331519,1,0.2942892014980316
40,1,GSM331520,1,0.6534371376037598
40,1,GSM331522,1,0.29664239287376404
40,1,GSM331523,1,0.8985567688941956
40,1,GSM331524,1,0.46872520446777344
40,1,GSM331527,1,0.3436427116394043
40,1,GSM331528,1,0.5807096362113953
40,1,GSM331531,1,0.6454636454582214
40,1,GSM331532,1,0.5780367255210876
40,1,GSM331535,1,0.4231988191604614
40,1,GSM331538,1,0.3361542522907257
40,1,GSM331539,1,0.6440906524658203
40,1,GSM331540,1,0.5988657474517822
40,1,GSM331546,1,0.6974502801895142
40,1,GSM331550,1,0.5819865465164185
40,1,GSM331551,1,0.5451478958129883
40,1,GSM331557,1,0.5111925005912781
40,1,GSM331558,1,0.11694835126399994
40,1,GSM331561,1,0.6782761812210083
40,1,GSM331563,1,0.7322877645492554
40,1,GSM331565,1,0.5880681276321411
40,1,GSM331569,1,0.3588087260723114
40,1,GSM331570,1,0.3433383107185364
40,1,GSM331571,1,0.7856441140174866
40,1,GSM331572,1,0.3657754361629486
40,1,GSM331573,1,0.6647263765335083
40,1,GSM331574,1,0.2495395988225937
40,1,GSM331581,1,0.5044453144073486
40,1,GSM331582,1,0.8185173869132996
40,1,GSM331583,1,0.6035876274108887
40,1,GSM331584,1,0.31311044096946716
40,1,GSM331587,1,0.5467671751976013
40,1,GSM331591,1,0.8281763195991516
40,1,GSM331593,1,0.550449550151825
40,1,GSM331595,1,0.7801026701927185
40,1,GSM331597,1,0.4656873047351837
40,1,GSM331601,1,0.3785755932331085
40,1,GSM331602,1,0.6906030774116516
40,1,GSM331603,1,0.5263845920562744
40,1,GSM331604,1,0.48648732900619507
40,1,GSM331607,1,0.5828880667686462
40,1,GSM331609,1,0.8081207871437073
40,1,GSM331610,1,0.6716834902763367
40,1,GSM331612,1,0.7938693761825562
40,1,GSM331615,1,0.6941348314285278
40,1,GSM331616,1,0.5858412384986877
40,1,GSM331617,1,0.5967486500740051
40,1,GSM331618,1,0.5409388542175293
40,1,GSM331619,1,0.477024644613266
40,1,GSM331620,1,0.6414135694503784
40,1,GSM331621,1,0.37002822756767273
40,1,GSM331623,1,0.24103344976902008
40,1,GSM331624,1,0.581392228603363
40,1,GSM331626,1,0.4555870592594147
40,1,GSM331627,1,0.4919290542602539
40,1,GSM331630,1,0.4695590138435364
40,1,GSM331632,1,0.604613721370697
40,1,GSM331633,1,0.26594483852386475
40,1,GSM331639,1,0.6861828565597534
40,1,GSM331640,1,0.3656567335128784
40,1,GSM331642,1,0.4410317540168762
40,1,GSM331649,1,0.8412567973136902
40,1,GSM331650,1,0.4719500243663788
40,1,GSM331653,1,0.3467271327972412
40,1,GSM331654,1,0.6374382376670837
40,1,GSM331657,1,0.7209579944610596
40,1,GSM331659,1,0.6514056324958801
40,2,GSM331638,0,0.5361117124557495
40,2,GSM331665,0,0.6119163632392883
40,2,GSM331668,0,0.5142141580581665
40,2,GSM331671,0,0.6935438513755798
40,2,GSM331672,0,0.5639147162437439
40,2,GSM331673,0,0.467688649892807
40,2,GSM331674,0,0.4924079179763794
40,2,GSM331675,0,0.12457404285669327
40,2,GSM331677,0,0.363872230052948
40,2,GSM331678,0,0.2188422828912735
40,2,GSM331679,0,0.3362991511821747
40,2,GSM331680,0,0.4686846435070038
40,2,GSM331682,0,0.4120959937572479
40,2,GSM331684,0,0.2587549090385437
40,2,GSM331685,0,0.5546406507492065
40,2,GSM331686,0,0.6374724507331848
40,2,GSM331689,0,0.21887679398059845
40,2,GSM331690,0,0.6033913493156433
40,2,GSM331691,0,0.5855869650840759
40,2,GSM331695,0,0.6147664785385132
40,2,GSM331697,0,0.6295340657234192
40,2,GSM331698,0,0.2730373740196228
40,2,GSM331702,0,0.4690534472465515
40,2,GSM331703,0,0.7480593323707581
40,2,GSM331705,0,0.4504254460334778
40,2,GSM331708,0,0.8649952411651611
40,2,GSM331710,0,0.13366876542568207
40,2,GSM331711,0,0.5647305250167847
40,2,GSM331712,0,0.3643215596675873
40,2,GSM331713,0,0.4549252688884735
40,2,GSM331720,0,0.7117930054664612
40,2,GSM331722,0,0.5087532997131348
40,2,GSM331723,0,0.7735760807991028
40,2,GSM331728,0,0.2657006084918976
40,2,GSM331729,0,0.127027228474617
40,2,GSM331731,0,0.5613272786140442
40,2,GSM331457,1,0.7520626783370972
40,2,GSM331459,1,0.5352427363395691
40,2,GSM331463,1,0.6013814210891724
40,2,GSM331464,1,0.6900671720504761
40,2,GSM331465,1,0.5492454767227173
40,2,GSM331468,1,0.3861403167247772
40,2,GSM331469,1,0.6125314235687256
40,2,GSM331471,1,0.5740604996681213
40,2,GSM331474,1,0.7251344919204712
40,2,GSM331478,1,0.3223293423652649
40,2,GSM331483,1,0.7501179575920105
40,2,GSM331487,1,0.7980797290802002
40,2,GSM331489,1,0.39487239718437195
40,2,GSM331491,1,0.4731036424636841
40,2,GSM331492,1,0.6329766511917114
40,2,GSM331493,1,0.42396247386932373
40,2,GSM331494,1,0.8464183211326599
40,2,GSM331495,1,0.7815596461296082
40,2,GSM331497,1,0.4921106696128845
40,2,GSM331498,1,0.49823740124702454
40,2,GSM331499,1,0.5139004588127136
40,2,GSM331500,1,0.5175930261611938
40,2,GSM331501,1,0.39586859941482544
40,2,GSM331502,1,0.6603209972381592
40,2,GSM331504,1,0.3780464828014374
40,2,GSM331505,1,0.8669633269309998
40,2,GSM331509,1,0.49536383152008057
40,2,GSM331511,1,0.45171257853507996
40,2,GSM331517,1,0.3660987317562103
40,2,GSM331518,1,0.4774453639984131
40,2,GSM331521,1,0.6338486671447754
40,2,GSM331525,1,0.44312864542007446
40,2,GSM331526,1,0.7625871300697327
40,2,GSM331529,1,0.3629811108112335
40,2,GSM331530,1,0.5498245358467102
40,2,GSM331533,1,0.389213889837265
40,2,GSM331534,1,0.4732495844364166
40,2,GSM331536,1,0.6185148358345032
40,2,GSM331537,1,0.7690104842185974
40,2,GSM331541,1,0.6084941625595093
40,2,GSM331542,1,0.3869667649269104
40,2,GSM331543,1,0.5409004092216492
40,2,GSM331544,1,0.24169006943702698
40,2,GSM331545,1,0.6163927316665649
40,2,GSM331547,1,0.30112218856811523
40,2,GSM331548,1,0.6299381256103516
40,2,GSM331549,1,0.6729671359062195
40,2,GSM331552,1,0.2581770122051239
40,2,GSM331553,1,0.5798516273498535
40,2,GSM331554,1,0.5415496230125427
40,2,GSM331555,1,0.3014468848705292
40,2,GSM331556,1,0.6270471811294556
40,2,GSM331559,1,0.5481367707252502
40,2,GSM331560,1,0.3827967047691345
40,2,GSM331562,1,0.6621237993240356
40,2,GSM331564,1,0.4428780972957611
40,2,GSM331566,1,0.7060799598693848
40,2,GSM331567,1,0.5877501964569092
40,2,GSM331568,1,0.8750603795051575
40,2,GSM331575,1,0.772763192653656
40,2,GSM331576,1,0.4332529902458191
40,2,GSM331577,1,0.43511077761650085
40,2,GSM331578,1,0.665740966796875
40,2,GSM331579,1,0.3632473051548004
40,2,GSM331580,1,0.37816107273101807
40,2,GSM331585,1,0.2983860969543457
40,2,GSM331586,1,0.16122591495513916
40,2,GSM331588,1,0.32528525590896606
40,2,GSM331589,1,0.3773361146450043
40,2,GSM331590,1,0.7723632454872131
40,2,GSM331592,1,0.5749794840812683
40,2,GSM331594,1,0.44355103373527527
40,2,GSM331596,1,0.2648632228374481
40,2,GSM331598,1,0.3820468783378601
40,2,GSM331599,1,0.6551418900489807
40,2,GSM331600,1,0.66926109790802
40,2,GSM331605,1,0.7956937551498413
40,2,GSM331606,1,0.11496027559041977
40,2,GSM331608,1,0.3293644189834595
40,2,GSM331611,1,0.6336498856544495
40,2,GSM331613,1,0.6458867788314819
40,2,GSM331614,1,0.3753945231437683
40,2,GSM331622,1,0.37004971504211426
40,2,GSM331625,1,0.334241658449173
40,2,GSM331628,1,0.41356366872787476
40,2,GSM331629,1,0.1894592046737671
40,2,GSM331631,1,0.23625575006008148
40,2,GSM331634,1,0.4303351640701294
40,2,GSM331635,1,0.4231235086917877
40,2,GSM331636,1,0.2092093527317047
40,2,GSM331637,1,0.3869349956512451
40,2,GSM331641,1,0.4046209454536438
40,2,GSM331643,1,0.8550316691398621
40,2,GSM331644,1,0.3142333924770355
40,2,GSM331645,1,0.13680414855480194
40,2,GSM331646,1,0.5499511361122131
40,2,GSM331647,1,0.4383178651332855
40,2,GSM331648,1,0.42518100142478943
40,2,GSM331651,1,0.4275481700897217
40,2,GSM331652,1,0.7140117287635803
40,2,GSM331655,1,0.4517114460468292
40,2,GSM331656,1,0.2759510278701782
40,2,GSM331658,1,0.5794458985328674
41,1,GSM331638,0,0.4949595034122467
41,1,GSM331662,0,0.5027514100074768
41,1,GSM331664,0,0.25735029578208923
41,1,GSM331665,0,0.7174622416496277
41,1,GSM331668,0,0.6664234399795532
41,1,GSM331669,0,0.8648207783699036
41,1,GSM331673,0,0.3396812081336975
41,1,GSM331674,0,0.5415958762168884
41,1,GSM331675,0,0.11554308235645294
41,1,GSM331677,0,0.3537597358226776
41,1,GSM331678,0,0.265119731426239
41,1,GSM331679,0,0.23977166414260864
41,1,GSM331682,0,0.5657769441604614
41,1,GSM331683,0,0.7173446416854858
41,1,GSM331691,0,0.5013337731361389
41,1,GSM331693,0,0.593639612197876
41,1,GSM331695,0,0.5051934719085693
41,1,GSM331699,0,0.5025179982185364
41,1,GSM331701,0,0.3334925174713135
41,1,GSM331703,0,0.8009198904037476
41,1,GSM331704,0,0.46630018949508667
41,1,GSM331705,0,0.3757576048374176
41,1,GSM331706,0,0.7971994280815125
41,1,GSM331708,0,0.7472545504570007
41,1,GSM331709,0,0.0970267504453659
41,1,GSM331710,0,0.07818315178155899
41,1,GSM331711,0,0.7333388328552246
41,1,GSM331713,0,0.44736507534980774
41,1,GSM331719,0,0.17343327403068542
41,1,GSM331721,0,0.8172580599784851
41,1,GSM331722,0,0.34864532947540283
41,1,GSM331723,0,0.8542598485946655
41,1,GSM331724,0,0.4049636423587799
41,1,GSM331725,0,0.6933894157409668
41,1,GSM331726,0,0.323219358921051
41,1,GSM331727,0,0.5026323199272156
41,1,GSM331732,0,0.7010433673858643
41,1,GSM331454,1,0.6130847930908203
41,1,GSM331455,1,0.40068814158439636
41,1,GSM331456,1,0.6653409600257874
41,1,GSM331465,1,0.5862452387809753
41,1,GSM331469,1,0.29976552724838257
41,1,GSM331471,1,0.8365033864974976
41,1,GSM331472,1,0.23636481165885925
41,1,GSM331473,1,0.329028844833374
41,1,GSM331478,1,0.5773396492004395
41,1,GSM331479,1,0.28019553422927856
41,1,GSM331480,1,0.7066292762756348
41,1,GSM331481,1,0.6706861257553101
41,1,GSM331482,1,0.3749980032444
41,1,GSM331486,1,0.8299131989479065
41,1,GSM331487,1,0.8592063784599304
41,1,GSM331488,1,0.6151919364929199
41,1,GSM331489,1,0.6568594574928284
41,1,GSM331492,1,0.4652596414089203
41,1,GSM331493,1,0.32944434881210327
41,1,GSM331496,1,0.14825348556041718
41,1,GSM331497,1,0.5829469561576843
41,1,GSM331500,1,0.5811085104942322
41,1,GSM331501,1,0.38713669776916504
41,1,GSM331502,1,0.8183019757270813
41,1,GSM331503,1,0.3897733986377716
41,1,GSM331505,1,0.5359993577003479
41,1,GSM331506,1,0.6856021285057068
41,1,GSM331508,1,0.8218787908554077
41,1,GSM331509,1,0.4639565050601959
41,1,GSM331511,1,0.7340278625488281
41,1,GSM331512,1,0.5029747486114502
41,1,GSM331513,1,0.8539855480194092
41,1,GSM331514,1,0.28435274958610535
41,1,GSM331517,1,0.5485852360725403
41,1,GSM331524,1,0.4456527829170227
41,1,GSM331526,1,0.7788004875183105
41,1,GSM331529,1,0.3044282793998718
41,1,GSM331530,1,0.6185970902442932
41,1,GSM331532,1,0.46068209409713745
41,1,GSM331533,1,0.5837448239326477
41,1,GSM331534,1,0.4144364297389984
41,1,GSM331535,1,0.4296841323375702
41,1,GSM331536,1,0.42966246604919434
41,1,GSM331539,1,0.648406445980072
41,1,GSM331540,1,0.7346367239952087
41,1,GSM331544,1,0.31234607100486755
41,1,GSM331545,1,0.5601657629013062
41,1,GSM331548,1,0.6990309953689575
41,1,GSM331549,1,0.6003361344337463
41,1,GSM331553,1,0.9428789019584656
41,1,GSM331555,1,0.11578425765037537
41,1,GSM331559,1,0.8479706645011902
41,1,GSM331560,1,0.4990294873714447
41,1,GSM331562,1,0.45836302638053894
41,1,GSM331565,1,0.6493827104568481
41,1,GSM331571,1,0.7376136183738708
41,1,GSM331572,1,0.5907691717147827
41,1,GSM331573,1,0.7457640171051025
41,1,GSM331574,1,0.6242689490318298
41,1,GSM331575,1,0.7153236865997314
41,1,GSM331576,1,0.564072847366333
41,1,GSM331578,1,0.863145112991333
41,1,GSM331579,1,0.48282870650291443
41,1,GSM331584,1,0.2859507203102112
41,1,GSM331585,1,0.6190874576568604
41,1,GSM331586,1,0.3406780958175659
41,1,GSM331589,1,0.1848599761724472
41,1,GSM331590,1,0.3979145884513855
41,1,GSM331591,1,0.8319799900054932
41,1,GSM331594,1,0.4165894389152527
41,1,GSM331597,1,0.4108808636665344
41,1,GSM331599,1,0.8814840316772461
41,1,GSM331601,1,0.18692322075366974
41,1,GSM331603,1,0.4236603081226349
41,1,GSM331604,1,0.33676183223724365
41,1,GSM331605,1,0.7173452377319336
41,1,GSM331606,1,0.13003376126289368
41,1,GSM331607,1,0.9114441275596619
41,1,GSM331608,1,0.05575409159064293
41,1,GSM331610,1,0.660874605178833
41,1,GSM331611,1,0.6020355820655823
41,1,GSM331613,1,0.4689345061779022
41,1,GSM331614,1,0.3271421492099762
41,1,GSM331616,1,0.5418875813484192
41,1,GSM331617,1,0.7597548365592957
41,1,GSM331622,1,0.8398227095603943
41,1,GSM331623,1,0.11997173726558685
41,1,GSM331626,1,0.3229046165943146
41,1,GSM331629,1,0.10739012062549591
41,1,GSM331632,1,0.2598907947540283
41,1,GSM331634,1,0.3624768853187561
41,1,GSM331636,1,0.11704764515161514
41,1,GSM331637,1,0.5075846314430237
41,1,GSM331639,1,0.29595935344696045
41,1,GSM331641,1,0.3561103940010071
41,1,GSM331642,1,0.5828465223312378
41,1,GSM331644,1,0.356507271528244
41,1,GSM331646,1,0.384779155254364
41,1,GSM331649,1,0.8088778257369995
41,1,GSM331651,1,0.6205970048904419
41,1,GSM331656,1,0.33781352639198303
41,1,GSM331658,1,0.6654380559921265
41,1,GSM331659,1,0.8213128447532654
41,2,GSM331660,0,0.3066558837890625
41,2,GSM331661,0,0.6985082030296326
41,2,GSM331663,0,0.3512752056121826
41,2,GSM331666,0,0.40366244316101074
41,2,GSM331670,0,0.3919551372528076
41,2,GSM331671,0,0.7534570693969727
41,2,GSM331672,0,0.5724076628684998
41,2,GSM331676,0,0.5849215388298035
41,2,GSM331680,0,0.39335113763809204
41,2,GSM331681,0,0.6066022515296936
41,2,GSM331684,0,0.19880744814872742
41,2,GSM331685,0,0.23184402287006378
41,2,GSM331686,0,0.737151026725769
41,2,GSM331687,0,0.32599470019340515
41,2,GSM331688,0,0.6505271196365356
41,2,GSM331689,0,0.33133432269096375
41,2,GSM331690,0,0.8287981748580933
41,2,GSM331692,0,0.1248605027794838
41,2,GSM331694,0,0.19067858159542084
41,2,GSM331696,0,0.6604309678077698
41,2,GSM331697,0,0.3316510021686554
41,2,GSM331698,0,0.5136213898658752
41,2,GSM331700,0,0.5599483847618103
41,2,GSM331702,0,0.5805284380912781
41,2,GSM331707,0,0.5306044220924377
41,2,GSM331712,0,0.6307273507118225
41,2,GSM331714,0,0.8395258188247681
41,2,GSM331715,0,0.36436164379119873
41,2,GSM331716,0,0.955832302570343
41,2,GSM331717,0,0.7470330595970154
41,2,GSM331718,0,0.8506461381912231
41,2,GSM331720,0,0.37778621912002563
41,2,GSM331728,0,0.23396499454975128
41,2,GSM331729,0,0.09884141385555267
41,2,GSM331730,0,0.8077239990234375
41,2,GSM331731,0,0.7495070099830627
41,2,GSM331453,1,0.41630569100379944
41,2,GSM331457,1,0.48837509751319885
41,2,GSM331458,1,0.3473728597164154
41,2,GSM331459,1,0.8703442811965942
41,2,GSM331460,1,0.4309709370136261
41,2,GSM331461,1,0.48892900347709656
41,2,GSM331462,1,0.5734825730323792
41,2,GSM331463,1,0.4136017858982086
41,2,GSM331464,1,0.4669046103954315
41,2,GSM331466,1,0.35693106055259705
41,2,GSM331467,1,0.29972222447395325
41,2,GSM331468,1,0.5447974801063538
41,2,GSM331470,1,0.5498397350311279
41,2,GSM331474,1,0.3016112446784973
41,2,GSM331475,1,0.15097711980342865
41,2,GSM331476,1,0.4586809277534485
41,2,GSM331477,1,0.2952588200569153
41,2,GSM331483,1,0.5912418365478516
41,2,GSM331484,1,0.23111331462860107
41,2,GSM331485,1,0.6032202243804932
41,2,GSM331490,1,0.5216110944747925
41,2,GSM331491,1,0.6103129982948303
41,2,GSM331494,1,0.7176987528800964
41,2,GSM331495,1,0.4135189652442932
41,2,GSM331498,1,0.31193849444389343
41,2,GSM331499,1,0.4736195206642151
41,2,GSM331504,1,0.5674781799316406
41,2,GSM331507,1,0.19142381846904755
41,2,GSM331510,1,0.45801571011543274
41,2,GSM331515,1,0.44616323709487915
41,2,GSM331516,1,0.5978690981864929
41,2,GSM331518,1,0.5700425505638123
41,2,GSM331519,1,0.2916465997695923
41,2,GSM331520,1,0.5724483728408813
41,2,GSM331521,1,0.2466837614774704
41,2,GSM331522,1,0.2403504103422165
41,2,GSM331523,1,0.7864238619804382
41,2,GSM331525,1,0.30878782272338867
41,2,GSM331527,1,0.49185439944267273
41,2,GSM331528,1,0.5295265316963196
41,2,GSM331531,1,0.31490394473075867
41,2,GSM331537,1,0.7406409978866577
41,2,GSM331538,1,0.5262793898582458
41,2,GSM331541,1,0.6737704873085022
41,2,GSM331542,1,0.34262335300445557
41,2,GSM331543,1,0.7503174543380737
41,2,GSM331546,1,0.6679205298423767
41,2,GSM331547,1,0.5067312121391296
41,2,GSM331550,1,0.2618440091609955
41,2,GSM331551,1,0.5580869913101196
41,2,GSM331552,1,0.35464349389076233
41,2,GSM331554,1,0.26216933131217957
41,2,GSM331556,1,0.6725395917892456
41,2,GSM331557,1,0.6028079986572266
41,2,GSM331558,1,0.19612358510494232
41,2,GSM331561,1,0.8148290514945984
41,2,GSM331563,1,0.7100247144699097
41,2,GSM331564,1,0.6293560862541199
41,2,GSM331566,1,0.7421388030052185
41,2,GSM331567,1,0.5131338238716125
41,2,GSM331568,1,0.8921419382095337
41,2,GSM331569,1,0.5765489339828491
41,2,GSM331570,1,0.7020140886306763
41,2,GSM331577,1,0.6394975781440735
41,2,GSM331580,1,0.5364702939987183
41,2,GSM331581,1,0.28249725699424744
41,2,GSM331582,1,0.21864336729049683
41,2,GSM331583,1,0.317333847284317
41,2,GSM331587,1,0.7065131664276123
41,2,GSM331588,1,0.5146111249923706
41,2,GSM331592,1,0.5641300082206726
41,2,GSM331593,1,0.18260358273983002
41,2,GSM331595,1,0.7625946402549744
41,2,GSM331596,1,0.4516988694667816
41,2,GSM331598,1,0.1436440497636795
41,2,GSM331600,1,0.7557210326194763
41,2,GSM331602,1,0.4573163092136383
41,2,GSM331609,1,0.44379428029060364
41,2,GSM331612,1,0.6742181181907654
41,2,GSM331615,1,0.6737123727798462
41,2,GSM331618,1,0.7745967507362366
41,2,GSM331619,1,0.45632073283195496
41,2,GSM331620,1,0.5578242540359497
41,2,GSM331621,1,0.4435720443725586
41,2,GSM331624,1,0.4064218997955322
41,2,GSM331625,1,0.5160706043243408
41,2,GSM331627,1,0.514523983001709
41,2,GSM331628,1,0.4775039553642273
41,2,GSM331630,1,0.5349720120429993
41,2,GSM331631,1,0.17589645087718964
41,2,GSM331633,1,0.20543673634529114
41,2,GSM331635,1,0.2640521824359894
41,2,GSM331640,1,0.21391864120960236
41,2,GSM331643,1,0.7132459282875061
41,2,GSM331645,1,0.16737744212150574
41,2,GSM331647,1,0.44783544540405273
41,2,GSM331648,1,0.33384406566619873
41,2,GSM331650,1,0.4798184335231781
41,2,GSM331652,1,0.8251176476478577
41,2,GSM331653,1,0.3989205062389374
41,2,GSM331654,1,0.8231821060180664
41,2,GSM331655,1,0.2300066202878952
41,2,GSM331657,1,0.7463862299919128
42,1,GSM331638,0,0.4880695939064026
42,1,GSM331662,0,0.5122603178024292
42,1,GSM331668,0,0.5796112418174744
42,1,GSM331669,0,0.825141191482544
42,1,GSM331670,0,0.4946012794971466
42,1,GSM331671,0,0.6663313508033752
42,1,GSM331672,0,0.5767518877983093
42,1,GSM331673,0,0.45528391003608704
42,1,GSM331674,0,0.6418021321296692
42,1,GSM331677,0,0.4689220190048218
42,1,GSM331678,0,0.4135853946208954
42,1,GSM331679,0,0.6435577273368835
42,1,GSM331681,0,0.5979771018028259
42,1,GSM331684,0,0.305207222700119
42,1,GSM331686,0,0.5568757653236389
42,1,GSM331687,0,0.38744521141052246
42,1,GSM331689,0,0.4234652519226074
42,1,GSM331691,0,0.41384220123291016
42,1,GSM331693,0,0.37069958448410034
42,1,GSM331694,0,0.4887191951274872
42,1,GSM331695,0,0.39515602588653564
42,1,GSM331696,0,0.5481951236724854
42,1,GSM331699,0,0.5868356823921204
42,1,GSM331700,0,0.6019537448883057
42,1,GSM331702,0,0.5091208815574646
42,1,GSM331704,0,0.6212326884269714
42,1,GSM331705,0,0.4020664095878601
42,1,GSM331708,0,0.7348417639732361
42,1,GSM331709,0,0.37954020500183105
42,1,GSM331710,0,0.22033125162124634
42,1,GSM331711,0,0.6246462464332581
42,1,GSM331713,0,0.4675409197807312
42,1,GSM331715,0,0.5336347222328186
42,1,GSM331719,0,0.32666876912117004
42,1,GSM331721,0,0.7789300084114075
42,1,GSM331722,0,0.5031623244285583
42,1,GSM331726,0,0.3832927942276001
42,1,GSM331453,1,0.5311821103096008
42,1,GSM331454,1,0.5247191190719604
42,1,GSM331455,1,0.25638553500175476
42,1,GSM331456,1,0.5019166469573975
42,1,GSM331457,1,0.6133537292480469
42,1,GSM331460,1,0.7301092147827148
42,1,GSM331462,1,0.6824550628662109
42,1,GSM331463,1,0.3280014395713806
42,1,GSM331464,1,0.4563731849193573
42,1,GSM331465,1,0.4117148518562317
42,1,GSM331468,1,0.6584743857383728
42,1,GSM331469,1,0.5997716784477234
42,1,GSM331470,1,0.49926823377609253
42,1,GSM331471,1,0.5712939500808716
42,1,GSM331472,1,0.34460487961769104
42,1,GSM331473,1,0.3858111500740051
42,1,GSM331476,1,0.6988615989685059
42,1,GSM331477,1,0.3410307765007019
42,1,GSM331478,1,0.41631272435188293
42,1,GSM331480,1,0.5926106572151184
42,1,GSM331485,1,0.48185861110687256
42,1,GSM331486,1,0.608912467956543
42,1,GSM331487,1,0.5989208817481995
42,1,GSM331488,1,0.5449362397193909
42,1,GSM331493,1,0.3583792746067047
42,1,GSM331495,1,0.5109376907348633
42,1,GSM331498,1,0.4148302674293518
42,1,GSM331500,1,0.5378333330154419
42,1,GSM331501,1,0.5952545404434204
42,1,GSM331502,1,0.5808441638946533
42,1,GSM331503,1,0.3080240786075592
42,1,GSM331511,1,0.650492787361145
42,1,GSM331513,1,0.6729348301887512
42,1,GSM331514,1,0.479887992143631
42,1,GSM331515,1,0.5236556529998779
42,1,GSM331516,1,0.6142120957374573
42,1,GSM331517,1,0.6241900324821472
42,1,GSM331520,1,0.45842814445495605
42,1,GSM331523,1,0.4651090204715729
42,1,GSM331524,1,0.5362054109573364
42,1,GSM331525,1,0.49334079027175903
42,1,GSM331526,1,0.49991655349731445
42,1,GSM331528,1,0.6131371259689331
42,1,GSM331529,1,0.49679452180862427
42,1,GSM331530,1,0.3770188093185425
42,1,GSM331531,1,0.5268574357032776
42,1,GSM331533,1,0.5972355604171753
42,1,GSM331535,1,0.4237739145755768
42,1,GSM331536,1,0.7527057528495789
42,1,GSM331537,1,0.5542885065078735
42,1,GSM331538,1,0.27931755781173706
42,1,GSM331540,1,0.49276360869407654
42,1,GSM331541,1,0.6746482253074646
42,1,GSM331542,1,0.4840628504753113
42,1,GSM331547,1,0.522729754447937
42,1,GSM331550,1,0.48634764552116394
42,1,GSM331557,1,0.5799907445907593
42,1,GSM331560,1,0.4702627956867218
42,1,GSM331561,1,0.6235803961753845
42,1,GSM331562,1,0.5874217748641968
42,1,GSM331563,1,0.7380741238594055
42,1,GSM331564,1,0.4216749668121338
42,1,GSM331565,1,0.5498294830322266
42,1,GSM331568,1,0.7479605078697205
42,1,GSM331569,1,0.43521007895469666
42,1,GSM331570,1,0.4359259605407715
42,1,GSM331571,1,0.5560490489006042
42,1,GSM331574,1,0.4816707372665405
42,1,GSM331575,1,0.634694516658783
42,1,GSM331577,1,0.579395055770874
42,1,GSM331581,1,0.4031398296356201
42,1,GSM331589,1,0.48288583755493164
42,1,GSM331590,1,0.43532198667526245
42,1,GSM331591,1,0.7578670382499695
42,1,GSM331592,1,0.5960637927055359
42,1,GSM331594,1,0.5928038954734802
42,1,GSM331597,1,0.45776739716529846
42,1,GSM331598,1,0.38355687260627747
42,1,GSM331599,1,0.8034812211990356
42,1,GSM331602,1,0.48991164565086365
42,1,GSM331603,1,0.5830823183059692
42,1,GSM331608,1,0.38802194595336914
42,1,GSM331611,1,0.46311211585998535
42,1,GSM331612,1,0.5174819231033325
42,1,GSM331614,1,0.4251743257045746
42,1,GSM331616,1,0.43575504422187805
42,1,GSM331617,1,0.75557541847229
42,1,GSM331618,1,0.6004930138587952
42,1,GSM331619,1,0.5205613374710083
42,1,GSM331620,1,0.5013037919998169
42,1,GSM331625,1,0.5158272385597229
42,1,GSM331627,1,0.4516456425189972
42,1,GSM331628,1,0.43000054359436035
42,1,GSM331633,1,0.41461214423179626
42,1,GSM331634,1,0.36807218194007874
42,1,GSM331635,1,0.3510470390319824
42,1,GSM331637,1,0.4959416091442108
42,1,GSM331643,1,0.7691113352775574
42,1,GSM331644,1,0.3711177110671997
42,1,GSM331647,1,0.5483567714691162
42,1,GSM331650,1,0.3774971067905426
42,1,GSM331651,1,0.4618857204914093
42,1,GSM331654,1,0.7016435265541077
42,2,GSM331660,0,0.34479010105133057
42,2,GSM331661,0,0.6201461553573608
42,2,GSM331663,0,0.5511237978935242
42,2,GSM331664,0,0.47431543469429016
42,2,GSM331665,0,0.6668252944946289
42,2,GSM331666,0,0.41169029474258423
42,2,GSM331675,0,0.31032800674438477
42,2,GSM331676,0,0.4662371575832367
42,2,GSM331680,0,0.4364738166332245
42,2,GSM331682,0,0.38320258259773254
42,2,GSM331683,0,0.597611129283905
42,2,GSM331685,0,0.3901682496070862
42,2,GSM331688,0,0.5985324382781982
42,2,GSM331690,0,0.5164860486984253
42,2,GSM331692,0,0.27513179183006287
42,2,GSM331697,0,0.47433388233184814
42,2,GSM331698,0,0.4815051853656769
42,2,GSM331701,0,0.4404444098472595
42,2,GSM331703,0,0.44982942938804626
42,2,GSM331706,0,0.6966962218284607
42,2,GSM331707,0,0.5041451454162598
42,2,GSM331712,0,0.30411168932914734
42,2,GSM331714,0,0.7436400055885315
42,2,GSM331716,0,0.8180915117263794
42,2,GSM331717,0,0.5121076703071594
42,2,GSM331718,0,0.6595544815063477
42,2,GSM331720,0,0.42917513847351074
42,2,GSM331723,0,0.6302802562713623
42,2,GSM331724,0,0.5497201681137085
42,2,GSM331725,0,0.7201225757598877
42,2,GSM331727,0,0.36842697858810425
42,2,GSM331728,0,0.2531431317329407
42,2,GSM331729,0,0.23870140314102173
42,2,GSM331730,0,0.45572736859321594
42,2,GSM331731,0,0.6331390142440796
42,2,GSM331732,0,0.602003812789917
42,2,GSM331458,1,0.3797774612903595
42,2,GSM331459,1,0.7198514938354492
42,2,GSM331461,1,0.49184390902519226
42,2,GSM331466,1,0.6379227042198181
42,2,GSM331467,1,0.16705794632434845
42,2,GSM331474,1,0.42565974593162537
42,2,GSM331475,1,0.2850230634212494
42,2,GSM331479,1,0.4319542944431305
42,2,GSM331481,1,0.7195109128952026
42,2,GSM331482,1,0.20796266198158264
42,2,GSM331483,1,0.6704658269882202
42,2,GSM331484,1,0.5100035667419434
42,2,GSM331489,1,0.480257511138916
42,2,GSM331490,1,0.34701308608055115
42,2,GSM331491,1,0.5336812734603882
42,2,GSM331492,1,0.3493320345878601
42,2,GSM331494,1,0.6947972774505615
42,2,GSM331496,1,0.33615246415138245
42,2,GSM331497,1,0.5287817716598511
42,2,GSM331499,1,0.3044821321964264
42,2,GSM331504,1,0.416806697845459
42,2,GSM331505,1,0.5560872554779053
42,2,GSM331506,1,0.36600399017333984
42,2,GSM331507,1,0.24164634943008423
42,2,GSM331508,1,0.48413750529289246
42,2,GSM331509,1,0.3662399649620056
42,2,GSM331510,1,0.4723069965839386
42,2,GSM331512,1,0.39926010370254517
42,2,GSM331518,1,0.3835875988006592
42,2,GSM331519,1,0.3379996120929718
42,2,GSM331521,1,0.5412692427635193
42,2,GSM331522,1,0.3078210651874542
42,2,GSM331527,1,0.4254666566848755
42,2,GSM331532,1,0.3061695694923401
42,2,GSM331534,1,0.6716890931129456
42,2,GSM331539,1,0.319726824760437
42,2,GSM331543,1,0.5666690468788147
42,2,GSM331544,1,0.21546073257923126
42,2,GSM331545,1,0.5554225444793701
42,2,GSM331546,1,0.5354896187782288
42,2,GSM331548,1,0.6423664093017578
42,2,GSM331549,1,0.5670605897903442
42,2,GSM331551,1,0.5366225838661194
42,2,GSM331552,1,0.3070918619632721
42,2,GSM331553,1,0.6477912068367004
42,2,GSM331554,1,0.31528177857398987
42,2,GSM331555,1,0.21439598500728607
42,2,GSM331556,1,0.7084790468215942
42,2,GSM331558,1,0.18207964301109314
42,2,GSM331559,1,0.734404444694519
42,2,GSM331566,1,0.6249381899833679
42,2,GSM331567,1,0.27494004368782043
42,2,GSM331572,1,0.3221760392189026
42,2,GSM331573,1,0.6044328212738037
42,2,GSM331576,1,0.37263840436935425
42,2,GSM331578,1,0.5815110802650452
42,2,GSM331579,1,0.4796062707901001
42,2,GSM331580,1,0.6520923376083374
42,2,GSM331582,1,0.3733723759651184
42,2,GSM331583,1,0.4278400242328644
42,2,GSM331584,1,0.2843582034111023
42,2,GSM331585,1,0.43396851420402527
42,2,GSM331586,1,0.28285902738571167
42,2,GSM331587,1,0.6003034710884094
42,2,GSM331588,1,0.35993337631225586
42,2,GSM331593,1,0.31166189908981323
42,2,GSM331595,1,0.332823246717453
42,2,GSM331596,1,0.5766883492469788
42,2,GSM331600,1,0.6471307873725891
42,2,GSM331601,1,0.37910765409469604
42,2,GSM331604,1,0.316281259059906
42,2,GSM331605,1,0.4603671729564667
42,2,GSM331606,1,0.3574168086051941
42,2,GSM331607,1,0.5508908629417419
42,2,GSM331609,1,0.4443925619125366
42,2,GSM331610,1,0.6744104027748108
42,2,GSM331613,1,0.31713342666625977
42,2,GSM331615,1,0.40236297249794006
42,2,GSM331621,1,0.3952033221721649
42,2,GSM331622,1,0.5562430024147034
42,2,GSM331623,1,0.4268516004085541
42,2,GSM331624,1,0.38208797574043274
42,2,GSM331626,1,0.2788831293582916
42,2,GSM331629,1,0.2786516845226288
42,2,GSM331630,1,0.361817330121994
42,2,GSM331631,1,0.3077981173992157
42,2,GSM331632,1,0.29122528433799744
42,2,GSM331636,1,0.2570302486419678
42,2,GSM331639,1,0.28032201528549194
42,2,GSM331640,1,0.22646701335906982
42,2,GSM331641,1,0.38726839423179626
42,2,GSM331642,1,0.4148404598236084
42,2,GSM331645,1,0.25721198320388794
42,2,GSM331646,1,0.20868898928165436
42,2,GSM331648,1,0.3222135901451111
42,2,GSM331649,1,0.5380017161369324
42,2,GSM331652,1,0.7175937294960022
42,2,GSM331653,1,0.3614080548286438
42,2,GSM331655,1,0.26667892932891846
42,2,GSM331656,1,0.34200894832611084
42,2,GSM331657,1,0.6525084376335144
42,2,GSM331658,1,0.4945351481437683
42,2,GSM331659,1,0.6963066458702087
43,1,GSM331660,0,0.10002832859754562
43,1,GSM331662,0,0.37991464138031006
43,1,GSM331663,0,0.4792092740535736
43,1,GSM331666,0,0.26939138770103455
43,1,GSM331668,0,0.5534963011741638
43,1,GSM331669,0,0.9733858108520508
43,1,GSM331670,0,0.7523672580718994
43,1,GSM331673,0,0.4940573573112488
43,1,GSM331674,0,0.8729616403579712
43,1,GSM331675,0,0.22109252214431763
43,1,GSM331676,0,0.7620525360107422
43,1,GSM331677,0,0.24712373316287994
43,1,GSM331679,0,0.6998254656791687
43,1,GSM331681,0,0.8884745836257935
43,1,GSM331682,0,0.7953792214393616
43,1,GSM331683,0,0.7801320552825928
43,1,GSM331685,0,0.2647915780544281
43,1,GSM331689,0,0.45327743887901306
43,1,GSM331690,0,0.9444736242294312
43,1,GSM331691,0,0.6016219854354858
43,1,GSM331692,0,0.485053151845932
43,1,GSM331695,0,0.1596786081790924
43,1,GSM331697,0,0.2027035802602768
43,1,GSM331704,0,0.8717024326324463
43,1,GSM331705,0,0.41311177611351013
43,1,GSM331707,0,0.7002907991409302
43,1,GSM331711,0,0.2960105836391449
43,1,GSM331713,0,0.5528023838996887
43,1,GSM331715,0,0.41181114315986633
43,1,GSM331716,0,0.9953619241714478
43,1,GSM331717,0,0.9096658229827881
43,1,GSM331721,0,0.9306806325912476
43,1,GSM331726,0,0.06611289829015732
43,1,GSM331728,0,0.08713478595018387
43,1,GSM331729,0,0.045031096786260605
43,1,GSM331730,0,0.5449930429458618
43,1,GSM331731,0,0.6584598422050476
43,1,GSM331453,1,0.42313525080680847
43,1,GSM331454,1,0.8113235235214233
43,1,GSM331455,1,0.2871585786342621
43,1,GSM331457,1,0.5962204933166504
43,1,GSM331458,1,0.43249356746673584
43,1,GSM331460,1,0.6526200771331787
43,1,GSM331461,1,0.2790205478668213
43,1,GSM331462,1,0.8914622068405151
43,1,GSM331463,1,0.07035800814628601
43,1,GSM331467,1,0.2485828995704651
43,1,GSM331468,1,0.5230374932289124
43,1,GSM331469,1,0.42630332708358765
43,1,GSM331472,1,0.42618629336357117
43,1,GSM331474,1,0.22427672147750854
43,1,GSM331480,1,0.5873602032661438
43,1,GSM331481,1,0.5815149545669556
43,1,GSM331487,1,0.7868845462799072
43,1,GSM331491,1,0.7980411648750305
43,1,GSM331492,1,0.19583064317703247
43,1,GSM331497,1,0.7384238839149475
43,1,GSM331498,1,0.3815614879131317
43,1,GSM331501,1,0.4925486445426941
43,1,GSM331502,1,0.7186114192008972
43,1,GSM331503,1,0.5290185809135437
43,1,GSM331504,1,0.599465548992157
43,1,GSM331505,1,0.6056762337684631
43,1,GSM331508,1,0.4513988196849823
43,1,GSM331510,1,0.17070649564266205
43,1,GSM331512,1,0.671379029750824
43,1,GSM331513,1,0.7705394625663757
43,1,GSM331515,1,0.20019711554050446
43,1,GSM331518,1,0.4443225860595703
43,1,GSM331521,1,0.25984108448028564
43,1,GSM331522,1,0.4397183060646057
43,1,GSM331524,1,0.6329922080039978
43,1,GSM331529,1,0.5769605040550232
43,1,GSM331533,1,0.8702609539031982
43,1,GSM331535,1,0.6447953581809998
43,1,GSM331536,1,0.45845431089401245
43,1,GSM331539,1,0.3728359043598175
43,1,GSM331540,1,0.38221490383148193
43,1,GSM331542,1,0.40915125608444214
43,1,GSM331543,1,0.70110023021698
43,1,GSM331545,1,0.8325008153915405
43,1,GSM331548,1,0.5804676413536072
43,1,GSM331557,1,0.6183110475540161
43,1,GSM331558,1,0.3393312990665436
43,1,GSM331559,1,0.7697414755821228
43,1,GSM331560,1,0.7632081508636475
43,1,GSM331561,1,0.6497418284416199
43,1,GSM331563,1,0.8900705575942993
43,1,GSM331564,1,0.2995930016040802
43,1,GSM331567,1,0.18348398804664612
43,1,GSM331568,1,0.8928481340408325
43,1,GSM331570,1,0.7916944622993469
43,1,GSM331572,1,0.801090657711029
43,1,GSM331573,1,0.8786101937294006
43,1,GSM331575,1,0.8836619853973389
43,1,GSM331576,1,0.3814249038696289
43,1,GSM331577,1,0.8155814409255981
43,1,GSM331578,1,0.8522524237632751
43,1,GSM331584,1,0.4058530628681183
43,1,GSM331585,1,0.8377732634544373
43,1,GSM331586,1,0.5681629776954651
43,1,GSM331587,1,0.5585319399833679
43,1,GSM331590,1,0.2821842432022095
43,1,GSM331592,1,0.5191049575805664
43,1,GSM331596,1,0.5802626013755798
43,1,GSM331597,1,0.4923214316368103
43,1,GSM331598,1,0.6207132339477539
43,1,GSM331600,1,0.893541157245636
43,1,GSM331603,1,0.4650711715221405
43,1,GSM331604,1,0.3083096146583557
43,1,GSM331605,1,0.4710211455821991
43,1,GSM331607,1,0.7361043095588684
43,1,GSM331608,1,0.15594007074832916
43,1,GSM331609,1,0.43523910641670227
43,1,GSM331610,1,0.8891595005989075
43,1,GSM331613,1,0.20293959975242615
43,1,GSM331614,1,0.44781190156936646
43,1,GSM331615,1,0.18165244162082672
43,1,GSM331618,1,0.6942969560623169
43,1,GSM331620,1,0.3339347541332245
43,1,GSM331621,1,0.5603878498077393
43,1,GSM331624,1,0.581752598285675
43,1,GSM331626,1,0.2646338641643524
43,1,GSM331627,1,0.6048172116279602
43,1,GSM331631,1,0.3437340557575226
43,1,GSM331633,1,0.1296645551919937
43,1,GSM331634,1,0.23789678514003754
43,1,GSM331636,1,0.3595776855945587
43,1,GSM331639,1,0.19740904867649078
43,1,GSM331640,1,0.10276413708925247
43,1,GSM331641,1,0.8183175921440125
43,1,GSM331642,1,0.6004696488380432
43,1,GSM331644,1,0.5903698801994324
43,1,GSM331645,1,0.42445117235183716
43,1,GSM331646,1,0.14832092821598053
43,1,GSM331648,1,0.46325230598449707
43,1,GSM331653,1,0.5348345637321472
43,1,GSM331654,1,0.836872398853302
43,1,GSM331656,1,0.23352883756160736
43,1,GSM331657,1,0.8126804232597351
43,2,GSM331638,0,0.3405000567436218
43,2,GSM331661,0,0.8822261095046997
43,2,GSM331664,0,0.20485706627368927
43,2,GSM331665,0,0.9104337096214294
43,2,GSM331671,0,0.7879884243011475
43,2,GSM331672,0,0.7695057988166809
43,2,GSM331678,0,0.05659881606698036
43,2,GSM331680,0,0.7748884558677673
43,2,GSM331684,0,0.45947638154029846
43,2,GSM331686,0,0.8620284795761108
43,2,GSM331687,0,0.21355123817920685
43,2,GSM331688,0,0.6338316202163696
43,2,GSM331693,0,0.7239564657211304
43,2,GSM331694,0,0.6266863942146301
43,2,GSM331696,0,0.22599190473556519
43,2,GSM331698,0,0.526128888130188
43,2,GSM331699,0,0.5701038241386414
43,2,GSM331700,0,0.7185832262039185
43,2,GSM331701,0,0.4553624987602234
43,2,GSM331702,0,0.8805636167526245
43,2,GSM331703,0,0.22490203380584717
43,2,GSM331706,0,0.9854507446289062
43,2,GSM331708,0,0.846585214138031
43,2,GSM331709,0,0.13555492460727692
43,2,GSM331710,0,0.2525825798511505
43,2,GSM331712,0,0.7567298412322998
43,2,GSM331714,0,0.5875062942504883
43,2,GSM331718,0,0.8964053392410278
43,2,GSM331719,0,0.32960081100463867
43,2,GSM331720,0,0.3797875642776489
43,2,GSM331722,0,0.6724025011062622
43,2,GSM331723,0,0.8444430828094482
43,2,GSM331724,0,0.4298652410507202
43,2,GSM331725,0,0.8665179014205933
43,2,GSM331727,0,0.32197949290275574
43,2,GSM331732,0,0.8707684278488159
43,2,GSM331456,1,0.559462308883667
43,2,GSM331459,1,0.9543004631996155
43,2,GSM331464,1,0.38057804107666016
43,2,GSM331465,1,0.5194399952888489
43,2,GSM331466,1,0.22796905040740967
43,2,GSM331470,1,0.5630740523338318
43,2,GSM331471,1,0.9066552519798279
43,2,GSM331473,1,0.3595200479030609
43,2,GSM331475,1,0.3355003595352173
43,2,GSM331476,1,0.518307626247406
43,2,GSM331477,1,0.6346904039382935
43,2,GSM331478,1,0.5711269974708557
43,2,GSM331479,1,0.44066712260246277
43,2,GSM331482,1,0.4281817674636841
43,2,GSM331483,1,0.5973971486091614
43,2,GSM331484,1,0.08769764006137848
43,2,GSM331485,1,0.7684769034385681
43,2,GSM331486,1,0.6177932620048523
43,2,GSM331488,1,0.6424739956855774
43,2,GSM331489,1,0.8784980773925781
43,2,GSM331490,1,0.4828585088253021
43,2,GSM331493,1,0.2889863848686218
43,2,GSM331494,1,0.7971394658088684
43,2,GSM331495,1,0.22598907351493835
43,2,GSM331496,1,0.4369567930698395
43,2,GSM331499,1,0.2575136721134186
43,2,GSM331500,1,0.41506850719451904
43,2,GSM331506,1,0.6073442697525024
43,2,GSM331507,1,0.14967398345470428
43,2,GSM331509,1,0.2170255035161972
43,2,GSM331511,1,0.5682811141014099
43,2,GSM331514,1,0.3181287944316864
43,2,GSM331516,1,0.6764761209487915
43,2,GSM331517,1,0.5811330080032349
43,2,GSM331519,1,0.5170629024505615
43,2,GSM331520,1,0.7299807071685791
43,2,GSM331523,1,0.5630038380622864
43,2,GSM331525,1,0.37317612767219543
43,2,GSM331526,1,0.7158140540122986
43,2,GSM331527,1,0.6555934548377991
43,2,GSM331528,1,0.48371362686157227
43,2,GSM331530,1,0.09983193129301071
43,2,GSM331531,1,0.5599620342254639
43,2,GSM331532,1,0.22241109609603882
43,2,GSM331534,1,0.7950952053070068
43,2,GSM331537,1,0.8180053234100342
43,2,GSM331538,1,0.15582275390625
43,2,GSM331541,1,0.8706055879592896
43,2,GSM331544,1,0.32817456126213074
43,2,GSM331546,1,0.5332008600234985
43,2,GSM331547,1,0.5945954918861389
43,2,GSM331549,1,0.9186957478523254
43,2,GSM331550,1,0.18532365560531616
43,2,GSM331551,1,0.4375704228878021
43,2,GSM331552,1,0.5810249447822571
43,2,GSM331553,1,0.9057186841964722
43,2,GSM331554,1,0.1295502632856369
43,2,GSM331555,1,0.13215051591396332
43,2,GSM331556,1,0.43142497539520264
43,2,GSM331562,1,0.11782713979482651
43,2,GSM331565,1,0.9179189801216125
43,2,GSM331566,1,0.6988274455070496
43,2,GSM331569,1,0.7742669582366943
43,2,GSM331571,1,0.4764719009399414
43,2,GSM331574,1,0.5861528515815735
43,2,GSM331579,1,0.6406583189964294
43,2,GSM331580,1,0.2782880663871765
43,2,GSM331581,1,0.19414973258972168
43,2,GSM331582,1,0.44811132550239563
43,2,GSM331583,1,0.30874574184417725
43,2,GSM331588,1,0.6425378918647766
43,2,GSM331589,1,0.6659665107727051
43,2,GSM331591,1,0.7110685110092163
43,2,GSM331593,1,0.36107194423675537
43,2,GSM331594,1,0.6001065373420715
43,2,GSM331595,1,0.6107667684555054
43,2,GSM331599,1,0.9161218404769897
43,2,GSM331601,1,0.3291762173175812
43,2,GSM331602,1,0.24508824944496155
43,2,GSM331606,1,0.5004562735557556
43,2,GSM331611,1,0.618053674697876
43,2,GSM331612,1,0.7053332924842834
43,2,GSM331616,1,0.43415066599845886
43,2,GSM331617,1,0.9116888046264648
43,2,GSM331619,1,0.5101993680000305
43,2,GSM331622,1,0.9614771008491516
43,2,GSM331623,1,0.13753850758075714
43,2,GSM331625,1,0.918127715587616
43,2,GSM331628,1,0.3017522692680359
43,2,GSM331629,1,0.19270329177379608
43,2,GSM331630,1,0.16275480389595032
43,2,GSM331632,1,0.22910647094249725
43,2,GSM331635,1,0.2641250789165497
43,2,GSM331637,1,0.5587823390960693
43,2,GSM331643,1,0.7919207811355591
43,2,GSM331647,1,0.5471876859664917
43,2,GSM331649,1,0.2176806777715683
43,2,GSM331650,1,0.5862056016921997
43,2,GSM331651,1,0.270896852016449
43,2,GSM331652,1,0.741138756275177
43,2,GSM331655,1,0.4964047074317932
43,2,GSM331658,1,0.9018064141273499
43,2,GSM331659,1,0.9411407709121704
44,1,GSM331664,0,0.13338540494441986
44,1,GSM331665,0,0.45258477330207825
44,1,GSM331666,0,0.3692367970943451
44,1,GSM331668,0,0.572442352771759
44,1,GSM331670,0,0.3956572413444519
44,1,GSM331671,0,0.6093634366989136
44,1,GSM331672,0,0.6131612062454224
44,1,GSM331673,0,0.504951000213623
44,1,GSM331674,0,0.42417800426483154
44,1,GSM331676,0,0.7340593934059143
44,1,GSM331678,0,0.15035653114318848
44,1,GSM331680,0,0.7598534822463989
44,1,GSM331682,0,0.39928796887397766
44,1,GSM331686,0,0.22760361433029175
44,1,GSM331687,0,0.3961053490638733
44,1,GSM331689,0,0.3328215777873993
44,1,GSM331691,0,0.6609141826629639
44,1,GSM331693,0,0.47879788279533386
44,1,GSM331696,0,0.5409744381904602
44,1,GSM331698,0,0.271415114402771
44,1,GSM331700,0,0.24331460893154144
44,1,GSM331702,0,0.37186169624328613
44,1,GSM331703,0,0.6210157871246338
44,1,GSM331705,0,0.1358286589384079
44,1,GSM331708,0,0.6918132305145264
44,1,GSM331709,0,0.18560941517353058
44,1,GSM331712,0,0.42199447751045227
44,1,GSM331713,0,0.28822189569473267
44,1,GSM331715,0,0.41250932216644287
44,1,GSM331721,0,0.5903702974319458
44,1,GSM331724,0,0.3241930305957794
44,1,GSM331725,0,0.6172968745231628
44,1,GSM331727,0,0.30555909872055054
44,1,GSM331728,0,0.18916171789169312
44,1,GSM331729,0,0.058334704488515854
44,1,GSM331730,0,0.587655246257782
44,1,GSM331732,0,0.804489016532898
44,1,GSM331453,1,0.19946463406085968
44,1,GSM331457,1,0.28892871737480164
44,1,GSM331460,1,0.7750807404518127
44,1,GSM331464,1,0.2677066922187805
44,1,GSM331468,1,0.7572262287139893
44,1,GSM331470,1,0.7634168863296509
44,1,GSM331471,1,0.8118505477905273
44,1,GSM331473,1,0.16816040873527527
44,1,GSM331475,1,0.15742327272891998
44,1,GSM331479,1,0.3119298219680786
44,1,GSM331480,1,0.8073431849479675
44,1,GSM331481,1,0.6997465491294861
44,1,GSM331482,1,0.2641139030456543
44,1,GSM331484,1,0.3003374934196472
44,1,GSM331486,1,0.40239909291267395
44,1,GSM331487,1,0.8787323832511902
44,1,GSM331490,1,0.40174931287765503
44,1,GSM331493,1,0.3190716803073883
44,1,GSM331495,1,0.45978105068206787
44,1,GSM331496,1,0.10914376378059387
44,1,GSM331499,1,0.14459840953350067
44,1,GSM331500,1,0.2591390609741211
44,1,GSM331502,1,0.7650879621505737
44,1,GSM331503,1,0.3745690882205963
44,1,GSM331505,1,0.5777197480201721
44,1,GSM331506,1,0.4288881719112396
44,1,GSM331508,1,0.5137652158737183
44,1,GSM331509,1,0.16900968551635742
44,1,GSM331511,1,0.8069400191307068
44,1,GSM331515,1,0.23329269886016846
44,1,GSM331516,1,0.7389949560165405
44,1,GSM331518,1,0.5573160648345947
44,1,GSM331519,1,0.4878793954849243
44,1,GSM331520,1,0.6674489974975586
44,1,GSM331521,1,0.30502650141716003
44,1,GSM331522,1,0.4263399541378021
44,1,GSM331523,1,0.6797395944595337
44,1,GSM331525,1,0.24595217406749725
44,1,GSM331527,1,0.496866911649704
44,1,GSM331529,1,0.2945352792739868
44,1,GSM331530,1,0.46106523275375366
44,1,GSM331531,1,0.12975162267684937
44,1,GSM331533,1,0.8286639451980591
44,1,GSM331534,1,0.4558356702327728
44,1,GSM331535,1,0.3625628650188446
44,1,GSM331537,1,0.8634142875671387
44,1,GSM331541,1,0.7244667410850525
44,1,GSM331542,1,0.33535200357437134
44,1,GSM331544,1,0.16144751012325287
44,1,GSM331545,1,0.5886074304580688
44,1,GSM331546,1,0.6076871156692505
44,1,GSM331547,1,0.6821601390838623
44,1,GSM331548,1,0.6047507524490356
44,1,GSM331549,1,0.9156385660171509
44,1,GSM331550,1,0.3431256413459778
44,1,GSM331555,1,0.1503664255142212
44,1,GSM331556,1,0.7752333283424377
44,1,GSM331562,1,0.5956011414527893
44,1,GSM331563,1,0.46611452102661133
44,1,GSM331564,1,0.4948732852935791
44,1,GSM331565,1,0.6921172738075256
44,1,GSM331568,1,0.7018598914146423
44,1,GSM331571,1,0.4431345462799072
44,1,GSM331573,1,0.52451092004776
44,1,GSM331574,1,0.6574187278747559
44,1,GSM331577,1,0.4382780194282532
44,1,GSM331578,1,0.4971868395805359
44,1,GSM331579,1,0.20631127059459686
44,1,GSM331581,1,0.12502793967723846
44,1,GSM331582,1,0.507097065448761
44,1,GSM331583,1,0.2808603048324585
44,1,GSM331584,1,0.12692388892173767
44,1,GSM331585,1,0.4772680401802063
44,1,GSM331586,1,0.11366221308708191
44,1,GSM331590,1,0.47717398405075073
44,1,GSM331592,1,0.5842607617378235
44,1,GSM331594,1,0.40339741110801697
44,1,GSM331597,1,0.5790355205535889
44,1,GSM331598,1,0.3718883693218231
44,1,GSM331600,1,0.8378074765205383
44,1,GSM331601,1,0.15367047488689423
44,1,GSM331602,1,0.40012210607528687
44,1,GSM331604,1,0.14679956436157227
44,1,GSM331609,1,0.3796583116054535
44,1,GSM331611,1,0.8073944449424744
44,1,GSM331612,1,0.48605450987815857
44,1,GSM331613,1,0.5074531435966492
44,1,GSM331614,1,0.37300315499305725
44,1,GSM331617,1,0.8740589022636414
44,1,GSM331619,1,0.4388909637928009
44,1,GSM331624,1,0.8336744904518127
44,1,GSM331625,1,0.5658103823661804
44,1,GSM331630,1,0.25955578684806824
44,1,GSM331637,1,0.494341641664505
44,1,GSM331640,1,0.20152269303798676
44,1,GSM331641,1,0.6386820673942566
44,1,GSM331646,1,0.09847442060709
44,1,GSM331649,1,0.8953468799591064
44,1,GSM331650,1,0.4692830443382263
44,1,GSM331651,1,0.44386792182922363
44,1,GSM331656,1,0.22308272123336792
44,1,GSM331658,1,0.5618847012519836
44,1,GSM331659,1,0.6934261918067932
44,2,GSM331638,0,0.47974851727485657
44,2,GSM331660,0,0.3685604929924011
44,2,GSM331661,0,0.6532896757125854
44,2,GSM331662,0,0.9545491337776184
44,2,GSM331663,0,0.6840901374816895
44,2,GSM331669,0,0.9145801067352295
44,2,GSM331675,0,0.054147619754076004
44,2,GSM331677,0,0.733186662197113
44,2,GSM331679,0,0.634552538394928
44,2,GSM331681,0,0.7147668600082397
44,2,GSM331683,0,0.8888934254646301
44,2,GSM331684,0,0.26617640256881714
44,2,GSM331685,0,0.7354090213775635
44,2,GSM331688,0,0.7809144854545593
44,2,GSM331690,0,0.8521213531494141
44,2,GSM331692,0,0.20986899733543396
44,2,GSM331694,0,0.37273016571998596
44,2,GSM331695,0,0.5530219674110413
44,2,GSM331697,0,0.6914047598838806
44,2,GSM331699,0,0.4916113317012787
44,2,GSM331701,0,0.27909383177757263
44,2,GSM331704,0,0.8235646486282349
44,2,GSM331706,0,0.9698961973190308
44,2,GSM331707,0,0.404796838760376
44,2,GSM331710,0,0.11866267025470734
44,2,GSM331711,0,0.9186182022094727
44,2,GSM331714,0,0.96612149477005
44,2,GSM331716,0,0.9761512279510498
44,2,GSM331717,0,0.6811137795448303
44,2,GSM331718,0,0.8465712070465088
44,2,GSM331719,0,0.08198229968547821
44,2,GSM331720,0,0.5529807806015015
44,2,GSM331722,0,0.6610592007637024
44,2,GSM331723,0,0.3582398295402527
44,2,GSM331726,0,0.4771992862224579
44,2,GSM331731,0,0.9829816818237305
44,2,GSM331454,1,0.5817857980728149
44,2,GSM331455,1,0.11882314831018448
44,2,GSM331456,1,0.4023759365081787
44,2,GSM331458,1,0.5678365230560303
44,2,GSM331459,1,0.9345622062683105
44,2,GSM331461,1,0.2233525663614273
44,2,GSM331462,1,0.5148684978485107
44,2,GSM331463,1,0.2379116266965866
44,2,GSM331465,1,0.3433378338813782
44,2,GSM331466,1,0.7002472877502441
44,2,GSM331467,1,0.12868840992450714
44,2,GSM331469,1,0.6689065098762512
44,2,GSM331472,1,0.2790977954864502
44,2,GSM331474,1,0.35299450159072876
44,2,GSM331476,1,0.5999056696891785
44,2,GSM331477,1,0.4231141209602356
44,2,GSM331478,1,0.42080163955688477
44,2,GSM331483,1,0.7747964859008789
44,2,GSM331485,1,0.7101613283157349
44,2,GSM331488,1,0.6517523527145386
44,2,GSM331489,1,0.3650030195713043
44,2,GSM331491,1,0.6758075952529907
44,2,GSM331492,1,0.27968674898147583
44,2,GSM331494,1,0.9671922326087952
44,2,GSM331497,1,0.6185076832771301
44,2,GSM331498,1,0.18852698802947998
44,2,GSM331501,1,0.21783164143562317
44,2,GSM331504,1,0.2116278111934662
44,2,GSM331507,1,0.3599088788032532
44,2,GSM331510,1,0.5951809883117676
44,2,GSM331512,1,0.7390139698982239
44,2,GSM331513,1,0.7694078087806702
44,2,GSM331514,1,0.3423601984977722
44,2,GSM331517,1,0.5365034937858582
44,2,GSM331524,1,0.7824022769927979
44,2,GSM331526,1,0.2634318768978119
44,2,GSM331528,1,0.8480802178382874
44,2,GSM331532,1,0.1015733852982521
44,2,GSM331536,1,0.2614136040210724
44,2,GSM331538,1,0.07813999801874161
44,2,GSM331539,1,0.7589048743247986
44,2,GSM331540,1,0.34089744091033936
44,2,GSM331543,1,0.44823113083839417
44,2,GSM331551,1,0.6735216975212097
44,2,GSM331552,1,0.1312721073627472
44,2,GSM331553,1,0.978855311870575
44,2,GSM331554,1,0.2548118829727173
44,2,GSM331557,1,0.6434855461120605
44,2,GSM331558,1,0.13512364029884338
44,2,GSM331559,1,0.9405549168586731
44,2,GSM331560,1,0.1536518931388855
44,2,GSM331561,1,0.44022315740585327
44,2,GSM331566,1,0.8060581088066101
44,2,GSM331567,1,0.18983349204063416
44,2,GSM331569,1,0.43826574087142944
44,2,GSM331570,1,0.29356908798217773
44,2,GSM331572,1,0.680078387260437
44,2,GSM331575,1,0.21403053402900696
44,2,GSM331576,1,0.3613002896308899
44,2,GSM331580,1,0.9605211019515991
44,2,GSM331587,1,0.9560519456863403
44,2,GSM331588,1,0.7938488125801086
44,2,GSM331589,1,0.39344191551208496
44,2,GSM331591,1,0.9695977568626404
44,2,GSM331593,1,0.22429926693439484
44,2,GSM331595,1,0.5170152187347412
44,2,GSM331596,1,0.7538263201713562
44,2,GSM331599,1,0.9603503346443176
44,2,GSM331603,1,0.2590179145336151
44,2,GSM331605,1,0.5417067408561707
44,2,GSM331606,1,0.23565691709518433
44,2,GSM331607,1,0.9633650183677673
44,2,GSM331608,1,0.05327225476503372
44,2,GSM331610,1,0.8848112225532532
44,2,GSM331615,1,0.6188937425613403
44,2,GSM331616,1,0.29407408833503723
44,2,GSM331618,1,0.39379581809043884
44,2,GSM331620,1,0.2939879596233368
44,2,GSM331621,1,0.163130521774292
44,2,GSM331622,1,0.9483184814453125
44,2,GSM331623,1,0.1444370150566101
44,2,GSM331626,1,0.055000606924295425
44,2,GSM331627,1,0.33796271681785583
44,2,GSM331628,1,0.5798724293708801
44,2,GSM331629,1,0.05789782479405403
44,2,GSM331631,1,0.2532596290111542
44,2,GSM331632,1,0.14493192732334137
44,2,GSM331633,1,0.21713091433048248
44,2,GSM331634,1,0.0768100917339325
44,2,GSM331635,1,0.10201457887887955
44,2,GSM331636,1,0.110432468354702
44,2,GSM331639,1,0.21394310891628265
44,2,GSM331642,1,0.7755458950996399
44,2,GSM331643,1,0.9537465572357178
44,2,GSM331644,1,0.2467479109764099
44,2,GSM331645,1,0.21832060813903809
44,2,GSM331647,1,0.7832895517349243
44,2,GSM331648,1,0.11011753976345062
44,2,GSM331652,1,0.9832460880279541
44,2,GSM331653,1,0.8325414657592773
44,2,GSM331654,1,0.7493503093719482
44,2,GSM331655,1,0.1328088790178299
44,2,GSM331657,1,0.48565858602523804
45,1,GSM331638,0,0.34339869022369385
45,1,GSM331663,0,0.4293522238731384
45,1,GSM331665,0,0.7541984915733337
45,1,GSM331668,0,0.7280272841453552
45,1,GSM331669,0,0.9590964913368225
45,1,GSM331672,0,0.6801785230636597
45,1,GSM331674,0,0.6699038743972778
45,1,GSM331676,0,0.8284515738487244
45,1,GSM331677,0,0.49680811166763306
45,1,GSM331681,0,0.48722174763679504
45,1,GSM331683,0,0.7348949313163757
45,1,GSM331684,0,0.18771937489509583
45,1,GSM331690,0,0.8871428370475769
45,1,GSM331695,0,0.5265116691589355
45,1,GSM331697,0,0.5506996512413025
45,1,GSM331699,0,0.7390609383583069
45,1,GSM331700,0,0.4586336612701416
45,1,GSM331701,0,0.5361560583114624
45,1,GSM331706,0,0.8888121247291565
45,1,GSM331707,0,0.6030685305595398
45,1,GSM331709,0,0.24579063057899475
45,1,GSM331710,0,0.06558753550052643
45,1,GSM331711,0,0.6944928169250488
45,1,GSM331713,0,0.20315508544445038
45,1,GSM331714,0,0.6822837591171265
45,1,GSM331716,0,0.9207936525344849
45,1,GSM331717,0,0.8206436038017273
45,1,GSM331720,0,0.44297683238983154
45,1,GSM331721,0,0.8013929724693298
45,1,GSM331722,0,0.5440080761909485
45,1,GSM331723,0,0.7248486280441284
45,1,GSM331727,0,0.2902420163154602
45,1,GSM331728,0,0.16173772513866425
45,1,GSM331729,0,0.05636544153094292
45,1,GSM331730,0,0.679888129234314
45,1,GSM331731,0,0.8643780946731567
45,1,GSM331732,0,0.6114906072616577
45,1,GSM331457,1,0.5559813976287842
45,1,GSM331459,1,0.9151073694229126
45,1,GSM331460,1,0.6681274175643921
45,1,GSM331461,1,0.27495601773262024
45,1,GSM331464,1,0.6599653363227844
45,1,GSM331467,1,0.13430505990982056
45,1,GSM331468,1,0.683553159236908
45,1,GSM331469,1,0.6822934150695801
45,1,GSM331470,1,0.7066371440887451
45,1,GSM331472,1,0.3580189645290375
45,1,GSM331473,1,0.2645650804042816
45,1,GSM331474,1,0.46862295269966125
45,1,GSM331478,1,0.2519797384738922
45,1,GSM331481,1,0.7832193970680237
45,1,GSM331483,1,0.4800061881542206
45,1,GSM331486,1,0.7553934454917908
45,1,GSM331489,1,0.6313262581825256
45,1,GSM331492,1,0.44229117035865784
45,1,GSM331493,1,0.6071763634681702
45,1,GSM331496,1,0.23988938331604004
45,1,GSM331497,1,0.4200320541858673
45,1,GSM331501,1,0.4019887447357178
45,1,GSM331502,1,0.7931879758834839
45,1,GSM331503,1,0.5143890976905823
45,1,GSM331505,1,0.6273518800735474
45,1,GSM331507,1,0.26537230610847473
45,1,GSM331509,1,0.29928597807884216
45,1,GSM331510,1,0.3313617706298828
45,1,GSM331511,1,0.6856152415275574
45,1,GSM331516,1,0.45885875821113586
45,1,GSM331518,1,0.4677921533584595
45,1,GSM331519,1,0.7012907862663269
45,1,GSM331522,1,0.329368531703949
45,1,GSM331524,1,0.6351392865180969
45,1,GSM331525,1,0.32348766922950745
45,1,GSM331526,1,0.5113294124603271
45,1,GSM331529,1,0.42817965149879456
45,1,GSM331531,1,0.3056586980819702
45,1,GSM331533,1,0.5835891366004944
45,1,GSM331534,1,0.7982412576675415
45,1,GSM331537,1,0.8207087516784668
45,1,GSM331538,1,0.18121156096458435
45,1,GSM331539,1,0.554462194442749
45,1,GSM331542,1,0.6812422871589661
45,1,GSM331545,1,0.7801087498664856
45,1,GSM331547,1,0.3941112756729126
45,1,GSM331548,1,0.7665860056877136
45,1,GSM331549,1,0.7658502459526062
45,1,GSM331551,1,0.49869152903556824
45,1,GSM331553,1,0.8384646773338318
45,1,GSM331557,1,0.748965322971344
45,1,GSM331558,1,0.08026974648237228
45,1,GSM331559,1,0.9121307134628296
45,1,GSM331560,1,0.48734402656555176
45,1,GSM331562,1,0.33938971161842346
45,1,GSM331565,1,0.8459910750389099
45,1,GSM331566,1,0.7337679862976074
45,1,GSM331567,1,0.5956334471702576
45,1,GSM331568,1,0.7890687584877014
45,1,GSM331570,1,0.47130122780799866
45,1,GSM331571,1,0.6365798711776733
45,1,GSM331574,1,0.4961960017681122
45,1,GSM331576,1,0.5170127749443054
45,1,GSM331577,1,0.5269854068756104
45,1,GSM331580,1,0.4893086552619934
45,1,GSM331581,1,0.41954469680786133
45,1,GSM331582,1,0.5439054369926453
45,1,GSM331588,1,0.416710764169693
45,1,GSM331593,1,0.2789871394634247
45,1,GSM331594,1,0.38471686840057373
45,1,GSM331595,1,0.7020822763442993
45,1,GSM331596,1,0.27696070075035095
45,1,GSM331598,1,0.512483537197113
45,1,GSM331603,1,0.32373151183128357
45,1,GSM331605,1,0.8746728301048279
45,1,GSM331609,1,0.7318975329399109
45,1,GSM331610,1,0.7677756547927856
45,1,GSM331612,1,0.6759554147720337
45,1,GSM331614,1,0.6672348380088806
45,1,GSM331615,1,0.6089848875999451
45,1,GSM331616,1,0.6264215707778931
45,1,GSM331617,1,0.6999440789222717
45,1,GSM331620,1,0.6778761744499207
45,1,GSM331621,1,0.5497562885284424
45,1,GSM331623,1,0.32401564717292786
45,1,GSM331628,1,0.42797476053237915
45,1,GSM331629,1,0.24064043164253235
45,1,GSM331633,1,0.36100083589553833
45,1,GSM331634,1,0.3144332766532898
45,1,GSM331635,1,0.49119773507118225
45,1,GSM331640,1,0.26555314660072327
45,1,GSM331641,1,0.6474003195762634
45,1,GSM331642,1,0.5579807162284851
45,1,GSM331643,1,0.873511791229248
45,1,GSM331644,1,0.32255232334136963
45,1,GSM331647,1,0.63541579246521
45,1,GSM331648,1,0.45727983117103577
45,1,GSM331649,1,0.669644832611084
45,1,GSM331653,1,0.5389113426208496
45,1,GSM331654,1,0.8884720802307129
45,1,GSM331656,1,0.15459910035133362
45,1,GSM331657,1,0.6906626224517822
45,1,GSM331658,1,0.8283680081367493
45,2,GSM331660,0,0.23141448199748993
45,2,GSM331661,0,0.663363516330719
45,2,GSM331662,0,0.625492513179779
45,2,GSM331664,0,0.13787907361984253
45,2,GSM331666,0,0.21954132616519928
45,2,GSM331670,0,0.6180307269096375
45,2,GSM331671,0,0.6724376678466797
45,2,GSM331673,0,0.3042822778224945
45,2,GSM331675,0,0.09332283586263657
45,2,GSM331678,0,0.1511576622724533
45,2,GSM331679,0,0.2985951006412506
45,2,GSM331680,0,0.7969153523445129
45,2,GSM331682,0,0.3821592628955841
45,2,GSM331685,0,0.3367638885974884
45,2,GSM331686,0,0.4926382005214691
45,2,GSM331687,0,0.4320111572742462
45,2,GSM331688,0,0.4067021906375885
45,2,GSM331689,0,0.23962870240211487
45,2,GSM331691,0,0.4988645017147064
45,2,GSM331692,0,0.13013425469398499
45,2,GSM331693,0,0.48373550176620483
45,2,GSM331694,0,0.45812150835990906
45,2,GSM331696,0,0.24395541846752167
45,2,GSM331698,0,0.5369845032691956
45,2,GSM331702,0,0.4888067841529846
45,2,GSM331703,0,0.5179147124290466
45,2,GSM331704,0,0.49191299080848694
45,2,GSM331705,0,0.3789711594581604
45,2,GSM331708,0,0.6788381338119507
45,2,GSM331712,0,0.2713966369628906
45,2,GSM331715,0,0.2781577408313751
45,2,GSM331718,0,0.6377172470092773
45,2,GSM331719,0,0.20603014528751373
45,2,GSM331724,0,0.3232174217700958
45,2,GSM331725,0,0.49384433031082153
45,2,GSM331726,0,0.29803210496902466
45,2,GSM331453,1,0.4507547914981842
45,2,GSM331454,1,0.6877505779266357
45,2,GSM331455,1,0.4625290334224701
45,2,GSM331456,1,0.7244212031364441
45,2,GSM331458,1,0.5727373957633972
45,2,GSM331462,1,0.6590998768806458
45,2,GSM331463,1,0.4918231964111328
45,2,GSM331465,1,0.6513984203338623
45,2,GSM331466,1,0.5167862176895142
45,2,GSM331471,1,0.6358346939086914
45,2,GSM331475,1,0.2175634354352951
45,2,GSM331476,1,0.5714429616928101
45,2,GSM331477,1,0.648315966129303
45,2,GSM331479,1,0.22273622453212738
45,2,GSM331480,1,0.38422101736068726
45,2,GSM331482,1,0.1502252221107483
45,2,GSM331484,1,0.22705680131912231
45,2,GSM331485,1,0.8397213220596313
45,2,GSM331487,1,0.8313686847686768
45,2,GSM331488,1,0.3250371515750885
45,2,GSM331490,1,0.5255998969078064
45,2,GSM331491,1,0.6579673886299133
45,2,GSM331494,1,0.7986579537391663
45,2,GSM331495,1,0.5669107437133789
45,2,GSM331498,1,0.677910566329956
45,2,GSM331499,1,0.1751570701599121
45,2,GSM331500,1,0.5363036394119263
45,2,GSM331504,1,0.5124309659004211
45,2,GSM331506,1,0.3575223386287689
45,2,GSM331508,1,0.648464560508728
45,2,GSM331512,1,0.5012583136558533
45,2,GSM331513,1,0.6999585032463074
45,2,GSM331514,1,0.602887749671936
45,2,GSM331515,1,0.15941931307315826
45,2,GSM331517,1,0.2652874290943146
45,2,GSM331520,1,0.6782174110412598
45,2,GSM331521,1,0.3668575882911682
45,2,GSM331523,1,0.8213655352592468
45,2,GSM331527,1,0.5420668721199036
45,2,GSM331528,1,0.358125239610672
45,2,GSM331530,1,0.28457391262054443
45,2,GSM331532,1,0.4148852527141571
45,2,GSM331535,1,0.6066192388534546
45,2,GSM331536,1,0.21904365718364716
45,2,GSM331540,1,0.4692237675189972
45,2,GSM331541,1,0.8110061287879944
45,2,GSM331543,1,0.6817308068275452
45,2,GSM331544,1,0.3613432049751282
45,2,GSM331546,1,0.6772758364677429
45,2,GSM331550,1,0.41962191462516785
45,2,GSM331552,1,0.46618473529815674
45,2,GSM331554,1,0.3302137851715088
45,2,GSM331555,1,0.22011804580688477
45,2,GSM331556,1,0.5172107815742493
45,2,GSM331561,1,0.40368661284446716
45,2,GSM331563,1,0.5064972639083862
45,2,GSM331564,1,0.40849411487579346
45,2,GSM331569,1,0.4848051965236664
45,2,GSM331572,1,0.3664228618144989
45,2,GSM331573,1,0.6631671786308289
45,2,GSM331575,1,0.6333299875259399
45,2,GSM331578,1,0.6256741285324097
45,2,GSM331579,1,0.3277633488178253
45,2,GSM331583,1,0.48244771361351013
45,2,GSM331584,1,0.1344439685344696
45,2,GSM331585,1,0.5580629706382751
45,2,GSM331586,1,0.12076596915721893
45,2,GSM331587,1,0.6470638513565063
45,2,GSM331589,1,0.43840840458869934
45,2,GSM331590,1,0.5593758821487427
45,2,GSM331591,1,0.7385958433151245
45,2,GSM331592,1,0.6384083032608032
45,2,GSM331597,1,0.7114130854606628
45,2,GSM331599,1,0.8337422013282776
45,2,GSM331600,1,0.7633070349693298
45,2,GSM331601,1,0.3060515224933624
45,2,GSM331602,1,0.5485734343528748
45,2,GSM331604,1,0.29169949889183044
45,2,GSM331606,1,0.0825086161494255
45,2,GSM331607,1,0.6744667291641235
45,2,GSM331608,1,0.10435045510530472
45,2,GSM331611,1,0.5940027832984924
45,2,GSM331613,1,0.3639768064022064
45,2,GSM331618,1,0.6247865557670593
45,2,GSM331619,1,0.33038079738616943
45,2,GSM331622,1,0.6656845808029175
45,2,GSM331624,1,0.48926812410354614
45,2,GSM331625,1,0.32509753108024597
45,2,GSM331626,1,0.4183439612388611
45,2,GSM331627,1,0.4369125962257385
45,2,GSM331630,1,0.37004590034484863
45,2,GSM331631,1,0.43224987387657166
45,2,GSM331632,1,0.579366147518158
45,2,GSM331636,1,0.263975590467453
45,2,GSM331637,1,0.5129151940345764
45,2,GSM331639,1,0.524077832698822
45,2,GSM331645,1,0.07801932096481323
45,2,GSM331646,1,0.3473244905471802
45,2,GSM331650,1,0.6964558959007263
45,2,GSM331651,1,0.4305568039417267
45,2,GSM331652,1,0.5838040709495544
45,2,GSM331655,1,0.3859277665615082
45,2,GSM331659,1,0.7654172778129578
46,1,GSM331638,0,0.4459678530693054
46,1,GSM331660,0,0.2463904619216919
46,1,GSM331661,0,0.8107496500015259
46,1,GSM331665,0,0.8549548983573914
46,1,GSM331669,0,0.9596431255340576
46,1,GSM331672,0,0.6826086640357971
46,1,GSM331673,0,0.5281577706336975
46,1,GSM331675,0,0.18204434216022491
46,1,GSM331677,0,0.3645855188369751
46,1,GSM331680,0,0.49091848731040955
46,1,GSM331681,0,0.6539555191993713
46,1,GSM331683,0,0.724469006061554
46,1,GSM331686,0,0.7036628723144531
46,1,GSM331691,0,0.4618961215019226
46,1,GSM331697,0,0.6346710324287415
46,1,GSM331698,0,0.4970574378967285
46,1,GSM331700,0,0.5088188648223877
46,1,GSM331701,0,0.5428135395050049
46,1,GSM331703,0,0.8365294337272644
46,1,GSM331704,0,0.8341776728630066
46,1,GSM331707,0,0.6986326575279236
46,1,GSM331708,0,0.8782216310501099
46,1,GSM331709,0,0.5266540050506592
46,1,GSM331710,0,0.41458797454833984
46,1,GSM331711,0,0.7555315494537354
46,1,GSM331712,0,0.4981573224067688
46,1,GSM331713,0,0.6311444640159607
46,1,GSM331714,0,0.8081479668617249
46,1,GSM331715,0,0.5603460073471069
46,1,GSM331717,0,0.8675202131271362
46,1,GSM331718,0,0.6657266616821289
46,1,GSM331720,0,0.2952819764614105
46,1,GSM331723,0,0.7408481240272522
46,1,GSM331724,0,0.5731877088546753
46,1,GSM331725,0,0.7178688645362854
46,1,GSM331726,0,0.3406430184841156
46,1,GSM331728,0,0.13594862818717957
46,1,GSM331457,1,0.6334104537963867
46,1,GSM331459,1,0.9099907875061035
46,1,GSM331461,1,0.18729892373085022
46,1,GSM331462,1,0.8041207790374756
46,1,GSM331463,1,0.2541768252849579
46,1,GSM331464,1,0.5578895211219788
46,1,GSM331465,1,0.5716360211372375
46,1,GSM331466,1,0.5826722979545593
46,1,GSM331467,1,0.2557297646999359
46,1,GSM331468,1,0.5818036794662476
46,1,GSM331469,1,0.45144400000572205
46,1,GSM331471,1,0.9104893803596497
46,1,GSM331474,1,0.17219962179660797
46,1,GSM331477,1,0.5616784691810608
46,1,GSM331478,1,0.7131471037864685
46,1,GSM331479,1,0.2190544158220291
46,1,GSM331481,1,0.7812707424163818
46,1,GSM331482,1,0.5102217793464661
46,1,GSM331483,1,0.4702519476413727
46,1,GSM331486,1,0.5194015502929688
46,1,GSM331487,1,0.7872452139854431
46,1,GSM331488,1,0.6584582924842834
46,1,GSM331490,1,0.47408029437065125
46,1,GSM331491,1,0.7912389039993286
46,1,GSM331492,1,0.40511173009872437
46,1,GSM331494,1,0.8719205260276794
46,1,GSM331496,1,0.11530867964029312
46,1,GSM331498,1,0.32061782479286194
46,1,GSM331499,1,0.20536375045776367
46,1,GSM331500,1,0.35394564270973206
46,1,GSM331501,1,0.4574142098426819
46,1,GSM331505,1,0.6816675662994385
46,1,GSM331506,1,0.7739595770835876
46,1,GSM331515,1,0.5493296980857849
46,1,GSM331518,1,0.44504407048225403
46,1,GSM331520,1,0.8297807574272156
46,1,GSM331522,1,0.3192151188850403
46,1,GSM331525,1,0.28850340843200684
46,1,GSM331526,1,0.6232947707176208
46,1,GSM331527,1,0.543583333492279
46,1,GSM331532,1,0.5469186305999756
46,1,GSM331537,1,0.8734173774719238
46,1,GSM331541,1,0.8831108212471008
46,1,GSM331543,1,0.6650456786155701
46,1,GSM331544,1,0.3525047302246094
46,1,GSM331545,1,0.8012073636054993
46,1,GSM331547,1,0.3335365951061249
46,1,GSM331549,1,0.8003914952278137
46,1,GSM331551,1,0.6622301340103149
46,1,GSM331554,1,0.3028784692287445
46,1,GSM331555,1,0.22128891944885254
46,1,GSM331556,1,0.5061011910438538
46,1,GSM331558,1,0.223210409283638
46,1,GSM331562,1,0.43679118156433105
46,1,GSM331563,1,0.6975042819976807
46,1,GSM331566,1,0.642598032951355
46,1,GSM331570,1,0.6728745698928833
46,1,GSM331573,1,0.7844738960266113
46,1,GSM331574,1,0.3756518065929413
46,1,GSM331575,1,0.6852410435676575
46,1,GSM331576,1,0.5333116054534912
46,1,GSM331580,1,0.4472590982913971
46,1,GSM331584,1,0.16154567897319794
46,1,GSM331586,1,0.45126283168792725
46,1,GSM331590,1,0.4145057499408722
46,1,GSM331591,1,0.8060570955276489
46,1,GSM331592,1,0.4705108404159546
46,1,GSM331594,1,0.6913012266159058
46,1,GSM331595,1,0.7959719300270081
46,1,GSM331596,1,0.5684274435043335
46,1,GSM331598,1,0.7151584029197693
46,1,GSM331599,1,0.8560330867767334
46,1,GSM331603,1,0.2258116602897644
46,1,GSM331604,1,0.2647322416305542
46,1,GSM331605,1,0.7892106175422668
46,1,GSM331607,1,0.9610089063644409
46,1,GSM331608,1,0.0781792476773262
46,1,GSM331611,1,0.7510921359062195
46,1,GSM331612,1,0.48595455288887024
46,1,GSM331615,1,0.5254254937171936
46,1,GSM331616,1,0.41472265124320984
46,1,GSM331620,1,0.47340628504753113
46,1,GSM331621,1,0.6394450068473816
46,1,GSM331622,1,0.8637326955795288
46,1,GSM331627,1,0.6496884822845459
46,1,GSM331628,1,0.5679245591163635
46,1,GSM331631,1,0.5747194886207581
46,1,GSM331634,1,0.3077712953090668
46,1,GSM331635,1,0.4603413939476013
46,1,GSM331637,1,0.6930739283561707
46,1,GSM331639,1,0.5188719034194946
46,1,GSM331643,1,0.8906203508377075
46,1,GSM331644,1,0.43906521797180176
46,1,GSM331645,1,0.4688781797885895
46,1,GSM331647,1,0.34116479754447937
46,1,GSM331649,1,0.7869483828544617
46,1,GSM331651,1,0.3013203740119934
46,1,GSM331652,1,0.8688995242118835
46,1,GSM331653,1,0.5714671015739441
46,1,GSM331656,1,0.3586752712726593
46,1,GSM331657,1,0.9164606332778931
46,1,GSM331658,1,0.8183895945549011
46,1,GSM331659,1,0.8945075869560242
46,2,GSM331662,0,0.6004549264907837
46,2,GSM331663,0,0.33117586374282837
46,2,GSM331664,0,0.1657494306564331
46,2,GSM331666,0,0.3781222701072693
46,2,GSM331668,0,0.7191836833953857
46,2,GSM331670,0,0.5643943548202515
46,2,GSM331671,0,0.4822237491607666
46,2,GSM331674,0,0.46425721049308777
46,2,GSM331676,0,0.5853458642959595
46,2,GSM331678,0,0.16144047677516937
46,2,GSM331679,0,0.28869932889938354
46,2,GSM331682,0,0.6649765968322754
46,2,GSM331684,0,0.3060661256313324
46,2,GSM331685,0,0.2212119847536087
46,2,GSM331687,0,0.24830661714076996
46,2,GSM331688,0,0.6398709416389465
46,2,GSM331689,0,0.4281250536441803
46,2,GSM331690,0,0.8768156170845032
46,2,GSM331692,0,0.31692740321159363
46,2,GSM331693,0,0.4257187247276306
46,2,GSM331694,0,0.22137431800365448
46,2,GSM331695,0,0.6295258402824402
46,2,GSM331696,0,0.4867497384548187
46,2,GSM331699,0,0.6173803806304932
46,2,GSM331702,0,0.6739200949668884
46,2,GSM331705,0,0.40221381187438965
46,2,GSM331706,0,0.9509773254394531
46,2,GSM331716,0,0.9645689129829407
46,2,GSM331719,0,0.23272882401943207
46,2,GSM331721,0,0.9423890113830566
46,2,GSM331722,0,0.3024565577507019
46,2,GSM331727,0,0.45201489329338074
46,2,GSM331729,0,0.18485261499881744
46,2,GSM331730,0,0.5129133462905884
46,2,GSM331731,0,0.8628207445144653
46,2,GSM331732,0,0.7615258693695068
46,2,GSM331453,1,0.5219477415084839
46,2,GSM331454,1,0.7952451705932617
46,2,GSM331455,1,0.23630385100841522
46,2,GSM331456,1,0.6313239336013794
46,2,GSM331458,1,0.4494026005268097
46,2,GSM331460,1,0.7337722182273865
46,2,GSM331470,1,0.6690165996551514
46,2,GSM331472,1,0.5020707845687866
46,2,GSM331473,1,0.1349247545003891
46,2,GSM331475,1,0.18994364142417908
46,2,GSM331476,1,0.2686063051223755
46,2,GSM331480,1,0.7806805968284607
46,2,GSM331484,1,0.09562038630247116
46,2,GSM331485,1,0.6982250809669495
46,2,GSM331489,1,0.5285088419914246
46,2,GSM331493,1,0.22119396924972534
46,2,GSM331495,1,0.6183886528015137
46,2,GSM331497,1,0.6805739998817444
46,2,GSM331502,1,0.7991124987602234
46,2,GSM331503,1,0.3996812701225281
46,2,GSM331504,1,0.3932841122150421
46,2,GSM331507,1,0.24502365291118622
46,2,GSM331508,1,0.712711751461029
46,2,GSM331509,1,0.13809657096862793
46,2,GSM331510,1,0.38573962450027466
46,2,GSM331511,1,0.7308357357978821
46,2,GSM331512,1,0.6477072238922119
46,2,GSM331513,1,0.6986328959465027
46,2,GSM331514,1,0.24235200881958008
46,2,GSM331516,1,0.41140109300613403
46,2,GSM331517,1,0.787207841873169
46,2,GSM331519,1,0.27488449215888977
46,2,GSM331521,1,0.2860870361328125
46,2,GSM331523,1,0.39042115211486816
46,2,GSM331524,1,0.5844163298606873
46,2,GSM331528,1,0.2554309666156769
46,2,GSM331529,1,0.35055312514305115
46,2,GSM331530,1,0.553837776184082
46,2,GSM331531,1,0.2770375907421112
46,2,GSM331533,1,0.6577090620994568
46,2,GSM331534,1,0.4614299237728119
46,2,GSM331535,1,0.38621658086776733
46,2,GSM331536,1,0.27507179975509644
46,2,GSM331538,1,0.24885353446006775
46,2,GSM331539,1,0.6446555852890015
46,2,GSM331540,1,0.3349630832672119
46,2,GSM331542,1,0.30811309814453125
46,2,GSM331546,1,0.3967757821083069
46,2,GSM331548,1,0.5566114187240601
46,2,GSM331550,1,0.15698027610778809
46,2,GSM331552,1,0.31200873851776123
46,2,GSM331553,1,0.9066863059997559
46,2,GSM331557,1,0.6101974844932556
46,2,GSM331559,1,0.8306574821472168
46,2,GSM331560,1,0.5292459726333618
46,2,GSM331561,1,0.6938201189041138
46,2,GSM331564,1,0.6712172031402588
46,2,GSM331565,1,0.7832341194152832
46,2,GSM331567,1,0.39742016792297363
46,2,GSM331568,1,0.876022219657898
46,2,GSM331569,1,0.6262274384498596
46,2,GSM331571,1,0.8110893368721008
46,2,GSM331572,1,0.654606282711029
46,2,GSM331577,1,0.6102712750434875
46,2,GSM331578,1,0.711987316608429
46,2,GSM331579,1,0.4958707094192505
46,2,GSM331581,1,0.1834399253129959
46,2,GSM331582,1,0.4888725280761719
46,2,GSM331583,1,0.23298799991607666
46,2,GSM331585,1,0.6196481585502625
46,2,GSM331587,1,0.6545699238777161
46,2,GSM331588,1,0.7396438121795654
46,2,GSM331589,1,0.597079873085022
46,2,GSM331593,1,0.29499635100364685
46,2,GSM331597,1,0.5684882402420044
46,2,GSM331600,1,0.8655455708503723
46,2,GSM331601,1,0.07827229052782059
46,2,GSM331602,1,0.5338916182518005
46,2,GSM331606,1,0.19442380964756012
46,2,GSM331609,1,0.4410630166530609
46,2,GSM331610,1,0.8384315967559814
46,2,GSM331613,1,0.3353283107280731
46,2,GSM331614,1,0.5014810562133789
46,2,GSM331617,1,0.7490420937538147
46,2,GSM331618,1,0.6621901392936707
46,2,GSM331619,1,0.6639129519462585
46,2,GSM331623,1,0.07167408615350723
46,2,GSM331624,1,0.43483126163482666
46,2,GSM331625,1,0.7723326086997986
46,2,GSM331626,1,0.16401542723178864
46,2,GSM331629,1,0.10310105979442596
46,2,GSM331630,1,0.3952617347240448
46,2,GSM331632,1,0.1931127905845642
46,2,GSM331633,1,0.19097551703453064
46,2,GSM331636,1,0.3211335837841034
46,2,GSM331640,1,0.2888144552707672
46,2,GSM331641,1,0.41516032814979553
46,2,GSM331642,1,0.5427483320236206
46,2,GSM331646,1,0.2208578884601593
46,2,GSM331648,1,0.31717219948768616
46,2,GSM331650,1,0.2562659680843353
46,2,GSM331654,1,0.7694190740585327
46,2,GSM331655,1,0.2954541742801666
47,1,GSM331660,0,0.45915156602859497
47,1,GSM331661,0,0.6409823894500732
47,1,GSM331662,0,0.4895559549331665
47,1,GSM331665,0,0.6441412568092346
47,1,GSM331671,0,0.7252979874610901
47,1,GSM331672,0,0.47130802273750305
47,1,GSM331673,0,0.4328543543815613
47,1,GSM331675,0,0.3018922805786133
47,1,GSM331676,0,0.3559538424015045
47,1,GSM331677,0,0.5975565314292908
47,1,GSM331678,0,0.34406179189682007
47,1,GSM331680,0,0.7539893984794617
47,1,GSM331681,0,0.5103732943534851
47,1,GSM331683,0,0.6022425293922424
47,1,GSM331684,0,0.29393869638442993
47,1,GSM331685,0,0.42421969771385193
47,1,GSM331686,0,0.6689523458480835
47,1,GSM331691,0,0.3095000386238098
47,1,GSM331695,0,0.41805803775787354
47,1,GSM331696,0,0.3724895715713501
47,1,GSM331700,0,0.4284624755382538
47,1,GSM331701,0,0.33294835686683655
47,1,GSM331703,0,0.5528730750083923
47,1,GSM331704,0,0.559256374835968
47,1,GSM331705,0,0.46548113226890564
47,1,GSM331709,0,0.3333708941936493
47,1,GSM331710,0,0.3321763873100281
47,1,GSM331713,0,0.5635567903518677
47,1,GSM331714,0,0.6032058596611023
47,1,GSM331715,0,0.43978530168533325
47,1,GSM331716,0,0.7683872580528259
47,1,GSM331719,0,0.28387245535850525
47,1,GSM331724,0,0.558142364025116
47,1,GSM331727,0,0.30997154116630554
47,1,GSM331729,0,0.229903906583786
47,1,GSM331731,0,0.6249604225158691
47,1,GSM331732,0,0.674028754234314
47,1,GSM331455,1,0.47453099489212036
47,1,GSM331456,1,0.5681365728378296
47,1,GSM331458,1,0.5050697922706604
47,1,GSM331460,1,0.6570611000061035
47,1,GSM331462,1,0.8074887990951538
47,1,GSM331463,1,0.5169963240623474
47,1,GSM331464,1,0.5519600510597229
47,1,GSM331465,1,0.5216353535652161
47,1,GSM331466,1,0.5936954021453857
47,1,GSM331467,1,0.21364985406398773
47,1,GSM331468,1,0.5210976004600525
47,1,GSM331471,1,0.6706603169441223
47,1,GSM331472,1,0.3649529218673706
47,1,GSM331473,1,0.33305490016937256
47,1,GSM331477,1,0.43466299772262573
47,1,GSM331478,1,0.6271145343780518
47,1,GSM331484,1,0.4672476053237915
47,1,GSM331485,1,0.49807658791542053
47,1,GSM331486,1,0.4772307872772217
47,1,GSM331491,1,0.6020926833152771
47,1,GSM331494,1,0.6491990089416504
47,1,GSM331496,1,0.4489111006259918
47,1,GSM331497,1,0.5536905527114868
47,1,GSM331500,1,0.3614048659801483
47,1,GSM331501,1,0.5791444778442383
47,1,GSM331504,1,0.48274195194244385
47,1,GSM331506,1,0.38006654381752014
47,1,GSM331509,1,0.40385890007019043
47,1,GSM331510,1,0.5134033560752869
47,1,GSM331511,1,0.47613731026649475
47,1,GSM331513,1,0.6279695630073547
47,1,GSM331514,1,0.5129503607749939
47,1,GSM331517,1,0.3982418179512024
47,1,GSM331519,1,0.4878053367137909
47,1,GSM331521,1,0.6524394154548645
47,1,GSM331522,1,0.4181613624095917
47,1,GSM331523,1,0.6685338616371155
47,1,GSM331524,1,0.5511376857757568
47,1,GSM331525,1,0.5229337215423584
47,1,GSM331529,1,0.32691335678100586
47,1,GSM331532,1,0.49428489804267883
47,1,GSM331535,1,0.5880918502807617
47,1,GSM331536,1,0.5979624390602112
47,1,GSM331537,1,0.5724072456359863
47,1,GSM331543,1,0.7363216280937195
47,1,GSM331545,1,0.6471157073974609
47,1,GSM331546,1,0.7094183564186096
47,1,GSM331548,1,0.6605247855186462
47,1,GSM331549,1,0.5719297528266907
47,1,GSM331550,1,0.7122169733047485
47,1,GSM331551,1,0.47306329011917114
47,1,GSM331554,1,0.46516385674476624
47,1,GSM331555,1,0.251127153635025
47,1,GSM331556,1,0.47811946272850037
47,1,GSM331559,1,0.6520216464996338
47,1,GSM331562,1,0.5959701538085938
47,1,GSM331563,1,0.6566039323806763
47,1,GSM331567,1,0.4348013401031494
47,1,GSM331569,1,0.42330843210220337
47,1,GSM331571,1,0.684097945690155
47,1,GSM331573,1,0.7047784328460693
47,1,GSM331575,1,0.7045161128044128
47,1,GSM331577,1,0.49211886525154114
47,1,GSM331580,1,0.3867131173610687
47,1,GSM331582,1,0.7474237084388733
47,1,GSM331583,1,0.5232783555984497
47,1,GSM331585,1,0.43952611088752747
47,1,GSM331586,1,0.3412531912326813
47,1,GSM331590,1,0.55987548828125
47,1,GSM331596,1,0.33203351497650146
47,1,GSM331598,1,0.40869346261024475
47,1,GSM331599,1,0.5720074772834778
47,1,GSM331603,1,0.5975295305252075
47,1,GSM331604,1,0.5105756521224976
47,1,GSM331607,1,0.5343128442764282
47,1,GSM331609,1,0.6669570207595825
47,1,GSM331611,1,0.4049741327762604
47,1,GSM331612,1,0.6027873754501343
47,1,GSM331613,1,0.45385217666625977
47,1,GSM331614,1,0.5517290830612183
47,1,GSM331619,1,0.3012177646160126
47,1,GSM331620,1,0.4629078805446625
47,1,GSM331621,1,0.5567535161972046
47,1,GSM331622,1,0.6092932224273682
47,1,GSM331624,1,0.501448929309845
47,1,GSM331625,1,0.51656174659729
47,1,GSM331628,1,0.3604576587677002
47,1,GSM331629,1,0.22931066155433655
47,1,GSM331630,1,0.42242375016212463
47,1,GSM331631,1,0.4190223813056946
47,1,GSM331632,1,0.4970557391643524
47,1,GSM331635,1,0.49913734197616577
47,1,GSM331637,1,0.45792344212532043
47,1,GSM331642,1,0.4517059624195099
47,1,GSM331645,1,0.3103102147579193
47,1,GSM331649,1,0.6178719997406006
47,1,GSM331651,1,0.3227821886539459
47,1,GSM331653,1,0.5822839140892029
47,1,GSM331654,1,0.7320701479911804
47,1,GSM331655,1,0.451721727848053
47,1,GSM331656,1,0.42924952507019043
47,1,GSM331657,1,0.8686678409576416
47,1,GSM331659,1,0.7271233797073364
47,2,GSM331638,0,0.3395313024520874
47,2,GSM331663,0,0.43561673164367676
47,2,GSM331664,0,0.35540035367012024
47,2,GSM331666,0,0.41262680292129517
47,2,GSM331668,0,0.2775018513202667
47,2,GSM331669,0,0.6998410820960999
47,2,GSM331670,0,0.5118181109428406
47,2,GSM331674,0,0.6757429838180542
47,2,GSM331679,0,0.5224562883377075
47,2,GSM331682,0,0.5893241167068481
47,2,GSM331687,0,0.43322816491127014
47,2,GSM331688,0,0.503501832485199
47,2,GSM331689,0,0.3598828911781311
47,2,GSM331690,0,0.6433413624763489
47,2,GSM331692,0,0.2847428619861603
47,2,GSM331693,0,0.4677954912185669
47,2,GSM331694,0,0.4488139748573303
47,2,GSM331697,0,0.5568935871124268
47,2,GSM331698,0,0.3850635588169098
47,2,GSM331699,0,0.7518761157989502
47,2,GSM331702,0,0.5968897342681885
47,2,GSM331706,0,0.4979439079761505
47,2,GSM331707,0,0.814134955406189
47,2,GSM331708,0,0.7659955620765686
47,2,GSM331711,0,0.4592609107494354
47,2,GSM331712,0,0.4254463016986847
47,2,GSM331717,0,0.565803587436676
47,2,GSM331718,0,0.679943323135376
47,2,GSM331720,0,0.6153461337089539
47,2,GSM331721,0,0.624544084072113
47,2,GSM331722,0,0.5324578881263733
47,2,GSM331723,0,0.5589531064033508
47,2,GSM331725,0,0.6155217885971069
47,2,GSM331726,0,0.3327522277832031
47,2,GSM331728,0,0.3048378527164459
47,2,GSM331730,0,0.385683536529541
47,2,GSM331453,1,0.5115304589271545
47,2,GSM331454,1,0.3323381245136261
47,2,GSM331457,1,0.7572324872016907
47,2,GSM331459,1,0.7528473734855652
47,2,GSM331461,1,0.4178149700164795
47,2,GSM331469,1,0.6521720886230469
47,2,GSM331470,1,0.3914075791835785
47,2,GSM331474,1,0.590744137763977
47,2,GSM331475,1,0.37733641266822815
47,2,GSM331476,1,0.6366564035415649
47,2,GSM331479,1,0.729508638381958
47,2,GSM331480,1,0.5536037683486938
47,2,GSM331481,1,0.5868052244186401
47,2,GSM331482,1,0.26408371329307556
47,2,GSM331483,1,0.6691556572914124
47,2,GSM331487,1,0.6941022872924805
47,2,GSM331488,1,0.44510582089424133
47,2,GSM331489,1,0.6882910132408142
47,2,GSM331490,1,0.3193112313747406
47,2,GSM331492,1,0.602758526802063
47,2,GSM331493,1,0.444375216960907
47,2,GSM331495,1,0.5952644348144531
47,2,GSM331498,1,0.517076313495636
47,2,GSM331499,1,0.31363192200660706
47,2,GSM331502,1,0.6488092541694641
47,2,GSM331503,1,0.3909832537174225
47,2,GSM331505,1,0.764553427696228
47,2,GSM331507,1,0.3628278076648712
47,2,GSM331508,1,0.6372514367103577
47,2,GSM331512,1,0.43716850876808167
47,2,GSM331515,1,0.28711944818496704
47,2,GSM331516,1,0.5686711072921753
47,2,GSM331518,1,0.4964747428894043
47,2,GSM331520,1,0.6512956023216248
47,2,GSM331526,1,0.6576160192489624
47,2,GSM331527,1,0.4647462069988251
47,2,GSM331528,1,0.6257109045982361
47,2,GSM331530,1,0.28060609102249146
47,2,GSM331531,1,0.6024094223976135
47,2,GSM331533,1,0.3397514522075653
47,2,GSM331534,1,0.5578491687774658
47,2,GSM331538,1,0.4455229938030243
47,2,GSM331539,1,0.3778958022594452
47,2,GSM331540,1,0.6198723316192627
47,2,GSM331541,1,0.6847408413887024
47,2,GSM331542,1,0.5188665390014648
47,2,GSM331544,1,0.45473912358283997
47,2,GSM331547,1,0.4804367423057556
47,2,GSM331552,1,0.3024454414844513
47,2,GSM331553,1,0.43471193313598633
47,2,GSM331557,1,0.6918811202049255
47,2,GSM331558,1,0.2403165102005005
47,2,GSM331560,1,0.431927353143692
47,2,GSM331561,1,0.48444628715515137
47,2,GSM331564,1,0.4348740875720978
47,2,GSM331565,1,0.7046602368354797
47,2,GSM331566,1,0.6647619009017944
47,2,GSM331568,1,0.786373496055603
47,2,GSM331570,1,0.32880839705467224
47,2,GSM331572,1,0.3941590487957001
47,2,GSM331574,1,0.4706801176071167
47,2,GSM331576,1,0.4730907678604126
47,2,GSM331578,1,0.6013398766517639
47,2,GSM331579,1,0.5173464417457581
47,2,GSM331581,1,0.3896108567714691
47,2,GSM331584,1,0.36535316705703735
47,2,GSM331587,1,0.45007410645484924
47,2,GSM331588,1,0.237975612282753
47,2,GSM331589,1,0.3677428066730499
47,2,GSM331591,1,0.7082315683364868
47,2,GSM331592,1,0.45219388604164124
47,2,GSM331593,1,0.29776328802108765
47,2,GSM331594,1,0.39240264892578125
47,2,GSM331595,1,0.557057797908783
47,2,GSM331597,1,0.4830767810344696
47,2,GSM331600,1,0.6230362057685852
47,2,GSM331601,1,0.4078338146209717
47,2,GSM331602,1,0.47182148694992065
47,2,GSM331605,1,0.5905084013938904
47,2,GSM331606,1,0.3141196072101593
47,2,GSM331608,1,0.3782663941383362
47,2,GSM331610,1,0.4365833103656769
47,2,GSM331615,1,0.5811907052993774
47,2,GSM331616,1,0.5562965869903564
47,2,GSM331617,1,0.6043680906295776
47,2,GSM331618,1,0.679706335067749
47,2,GSM331623,1,0.30418503284454346
47,2,GSM331626,1,0.3646869659423828
47,2,GSM331627,1,0.36259326338768005
47,2,GSM331633,1,0.3876980245113373
47,2,GSM331634,1,0.40910109877586365
47,2,GSM331636,1,0.3810098171234131
47,2,GSM331639,1,0.5140798091888428
47,2,GSM331640,1,0.35105711221694946
47,2,GSM331641,1,0.5722947120666504
47,2,GSM331643,1,0.7213878631591797
47,2,GSM331644,1,0.3930518329143524
47,2,GSM331646,1,0.3579978048801422
47,2,GSM331647,1,0.6045161485671997
47,2,GSM331648,1,0.6084318161010742
47,2,GSM331650,1,0.543999433517456
47,2,GSM331652,1,0.5446432828903198
47,2,GSM331658,1,0.5034649968147278
48,1,GSM331661,0,0.6700240969657898
48,1,GSM331663,0,0.3633086383342743
48,1,GSM331666,0,0.41881081461906433
48,1,GSM331668,0,0.7765945196151733
48,1,GSM331669,0,0.8964301347732544
48,1,GSM331671,0,0.746328592300415
48,1,GSM331673,0,0.4493195116519928
48,1,GSM331675,0,0.1817106306552887
48,1,GSM331676,0,0.8682540059089661
48,1,GSM331679,0,0.6152225732803345
48,1,GSM331681,0,0.666812539100647
48,1,GSM331682,0,0.5582518577575684
48,1,GSM331685,0,0.5340176820755005
48,1,GSM331686,0,0.6102631092071533
48,1,GSM331687,0,0.5510707497596741
48,1,GSM331693,0,0.41588687896728516
48,1,GSM331696,0,0.6136195063591003
48,1,GSM331698,0,0.2421303242444992
48,1,GSM331702,0,0.4901963174343109
48,1,GSM331703,0,0.5851147770881653
48,1,GSM331707,0,0.4676242172718048
48,1,GSM331709,0,0.3296137750148773
48,1,GSM331710,0,0.25789329409599304
48,1,GSM331711,0,0.8428460359573364
48,1,GSM331713,0,0.37816476821899414
48,1,GSM331714,0,0.9068390130996704
48,1,GSM331719,0,0.2760850489139557
48,1,GSM331720,0,0.567560613155365
48,1,GSM331721,0,0.790217399597168
48,1,GSM331722,0,0.5774862170219421
48,1,GSM331723,0,0.7571645379066467
48,1,GSM331724,0,0.41591623425483704
48,1,GSM331725,0,0.7904266119003296
48,1,GSM331728,0,0.28937816619873047
48,1,GSM331729,0,0.11861712485551834
48,1,GSM331730,0,0.49018943309783936
48,1,GSM331732,0,0.7478842735290527
48,1,GSM331454,1,0.5436772108078003
48,1,GSM331455,1,0.11807963997125626
48,1,GSM331456,1,0.3494475781917572
48,1,GSM331457,1,0.36915895342826843
48,1,GSM331458,1,0.38312041759490967
48,1,GSM331459,1,0.7827296853065491
48,1,GSM331460,1,0.6446069478988647
48,1,GSM331464,1,0.22768951952457428
48,1,GSM331466,1,0.5817896127700806
48,1,GSM331467,1,0.2659170627593994
48,1,GSM331469,1,0.5441859364509583
48,1,GSM331470,1,0.63334059715271
48,1,GSM331472,1,0.23185893893241882
48,1,GSM331474,1,0.2783075273036957
48,1,GSM331482,1,0.2785225808620453
48,1,GSM331483,1,0.720085084438324
48,1,GSM331490,1,0.21711327135562897
48,1,GSM331491,1,0.5966999530792236
48,1,GSM331493,1,0.2486632764339447
48,1,GSM331496,1,0.17923681437969208
48,1,GSM331497,1,0.5984385013580322
48,1,GSM331500,1,0.20844091475009918
48,1,GSM331501,1,0.5140655040740967
48,1,GSM331502,1,0.7057519555091858
48,1,GSM331503,1,0.35430747270584106
48,1,GSM331504,1,0.25459250807762146
48,1,GSM331506,1,0.7448571920394897
48,1,GSM331508,1,0.44902318716049194
48,1,GSM331510,1,0.6276581883430481
48,1,GSM331511,1,0.795738935470581
48,1,GSM331512,1,0.547049343585968
48,1,GSM331513,1,0.6837559342384338
48,1,GSM331518,1,0.5632516741752625
48,1,GSM331519,1,0.21829771995544434
48,1,GSM331520,1,0.41475510597229004
48,1,GSM331522,1,0.30548226833343506
48,1,GSM331523,1,0.43766483664512634
48,1,GSM331524,1,0.6312324404716492
48,1,GSM331525,1,0.5549573302268982
48,1,GSM331528,1,0.7953836917877197
48,1,GSM331532,1,0.376543253660202
48,1,GSM331533,1,0.8762584924697876
48,1,GSM331534,1,0.5264328718185425
48,1,GSM331535,1,0.20471559464931488
48,1,GSM331537,1,0.5674710273742676
48,1,GSM331539,1,0.393441766500473
48,1,GSM331541,1,0.6018079519271851
48,1,GSM331542,1,0.2358277142047882
48,1,GSM331543,1,0.5352600812911987
48,1,GSM331544,1,0.17694997787475586
48,1,GSM331547,1,0.6629308462142944
48,1,GSM331548,1,0.7740662097930908
48,1,GSM331550,1,0.447464257478714
48,1,GSM331551,1,0.7237036824226379
48,1,GSM331553,1,0.9304215312004089
48,1,GSM331559,1,0.8404078483581543
48,1,GSM331560,1,0.2315448373556137
48,1,GSM331563,1,0.7243950366973877
48,1,GSM331564,1,0.6089730858802795
48,1,GSM331570,1,0.5356346368789673
48,1,GSM331573,1,0.7007157206535339
48,1,GSM331580,1,0.7291353940963745
48,1,GSM331581,1,0.13303695619106293
48,1,GSM331582,1,0.3611994683742523
48,1,GSM331588,1,0.873443603515625
48,1,GSM331589,1,0.23549608886241913
48,1,GSM331590,1,0.3709809482097626
48,1,GSM331591,1,0.9122464656829834
48,1,GSM331593,1,0.3238815367221832
48,1,GSM331597,1,0.2892625629901886
48,1,GSM331599,1,0.9428750872612
48,1,GSM331600,1,0.6966354846954346
48,1,GSM331602,1,0.43976902961730957
48,1,GSM331603,1,0.23668524622917175
48,1,GSM331606,1,0.39866572618484497
48,1,GSM331607,1,0.8846269845962524
48,1,GSM331609,1,0.27674439549446106
48,1,GSM331610,1,0.8530594706535339
48,1,GSM331612,1,0.6675869822502136
48,1,GSM331613,1,0.3533732295036316
48,1,GSM331614,1,0.30825549364089966
48,1,GSM331615,1,0.3245896100997925
48,1,GSM331616,1,0.48188701272010803
48,1,GSM331619,1,0.4594825208187103
48,1,GSM331621,1,0.19761888682842255
48,1,GSM331622,1,0.8779547810554504
48,1,GSM331623,1,0.3269733488559723
48,1,GSM331624,1,0.6415010690689087
48,1,GSM331625,1,0.5966053009033203
48,1,GSM331628,1,0.5232804417610168
48,1,GSM331632,1,0.2113364040851593
48,1,GSM331635,1,0.16276142001152039
48,1,GSM331636,1,0.13254490494728088
48,1,GSM331640,1,0.216195747256279
48,1,GSM331646,1,0.19577060639858246
48,1,GSM331649,1,0.8119732141494751
48,1,GSM331650,1,0.2238740772008896
48,1,GSM331651,1,0.4473274350166321
48,1,GSM331652,1,0.9207655191421509
48,1,GSM331656,1,0.20500272512435913
48,1,GSM331657,1,0.5699781775474548
48,1,GSM331658,1,0.6250472664833069
48,1,GSM331659,1,0.8330150842666626
48,2,GSM331638,0,0.3712606728076935
48,2,GSM331660,0,0.28110775351524353
48,2,GSM331662,0,0.734738290309906
48,2,GSM331664,0,0.4579537510871887
48,2,GSM331665,0,0.7214869856834412
48,2,GSM331670,0,0.4856066405773163
48,2,GSM331672,0,0.6489071846008301
48,2,GSM331674,0,0.6096293926239014
48,2,GSM331677,0,0.45101338624954224
48,2,GSM331678,0,0.2438792735338211
48,2,GSM331680,0,0.41681280732154846
48,2,GSM331683,0,0.8228369355201721
48,2,GSM331684,0,0.27516990900039673
48,2,GSM331688,0,0.706815779209137
48,2,GSM331689,0,0.5410125255584717
48,2,GSM331690,0,0.8028844594955444
48,2,GSM331691,0,0.48323115706443787
48,2,GSM331692,0,0.2808265686035156
48,2,GSM331694,0,0.3195785582065582
48,2,GSM331695,0,0.5204593539237976
48,2,GSM331697,0,0.44453468918800354
48,2,GSM331699,0,0.3250417411327362
48,2,GSM331700,0,0.7103246450424194
48,2,GSM331701,0,0.3217012286186218
48,2,GSM331704,0,0.7246889472007751
48,2,GSM331705,0,0.30253782868385315
48,2,GSM331706,0,0.906623899936676
48,2,GSM331708,0,0.6218794584274292
48,2,GSM331712,0,0.5108656883239746
48,2,GSM331715,0,0.242967426776886
48,2,GSM331716,0,0.9529855847358704
48,2,GSM331717,0,0.737287700176239
48,2,GSM331718,0,0.7808812856674194
48,2,GSM331726,0,0.35953032970428467
48,2,GSM331727,0,0.5499936938285828
48,2,GSM331731,0,0.9302623271942139
48,2,GSM331453,1,0.21910974383354187
48,2,GSM331461,1,0.38534805178642273
48,2,GSM331462,1,0.6371858716011047
48,2,GSM331463,1,0.2375488430261612
48,2,GSM331465,1,0.16359232366085052
48,2,GSM331468,1,0.49743199348449707
48,2,GSM331471,1,0.7569179534912109
48,2,GSM331473,1,0.3803311586380005
48,2,GSM331475,1,0.25126534700393677
48,2,GSM331476,1,0.3057483434677124
48,2,GSM331477,1,0.17738504707813263
48,2,GSM331478,1,0.3751274049282074
48,2,GSM331479,1,0.20639503002166748
48,2,GSM331480,1,0.6952247619628906
48,2,GSM331481,1,0.7549917697906494
48,2,GSM331484,1,0.46143510937690735
48,2,GSM331485,1,0.5644593238830566
48,2,GSM331486,1,0.7729778289794922
48,2,GSM331487,1,0.799126386642456
48,2,GSM331488,1,0.6862183809280396
48,2,GSM331489,1,0.43698012828826904
48,2,GSM331492,1,0.3282681703567505
48,2,GSM331494,1,0.8996610641479492
48,2,GSM331495,1,0.22041554749011993
48,2,GSM331498,1,0.16518650949001312
48,2,GSM331499,1,0.23951798677444458
48,2,GSM331505,1,0.4435333013534546
48,2,GSM331507,1,0.3643365502357483
48,2,GSM331509,1,0.330026239156723
48,2,GSM331514,1,0.2696041464805603
48,2,GSM331515,1,0.5559954643249512
48,2,GSM331516,1,0.650205671787262
48,2,GSM331517,1,0.6232326030731201
48,2,GSM331521,1,0.26753589510917664
48,2,GSM331526,1,0.3900826871395111
48,2,GSM331527,1,0.2591873109340668
48,2,GSM331529,1,0.5203507542610168
48,2,GSM331530,1,0.3039793372154236
48,2,GSM331531,1,0.237022265791893
48,2,GSM331536,1,0.459728866815567
48,2,GSM331538,1,0.187295064330101
48,2,GSM331540,1,0.46827325224876404
48,2,GSM331545,1,0.506653368473053
48,2,GSM331546,1,0.43183574080467224
48,2,GSM331549,1,0.8474312424659729
48,2,GSM331552,1,0.2516244351863861
48,2,GSM331554,1,0.3884715437889099
48,2,GSM331555,1,0.21683554351329803
48,2,GSM331556,1,0.665561854839325
48,2,GSM331557,1,0.567541778087616
48,2,GSM331558,1,0.21129409968852997
48,2,GSM331561,1,0.5966426134109497
48,2,GSM331562,1,0.5091198086738586
48,2,GSM331565,1,0.5429263114929199
48,2,GSM331566,1,0.5556272268295288
48,2,GSM331567,1,0.16265107691287994
48,2,GSM331568,1,0.7387996315956116
48,2,GSM331569,1,0.36281338334083557
48,2,GSM331571,1,0.6820322871208191
48,2,GSM331572,1,0.735296905040741
48,2,GSM331574,1,0.6147876977920532
48,2,GSM331575,1,0.4218626916408539
48,2,GSM331576,1,0.40562164783477783
48,2,GSM331577,1,0.6369563341140747
48,2,GSM331578,1,0.7610716819763184
48,2,GSM331579,1,0.34744665026664734
48,2,GSM331583,1,0.2983552813529968
48,2,GSM331584,1,0.28258875012397766
48,2,GSM331585,1,0.6756303906440735
48,2,GSM331586,1,0.46264326572418213
48,2,GSM331587,1,0.8882745504379272
48,2,GSM331592,1,0.5502275228500366
48,2,GSM331594,1,0.5357387065887451
48,2,GSM331595,1,0.585304319858551
48,2,GSM331596,1,0.5844866037368774
48,2,GSM331598,1,0.2656109631061554
48,2,GSM331601,1,0.19773699343204498
48,2,GSM331604,1,0.20238955318927765
48,2,GSM331605,1,0.4368017315864563
48,2,GSM331608,1,0.18906038999557495
48,2,GSM331611,1,0.7814715504646301
48,2,GSM331617,1,0.9324641823768616
48,2,GSM331618,1,0.7273385524749756
48,2,GSM331620,1,0.15795660018920898
48,2,GSM331626,1,0.10050542652606964
48,2,GSM331627,1,0.3852611482143402
48,2,GSM331629,1,0.14409977197647095
48,2,GSM331630,1,0.3474196791648865
48,2,GSM331631,1,0.18337462842464447
48,2,GSM331633,1,0.22137102484703064
48,2,GSM331634,1,0.1346600204706192
48,2,GSM331637,1,0.47161275148391724
48,2,GSM331639,1,0.1945171058177948
48,2,GSM331641,1,0.34837105870246887
48,2,GSM331642,1,0.6337783932685852
48,2,GSM331643,1,0.8597149848937988
48,2,GSM331644,1,0.4159889221191406
48,2,GSM331645,1,0.27048367261886597
48,2,GSM331647,1,0.7077847123146057
48,2,GSM331648,1,0.22581033408641815
48,2,GSM331653,1,0.6131004095077515
48,2,GSM331654,1,0.6596376895904541
48,2,GSM331655,1,0.12687735259532928
49,1,GSM331638,0,0.49050337076187134
49,1,GSM331660,0,0.3723412752151489
49,1,GSM331665,0,0.4677581489086151
49,1,GSM331666,0,0.5218639373779297
49,1,GSM331668,0,0.8193269968032837
49,1,GSM331669,0,0.9345982670783997
49,1,GSM331671,0,0.6179195642471313
49,1,GSM331672,0,0.3784261643886566
49,1,GSM331674,0,0.4958776831626892
49,1,GSM331678,0,0.24646911025047302
49,1,GSM331679,0,0.324869304895401
49,1,GSM331680,0,0.7565494179725647
49,1,GSM331681,0,0.5705785155296326
49,1,GSM331682,0,0.6085817217826843
49,1,GSM331684,0,0.1345609575510025
49,1,GSM331687,0,0.43930307030677795
49,1,GSM331689,0,0.4523157477378845
49,1,GSM331690,0,0.8265251517295837
49,1,GSM331693,0,0.32837074995040894
49,1,GSM331694,0,0.3402998745441437
49,1,GSM331695,0,0.7841237187385559
49,1,GSM331697,0,0.40671879053115845
49,1,GSM331702,0,0.4246672987937927
49,1,GSM331703,0,0.8659526705741882
49,1,GSM331704,0,0.4522470235824585
49,1,GSM331705,0,0.19854699075222015
49,1,GSM331711,0,0.932887077331543
49,1,GSM331712,0,0.2516632676124573
49,1,GSM331713,0,0.285584956407547
49,1,GSM331714,0,0.9298328161239624
49,1,GSM331720,0,0.6893013715744019
49,1,GSM331721,0,0.8982616662979126
49,1,GSM331723,0,0.7669953107833862
49,1,GSM331724,0,0.22415082156658173
49,1,GSM331726,0,0.4333854913711548
49,1,GSM331729,0,0.12351751327514648
49,1,GSM331731,0,0.9425934553146362
49,1,GSM331453,1,0.23435845971107483
49,1,GSM331454,1,0.5127122402191162
49,1,GSM331455,1,0.209888756275177
49,1,GSM331457,1,0.3730434477329254
49,1,GSM331458,1,0.5277582406997681
49,1,GSM331459,1,0.9230647683143616
49,1,GSM331462,1,0.642728328704834
49,1,GSM331463,1,0.3047078549861908
49,1,GSM331464,1,0.427822083234787
49,1,GSM331465,1,0.44879817962646484
49,1,GSM331471,1,0.7170897722244263
49,1,GSM331473,1,0.187091663479805
49,1,GSM331474,1,0.16253048181533813
49,1,GSM331476,1,0.40449023246765137
49,1,GSM331478,1,0.22281119227409363
49,1,GSM331479,1,0.13125817477703094
49,1,GSM331481,1,0.906707763671875
49,1,GSM331482,1,0.13758867979049683
49,1,GSM331487,1,0.9380460381507874
49,1,GSM331488,1,0.4829016327857971
49,1,GSM331489,1,0.5219855904579163
49,1,GSM331490,1,0.30300864577293396
49,1,GSM331492,1,0.5628620982170105
49,1,GSM331493,1,0.28722989559173584
49,1,GSM331494,1,0.8928908705711365
49,1,GSM331497,1,0.6128608584403992
49,1,GSM331498,1,0.381898432970047
49,1,GSM331499,1,0.4093509912490845
49,1,GSM331501,1,0.37492835521698
49,1,GSM331502,1,0.816351592540741
49,1,GSM331504,1,0.3332519829273224
49,1,GSM331506,1,0.629080593585968
49,1,GSM331507,1,0.20684196054935455
49,1,GSM331508,1,0.8247395157814026
49,1,GSM331509,1,0.448954701423645
49,1,GSM331514,1,0.28450506925582886
49,1,GSM331516,1,0.5915388464927673
49,1,GSM331518,1,0.42712244391441345
49,1,GSM331520,1,0.8563830852508545
49,1,GSM331523,1,0.6337112188339233
49,1,GSM331524,1,0.7649776935577393
49,1,GSM331527,1,0.2272505760192871
49,1,GSM331528,1,0.3670857548713684
49,1,GSM331529,1,0.46913182735443115
49,1,GSM331532,1,0.3423825800418854
49,1,GSM331534,1,0.5760813355445862
49,1,GSM331535,1,0.35865429043769836
49,1,GSM331539,1,0.8316088914871216
49,1,GSM331540,1,0.4433495104312897
49,1,GSM331544,1,0.23959626257419586
49,1,GSM331545,1,0.463035523891449
49,1,GSM331546,1,0.5521889328956604
49,1,GSM331549,1,0.7861464023590088
49,1,GSM331552,1,0.14854957163333893
49,1,GSM331553,1,0.9298832416534424
49,1,GSM331554,1,0.39775949716567993
49,1,GSM331556,1,0.7170863747596741
49,1,GSM331561,1,0.8575648069381714
49,1,GSM331565,1,0.47467270493507385
49,1,GSM331566,1,0.8519513607025146
49,1,GSM331567,1,0.5467326641082764
49,1,GSM331572,1,0.4570766091346741
49,1,GSM331573,1,0.5606834888458252
49,1,GSM331574,1,0.7038655281066895
49,1,GSM331576,1,0.4148994982242584
49,1,GSM331577,1,0.434172123670578
49,1,GSM331579,1,0.17311455309391022
49,1,GSM331580,1,0.7611212730407715
49,1,GSM331584,1,0.0768684595823288
49,1,GSM331590,1,0.3482224643230438
49,1,GSM331591,1,0.9229320287704468
49,1,GSM331592,1,0.7921027541160583
49,1,GSM331594,1,0.24959979951381683
49,1,GSM331598,1,0.2084980309009552
49,1,GSM331601,1,0.26625412702560425
49,1,GSM331602,1,0.4593334197998047
49,1,GSM331603,1,0.3177742063999176
49,1,GSM331605,1,0.6409724354743958
49,1,GSM331607,1,0.9282293319702148
49,1,GSM331608,1,0.01959228515625
49,1,GSM331611,1,0.8696048259735107
49,1,GSM331614,1,0.46732890605926514
49,1,GSM331617,1,0.7491143941879272
49,1,GSM331618,1,0.6876915097236633
49,1,GSM331621,1,0.34394457936286926
49,1,GSM331624,1,0.7578704953193665
49,1,GSM331625,1,0.6077697277069092
49,1,GSM331627,1,0.4930143654346466
49,1,GSM331629,1,0.17665766179561615
49,1,GSM331631,1,0.09875946491956711
49,1,GSM331632,1,0.12804825603961945
49,1,GSM331633,1,0.11885298788547516
49,1,GSM331634,1,0.3343319594860077
49,1,GSM331637,1,0.6136533617973328
49,1,GSM331639,1,0.4634995758533478
49,1,GSM331641,1,0.24164919555187225
49,1,GSM331646,1,0.308941513299942
49,1,GSM331648,1,0.14829948544502258
49,1,GSM331651,1,0.3564530313014984
49,1,GSM331653,1,0.6544747352600098
49,1,GSM331656,1,0.2443763166666031
49,1,GSM331658,1,0.7435956597328186
49,1,GSM331659,1,0.7372987270355225
49,2,GSM331661,0,0.7960380911827087
49,2,GSM331662,0,0.8682437539100647
49,2,GSM331663,0,0.5081515908241272
49,2,GSM331664,0,0.40610724687576294
49,2,GSM331670,0,0.4618450403213501
49,2,GSM331673,0,0.20346017181873322
49,2,GSM331675,0,0.027198728173971176
49,2,GSM331676,0,0.7317203879356384
49,2,GSM331677,0,0.597653329372406
49,2,GSM331683,0,0.8316007256507874
49,2,GSM331685,0,0.48282092809677124
49,2,GSM331686,0,0.49946698546409607
49,2,GSM331688,0,0.8226715326309204
49,2,GSM331691,0,0.5829125046730042
49,2,GSM331692,0,0.07948651164770126
49,2,GSM331696,0,0.7438962459564209
49,2,GSM331698,0,0.5059018135070801
49,2,GSM331699,0,0.5065325498580933
49,2,GSM331700,0,0.5162468552589417
49,2,GSM331701,0,0.43248170614242554
49,2,GSM331706,0,0.9411146640777588
49,2,GSM331707,0,0.5329363346099854
49,2,GSM331708,0,0.8701592087745667
49,2,GSM331709,0,0.15789787471294403
49,2,GSM331710,0,0.08478213846683502
49,2,GSM331715,0,0.404524028301239
49,2,GSM331716,0,0.975328803062439
49,2,GSM331717,0,0.7634046673774719
49,2,GSM331718,0,0.887778639793396
49,2,GSM331719,0,0.06565378606319427
49,2,GSM331722,0,0.6115466356277466
49,2,GSM331725,0,0.6932544708251953
49,2,GSM331727,0,0.4078926742076874
49,2,GSM331728,0,0.42939040064811707
49,2,GSM331730,0,0.7868411540985107
49,2,GSM331732,0,0.718568742275238
49,2,GSM331456,1,0.6712036728858948
49,2,GSM331460,1,0.580382764339447
49,2,GSM331461,1,0.484005331993103
49,2,GSM331466,1,0.3465295135974884
49,2,GSM331467,1,0.17605014145374298
49,2,GSM331468,1,0.6884037852287292
49,2,GSM331469,1,0.4403902590274811
49,2,GSM331470,1,0.8087672591209412
49,2,GSM331472,1,0.2868574559688568
49,2,GSM331475,1,0.3023459017276764
49,2,GSM331477,1,0.2522779703140259
49,2,GSM331480,1,0.7170562744140625
49,2,GSM331483,1,0.621472954750061
49,2,GSM331484,1,0.23341883718967438
49,2,GSM331485,1,0.8901280760765076
49,2,GSM331486,1,0.7582312226295471
49,2,GSM331491,1,0.6700924634933472
49,2,GSM331495,1,0.6781463623046875
49,2,GSM331496,1,0.1339055448770523
49,2,GSM331500,1,0.20959536731243134
49,2,GSM331503,1,0.3215559124946594
49,2,GSM331505,1,0.542003333568573
49,2,GSM331510,1,0.5948045253753662
49,2,GSM331511,1,0.6938073039054871
49,2,GSM331512,1,0.7823880314826965
49,2,GSM331513,1,0.6329556703567505
49,2,GSM331515,1,0.4925028383731842
49,2,GSM331517,1,0.7150423526763916
49,2,GSM331519,1,0.4094642996788025
49,2,GSM331521,1,0.22918656468391418
49,2,GSM331522,1,0.26940223574638367
49,2,GSM331525,1,0.4524698853492737
49,2,GSM331526,1,0.5708973407745361
49,2,GSM331530,1,0.6826701760292053
49,2,GSM331531,1,0.15940320491790771
49,2,GSM331533,1,0.8057901859283447
49,2,GSM331536,1,0.1941993087530136
49,2,GSM331537,1,0.7183466553688049
49,2,GSM331538,1,0.2723499536514282
49,2,GSM331541,1,0.7442609071731567
49,2,GSM331542,1,0.25028905272483826
49,2,GSM331543,1,0.5667246580123901
49,2,GSM331547,1,0.6933445930480957
49,2,GSM331548,1,0.868718147277832
49,2,GSM331550,1,0.37585335969924927
49,2,GSM331551,1,0.5323349833488464
49,2,GSM331555,1,0.18301737308502197
49,2,GSM331557,1,0.5709577202796936
49,2,GSM331558,1,0.0429530031979084
49,2,GSM331559,1,0.9523702263832092
49,2,GSM331560,1,0.250363290309906
49,2,GSM331562,1,0.4003138244152069
49,2,GSM331563,1,0.7142724990844727
49,2,GSM331564,1,0.5877853631973267
49,2,GSM331568,1,0.8878605961799622
49,2,GSM331569,1,0.3925718069076538
49,2,GSM331570,1,0.2917829155921936
49,2,GSM331571,1,0.7646760940551758
49,2,GSM331575,1,0.3142101466655731
49,2,GSM331578,1,0.7678802609443665
49,2,GSM331581,1,0.14724770188331604
49,2,GSM331582,1,0.43300002813339233
49,2,GSM331583,1,0.38365769386291504
49,2,GSM331585,1,0.6428121328353882
49,2,GSM331586,1,0.2203158736228943
49,2,GSM331587,1,0.9025234580039978
49,2,GSM331588,1,0.5097923874855042
49,2,GSM331589,1,0.31524428725242615
49,2,GSM331593,1,0.4259569048881531
49,2,GSM331595,1,0.6894538998603821
49,2,GSM331596,1,0.5348365902900696
49,2,GSM331597,1,0.7178245186805725
49,2,GSM331599,1,0.9292818903923035
49,2,GSM331600,1,0.8609306812286377
49,2,GSM331604,1,0.07345373928546906
49,2,GSM331606,1,0.0665353313088417
49,2,GSM331609,1,0.5118921399116516
49,2,GSM331610,1,0.7003469467163086
49,2,GSM331612,1,0.6735132932662964
49,2,GSM331613,1,0.4766000211238861
49,2,GSM331615,1,0.530260443687439
49,2,GSM331616,1,0.4388067424297333
49,2,GSM331619,1,0.39436256885528564
49,2,GSM331620,1,0.3801902234554291
49,2,GSM331622,1,0.8749642968177795
49,2,GSM331623,1,0.20506742596626282
49,2,GSM331626,1,0.23396222293376923
49,2,GSM331628,1,0.5787127017974854
49,2,GSM331630,1,0.48941338062286377
49,2,GSM331635,1,0.13656677305698395
49,2,GSM331636,1,0.09980486333370209
49,2,GSM331640,1,0.14201341569423676
49,2,GSM331642,1,0.5157907605171204
49,2,GSM331643,1,0.9150881767272949
49,2,GSM331644,1,0.13721491396427155
49,2,GSM331645,1,0.05703998729586601
49,2,GSM331647,1,0.6008829474449158
49,2,GSM331649,1,0.8744179606437683
49,2,GSM331650,1,0.39157143235206604
49,2,GSM331652,1,0.907041072845459
49,2,GSM331654,1,0.841446042060852
49,2,GSM331655,1,0.24771878123283386
49,2,GSM331657,1,0.6465398669242859
50,1,GSM331638,0,0.4003570079803467
50,1,GSM331660,0,0.2078303098678589
50,1,GSM331662,0,0.5426045060157776
50,1,GSM331670,0,0.6023660898208618
50,1,GSM331671,0,0.8193984031677246
50,1,GSM331673,0,0.3773062527179718
50,1,GSM331675,0,0.1926686316728592
50,1,GSM331676,0,0.3910587728023529
50,1,GSM331678,0,0.14917631447315216
50,1,GSM331679,0,0.5770943760871887
50,1,GSM331681,0,0.554129421710968
50,1,GSM331682,0,0.5384339690208435
50,1,GSM331684,0,0.28151440620422363
50,1,GSM331687,0,0.22770459949970245
50,1,GSM331689,0,0.37736842036247253
50,1,GSM331691,0,0.564073920249939
50,1,GSM331694,0,0.5960137844085693
50,1,GSM331695,0,0.33629515767097473
50,1,GSM331701,0,0.30162760615348816
50,1,GSM331702,0,0.558373212814331
50,1,GSM331703,0,0.5455617308616638
50,1,GSM331704,0,0.5029641389846802
50,1,GSM331705,0,0.45395877957344055
50,1,GSM331706,0,0.7607867121696472
50,1,GSM331708,0,0.8335450887680054
50,1,GSM331710,0,0.20083999633789062
50,1,GSM331712,0,0.46570897102355957
50,1,GSM331713,0,0.37042370438575745
50,1,GSM331714,0,0.6264014840126038
50,1,GSM331718,0,0.7461099028587341
50,1,GSM331720,0,0.4664047360420227
50,1,GSM331721,0,0.817836582660675
50,1,GSM331722,0,0.5101985931396484
50,1,GSM331724,0,0.308296799659729
50,1,GSM331729,0,0.11937052756547928
50,1,GSM331730,0,0.4296245276927948
50,1,GSM331731,0,0.606653094291687
50,1,GSM331453,1,0.4328610301017761
50,1,GSM331454,1,0.6398058533668518
50,1,GSM331461,1,0.45172032713890076
50,1,GSM331462,1,0.6120743751525879
50,1,GSM331464,1,0.4413517713546753
50,1,GSM331466,1,0.6410716772079468
50,1,GSM331467,1,0.26653188467025757
50,1,GSM331471,1,0.8341347575187683
50,1,GSM331473,1,0.7157732844352722
50,1,GSM331474,1,0.7032098770141602
50,1,GSM331475,1,0.3263480067253113
50,1,GSM331477,1,0.5701521039009094
50,1,GSM331478,1,0.5019526481628418
50,1,GSM331479,1,0.6497859358787537
50,1,GSM331482,1,0.3025416433811188
50,1,GSM331483,1,0.7463926076889038
50,1,GSM331484,1,0.21467487514019012
50,1,GSM331486,1,0.5192632675170898
50,1,GSM331487,1,0.7500094175338745
50,1,GSM331488,1,0.6433520913124084
50,1,GSM331491,1,0.6780210733413696
50,1,GSM331492,1,0.6304906010627747
50,1,GSM331493,1,0.2957925796508789
50,1,GSM331494,1,0.7412225008010864
50,1,GSM331495,1,0.4365245997905731
50,1,GSM331496,1,0.3254465162754059
50,1,GSM331498,1,0.4292214512825012
50,1,GSM331502,1,0.7114203572273254
50,1,GSM331504,1,0.432290256023407
50,1,GSM331505,1,0.7205209136009216
50,1,GSM331509,1,0.3885892927646637
50,1,GSM331512,1,0.5522639751434326
50,1,GSM331514,1,0.3738722801208496
50,1,GSM331515,1,0.26243022084236145
50,1,GSM331519,1,0.36338919401168823
50,1,GSM331520,1,0.5319601893424988
50,1,GSM331521,1,0.6274100542068481
50,1,GSM331525,1,0.35569456219673157
50,1,GSM331528,1,0.44947656989097595
50,1,GSM331529,1,0.5387674570083618
50,1,GSM331530,1,0.3866499066352844
50,1,GSM331531,1,0.44033753871917725
50,1,GSM331532,1,0.528252363204956
50,1,GSM331536,1,0.550142228603363
50,1,GSM331538,1,0.31510287523269653
50,1,GSM331541,1,0.7185307741165161
50,1,GSM331544,1,0.3811403512954712
50,1,GSM331545,1,0.5036636590957642
50,1,GSM331549,1,0.7684227228164673
50,1,GSM331551,1,0.4867575168609619
50,1,GSM331552,1,0.3760813772678375
50,1,GSM331553,1,0.6494261622428894
50,1,GSM331555,1,0.27593332529067993
50,1,GSM331556,1,0.5573626160621643
50,1,GSM331561,1,0.5910300016403198
50,1,GSM331563,1,0.7254860401153564
50,1,GSM331565,1,0.8079098463058472
50,1,GSM331566,1,0.6027224659919739
50,1,GSM331567,1,0.46200141310691833
50,1,GSM331568,1,0.8734135627746582
50,1,GSM331570,1,0.5228711366653442
50,1,GSM331574,1,0.409068763256073
50,1,GSM331575,1,0.7458821535110474
50,1,GSM331579,1,0.422940731048584
50,1,GSM331580,1,0.27158433198928833
50,1,GSM331581,1,0.41057994961738586
50,1,GSM331584,1,0.363802969455719
50,1,GSM331588,1,0.6587303280830383
50,1,GSM331589,1,0.4010292887687683
50,1,GSM331591,1,0.8258638381958008
50,1,GSM331594,1,0.7360377907752991
50,1,GSM331595,1,0.6236574649810791
50,1,GSM331598,1,0.4158370792865753
50,1,GSM331599,1,0.8712466955184937
50,1,GSM331600,1,0.7388325929641724
50,1,GSM331602,1,0.43992140889167786
50,1,GSM331604,1,0.3112179934978485
50,1,GSM331609,1,0.5506383180618286
50,1,GSM331612,1,0.7672393321990967
50,1,GSM331614,1,0.3834279775619507
50,1,GSM331615,1,0.4237052798271179
50,1,GSM331616,1,0.607984721660614
50,1,GSM331617,1,0.6406276822090149
50,1,GSM331618,1,0.6981380581855774
50,1,GSM331619,1,0.4096410870552063
50,1,GSM331620,1,0.5188774466514587
50,1,GSM331621,1,0.629773736000061
50,1,GSM331623,1,0.30810409784317017
50,1,GSM331626,1,0.31032389402389526
50,1,GSM331631,1,0.39794212579727173
50,1,GSM331632,1,0.35492148995399475
50,1,GSM331633,1,0.24843312799930573
50,1,GSM331636,1,0.41101059317588806
50,1,GSM331637,1,0.4099367558956146
50,1,GSM331639,1,0.46599411964416504
50,1,GSM331641,1,0.5534715056419373
50,1,GSM331643,1,0.6771447062492371
50,1,GSM331644,1,0.4098660349845886
50,1,GSM331645,1,0.45844563841819763
50,1,GSM331646,1,0.4328514039516449
50,1,GSM331650,1,0.45744869112968445
50,1,GSM331653,1,0.5052379965782166
50,1,GSM331656,1,0.29850757122039795
50,2,GSM331661,0,0.7046804428100586
50,2,GSM331663,0,0.3491324186325073
50,2,GSM331664,0,0.19231219589710236
50,2,GSM331665,0,0.6899126172065735
50,2,GSM331666,0,0.22103329002857208
50,2,GSM331668,0,0.42285025119781494
50,2,GSM331669,0,0.8655598759651184
50,2,GSM331672,0,0.6113530397415161
50,2,GSM331674,0,0.7286978960037231
50,2,GSM331677,0,0.41348105669021606
50,2,GSM331680,0,0.4282413423061371
50,2,GSM331683,0,0.6858510375022888
50,2,GSM331685,0,0.21935909986495972
50,2,GSM331686,0,0.7709171772003174
50,2,GSM331688,0,0.5308935046195984
50,2,GSM331690,0,0.572295606136322
50,2,GSM331692,0,0.32069942355155945
50,2,GSM331693,0,0.3895321786403656
50,2,GSM331696,0,0.21588386595249176
50,2,GSM331697,0,0.39187657833099365
50,2,GSM331698,0,0.3010629713535309
50,2,GSM331699,0,0.6686961650848389
50,2,GSM331700,0,0.470923513174057
50,2,GSM331707,0,0.7888286709785461
50,2,GSM331709,0,0.2016177475452423
50,2,GSM331711,0,0.23528915643692017
50,2,GSM331715,0,0.39477598667144775
50,2,GSM331716,0,0.9144473075866699
50,2,GSM331717,0,0.6512929797172546
50,2,GSM331719,0,0.3008573353290558
50,2,GSM331723,0,0.854033887386322
50,2,GSM331725,0,0.7384355664253235
50,2,GSM331726,0,0.20224320888519287
50,2,GSM331727,0,0.3204379677772522
50,2,GSM331728,0,0.16599708795547485
50,2,GSM331732,0,0.6751083135604858
50,2,GSM331455,1,0.4554191827774048
50,2,GSM331456,1,0.5425403714179993
50,2,GSM331457,1,0.8429030179977417
50,2,GSM331458,1,0.5141382217407227
50,2,GSM331459,1,0.7013744711875916
50,2,GSM331460,1,0.6671220660209656
50,2,GSM331463,1,0.3846980929374695
50,2,GSM331465,1,0.5023022890090942
50,2,GSM331468,1,0.687866747379303
50,2,GSM331469,1,0.5304945111274719
50,2,GSM331470,1,0.42089730501174927
50,2,GSM331472,1,0.29585033655166626
50,2,GSM331476,1,0.6509735584259033
50,2,GSM331480,1,0.4687111973762512
50,2,GSM331481,1,0.45793065428733826
50,2,GSM331485,1,0.4440062344074249
50,2,GSM331489,1,0.6093219518661499
50,2,GSM331490,1,0.3736785352230072
50,2,GSM331497,1,0.627748429775238
50,2,GSM331499,1,0.3554549813270569
50,2,GSM331500,1,0.5337880253791809
50,2,GSM331501,1,0.47854453325271606
50,2,GSM331503,1,0.3114835023880005
50,2,GSM331506,1,0.5219629406929016
50,2,GSM331507,1,0.25059282779693604
50,2,GSM331508,1,0.6089038848876953
50,2,GSM331510,1,0.4099713861942291
50,2,GSM331511,1,0.5917404294013977
50,2,GSM331513,1,0.786632239818573
50,2,GSM331516,1,0.6033671498298645
50,2,GSM331517,1,0.32201841473579407
50,2,GSM331518,1,0.3108970820903778
50,2,GSM331522,1,0.44296765327453613
50,2,GSM331523,1,0.7593145370483398
50,2,GSM331524,1,0.49601325392723083
50,2,GSM331526,1,0.8184850215911865
50,2,GSM331527,1,0.5912185311317444
50,2,GSM331533,1,0.5279144048690796
50,2,GSM331534,1,0.6255974173545837
50,2,GSM331535,1,0.465368390083313
50,2,GSM331537,1,0.681908369064331
50,2,GSM331539,1,0.32189080119132996
50,2,GSM331540,1,0.5691363215446472
50,2,GSM331542,1,0.46717333793640137
50,2,GSM331543,1,0.7419424653053284
50,2,GSM331546,1,0.5750245451927185
50,2,GSM331547,1,0.2972509264945984
50,2,GSM331548,1,0.658531129360199
50,2,GSM331550,1,0.3682997226715088
50,2,GSM331554,1,0.3590329885482788
50,2,GSM331557,1,0.7205958366394043
50,2,GSM331558,1,0.30617931485176086
50,2,GSM331559,1,0.5301202535629272
50,2,GSM331560,1,0.5084018707275391
50,2,GSM331562,1,0.6437281370162964
50,2,GSM331564,1,0.3281418979167938
50,2,GSM331569,1,0.6800137162208557
50,2,GSM331571,1,0.577124834060669
50,2,GSM331572,1,0.5875614285469055
50,2,GSM331573,1,0.6926683187484741
50,2,GSM331576,1,0.36895865201950073
50,2,GSM331577,1,0.5041040182113647
50,2,GSM331578,1,0.874040424823761
50,2,GSM331582,1,0.6798048615455627
50,2,GSM331583,1,0.4529222846031189
50,2,GSM331585,1,0.5411573648452759
50,2,GSM331586,1,0.3859316408634186
50,2,GSM331587,1,0.4441947340965271
50,2,GSM331590,1,0.5757398009300232
50,2,GSM331592,1,0.46302637457847595
50,2,GSM331593,1,0.3534480929374695
50,2,GSM331596,1,0.4272841513156891
50,2,GSM331597,1,0.3499052822589874
50,2,GSM331601,1,0.17855434119701385
50,2,GSM331603,1,0.5323576331138611
50,2,GSM331605,1,0.6665754914283752
50,2,GSM331606,1,0.38643723726272583
50,2,GSM331607,1,0.7420830726623535
50,2,GSM331608,1,0.29167768359184265
50,2,GSM331610,1,0.6758037209510803
50,2,GSM331611,1,0.38365939259529114
50,2,GSM331613,1,0.29175013303756714
50,2,GSM331622,1,0.6631737947463989
50,2,GSM331624,1,0.38798198103904724
50,2,GSM331625,1,0.6941726207733154
50,2,GSM331627,1,0.4761750400066376
50,2,GSM331628,1,0.29758983850479126
50,2,GSM331629,1,0.17918947339057922
50,2,GSM331630,1,0.37781772017478943
50,2,GSM331634,1,0.3513225317001343
50,2,GSM331635,1,0.46843037009239197
50,2,GSM331640,1,0.30541980266571045
50,2,GSM331642,1,0.4049350321292877
50,2,GSM331647,1,0.513979434967041
50,2,GSM331648,1,0.328029990196228
50,2,GSM331649,1,0.5578356981277466
50,2,GSM331651,1,0.27385690808296204
50,2,GSM331652,1,0.6857962608337402
50,2,GSM331654,1,0.7734267115592957
50,2,GSM331655,1,0.4357158839702606
50,2,GSM331657,1,0.8494189977645874
50,2,GSM331658,1,0.7509280443191528
50,2,GSM331659,1,0.8029298782348633
51,1,GSM331638,0,0.3595297932624817
51,1,GSM331664,0,0.21578474342823029
51,1,GSM331669,0,0.9164111614227295
51,1,GSM331670,0,0.3658093214035034
51,1,GSM331671,0,0.6592832803726196
51,1,GSM331673,0,0.39835867285728455
51,1,GSM331675,0,0.10410702973604202
51,1,GSM331676,0,0.7604736685752869
51,1,GSM331677,0,0.5870732665061951
51,1,GSM331678,0,0.24319158494472504
51,1,GSM331679,0,0.5938124656677246
51,1,GSM331680,0,0.4692482352256775
51,1,GSM331681,0,0.5247841477394104
51,1,GSM331683,0,0.7794760465621948
51,1,GSM331686,0,0.4275113046169281
51,1,GSM331688,0,0.606024444103241
51,1,GSM331689,0,0.3034072518348694
51,1,GSM331690,0,0.8046358823776245
51,1,GSM331692,0,0.2608420252799988
51,1,GSM331693,0,0.35265830159187317
51,1,GSM331694,0,0.3599628806114197
51,1,GSM331698,0,0.39679935574531555
51,1,GSM331700,0,0.5062036514282227
51,1,GSM331702,0,0.5514794588088989
51,1,GSM331703,0,0.4732099175453186
51,1,GSM331704,0,0.5533350110054016
51,1,GSM331705,0,0.33287671208381653
51,1,GSM331707,0,0.7777604460716248
51,1,GSM331708,0,0.8764168620109558
51,1,GSM331710,0,0.18879102170467377
51,1,GSM331713,0,0.41153740882873535
51,1,GSM331716,0,0.924019455909729
51,1,GSM331718,0,0.7347497940063477
51,1,GSM331722,0,0.34439796209335327
51,1,GSM331723,0,0.7336224913597107
51,1,GSM331727,0,0.5013955235481262
51,1,GSM331731,0,0.8331681489944458
51,1,GSM331454,1,0.6518782377243042
51,1,GSM331455,1,0.24446052312850952
51,1,GSM331461,1,0.17691367864608765
51,1,GSM331462,1,0.8326085805892944
51,1,GSM331466,1,0.820509135723114
51,1,GSM331467,1,0.33149799704551697
51,1,GSM331469,1,0.8725115656852722
51,1,GSM331471,1,0.8474815487861633
51,1,GSM331472,1,0.1754477620124817
51,1,GSM331473,1,0.4292999505996704
51,1,GSM331476,1,0.7662224769592285
51,1,GSM331478,1,0.5369846820831299
51,1,GSM331479,1,0.4240235984325409
51,1,GSM331485,1,0.7483755946159363
51,1,GSM331489,1,0.6271542906761169
51,1,GSM331491,1,0.6412987112998962
51,1,GSM331494,1,0.8973304629325867
51,1,GSM331497,1,0.5295448303222656
51,1,GSM331498,1,0.41919559240341187
51,1,GSM331501,1,0.5041987299919128
51,1,GSM331502,1,0.8133904933929443
51,1,GSM331503,1,0.3357679843902588
51,1,GSM331505,1,0.8483641743659973
51,1,GSM331508,1,0.6062646508216858
51,1,GSM331510,1,0.40165388584136963
51,1,GSM331511,1,0.6992425918579102
51,1,GSM331519,1,0.49398869276046753
51,1,GSM331520,1,0.6139967441558838
51,1,GSM331528,1,0.6250866651535034
51,1,GSM331530,1,0.3982802927494049
51,1,GSM331531,1,0.4268916845321655
51,1,GSM331532,1,0.3280595541000366
51,1,GSM331534,1,0.7509507536888123
51,1,GSM331537,1,0.8026576638221741
51,1,GSM331538,1,0.2044760286808014
51,1,GSM331539,1,0.5244867205619812
51,1,GSM331540,1,0.6040339469909668
51,1,GSM331543,1,0.5438984036445618
51,1,GSM331546,1,0.6066822409629822
51,1,GSM331547,1,0.43895283341407776
51,1,GSM331549,1,0.7633879780769348
51,1,GSM331550,1,0.3454313278198242
51,1,GSM331555,1,0.1289280652999878
51,1,GSM331556,1,0.6564407348632812
51,1,GSM331558,1,0.3069336414337158
51,1,GSM331560,1,0.634870707988739
51,1,GSM331562,1,0.30890387296676636
51,1,GSM331565,1,0.8936588764190674
51,1,GSM331567,1,0.2326580435037613
51,1,GSM331568,1,0.8758641481399536
51,1,GSM331569,1,0.7383431196212769
51,1,GSM331571,1,0.6873604655265808
51,1,GSM331575,1,0.7227831482887268
51,1,GSM331579,1,0.4976480305194855
51,1,GSM331581,1,0.19510218501091003
51,1,GSM331583,1,0.6225815415382385
51,1,GSM331584,1,0.5100621581077576
51,1,GSM331585,1,0.40338006615638733
51,1,GSM331586,1,0.29643818736076355
51,1,GSM331589,1,0.5413170456886292
51,1,GSM331590,1,0.5887405872344971
51,1,GSM331591,1,0.9044524431228638
51,1,GSM331592,1,0.5910532474517822
51,1,GSM331595,1,0.5937316417694092
51,1,GSM331597,1,0.4169880151748657
51,1,GSM331598,1,0.6362177729606628
51,1,GSM331600,1,0.7874804139137268
51,1,GSM331601,1,0.13750645518302917
51,1,GSM331602,1,0.4542420506477356
51,1,GSM331603,1,0.3829669654369354
51,1,GSM331604,1,0.37680166959762573
51,1,GSM331605,1,0.8620242476463318
51,1,GSM331606,1,0.2246757596731186
51,1,GSM331607,1,0.8551613688468933
51,1,GSM331608,1,0.24264799058437347
51,1,GSM331609,1,0.6389973163604736
51,1,GSM331611,1,0.4596884846687317
51,1,GSM331612,1,0.6111748218536377
51,1,GSM331615,1,0.4711875021457672
51,1,GSM331619,1,0.5348771810531616
51,1,GSM331621,1,0.4375366270542145
51,1,GSM331624,1,0.5715662837028503
51,1,GSM331625,1,0.6843231916427612
51,1,GSM331628,1,0.48056507110595703
51,1,GSM331629,1,0.16321811079978943
51,1,GSM331630,1,0.31741684675216675
51,1,GSM331631,1,0.3057315945625305
51,1,GSM331632,1,0.4103999733924866
51,1,GSM331633,1,0.2295115888118744
51,1,GSM331634,1,0.2481852024793625
51,1,GSM331636,1,0.2873806059360504
51,1,GSM331637,1,0.3023874759674072
51,1,GSM331639,1,0.4283919930458069
51,1,GSM331641,1,0.6448111534118652
51,1,GSM331642,1,0.5628692507743835
51,1,GSM331643,1,0.8745706677436829
51,1,GSM331644,1,0.2302653193473816
51,1,GSM331648,1,0.3912321627140045
51,1,GSM331649,1,0.636297345161438
51,1,GSM331650,1,0.5480863451957703
51,1,GSM331651,1,0.4440106451511383
51,1,GSM331653,1,0.5836167931556702
51,1,GSM331654,1,0.8875284194946289
51,2,GSM331660,0,0.2799775302410126
51,2,GSM331661,0,0.5343233942985535
51,2,GSM331662,0,0.3442651927471161
51,2,GSM331663,0,0.38349661231040955
51,2,GSM331665,0,0.8856740593910217
51,2,GSM331666,0,0.21102482080459595
51,2,GSM331668,0,0.5317069888114929
51,2,GSM331672,0,0.6211704015731812
51,2,GSM331674,0,0.8248794078826904
51,2,GSM331682,0,0.24508395791053772
51,2,GSM331684,0,0.11877235025167465
51,2,GSM331685,0,0.217823326587677
51,2,GSM331687,0,0.418518602848053
51,2,GSM331691,0,0.5456901788711548
51,2,GSM331695,0,0.5487604737281799
51,2,GSM331696,0,0.5391154289245605
51,2,GSM331697,0,0.5123685002326965
51,2,GSM331699,0,0.7970655560493469
51,2,GSM331701,0,0.3463534712791443
51,2,GSM331706,0,0.6701143980026245
51,2,GSM331709,0,0.2186868041753769
51,2,GSM331711,0,0.7695029973983765
51,2,GSM331712,0,0.27054089307785034
51,2,GSM331714,0,0.6986481547355652
51,2,GSM331715,0,0.5956420302391052
51,2,GSM331717,0,0.5954223871231079
51,2,GSM331719,0,0.1510305106639862
51,2,GSM331720,0,0.5636707544326782
51,2,GSM331721,0,0.8446127772331238
51,2,GSM331724,0,0.31886470317840576
51,2,GSM331725,0,0.6581259965896606
51,2,GSM331726,0,0.3502563238143921
51,2,GSM331728,0,0.28441768884658813
51,2,GSM331729,0,0.13909004628658295
51,2,GSM331730,0,0.48039689660072327
51,2,GSM331732,0,0.7207522988319397
51,2,GSM331453,1,0.3328244090080261
51,2,GSM331456,1,0.49789300560951233
51,2,GSM331457,1,0.6029213070869446
51,2,GSM331458,1,0.4316604733467102
51,2,GSM331459,1,0.8513187170028687
51,2,GSM331460,1,0.6475313305854797
51,2,GSM331463,1,0.36567628383636475
51,2,GSM331464,1,0.5251749157905579
51,2,GSM331465,1,0.39189645648002625
51,2,GSM331468,1,0.6751433610916138
51,2,GSM331470,1,0.38837358355522156
51,2,GSM331474,1,0.3852347135543823
51,2,GSM331475,1,0.09461931139230728
51,2,GSM331477,1,0.4726148843765259
51,2,GSM331480,1,0.7416250109672546
51,2,GSM331481,1,0.7552505731582642
51,2,GSM331482,1,0.20223505795001984
51,2,GSM331483,1,0.5409500598907471
51,2,GSM331484,1,0.3855555057525635
51,2,GSM331486,1,0.6217623949050903
51,2,GSM331487,1,0.7901204824447632
51,2,GSM331488,1,0.4384993314743042
51,2,GSM331490,1,0.3233599364757538
51,2,GSM331492,1,0.37734025716781616
51,2,GSM331493,1,0.3234618902206421
51,2,GSM331495,1,0.7482209801673889
51,2,GSM331496,1,0.18681667745113373
51,2,GSM331499,1,0.17147555947303772
51,2,GSM331500,1,0.48191702365875244
51,2,GSM331504,1,0.4810989201068878
51,2,GSM331506,1,0.43801891803741455
51,2,GSM331507,1,0.285775750875473
51,2,GSM331509,1,0.2063632756471634
51,2,GSM331512,1,0.29919174313545227
51,2,GSM331513,1,0.8281367421150208
51,2,GSM331514,1,0.35208019614219666
51,2,GSM331515,1,0.33165186643600464
51,2,GSM331516,1,0.608287513256073
51,2,GSM331517,1,0.47452598810195923
51,2,GSM331518,1,0.4907585382461548
51,2,GSM331521,1,0.5417304635047913
51,2,GSM331522,1,0.18679410219192505
51,2,GSM331523,1,0.8210075497627258
51,2,GSM331524,1,0.6111388802528381
51,2,GSM331525,1,0.27862781286239624
51,2,GSM331526,1,0.6010716557502747
51,2,GSM331527,1,0.3670128285884857
51,2,GSM331529,1,0.21874988079071045
51,2,GSM331533,1,0.7149814963340759
51,2,GSM331535,1,0.404986709356308
51,2,GSM331536,1,0.485661119222641
51,2,GSM331541,1,0.6619403958320618
51,2,GSM331542,1,0.576429009437561
51,2,GSM331544,1,0.24666044116020203
51,2,GSM331545,1,0.6229221224784851
51,2,GSM331548,1,0.5693495273590088
51,2,GSM331551,1,0.6422839164733887
51,2,GSM331552,1,0.30894994735717773
51,2,GSM331553,1,0.5028374791145325
51,2,GSM331554,1,0.2112630009651184
51,2,GSM331557,1,0.5610038638114929
51,2,GSM331559,1,0.8476983308792114
51,2,GSM331561,1,0.5281923413276672
51,2,GSM331563,1,0.8702365756034851
51,2,GSM331564,1,0.5272114872932434
51,2,GSM331566,1,0.8168051242828369
51,2,GSM331570,1,0.2860739827156067
51,2,GSM331572,1,0.46477723121643066
51,2,GSM331573,1,0.7300323843955994
51,2,GSM331574,1,0.5342286229133606
51,2,GSM331576,1,0.5561370849609375
51,2,GSM331577,1,0.5165262222290039
51,2,GSM331578,1,0.623965859413147
51,2,GSM331580,1,0.5882746577262878
51,2,GSM331582,1,0.5700274109840393
51,2,GSM331587,1,0.6823228597640991
51,2,GSM331588,1,0.48796704411506653
51,2,GSM331593,1,0.11876573413610458
51,2,GSM331594,1,0.5945242643356323
51,2,GSM331596,1,0.3917319178581238
51,2,GSM331599,1,0.800625741481781
51,2,GSM331610,1,0.6638672947883606
51,2,GSM331613,1,0.3498494029045105
51,2,GSM331614,1,0.5119022727012634
51,2,GSM331616,1,0.4388112425804138
51,2,GSM331617,1,0.6203900575637817
51,2,GSM331618,1,0.23549650609493256
51,2,GSM331620,1,0.45365622639656067
51,2,GSM331622,1,0.812308132648468
51,2,GSM331623,1,0.11828231066465378
51,2,GSM331626,1,0.13232062757015228
51,2,GSM331627,1,0.2252616584300995
51,2,GSM331635,1,0.2299363613128662
51,2,GSM331640,1,0.10258856415748596
51,2,GSM331645,1,0.23740094900131226
51,2,GSM331646,1,0.19945736229419708
51,2,GSM331647,1,0.5458677411079407
51,2,GSM331652,1,0.7705200910568237
51,2,GSM331655,1,0.32562965154647827
51,2,GSM331656,1,0.2432289868593216
51,2,GSM331657,1,0.8137643933296204
51,2,GSM331658,1,0.6854634881019592
51,2,GSM331659,1,0.790913999080658
52,1,GSM331638,0,0.6092029809951782
52,1,GSM331660,0,0.3739248812198639
52,1,GSM331665,0,0.9235159754753113
52,1,GSM331670,0,0.5691227316856384
52,1,GSM331671,0,0.9232367873191833
52,1,GSM331672,0,0.38284415006637573
52,1,GSM331673,0,0.6810919046401978
52,1,GSM331674,0,0.8944038152694702
52,1,GSM331675,0,0.0734298899769783
52,1,GSM331676,0,0.7892571687698364
52,1,GSM331678,0,0.41753414273262024
52,1,GSM331680,0,0.8735790252685547
52,1,GSM331684,0,0.17964622378349304
52,1,GSM331685,0,0.7827338576316833
52,1,GSM331690,0,0.876571536064148
52,1,GSM331691,0,0.6269175410270691
52,1,GSM331692,0,0.2637347877025604
52,1,GSM331698,0,0.18151214718818665
52,1,GSM331699,0,0.649470329284668
52,1,GSM331700,0,0.907997190952301
52,1,GSM331701,0,0.31684696674346924
52,1,GSM331706,0,0.9144271612167358
52,1,GSM331707,0,0.6550969481468201
52,1,GSM331709,0,0.1771903783082962
52,1,GSM331711,0,0.8627656102180481
52,1,GSM331712,0,0.2895027697086334
52,1,GSM331713,0,0.48155415058135986
52,1,GSM331716,0,0.9433373808860779
52,1,GSM331717,0,0.6438205242156982
52,1,GSM331718,0,0.9602001905441284
52,1,GSM331719,0,0.05569605156779289
52,1,GSM331721,0,0.8302845358848572
52,1,GSM331722,0,0.898168683052063
52,1,GSM331727,0,0.883430540561676
52,1,GSM331728,0,0.501497745513916
52,1,GSM331731,0,0.9573401808738708
52,1,GSM331732,0,0.890592634677887
52,1,GSM331453,1,0.23584508895874023
52,1,GSM331455,1,0.08323177695274353
52,1,GSM331458,1,0.49580270051956177
52,1,GSM331459,1,0.9287642240524292
52,1,GSM331461,1,0.6963803172111511
52,1,GSM331462,1,0.8367345929145813
52,1,GSM331463,1,0.10596351325511932
52,1,GSM331464,1,0.11259152740240097
52,1,GSM331468,1,0.28751489520072937
52,1,GSM331472,1,0.2809053063392639
52,1,GSM331474,1,0.6148455142974854
52,1,GSM331475,1,0.5594320893287659
52,1,GSM331478,1,0.674739420413971
52,1,GSM331479,1,0.4798254668712616
52,1,GSM331480,1,0.7421547174453735
52,1,GSM331484,1,0.3309004604816437
52,1,GSM331485,1,0.659716010093689
52,1,GSM331486,1,0.919684112071991
52,1,GSM331488,1,0.7867868542671204
52,1,GSM331489,1,0.39522942900657654
52,1,GSM331491,1,0.6302178502082825
52,1,GSM331493,1,0.0496559664607048
52,1,GSM331494,1,0.9514347314834595
52,1,GSM331495,1,0.6013989448547363
52,1,GSM331497,1,0.9201019406318665
52,1,GSM331498,1,0.06497539579868317
52,1,GSM331500,1,0.17724178731441498
52,1,GSM331505,1,0.5094075798988342
52,1,GSM331507,1,0.7976195812225342
52,1,GSM331508,1,0.8912248611450195
52,1,GSM331510,1,0.6114182472229004
52,1,GSM331511,1,0.9113667607307434
52,1,GSM331513,1,0.5879714488983154
52,1,GSM331516,1,0.9524135589599609
52,1,GSM331517,1,0.9006889462471008
52,1,GSM331519,1,0.1871929168701172
52,1,GSM331523,1,0.4738319516181946
52,1,GSM331525,1,0.8770859241485596
52,1,GSM331526,1,0.6610107421875
52,1,GSM331528,1,0.6718164682388306
52,1,GSM331530,1,0.257903516292572
52,1,GSM331532,1,0.13156616687774658
52,1,GSM331535,1,0.1611596941947937
52,1,GSM331536,1,0.35718461871147156
52,1,GSM331539,1,0.4554709494113922
52,1,GSM331540,1,0.9437334537506104
52,1,GSM331541,1,0.6991869807243347
52,1,GSM331542,1,0.09693790227174759
52,1,GSM331544,1,0.16661421954631805
52,1,GSM331548,1,0.9569470286369324
52,1,GSM331549,1,0.9586920142173767
52,1,GSM331554,1,0.7272661328315735
52,1,GSM331556,1,0.7393784523010254
52,1,GSM331563,1,0.8620947599411011
52,1,GSM331565,1,0.7837622761726379
52,1,GSM331568,1,0.973199188709259
52,1,GSM331571,1,0.9061899185180664
52,1,GSM331573,1,0.7479069232940674
52,1,GSM331577,1,0.5299965739250183
52,1,GSM331578,1,0.752590000629425
52,1,GSM331581,1,0.033166829496622086
52,1,GSM331582,1,0.7215885519981384
52,1,GSM331584,1,0.5151652693748474
52,1,GSM331587,1,0.9623526930809021
52,1,GSM331588,1,0.9361525177955627
52,1,GSM331589,1,0.25508543848991394
52,1,GSM331593,1,0.649000883102417
52,1,GSM331595,1,0.5790408849716187
52,1,GSM331596,1,0.896339476108551
52,1,GSM331599,1,0.9398013949394226
52,1,GSM331600,1,0.8206529021263123
52,1,GSM331603,1,0.44742220640182495
52,1,GSM331610,1,0.9214187860488892
52,1,GSM331611,1,0.9270869493484497
52,1,GSM331613,1,0.793269157409668
52,1,GSM331614,1,0.2763705849647522
52,1,GSM331617,1,0.8870560526847839
52,1,GSM331619,1,0.591209352016449
52,1,GSM331621,1,0.31184858083724976
52,1,GSM331623,1,0.6167218685150146
52,1,GSM331624,1,0.9446683526039124
52,1,GSM331626,1,0.04765811190009117
52,1,GSM331628,1,0.5710467100143433
52,1,GSM331629,1,0.25968778133392334
52,1,GSM331632,1,0.06056448817253113
52,1,GSM331634,1,0.24944283068180084
52,1,GSM331635,1,0.055815547704696655
52,1,GSM331636,1,0.07924402505159378
52,1,GSM331637,1,0.4426482617855072
52,1,GSM331642,1,0.7341839075088501
52,1,GSM331643,1,0.9445955157279968
52,1,GSM331644,1,0.26079288125038147
52,1,GSM331645,1,0.16641533374786377
52,1,GSM331648,1,0.09287457913160324
52,1,GSM331651,1,0.6891400814056396
52,1,GSM331652,1,0.977933406829834
52,1,GSM331653,1,0.8111883997917175
52,1,GSM331654,1,0.8046197891235352
52,1,GSM331655,1,0.15108680725097656
52,1,GSM331656,1,0.058355145156383514
52,1,GSM331657,1,0.6053907871246338
52,1,GSM331658,1,0.8257602453231812
52,1,GSM331659,1,0.7862223982810974
52,2,GSM331661,0,0.3756333589553833
52,2,GSM331662,0,0.8023497462272644
52,2,GSM331663,0,0.19790297746658325
52,2,GSM331664,0,0.347259521484375
52,2,GSM331666,0,0.42439135909080505
52,2,GSM331668,0,0.7192975282669067
52,2,GSM331669,0,0.9343065619468689
52,2,GSM331677,0,0.13435247540473938
52,2,GSM331679,0,0.5748500823974609
52,2,GSM331681,0,0.33084848523139954
52,2,GSM331682,0,0.3864009380340576
52,2,GSM331683,0,0.9254630208015442
52,2,GSM331686,0,0.2760675251483917
52,2,GSM331687,0,0.2729789614677429
52,2,GSM331688,0,0.7539107203483582
52,2,GSM331689,0,0.7664571404457092
52,2,GSM331693,0,0.1113867238163948
52,2,GSM331694,0,0.5519247651100159
52,2,GSM331695,0,0.5861760377883911
52,2,GSM331696,0,0.5072012543678284
52,2,GSM331697,0,0.08893077820539474
52,2,GSM331702,0,0.2392035722732544
52,2,GSM331703,0,0.41622111201286316
52,2,GSM331704,0,0.2755352258682251
52,2,GSM331705,0,0.12238781899213791
52,2,GSM331708,0,0.8765099048614502
52,2,GSM331710,0,0.09056104719638824
52,2,GSM331714,0,0.9468493461608887
52,2,GSM331715,0,0.14094093441963196
52,2,GSM331720,0,0.8003404140472412
52,2,GSM331723,0,0.7899990081787109
52,2,GSM331724,0,0.13536177575588226
52,2,GSM331725,0,0.8292807936668396
52,2,GSM331726,0,0.12575940787792206
52,2,GSM331729,0,0.13688933849334717
52,2,GSM331730,0,0.22958369553089142
52,2,GSM331454,1,0.47898226976394653
52,2,GSM331456,1,0.2575971484184265
52,2,GSM331457,1,0.3347509503364563
52,2,GSM331460,1,0.5097233057022095
52,2,GSM331465,1,0.1691141575574875
52,2,GSM331466,1,0.5706075429916382
52,2,GSM331467,1,0.22213423252105713
52,2,GSM331469,1,0.419543981552124
52,2,GSM331470,1,0.8486571907997131
52,2,GSM331471,1,0.7359992265701294
52,2,GSM331473,1,0.5337643623352051
52,2,GSM331476,1,0.5636679530143738
52,2,GSM331477,1,0.14260639250278473
52,2,GSM331481,1,0.5295301079750061
52,2,GSM331482,1,0.14791184663772583
52,2,GSM331483,1,0.5823455452919006
52,2,GSM331487,1,0.8975895643234253
52,2,GSM331490,1,0.12582166492938995
52,2,GSM331492,1,0.6217572093009949
52,2,GSM331496,1,0.2866067886352539
52,2,GSM331499,1,0.19044268131256104
52,2,GSM331501,1,0.45374926924705505
52,2,GSM331502,1,0.9277573227882385
52,2,GSM331503,1,0.18813186883926392
52,2,GSM331504,1,0.15485486388206482
52,2,GSM331506,1,0.48808810114860535
52,2,GSM331509,1,0.43746495246887207
52,2,GSM331512,1,0.5612161755561829
52,2,GSM331514,1,0.09218179434537888
52,2,GSM331515,1,0.44737792015075684
52,2,GSM331518,1,0.7735710144042969
52,2,GSM331520,1,0.27291104197502136
52,2,GSM331521,1,0.16478730738162994
52,2,GSM331522,1,0.30854254961013794
52,2,GSM331524,1,0.21266499161720276
52,2,GSM331527,1,0.13204164803028107
52,2,GSM331529,1,0.46672195196151733
52,2,GSM331531,1,0.46430933475494385
52,2,GSM331533,1,0.7885605692863464
52,2,GSM331534,1,0.20478102564811707
52,2,GSM331537,1,0.4534873962402344
52,2,GSM331538,1,0.12540961802005768
52,2,GSM331543,1,0.24107836186885834
52,2,GSM331545,1,0.34351271390914917
52,2,GSM331546,1,0.1379164606332779
52,2,GSM331547,1,0.7776433825492859
52,2,GSM331550,1,0.29078608751296997
52,2,GSM331551,1,0.5640546083450317
52,2,GSM331552,1,0.05669897794723511
52,2,GSM331553,1,0.8398001194000244
52,2,GSM331555,1,0.2946980893611908
52,2,GSM331557,1,0.35424911975860596
52,2,GSM331558,1,0.15331190824508667
52,2,GSM331559,1,0.670786440372467
52,2,GSM331560,1,0.20893533527851105
52,2,GSM331561,1,0.5057637095451355
52,2,GSM331562,1,0.6940373778343201
52,2,GSM331564,1,0.7243444919586182
52,2,GSM331566,1,0.5509002804756165
52,2,GSM331567,1,0.14431016147136688
52,2,GSM331569,1,0.1777491569519043
52,2,GSM331570,1,0.41516101360321045
52,2,GSM331572,1,0.45561596751213074
52,2,GSM331574,1,0.8441537022590637
52,2,GSM331575,1,0.1859176754951477
52,2,GSM331576,1,0.3300938010215759
52,2,GSM331579,1,0.15177372097969055
52,2,GSM331580,1,0.7125561237335205
52,2,GSM331583,1,0.34241554141044617
52,2,GSM331585,1,0.4962441325187683
52,2,GSM331586,1,0.18981818854808807
52,2,GSM331590,1,0.43010425567626953
52,2,GSM331591,1,0.6829991340637207
52,2,GSM331592,1,0.3387434184551239
52,2,GSM331594,1,0.5507262349128723
52,2,GSM331597,1,0.23880203068256378
52,2,GSM331598,1,0.16234108805656433
52,2,GSM331601,1,0.23664849996566772
52,2,GSM331602,1,0.2480887770652771
52,2,GSM331604,1,0.10074087232351303
52,2,GSM331605,1,0.3899618685245514
52,2,GSM331606,1,0.12612569332122803
52,2,GSM331607,1,0.8873924612998962
52,2,GSM331608,1,0.16465981304645538
52,2,GSM331609,1,0.26661956310272217
52,2,GSM331612,1,0.8546532392501831
52,2,GSM331615,1,0.1278207153081894
52,2,GSM331616,1,0.266117662191391
52,2,GSM331618,1,0.33409860730171204
52,2,GSM331620,1,0.1425926685333252
52,2,GSM331622,1,0.7878246903419495
52,2,GSM331625,1,0.4817214012145996
52,2,GSM331627,1,0.2807515263557434
52,2,GSM331630,1,0.5305283665657043
52,2,GSM331631,1,0.0608120858669281
52,2,GSM331633,1,0.042495787143707275
52,2,GSM331639,1,0.09756679832935333
52,2,GSM331640,1,0.10555379837751389
52,2,GSM331641,1,0.19158506393432617
52,2,GSM331646,1,0.40384817123413086
52,2,GSM331647,1,0.789872407913208
52,2,GSM331649,1,0.6057993173599243
52,2,GSM331650,1,0.10613168776035309
53,1,GSM331666,0,0.09388496726751328
53,1,GSM331668,0,0.5850043892860413
53,1,GSM331669,0,0.9484394192695618
53,1,GSM331671,0,0.8164907693862915
53,1,GSM331676,0,0.823233962059021
53,1,GSM331677,0,0.6403655409812927
53,1,GSM331678,0,0.1910538524389267
53,1,GSM331681,0,0.5722410678863525
53,1,GSM331682,0,0.39742371439933777
53,1,GSM331683,0,0.9177574515342712
53,1,GSM331684,0,0.17205511033535004
53,1,GSM331686,0,0.6782134771347046
53,1,GSM331689,0,0.30711430311203003
53,1,GSM331692,0,0.18982447683811188
53,1,GSM331693,0,0.34435930848121643
53,1,GSM331694,0,0.28327062726020813
53,1,GSM331695,0,0.37737247347831726
53,1,GSM331696,0,0.43810516595840454
53,1,GSM331698,0,0.4672100245952606
53,1,GSM331699,0,0.8043708801269531
53,1,GSM331700,0,0.7604318857192993
53,1,GSM331703,0,0.4431300759315491
53,1,GSM331705,0,0.20812173187732697
53,1,GSM331706,0,0.911994457244873
53,1,GSM331707,0,0.6363187432289124
53,1,GSM331708,0,0.8832491040229797
53,1,GSM331709,0,0.34554752707481384
53,1,GSM331711,0,0.6124572157859802
53,1,GSM331712,0,0.3485252261161804
53,1,GSM331714,0,0.7338243126869202
53,1,GSM331720,0,0.4372372329235077
53,1,GSM331721,0,0.744194746017456
53,1,GSM331722,0,0.4898355305194855
53,1,GSM331725,0,0.8906895518302917
53,1,GSM331726,0,0.20345300436019897
53,1,GSM331728,0,0.18851995468139648
53,1,GSM331731,0,0.9328425526618958
53,1,GSM331453,1,0.5007060766220093
53,1,GSM331454,1,0.8828204870223999
53,1,GSM331456,1,0.5115358829498291
53,1,GSM331457,1,0.5905372500419617
53,1,GSM331458,1,0.4820919334888458
53,1,GSM331459,1,0.9674849510192871
53,1,GSM331460,1,0.6622794270515442
53,1,GSM331463,1,0.4852830171585083
53,1,GSM331466,1,0.8015048503875732
53,1,GSM331469,1,0.7094249725341797
53,1,GSM331470,1,0.40927553176879883
53,1,GSM331472,1,0.5776023268699646
53,1,GSM331477,1,0.6673340797424316
53,1,GSM331478,1,0.2916843891143799
53,1,GSM331479,1,0.29999688267707825
53,1,GSM331484,1,0.13922102749347687
53,1,GSM331487,1,0.8902033567428589
53,1,GSM331489,1,0.7280137538909912
53,1,GSM331490,1,0.5907736420631409
53,1,GSM331491,1,0.9137276411056519
53,1,GSM331492,1,0.4845426678657532
53,1,GSM331494,1,0.7755419015884399
53,1,GSM331497,1,0.7350436449050903
53,1,GSM331501,1,0.59633469581604
53,1,GSM331502,1,0.9632869362831116
53,1,GSM331505,1,0.5607701539993286
53,1,GSM331508,1,0.6934321522712708
53,1,GSM331511,1,0.7071231603622437
53,1,GSM331512,1,0.6451119184494019
53,1,GSM331517,1,0.6572208404541016
53,1,GSM331520,1,0.6208183765411377
53,1,GSM331521,1,0.2857059836387634
53,1,GSM331522,1,0.5153144001960754
53,1,GSM331523,1,0.7780801057815552
53,1,GSM331526,1,0.6460919976234436
53,1,GSM331527,1,0.6931962370872498
53,1,GSM331530,1,0.3170832097530365
53,1,GSM331531,1,0.4806249141693115
53,1,GSM331533,1,0.7983793616294861
53,1,GSM331534,1,0.6632717251777649
53,1,GSM331537,1,0.9034679532051086
53,1,GSM331539,1,0.6118609309196472
53,1,GSM331545,1,0.7255956530570984
53,1,GSM331546,1,0.65541672706604
53,1,GSM331547,1,0.3640058934688568
53,1,GSM331550,1,0.3559451699256897
53,1,GSM331551,1,0.6125161051750183
53,1,GSM331556,1,0.608303427696228
53,1,GSM331557,1,0.7825199365615845
53,1,GSM331558,1,0.28259381651878357
53,1,GSM331559,1,0.7576051950454712
53,1,GSM331560,1,0.45576152205467224
53,1,GSM331562,1,0.22862692177295685
53,1,GSM331563,1,0.8605838418006897
53,1,GSM331564,1,0.483396977186203
53,1,GSM331565,1,0.9285369515419006
53,1,GSM331567,1,0.2661784291267395
53,1,GSM331569,1,0.7586895823478699
53,1,GSM331570,1,0.3482964038848877
53,1,GSM331573,1,0.8419905304908752
53,1,GSM331574,1,0.332078754901886
53,1,GSM331575,1,0.6606997847557068
53,1,GSM331576,1,0.43110594153404236
53,1,GSM331577,1,0.4962431490421295
53,1,GSM331578,1,0.6196772456169128
53,1,GSM331582,1,0.5175052285194397
53,1,GSM331585,1,0.5306248068809509
53,1,GSM331586,1,0.12070425599813461
53,1,GSM331588,1,0.5901923179626465
53,1,GSM331593,1,0.11452057957649231
53,1,GSM331594,1,0.4686501920223236
53,1,GSM331595,1,0.19807055592536926
53,1,GSM331599,1,0.9335238337516785
53,1,GSM331600,1,0.8968395590782166
53,1,GSM331603,1,0.39976736903190613
53,1,GSM331605,1,0.7222909331321716
53,1,GSM331606,1,0.10940425843000412
53,1,GSM331609,1,0.4864811599254608
53,1,GSM331610,1,0.8252995610237122
53,1,GSM331611,1,0.5042502284049988
53,1,GSM331614,1,0.6371419429779053
53,1,GSM331618,1,0.5575570464134216
53,1,GSM331619,1,0.5150699615478516
53,1,GSM331621,1,0.37236273288726807
53,1,GSM331622,1,0.8682753443717957
53,1,GSM331623,1,0.20906026661396027
53,1,GSM331624,1,0.4094027280807495
53,1,GSM331629,1,0.21555344760417938
53,1,GSM331630,1,0.23031729459762573
53,1,GSM331633,1,0.24173077940940857
53,1,GSM331634,1,0.34031373262405396
53,1,GSM331637,1,0.25646084547042847
53,1,GSM331639,1,0.27722299098968506
53,1,GSM331643,1,0.8479805588722229
53,1,GSM331644,1,0.21359650790691376
53,1,GSM331645,1,0.2519087493419647
53,1,GSM331646,1,0.1228228360414505
53,1,GSM331650,1,0.5689869523048401
53,1,GSM331654,1,0.868574857711792
53,1,GSM331655,1,0.4530978500843048
53,1,GSM331656,1,0.11233023554086685
53,1,GSM331658,1,0.7233954071998596
53,1,GSM331659,1,0.8823425769805908
53,2,GSM331638,0,0.3989817202091217
53,2,GSM331660,0,0.11203987896442413
53,2,GSM331661,0,0.6318502426147461
53,2,GSM331662,0,0.35514315962791443
53,2,GSM331663,0,0.31491053104400635
53,2,GSM331664,0,0.031577110290527344
53,2,GSM331665,0,0.9357936978340149
53,2,GSM331670,0,0.7508570551872253
53,2,GSM331672,0,0.6496306657791138
53,2,GSM331673,0,0.41316646337509155
53,2,GSM331674,0,0.8682105541229248
53,2,GSM331675,0,0.15040846168994904
53,2,GSM331679,0,0.40553703904151917
53,2,GSM331680,0,0.6963523030281067
53,2,GSM331685,0,0.06061912328004837
53,2,GSM331687,0,0.11389085650444031
53,2,GSM331688,0,0.26145052909851074
53,2,GSM331690,0,0.9430952668190002
53,2,GSM331691,0,0.6050530076026917
53,2,GSM331697,0,0.45049983263015747
53,2,GSM331701,0,0.3901858627796173
53,2,GSM331702,0,0.6022002100944519
53,2,GSM331704,0,0.5994914174079895
53,2,GSM331710,0,0.13634422421455383
53,2,GSM331713,0,0.329569011926651
53,2,GSM331715,0,0.5222795605659485
53,2,GSM331716,0,0.898956298828125
53,2,GSM331717,0,0.7099531888961792
53,2,GSM331718,0,0.7212131023406982
53,2,GSM331719,0,0.15030443668365479
53,2,GSM331723,0,0.828481912612915
53,2,GSM331724,0,0.3976348042488098
53,2,GSM331727,0,0.19831399619579315
53,2,GSM331729,0,0.08593621850013733
53,2,GSM331730,0,0.4279601573944092
53,2,GSM331732,0,0.8897044658660889
53,2,GSM331455,1,0.2975715696811676
53,2,GSM331461,1,0.3054821491241455
53,2,GSM331462,1,0.8124427795410156
53,2,GSM331464,1,0.5538830757141113
53,2,GSM331465,1,0.638575553894043
53,2,GSM331467,1,0.42417821288108826
53,2,GSM331468,1,0.5780662298202515
53,2,GSM331471,1,0.6466318964958191
53,2,GSM331473,1,0.14673864841461182
53,2,GSM331474,1,0.3214840292930603
53,2,GSM331475,1,0.04340612143278122
53,2,GSM331476,1,0.480584055185318
53,2,GSM331480,1,0.5228176116943359
53,2,GSM331481,1,0.7295030951499939
53,2,GSM331482,1,0.34365367889404297
53,2,GSM331483,1,0.2554602324962616
53,2,GSM331485,1,0.5369591116905212
53,2,GSM331486,1,0.44290465116500854
53,2,GSM331488,1,0.2728947401046753
53,2,GSM331493,1,0.3166986405849457
53,2,GSM331495,1,0.5721197724342346
53,2,GSM331496,1,0.1542520374059677
53,2,GSM331498,1,0.45775821805000305
53,2,GSM331499,1,0.08444496244192123
53,2,GSM331500,1,0.6883476376533508
53,2,GSM331503,1,0.30746397376060486
53,2,GSM331504,1,0.38476675748825073
53,2,GSM331506,1,0.39550164341926575
53,2,GSM331507,1,0.22616523504257202
53,2,GSM331509,1,0.03392960876226425
53,2,GSM331510,1,0.09166304022073746
53,2,GSM331513,1,0.7707332372665405
53,2,GSM331514,1,0.4439570903778076
53,2,GSM331515,1,0.08290600776672363
53,2,GSM331516,1,0.6195477843284607
53,2,GSM331518,1,0.4538687765598297
53,2,GSM331519,1,0.7332012057304382
53,2,GSM331524,1,0.2960265576839447
53,2,GSM331525,1,0.16685104370117188
53,2,GSM331528,1,0.28787580132484436
53,2,GSM331529,1,0.20566728711128235
53,2,GSM331532,1,0.2487470954656601
53,2,GSM331535,1,0.6098769307136536
53,2,GSM331536,1,0.34827613830566406
53,2,GSM331538,1,0.05455332249403
53,2,GSM331540,1,0.2663795053958893
53,2,GSM331541,1,0.805493950843811
53,2,GSM331542,1,0.498797208070755
53,2,GSM331543,1,0.5073123574256897
53,2,GSM331544,1,0.39188310503959656
53,2,GSM331548,1,0.34774062037467957
53,2,GSM331549,1,0.7684383392333984
53,2,GSM331552,1,0.46909287571907043
53,2,GSM331553,1,0.62494295835495
53,2,GSM331554,1,0.16876299679279327
53,2,GSM331555,1,0.15157638490200043
53,2,GSM331561,1,0.3333066999912262
53,2,GSM331566,1,0.4757901728153229
53,2,GSM331568,1,0.7477254271507263
53,2,GSM331571,1,0.46037524938583374
53,2,GSM331572,1,0.31978920102119446
53,2,GSM331579,1,0.5128192901611328
53,2,GSM331580,1,0.23478800058364868
53,2,GSM331581,1,0.3327052891254425
53,2,GSM331583,1,0.3336806297302246
53,2,GSM331584,1,0.1561921238899231
53,2,GSM331587,1,0.36569520831108093
53,2,GSM331589,1,0.543488085269928
53,2,GSM331590,1,0.38492995500564575
53,2,GSM331591,1,0.4428824782371521
53,2,GSM331592,1,0.29495498538017273
53,2,GSM331596,1,0.3309576213359833
53,2,GSM331597,1,0.668984055519104
53,2,GSM331598,1,0.6387953758239746
53,2,GSM331601,1,0.13436785340309143
53,2,GSM331602,1,0.34807074069976807
53,2,GSM331604,1,0.02761334739625454
53,2,GSM331607,1,0.7634241580963135
53,2,GSM331608,1,0.1316969245672226
53,2,GSM331612,1,0.4533390700817108
53,2,GSM331613,1,0.25069156289100647
53,2,GSM331615,1,0.6818476915359497
53,2,GSM331616,1,0.33744949102401733
53,2,GSM331617,1,0.4419960677623749
53,2,GSM331620,1,0.36143988370895386
53,2,GSM331625,1,0.5799688100814819
53,2,GSM331626,1,0.505142867565155
53,2,GSM331627,1,0.41207432746887207
53,2,GSM331628,1,0.21750257909297943
53,2,GSM331631,1,0.27102065086364746
53,2,GSM331632,1,0.24167659878730774
53,2,GSM331635,1,0.23457981646060944
53,2,GSM331636,1,0.16441263258457184
53,2,GSM331640,1,0.09962964802980423
53,2,GSM331641,1,0.7939616441726685
53,2,GSM331642,1,0.6755020022392273
53,2,GSM331647,1,0.6982059478759766
53,2,GSM331648,1,0.27098506689071655
53,2,GSM331649,1,0.4204236567020416
53,2,GSM331651,1,0.32492849230766296
53,2,GSM331652,1,0.6121273636817932
53,2,GSM331653,1,0.5521757006645203
53,2,GSM331657,1,0.8382629156112671
54,1,GSM331638,0,0.47020402550697327
54,1,GSM331661,0,0.6105858683586121
54,1,GSM331662,0,0.7034972906112671
54,1,GSM331663,0,0.323356568813324
54,1,GSM331664,0,0.32112374901771545
54,1,GSM331668,0,0.7731500267982483
54,1,GSM331669,0,0.8090510964393616
54,1,GSM331670,0,0.33061110973358154
54,1,GSM331672,0,0.3359551727771759
54,1,GSM331673,0,0.40225738286972046
54,1,GSM331680,0,0.4105129837989807
54,1,GSM331681,0,0.24543341994285583
54,1,GSM331682,0,0.4487587511539459
54,1,GSM331686,0,0.5677189230918884
54,1,GSM331688,0,0.5457382798194885
54,1,GSM331689,0,0.30592432618141174
54,1,GSM331690,0,0.7037732601165771
54,1,GSM331693,0,0.3297818601131439
54,1,GSM331694,0,0.19783547520637512
54,1,GSM331695,0,0.6876929402351379
54,1,GSM331696,0,0.47676610946655273
54,1,GSM331698,0,0.15375149250030518
54,1,GSM331701,0,0.32394659519195557
54,1,GSM331703,0,0.8452194929122925
54,1,GSM331705,0,0.37198978662490845
54,1,GSM331707,0,0.6838362812995911
54,1,GSM331709,0,0.22100020945072174
54,1,GSM331710,0,0.20909278094768524
54,1,GSM331711,0,0.7261648178100586
54,1,GSM331717,0,0.42293211817741394
54,1,GSM331719,0,0.14032401144504547
54,1,GSM331720,0,0.46551916003227234
54,1,GSM331724,0,0.3049008846282959
54,1,GSM331726,0,0.4905400574207306
54,1,GSM331730,0,0.6322209239006042
54,1,GSM331731,0,0.8488074541091919
54,1,GSM331732,0,0.5874887108802795
54,1,GSM331453,1,0.43460527062416077
54,1,GSM331455,1,0.19665119051933289
54,1,GSM331457,1,0.4054025709629059
54,1,GSM331458,1,0.5921268463134766
54,1,GSM331459,1,0.8354573249816895
54,1,GSM331462,1,0.35338813066482544
54,1,GSM331463,1,0.5479287505149841
54,1,GSM331464,1,0.5036351680755615
54,1,GSM331468,1,0.4085146486759186
54,1,GSM331469,1,0.5805025100708008
54,1,GSM331470,1,0.8108777403831482
54,1,GSM331474,1,0.23481914401054382
54,1,GSM331475,1,0.2443092167377472
54,1,GSM331476,1,0.5555393695831299
54,1,GSM331478,1,0.44608020782470703
54,1,GSM331481,1,0.6124994158744812
54,1,GSM331485,1,0.6841470003128052
54,1,GSM331488,1,0.45019423961639404
54,1,GSM331492,1,0.5539055466651917
54,1,GSM331493,1,0.32938137650489807
54,1,GSM331495,1,0.5084911584854126
54,1,GSM331499,1,0.18072374165058136
54,1,GSM331502,1,0.7940243482589722
54,1,GSM331504,1,0.3303177058696747
54,1,GSM331505,1,0.8810228109359741
54,1,GSM331506,1,0.38530316948890686
54,1,GSM331507,1,0.3574868142604828
54,1,GSM331509,1,0.19189926981925964
54,1,GSM331513,1,0.5620980858802795
54,1,GSM331515,1,0.33901023864746094
54,1,GSM331516,1,0.4771229326725006
54,1,GSM331518,1,0.4267210066318512
54,1,GSM331520,1,0.4867575764656067
54,1,GSM331523,1,0.8686915636062622
54,1,GSM331525,1,0.37693747878074646
54,1,GSM331526,1,0.784207820892334
54,1,GSM331527,1,0.26635628938674927
54,1,GSM331528,1,0.35121843218803406
54,1,GSM331529,1,0.2877911329269409
54,1,GSM331530,1,0.5752071142196655
54,1,GSM331531,1,0.3542824685573578
54,1,GSM331533,1,0.735599935054779
54,1,GSM331535,1,0.3560839593410492
54,1,GSM331536,1,0.33086758852005005
54,1,GSM331540,1,0.5070779323577881
54,1,GSM331542,1,0.42360424995422363
54,1,GSM331543,1,0.5128400325775146
54,1,GSM331547,1,0.49807196855545044
54,1,GSM331552,1,0.18535007536411285
54,1,GSM331553,1,0.8484943509101868
54,1,GSM331554,1,0.23438449203968048
54,1,GSM331555,1,0.2444288283586502
54,1,GSM331556,1,0.6427164673805237
54,1,GSM331559,1,0.8415796160697937
54,1,GSM331562,1,0.641935408115387
54,1,GSM331565,1,0.7607094049453735
54,1,GSM331570,1,0.4129788875579834
54,1,GSM331571,1,0.8011977672576904
54,1,GSM331574,1,0.4024282991886139
54,1,GSM331578,1,0.7388772964477539
54,1,GSM331579,1,0.32662370800971985
54,1,GSM331580,1,0.39300307631492615
54,1,GSM331582,1,0.6573286056518555
54,1,GSM331585,1,0.36490142345428467
54,1,GSM331591,1,0.7542209625244141
54,1,GSM331594,1,0.7056490778923035
54,1,GSM331595,1,0.8491944670677185
54,1,GSM331597,1,0.35529252886772156
54,1,GSM331599,1,0.8490671515464783
54,1,GSM331600,1,0.7666283845901489
54,1,GSM331601,1,0.07974104583263397
54,1,GSM331603,1,0.23786038160324097
54,1,GSM331606,1,0.16573914885520935
54,1,GSM331609,1,0.4736725986003876
54,1,GSM331610,1,0.5014929175376892
54,1,GSM331611,1,0.7308207750320435
54,1,GSM331613,1,0.32119399309158325
54,1,GSM331614,1,0.5360267758369446
54,1,GSM331615,1,0.599237322807312
54,1,GSM331617,1,0.6430996656417847
54,1,GSM331618,1,0.35566702485084534
54,1,GSM331619,1,0.31923943758010864
54,1,GSM331621,1,0.45149093866348267
54,1,GSM331622,1,0.7152565121650696
54,1,GSM331623,1,0.15273863077163696
54,1,GSM331625,1,0.6809277534484863
54,1,GSM331626,1,0.13958285748958588
54,1,GSM331628,1,0.4401894807815552
54,1,GSM331629,1,0.07326588034629822
54,1,GSM331630,1,0.31885114312171936
54,1,GSM331631,1,0.28671786189079285
54,1,GSM331634,1,0.20930704474449158
54,1,GSM331635,1,0.19366854429244995
54,1,GSM331637,1,0.4476495087146759
54,1,GSM331639,1,0.5312077403068542
54,1,GSM331642,1,0.5416558980941772
54,1,GSM331643,1,0.8225641250610352
54,1,GSM331644,1,0.2500048279762268
54,1,GSM331648,1,0.3170348107814789
54,1,GSM331650,1,0.35566195845603943
54,1,GSM331655,1,0.3808986246585846
54,1,GSM331656,1,0.15062548220157623
54,1,GSM331659,1,0.7231993675231934
54,2,GSM331660,0,0.2879701256752014
54,2,GSM331665,0,0.6070472002029419
54,2,GSM331666,0,0.16742047667503357
54,2,GSM331671,0,0.761385440826416
54,2,GSM331674,0,0.4858848750591278
54,2,GSM331675,0,0.08001583069562912
54,2,GSM331676,0,0.5236292481422424
54,2,GSM331677,0,0.36143696308135986
54,2,GSM331678,0,0.11780234426259995
54,2,GSM331679,0,0.4432547390460968
54,2,GSM331683,0,0.8269887566566467
54,2,GSM331684,0,0.21248950064182281
54,2,GSM331685,0,0.45112520456314087
54,2,GSM331687,0,0.30432331562042236
54,2,GSM331691,0,0.49760255217552185
54,2,GSM331692,0,0.2594171166419983
54,2,GSM331697,0,0.6131095886230469
54,2,GSM331699,0,0.7117943167686462
54,2,GSM331700,0,0.4464074671268463
54,2,GSM331702,0,0.4431911110877991
54,2,GSM331704,0,0.6227385401725769
54,2,GSM331706,0,0.7787559628486633
54,2,GSM331708,0,0.8845975995063782
54,2,GSM331712,0,0.35094165802001953
54,2,GSM331713,0,0.3129064440727234
54,2,GSM331714,0,0.7705313563346863
54,2,GSM331715,0,0.23634715378284454
54,2,GSM331716,0,0.902256965637207
54,2,GSM331718,0,0.779379665851593
54,2,GSM331721,0,0.8421003818511963
54,2,GSM331722,0,0.5466313362121582
54,2,GSM331723,0,0.721746563911438
54,2,GSM331725,0,0.6185939311981201
54,2,GSM331727,0,0.49182549118995667
54,2,GSM331728,0,0.33343416452407837
54,2,GSM331729,0,0.26905131340026855
54,2,GSM331454,1,0.6794863343238831
54,2,GSM331456,1,0.4998631179332733
54,2,GSM331460,1,0.5309110283851624
54,2,GSM331461,1,0.2649068236351013
54,2,GSM331465,1,0.433916300535202
54,2,GSM331466,1,0.8010879755020142
54,2,GSM331467,1,0.12744258344173431
54,2,GSM331471,1,0.7252288460731506
54,2,GSM331472,1,0.31375545263290405
54,2,GSM331473,1,0.5110012292861938
54,2,GSM331477,1,0.47182172536849976
54,2,GSM331479,1,0.2367297112941742
54,2,GSM331480,1,0.4581123888492584
54,2,GSM331482,1,0.1360548436641693
54,2,GSM331483,1,0.7569444179534912
54,2,GSM331484,1,0.2877495288848877
54,2,GSM331486,1,0.4802083671092987
54,2,GSM331487,1,0.8729766011238098
54,2,GSM331489,1,0.37135282158851624
54,2,GSM331490,1,0.23226861655712128
54,2,GSM331491,1,0.522096574306488
54,2,GSM331494,1,0.8918671607971191
54,2,GSM331496,1,0.10703085362911224
54,2,GSM331497,1,0.7096947431564331
54,2,GSM331498,1,0.38515034317970276
54,2,GSM331500,1,0.3067631423473358
54,2,GSM331501,1,0.33276864886283875
54,2,GSM331503,1,0.42339345812797546
54,2,GSM331508,1,0.6530875563621521
54,2,GSM331510,1,0.3741723895072937
54,2,GSM331511,1,0.632407009601593
54,2,GSM331512,1,0.511191189289093
54,2,GSM331514,1,0.30814918875694275
54,2,GSM331517,1,0.477558970451355
54,2,GSM331519,1,0.3704570233821869
54,2,GSM331521,1,0.34450405836105347
54,2,GSM331522,1,0.3458099663257599
54,2,GSM331524,1,0.4356743395328522
54,2,GSM331532,1,0.5667840242385864
54,2,GSM331534,1,0.40255412459373474
54,2,GSM331537,1,0.8250085711479187
54,2,GSM331538,1,0.1981746405363083
54,2,GSM331539,1,0.538487434387207
54,2,GSM331541,1,0.6183986067771912
54,2,GSM331544,1,0.2706241309642792
54,2,GSM331545,1,0.6321279406547546
54,2,GSM331546,1,0.570429265499115
54,2,GSM331548,1,0.6782499551773071
54,2,GSM331549,1,0.8575260043144226
54,2,GSM331550,1,0.3320704996585846
54,2,GSM331551,1,0.550627589225769
54,2,GSM331557,1,0.5092052817344666
54,2,GSM331558,1,0.272089421749115
54,2,GSM331560,1,0.2792309522628784
54,2,GSM331561,1,0.41266751289367676
54,2,GSM331563,1,0.5793502330780029
54,2,GSM331564,1,0.5233442187309265
54,2,GSM331566,1,0.42422550916671753
54,2,GSM331567,1,0.28561195731163025
54,2,GSM331568,1,0.8904550671577454
54,2,GSM331569,1,0.4211398959159851
54,2,GSM331572,1,0.5025554895401001
54,2,GSM331573,1,0.6922104954719543
54,2,GSM331575,1,0.4281271696090698
54,2,GSM331576,1,0.4179978370666504
54,2,GSM331577,1,0.46090036630630493
54,2,GSM331581,1,0.10430680215358734
54,2,GSM331583,1,0.3379073143005371
54,2,GSM331584,1,0.11679794639348984
54,2,GSM331586,1,0.2677046060562134
54,2,GSM331587,1,0.7127277255058289
54,2,GSM331588,1,0.837855875492096
54,2,GSM331589,1,0.5549231171607971
54,2,GSM331590,1,0.7189584970474243
54,2,GSM331592,1,0.5512267351150513
54,2,GSM331593,1,0.1432330459356308
54,2,GSM331596,1,0.4411853551864624
54,2,GSM331598,1,0.2761826515197754
54,2,GSM331602,1,0.2693493366241455
54,2,GSM331604,1,0.3441925048828125
54,2,GSM331605,1,0.6573396325111389
54,2,GSM331607,1,0.9191609025001526
54,2,GSM331608,1,0.09958013147115707
54,2,GSM331612,1,0.6895981431007385
54,2,GSM331616,1,0.5494642853736877
54,2,GSM331620,1,0.4262997508049011
54,2,GSM331624,1,0.529343843460083
54,2,GSM331627,1,0.4154219925403595
54,2,GSM331632,1,0.3616066575050354
54,2,GSM331633,1,0.3228006362915039
54,2,GSM331636,1,0.22576147317886353
54,2,GSM331640,1,0.18575607240200043
54,2,GSM331641,1,0.38300058245658875
54,2,GSM331645,1,0.3496089279651642
54,2,GSM331646,1,0.4606151878833771
54,2,GSM331647,1,0.5623936057090759
54,2,GSM331649,1,0.8498807549476624
54,2,GSM331651,1,0.3565623164176941
54,2,GSM331652,1,0.8072876930236816
54,2,GSM331653,1,0.7437542676925659
54,2,GSM331654,1,0.6138243079185486
54,2,GSM331657,1,0.7258347868919373
54,2,GSM331658,1,0.8594315648078918
55,1,GSM331660,0,0.2146991789340973
55,1,GSM331661,0,0.6199834942817688
55,1,GSM331662,0,0.4077259302139282
55,1,GSM331663,0,0.42869138717651367
55,1,GSM331668,0,0.5606837272644043
55,1,GSM331669,0,0.8925275802612305
55,1,GSM331670,0,0.6931294798851013
55,1,GSM331674,0,0.6310932040214539
55,1,GSM331677,0,0.32682716846466064
55,1,GSM331678,0,0.24787147343158722
55,1,GSM331680,0,0.5118117332458496
55,1,GSM331681,0,0.720723032951355
55,1,GSM331682,0,0.6034926176071167
55,1,GSM331686,0,0.6043602824211121
55,1,GSM331687,0,0.24006493389606476
55,1,GSM331689,0,0.5842590928077698
55,1,GSM331690,0,0.7185452580451965
55,1,GSM331693,0,0.3130781948566437
55,1,GSM331694,0,0.42651769518852234
55,1,GSM331695,0,0.37372708320617676
55,1,GSM331697,0,0.451373428106308
55,1,GSM331700,0,0.5215791463851929
55,1,GSM331701,0,0.40692439675331116
55,1,GSM331705,0,0.4085675776004791
55,1,GSM331708,0,0.8340291976928711
55,1,GSM331709,0,0.3234298527240753
55,1,GSM331710,0,0.2059916853904724
55,1,GSM331711,0,0.608136773109436
55,1,GSM331712,0,0.49209919571876526
55,1,GSM331714,0,0.6080271005630493
55,1,GSM331715,0,0.42140865325927734
55,1,GSM331716,0,0.9186310768127441
55,1,GSM331719,0,0.14743727445602417
55,1,GSM331720,0,0.512800395488739
55,1,GSM331724,0,0.44769811630249023
55,1,GSM331725,0,0.6686372756958008
55,1,GSM331731,0,0.727072536945343
55,1,GSM331456,1,0.4719517230987549
55,1,GSM331459,1,0.8215434551239014
55,1,GSM331461,1,0.3862115740776062
55,1,GSM331462,1,0.7830197811126709
55,1,GSM331464,1,0.3997511863708496
55,1,GSM331465,1,0.42205238342285156
55,1,GSM331467,1,0.3282659351825714
55,1,GSM331468,1,0.4767245948314667
55,1,GSM331469,1,0.603008508682251
55,1,GSM331473,1,0.3359324634075165
55,1,GSM331475,1,0.32961395382881165
55,1,GSM331479,1,0.47505414485931396
55,1,GSM331483,1,0.5161923766136169
55,1,GSM331484,1,0.1427231729030609
55,1,GSM331486,1,0.6127161979675293
55,1,GSM331487,1,0.7184114456176758
55,1,GSM331489,1,0.4709120988845825
55,1,GSM331490,1,0.3718288242816925
55,1,GSM331491,1,0.6836488246917725
55,1,GSM331492,1,0.6627575159072876
55,1,GSM331496,1,0.31011730432510376
55,1,GSM331499,1,0.34598034620285034
55,1,GSM331502,1,0.7357684373855591
55,1,GSM331503,1,0.44227299094200134
55,1,GSM331505,1,0.6551933288574219
55,1,GSM331507,1,0.3574724793434143
55,1,GSM331510,1,0.3966650068759918
55,1,GSM331514,1,0.2501295804977417
55,1,GSM331516,1,0.6481711268424988
55,1,GSM331519,1,0.3463699221611023
55,1,GSM331520,1,0.6736122965812683
55,1,GSM331521,1,0.45216089487075806
55,1,GSM331527,1,0.45969730615615845
55,1,GSM331529,1,0.3474140763282776
55,1,GSM331530,1,0.5219210982322693
55,1,GSM331535,1,0.47644656896591187
55,1,GSM331539,1,0.5552465319633484
55,1,GSM331545,1,0.64214688539505
55,1,GSM331548,1,0.7133591175079346
55,1,GSM331549,1,0.80574631690979
55,1,GSM331550,1,0.2772022783756256
55,1,GSM331552,1,0.3345580995082855
55,1,GSM331553,1,0.727546751499176
55,1,GSM331556,1,0.4961753487586975
55,1,GSM331557,1,0.5268169641494751
55,1,GSM331559,1,0.6334652900695801
55,1,GSM331560,1,0.5069900751113892
55,1,GSM331562,1,0.42127981781959534
55,1,GSM331563,1,0.7907913327217102
55,1,GSM331564,1,0.5068222284317017
55,1,GSM331565,1,0.8155881762504578
55,1,GSM331568,1,0.861441433429718
55,1,GSM331569,1,0.6153106689453125
55,1,GSM331570,1,0.498695433139801
55,1,GSM331571,1,0.632045328617096
55,1,GSM331574,1,0.3800853490829468
55,1,GSM331575,1,0.7659676671028137
55,1,GSM331577,1,0.3852863013744354
55,1,GSM331578,1,0.7200260758399963
55,1,GSM331580,1,0.3276611268520355
55,1,GSM331581,1,0.26309913396835327
55,1,GSM331583,1,0.4522729218006134
55,1,GSM331586,1,0.28928297758102417
55,1,GSM331590,1,0.6440883278846741
55,1,GSM331591,1,0.7320736646652222
55,1,GSM331592,1,0.5354602336883545
55,1,GSM331595,1,0.5505831241607666
55,1,GSM331596,1,0.5605056285858154
55,1,GSM331597,1,0.6368387341499329
55,1,GSM331599,1,0.7310851216316223
55,1,GSM331600,1,0.8062255382537842
55,1,GSM331601,1,0.2515091896057129
55,1,GSM331602,1,0.5731748938560486
55,1,GSM331606,1,0.2363985925912857
55,1,GSM331611,1,0.5454263687133789
55,1,GSM331613,1,0.569407045841217
55,1,GSM331614,1,0.577734112739563
55,1,GSM331615,1,0.3792010545730591
55,1,GSM331616,1,0.37566208839416504
55,1,GSM331619,1,0.6093524098396301
55,1,GSM331620,1,0.46940818428993225
55,1,GSM331621,1,0.627700686454773
55,1,GSM331622,1,0.6998187303543091
55,1,GSM331623,1,0.3043139576911926
55,1,GSM331630,1,0.45001089572906494
55,1,GSM331633,1,0.1813199669122696
55,1,GSM331634,1,0.4658758044242859
55,1,GSM331635,1,0.2466595619916916
55,1,GSM331639,1,0.6014261841773987
55,1,GSM331641,1,0.46279504895210266
55,1,GSM331642,1,0.37135499715805054
55,1,GSM331643,1,0.7893552780151367
55,1,GSM331646,1,0.48805174231529236
55,1,GSM331647,1,0.5188008546829224
55,1,GSM331648,1,0.3369554281234741
55,1,GSM331649,1,0.5777291059494019
55,1,GSM331650,1,0.4041306674480438
55,1,GSM331651,1,0.33436319231987
55,1,GSM331652,1,0.695810079574585
55,1,GSM331653,1,0.5006079077720642
55,1,GSM331654,1,0.6981226205825806
55,1,GSM331655,1,0.36331188678741455
55,1,GSM331659,1,0.5568082332611084
55,2,GSM331638,0,0.5014605522155762
55,2,GSM331664,0,0.2521430552005768
55,2,GSM331665,0,0.6818079352378845
55,2,GSM331666,0,0.29208213090896606
55,2,GSM331671,0,0.6894949078559875
55,2,GSM331672,0,0.4183799624443054
55,2,GSM331673,0,0.38724324107170105
55,2,GSM331675,0,0.13065527379512787
55,2,GSM331676,0,0.42867881059646606
55,2,GSM331679,0,0.4727836549282074
55,2,GSM331683,0,0.6348016858100891
55,2,GSM331684,0,0.2048986703157425
55,2,GSM331685,0,0.32062265276908875
55,2,GSM331688,0,0.6099523305892944
55,2,GSM331691,0,0.4803756773471832
55,2,GSM331692,0,0.23497995734214783
55,2,GSM331696,0,0.4176296293735504
55,2,GSM331698,0,0.38324859738349915
55,2,GSM331699,0,0.668132483959198
55,2,GSM331702,0,0.4995606243610382
55,2,GSM331703,0,0.6375720500946045
55,2,GSM331704,0,0.43428531289100647
55,2,GSM331706,0,0.7228115200996399
55,2,GSM331707,0,0.6654776334762573
55,2,GSM331713,0,0.35725969076156616
55,2,GSM331717,0,0.6016996502876282
55,2,GSM331718,0,0.6387389302253723
55,2,GSM331721,0,0.7564650177955627
55,2,GSM331722,0,0.39953142404556274
55,2,GSM331723,0,0.7420715093612671
55,2,GSM331726,0,0.18306942284107208
55,2,GSM331727,0,0.4829779267311096
55,2,GSM331728,0,0.29097315669059753
55,2,GSM331729,0,0.22044658660888672
55,2,GSM331730,0,0.406017541885376
55,2,GSM331732,0,0.6966026425361633
55,2,GSM331453,1,0.39022043347358704
55,2,GSM331454,1,0.6884483098983765
55,2,GSM331455,1,0.40982773900032043
55,2,GSM331457,1,0.5866193175315857
55,2,GSM331458,1,0.38556769490242004
55,2,GSM331460,1,0.7621078491210938
55,2,GSM331463,1,0.33141931891441345
55,2,GSM331466,1,0.6516518592834473
55,2,GSM331470,1,0.7804244756698608
55,2,GSM331471,1,0.7943170070648193
55,2,GSM331472,1,0.24495381116867065
55,2,GSM331474,1,0.5210841298103333
55,2,GSM331476,1,0.5570471882820129
55,2,GSM331477,1,0.44803109765052795
55,2,GSM331478,1,0.38131943345069885
55,2,GSM331480,1,0.5608674883842468
55,2,GSM331481,1,0.609623908996582
55,2,GSM331482,1,0.2616801857948303
55,2,GSM331485,1,0.7624257206916809
55,2,GSM331488,1,0.5660130381584167
55,2,GSM331493,1,0.3127104938030243
55,2,GSM331494,1,0.7484719753265381
55,2,GSM331495,1,0.7073723077774048
55,2,GSM331497,1,0.6811577677726746
55,2,GSM331498,1,0.36574599146842957
55,2,GSM331500,1,0.5009456872940063
55,2,GSM331501,1,0.5275084376335144
55,2,GSM331504,1,0.47575756907463074
55,2,GSM331506,1,0.43478330969810486
55,2,GSM331508,1,0.748443603515625
55,2,GSM331509,1,0.30786818265914917
55,2,GSM331511,1,0.5915083289146423
55,2,GSM331512,1,0.45383691787719727
55,2,GSM331513,1,0.6774568557739258
55,2,GSM331515,1,0.29257187247276306
55,2,GSM331517,1,0.5749310255050659
55,2,GSM331518,1,0.5428957343101501
55,2,GSM331522,1,0.3868812322616577
55,2,GSM331523,1,0.6663093566894531
55,2,GSM331524,1,0.5898424386978149
55,2,GSM331525,1,0.3071107864379883
55,2,GSM331526,1,0.7380838990211487
55,2,GSM331528,1,0.546159565448761
55,2,GSM331531,1,0.6063079237937927
55,2,GSM331532,1,0.2828919291496277
55,2,GSM331533,1,0.524957537651062
55,2,GSM331534,1,0.4790502190589905
55,2,GSM331536,1,0.42318883538246155
55,2,GSM331537,1,0.6682519316673279
55,2,GSM331538,1,0.2749837040901184
55,2,GSM331540,1,0.6623661518096924
55,2,GSM331541,1,0.5697596669197083
55,2,GSM331542,1,0.44434085488319397
55,2,GSM331543,1,0.4593491852283478
55,2,GSM331544,1,0.2751273512840271
55,2,GSM331546,1,0.4904743432998657
55,2,GSM331547,1,0.3308105170726776
55,2,GSM331551,1,0.4810267388820648
55,2,GSM331554,1,0.4460790753364563
55,2,GSM331555,1,0.3182019293308258
55,2,GSM331558,1,0.24369436502456665
55,2,GSM331561,1,0.6960855722427368
55,2,GSM331566,1,0.6957923769950867
55,2,GSM331567,1,0.46335774660110474
55,2,GSM331572,1,0.3932121992111206
55,2,GSM331573,1,0.5885542631149292
55,2,GSM331576,1,0.5725140571594238
55,2,GSM331579,1,0.3706398010253906
55,2,GSM331582,1,0.7173247337341309
55,2,GSM331584,1,0.42599496245384216
55,2,GSM331585,1,0.3843367099761963
55,2,GSM331587,1,0.471553772687912
55,2,GSM331588,1,0.3129193186759949
55,2,GSM331589,1,0.40985745191574097
55,2,GSM331593,1,0.45708268880844116
55,2,GSM331594,1,0.6350606083869934
55,2,GSM331598,1,0.5102871060371399
55,2,GSM331603,1,0.5512250065803528
55,2,GSM331604,1,0.36459681391716003
55,2,GSM331605,1,0.7469467520713806
55,2,GSM331607,1,0.672866940498352
55,2,GSM331608,1,0.25014522671699524
55,2,GSM331609,1,0.6104404330253601
55,2,GSM331610,1,0.5990331768989563
55,2,GSM331612,1,0.6684361100196838
55,2,GSM331617,1,0.47742602229118347
55,2,GSM331618,1,0.4830130338668823
55,2,GSM331624,1,0.6263443827629089
55,2,GSM331625,1,0.5911425352096558
55,2,GSM331626,1,0.44663140177726746
55,2,GSM331627,1,0.561151385307312
55,2,GSM331628,1,0.38065510988235474
55,2,GSM331629,1,0.305034875869751
55,2,GSM331631,1,0.3415994644165039
55,2,GSM331632,1,0.36421990394592285
55,2,GSM331636,1,0.27071818709373474
55,2,GSM331637,1,0.3196854293346405
55,2,GSM331640,1,0.2917296588420868
55,2,GSM331644,1,0.2897665202617645
55,2,GSM331645,1,0.3192561864852905
55,2,GSM331656,1,0.27448633313179016
55,2,GSM331657,1,0.6746761798858643
55,2,GSM331658,1,0.652421236038208
56,1,GSM331638,0,0.20991067588329315
56,1,GSM331660,0,0.14950184524059296
56,1,GSM331661,0,0.7310090661048889
56,1,GSM331662,0,0.40167224407196045
56,1,GSM331664,0,0.16623960435390472
56,1,GSM331665,0,0.5229068398475647
56,1,GSM331672,0,0.7732847332954407
56,1,GSM331675,0,0.16850316524505615
56,1,GSM331676,0,0.7546722292900085
56,1,GSM331677,0,0.5728289484977722
56,1,GSM331679,0,0.20481108129024506
56,1,GSM331681,0,0.8084418773651123
56,1,GSM331686,0,0.7382470369338989
56,1,GSM331687,0,0.5219062566757202
56,1,GSM331690,0,0.8125483989715576
56,1,GSM331691,0,0.548852801322937
56,1,GSM331692,0,0.2113903909921646
56,1,GSM331693,0,0.5923826098442078
56,1,GSM331695,0,0.4209103286266327
56,1,GSM331696,0,0.42710453271865845
56,1,GSM331698,0,0.6733155846595764
56,1,GSM331700,0,0.46697887778282166
56,1,GSM331701,0,0.47591549158096313
56,1,GSM331703,0,0.6596209406852722
56,1,GSM331704,0,0.6449218392372131
56,1,GSM331707,0,0.5022509694099426
56,1,GSM331710,0,0.15430068969726562
56,1,GSM331711,0,0.805366575717926
56,1,GSM331712,0,0.5203977227210999
56,1,GSM331715,0,0.4099656939506531
56,1,GSM331716,0,0.9383889436721802
56,1,GSM331718,0,0.5695814490318298
56,1,GSM331725,0,0.44034498929977417
56,1,GSM331727,0,0.14792026579380035
56,1,GSM331728,0,0.1163584291934967
56,1,GSM331731,0,0.7560247182846069
56,1,GSM331732,0,0.6202568411827087
56,1,GSM331454,1,0.6684002876281738
56,1,GSM331456,1,0.6492549180984497
56,1,GSM331457,1,0.4942479729652405
56,1,GSM331458,1,0.5122564435005188
56,1,GSM331465,1,0.5217751264572144
56,1,GSM331466,1,0.3765467703342438
56,1,GSM331469,1,0.5976434350013733
56,1,GSM331470,1,0.5308852791786194
56,1,GSM331471,1,0.7522801160812378
56,1,GSM331472,1,0.1734863668680191
56,1,GSM331475,1,0.11630440503358841
56,1,GSM331478,1,0.30360105633735657
56,1,GSM331479,1,0.16521038115024567
56,1,GSM331482,1,0.33443742990493774
56,1,GSM331483,1,0.40495622158050537
56,1,GSM331484,1,0.2730937600135803
56,1,GSM331486,1,0.43400031328201294
56,1,GSM331487,1,0.6490115523338318
56,1,GSM331491,1,0.692402184009552
56,1,GSM331492,1,0.3037273585796356
56,1,GSM331493,1,0.5262740254402161
56,1,GSM331494,1,0.6624629497528076
56,1,GSM331496,1,0.11666078120470047
56,1,GSM331498,1,0.6115199327468872
56,1,GSM331499,1,0.16413480043411255
56,1,GSM331501,1,0.31550946831703186
56,1,GSM331502,1,0.4684566855430603
56,1,GSM331503,1,0.6100646257400513
56,1,GSM331507,1,0.15568433701992035
56,1,GSM331510,1,0.37947720289230347
56,1,GSM331512,1,0.32577547430992126
56,1,GSM331513,1,0.7914230227470398
56,1,GSM331514,1,0.5339809656143188
56,1,GSM331518,1,0.2829412817955017
56,1,GSM331520,1,0.7722194194793701
56,1,GSM331524,1,0.6459094285964966
56,1,GSM331525,1,0.34374499320983887
56,1,GSM331526,1,0.5243916511535645
56,1,GSM331527,1,0.623802125453949
56,1,GSM331528,1,0.5833838582038879
56,1,GSM331530,1,0.3695123791694641
56,1,GSM331532,1,0.4223639667034149
56,1,GSM331533,1,0.5998052358627319
56,1,GSM331534,1,0.7784201502799988
56,1,GSM331536,1,0.4980681836605072
56,1,GSM331538,1,0.3205774128437042
56,1,GSM331539,1,0.5739447474479675
56,1,GSM331540,1,0.29279449582099915
56,1,GSM331541,1,0.7946763038635254
56,1,GSM331546,1,0.723562479019165
56,1,GSM331547,1,0.347805380821228
56,1,GSM331550,1,0.3089759647846222
56,1,GSM331553,1,0.8310153484344482
56,1,GSM331557,1,0.6458781361579895
56,1,GSM331561,1,0.4961128234863281
56,1,GSM331562,1,0.29326751828193665
56,1,GSM331565,1,0.8272756934165955
56,1,GSM331566,1,0.666628897190094
56,1,GSM331568,1,0.595643162727356
56,1,GSM331569,1,0.7824202179908752
56,1,GSM331572,1,0.7276059985160828
56,1,GSM331576,1,0.38696756958961487
56,1,GSM331578,1,0.7989333271980286
56,1,GSM331581,1,0.47696781158447266
56,1,GSM331582,1,0.24396492540836334
56,1,GSM331583,1,0.3232543170452118
56,1,GSM331584,1,0.11010435223579407
56,1,GSM331585,1,0.8031756281852722
56,1,GSM331586,1,0.3957799971103668
56,1,GSM331588,1,0.4457278847694397
56,1,GSM331589,1,0.5032408237457275
56,1,GSM331591,1,0.8689249753952026
56,1,GSM331599,1,0.8474207520484924
56,1,GSM331601,1,0.1427639275789261
56,1,GSM331603,1,0.2534036934375763
56,1,GSM331606,1,0.2716844081878662
56,1,GSM331609,1,0.5727247595787048
56,1,GSM331610,1,0.7317267656326294
56,1,GSM331611,1,0.42832085490226746
56,1,GSM331613,1,0.19982124865055084
56,1,GSM331616,1,0.585360586643219
56,1,GSM331617,1,0.7961814999580383
56,1,GSM331619,1,0.4458366930484772
56,1,GSM331621,1,0.586654007434845
56,1,GSM331622,1,0.8752407431602478
56,1,GSM331623,1,0.12935471534729004
56,1,GSM331624,1,0.34050509333610535
56,1,GSM331625,1,0.7562158107757568
56,1,GSM331628,1,0.31707173585891724
56,1,GSM331629,1,0.21375857293605804
56,1,GSM331630,1,0.2976629436016083
56,1,GSM331633,1,0.38389307260513306
56,1,GSM331636,1,0.35805240273475647
56,1,GSM331639,1,0.5246300101280212
56,1,GSM331640,1,0.22670088708400726
56,1,GSM331644,1,0.42130571603775024
56,1,GSM331645,1,0.20303919911384583
56,1,GSM331647,1,0.2636662423610687
56,1,GSM331650,1,0.6086556911468506
56,1,GSM331651,1,0.1921536922454834
56,1,GSM331652,1,0.6026897430419922
56,1,GSM331654,1,0.8258205056190491
56,1,GSM331656,1,0.286048024892807
56,2,GSM331663,0,0.3787660598754883
56,2,GSM331666,0,0.3100927472114563
56,2,GSM331668,0,0.523322582244873
56,2,GSM331669,0,0.8895609378814697
56,2,GSM331670,0,0.6523277163505554
56,2,GSM331671,0,0.515410304069519
56,2,GSM331673,0,0.3210158050060272
56,2,GSM331674,0,0.5716268420219421
56,2,GSM331678,0,0.08018480986356735
56,2,GSM331680,0,0.47265398502349854
56,2,GSM331682,0,0.6617978811264038
56,2,GSM331683,0,0.6684752702713013
56,2,GSM331684,0,0.31204068660736084
56,2,GSM331685,0,0.2578716576099396
56,2,GSM331688,0,0.4857156276702881
56,2,GSM331689,0,0.24152033030986786
56,2,GSM331694,0,0.22944840788841248
56,2,GSM331697,0,0.5656493306159973
56,2,GSM331699,0,0.6097978353500366
56,2,GSM331702,0,0.7284536957740784
56,2,GSM331705,0,0.3579404354095459
56,2,GSM331706,0,0.8814657926559448
56,2,GSM331708,0,0.5772305727005005
56,2,GSM331709,0,0.20044110715389252
56,2,GSM331713,0,0.42462822794914246
56,2,GSM331714,0,0.661081850528717
56,2,GSM331717,0,0.8136500120162964
56,2,GSM331719,0,0.30503764748573303
56,2,GSM331720,0,0.45942237973213196
56,2,GSM331721,0,0.7782431840896606
56,2,GSM331722,0,0.3656609058380127
56,2,GSM331723,0,0.6923649311065674
56,2,GSM331724,0,0.486793577671051
56,2,GSM331726,0,0.23707707226276398
56,2,GSM331729,0,0.06283397972583771
56,2,GSM331730,0,0.6894567012786865
56,2,GSM331453,1,0.49234700202941895
56,2,GSM331455,1,0.4414299428462982
56,2,GSM331459,1,0.8737789392471313
56,2,GSM331460,1,0.592098593711853
56,2,GSM331461,1,0.30315643548965454
56,2,GSM331462,1,0.7563564777374268
56,2,GSM331463,1,0.4124515652656555
56,2,GSM331464,1,0.5788469910621643
56,2,GSM331467,1,0.3709767758846283
56,2,GSM331468,1,0.6665522456169128
56,2,GSM331473,1,0.22437693178653717
56,2,GSM331474,1,0.251206636428833
56,2,GSM331476,1,0.39251211285591125
56,2,GSM331477,1,0.6465543508529663
56,2,GSM331480,1,0.5981663465499878
56,2,GSM331481,1,0.662973165512085
56,2,GSM331485,1,0.8353867530822754
56,2,GSM331488,1,0.3826597332954407
56,2,GSM331489,1,0.759718656539917
56,2,GSM331490,1,0.5812455415725708
56,2,GSM331495,1,0.4551539421081543
56,2,GSM331497,1,0.3366605341434479
56,2,GSM331500,1,0.5685592293739319
56,2,GSM331504,1,0.5766199827194214
56,2,GSM331505,1,0.7147217988967896
56,2,GSM331506,1,0.6653423309326172
56,2,GSM331508,1,0.5122932195663452
56,2,GSM331509,1,0.25984716415405273
56,2,GSM331511,1,0.6821682453155518
56,2,GSM331515,1,0.3055104911327362
56,2,GSM331516,1,0.5217981934547424
56,2,GSM331517,1,0.42847850918769836
56,2,GSM331519,1,0.5106940865516663
56,2,GSM331521,1,0.396170437335968
56,2,GSM331522,1,0.25350216031074524
56,2,GSM331523,1,0.7976235747337341
56,2,GSM331529,1,0.33154943585395813
56,2,GSM331531,1,0.24732449650764465
56,2,GSM331535,1,0.6227757930755615
56,2,GSM331537,1,0.7182022929191589
56,2,GSM331542,1,0.6120138764381409
56,2,GSM331543,1,0.6916437745094299
56,2,GSM331544,1,0.46554991602897644
56,2,GSM331545,1,0.7164090871810913
56,2,GSM331548,1,0.5224186778068542
56,2,GSM331549,1,0.5922189354896545
56,2,GSM331551,1,0.5759468078613281
56,2,GSM331552,1,0.5882652997970581
56,2,GSM331554,1,0.2919403910636902
56,2,GSM331555,1,0.13708244264125824
56,2,GSM331556,1,0.5640223622322083
56,2,GSM331558,1,0.2664727568626404
56,2,GSM331559,1,0.8757784366607666
56,2,GSM331560,1,0.5814478993415833
56,2,GSM331563,1,0.5915194153785706
56,2,GSM331564,1,0.35909321904182434
56,2,GSM331567,1,0.3593481183052063
56,2,GSM331570,1,0.5326928496360779
56,2,GSM331571,1,0.5840986967086792
56,2,GSM331573,1,0.7555958032608032
56,2,GSM331574,1,0.4290492534637451
56,2,GSM331575,1,0.7863179445266724
56,2,GSM331577,1,0.8156963586807251
56,2,GSM331579,1,0.4127052128314972
56,2,GSM331580,1,0.38364076614379883
56,2,GSM331587,1,0.6030107736587524
56,2,GSM331590,1,0.34541404247283936
56,2,GSM331592,1,0.6277204155921936
56,2,GSM331593,1,0.23572123050689697
56,2,GSM331594,1,0.30608877539634705
56,2,GSM331595,1,0.7155031561851501
56,2,GSM331596,1,0.24890534579753876
56,2,GSM331597,1,0.6189437508583069
56,2,GSM331598,1,0.6007574200630188
56,2,GSM331600,1,0.7881740927696228
56,2,GSM331602,1,0.41201314330101013
56,2,GSM331604,1,0.34979939460754395
56,2,GSM331605,1,0.600529670715332
56,2,GSM331607,1,0.7178865671157837
56,2,GSM331608,1,0.11018822342157364
56,2,GSM331612,1,0.5261431336402893
56,2,GSM331614,1,0.4373181164264679
56,2,GSM331615,1,0.6082420349121094
56,2,GSM331618,1,0.7770503163337708
56,2,GSM331620,1,0.45183852314949036
56,2,GSM331626,1,0.46896103024482727
56,2,GSM331627,1,0.5365682244300842
56,2,GSM331631,1,0.36931392550468445
56,2,GSM331632,1,0.5279643535614014
56,2,GSM331634,1,0.2953348457813263
56,2,GSM331635,1,0.5130557417869568
56,2,GSM331637,1,0.6983746886253357
56,2,GSM331641,1,0.6324852705001831
56,2,GSM331642,1,0.5025151371955872
56,2,GSM331643,1,0.7302477359771729
56,2,GSM331646,1,0.24265167117118835
56,2,GSM331648,1,0.49673354625701904
56,2,GSM331649,1,0.6564369201660156
56,2,GSM331653,1,0.5238057971000671
56,2,GSM331655,1,0.3960147798061371
56,2,GSM331657,1,0.7963790893554688
56,2,GSM331658,1,0.8256682753562927
56,2,GSM331659,1,0.8626686334609985
57,1,GSM331638,0,0.31648269295692444
57,1,GSM331661,0,0.6237647533416748
57,1,GSM331662,0,0.6054252982139587
57,1,GSM331663,0,0.3715539574623108
57,1,GSM331666,0,0.5480174422264099
57,1,GSM331668,0,0.6232736110687256
57,1,GSM331669,0,0.8813126087188721
57,1,GSM331671,0,0.8139486312866211
57,1,GSM331673,0,0.5211517214775085
57,1,GSM331676,0,0.5809139609336853
57,1,GSM331679,0,0.46852579712867737
57,1,GSM331681,0,0.7653294801712036
57,1,GSM331685,0,0.5136333107948303
57,1,GSM331686,0,0.7421091198921204
57,1,GSM331689,0,0.50199955701828
57,1,GSM331690,0,0.7286067605018616
57,1,GSM331691,0,0.6077556610107422
57,1,GSM331692,0,0.2097688764333725
57,1,GSM331695,0,0.5688750147819519
57,1,GSM331698,0,0.498955637216568
57,1,GSM331699,0,0.46200406551361084
57,1,GSM331700,0,0.6823095679283142
57,1,GSM331703,0,0.5948902368545532
57,1,GSM331704,0,0.5950964689254761
57,1,GSM331708,0,0.7689622044563293
57,1,GSM331709,0,0.22895017266273499
57,1,GSM331713,0,0.5520143508911133
57,1,GSM331714,0,0.8342894315719604
57,1,GSM331715,0,0.42082205414772034
57,1,GSM331720,0,0.703263521194458
57,1,GSM331721,0,0.717786431312561
57,1,GSM331723,0,0.7253405451774597
57,1,GSM331725,0,0.7449789047241211
57,1,GSM331727,0,0.5460785031318665
57,1,GSM331728,0,0.38627132773399353
57,1,GSM331729,0,0.17929725348949432
57,1,GSM331731,0,0.6989238262176514
57,1,GSM331453,1,0.4057767391204834
57,1,GSM331455,1,0.2385263741016388
57,1,GSM331456,1,0.5086354613304138
57,1,GSM331460,1,0.8052433729171753
57,1,GSM331461,1,0.509124219417572
57,1,GSM331462,1,0.7298667430877686
57,1,GSM331464,1,0.26905256509780884
57,1,GSM331465,1,0.376873254776001
57,1,GSM331468,1,0.6032774448394775
57,1,GSM331470,1,0.6590415835380554
57,1,GSM331473,1,0.504185140132904
57,1,GSM331474,1,0.5207697153091431
57,1,GSM331479,1,0.37969541549682617
57,1,GSM331480,1,0.6032248139381409
57,1,GSM331484,1,0.5060535073280334
57,1,GSM331486,1,0.7509217262268066
57,1,GSM331487,1,0.8156071305274963
57,1,GSM331489,1,0.5106538534164429
57,1,GSM331490,1,0.3993971347808838
57,1,GSM331492,1,0.5169621706008911
57,1,GSM331496,1,0.16998791694641113
57,1,GSM331497,1,0.7420902848243713
57,1,GSM331498,1,0.2517450153827667
57,1,GSM331501,1,0.5229460000991821
57,1,GSM331504,1,0.4100694954395294
57,1,GSM331505,1,0.4488232135772705
57,1,GSM331506,1,0.6343544125556946
57,1,GSM331507,1,0.31013381481170654
57,1,GSM331508,1,0.5616552233695984
57,1,GSM331509,1,0.4183299243450165
57,1,GSM331515,1,0.6278659701347351
57,1,GSM331516,1,0.6752151250839233
57,1,GSM331517,1,0.7382822632789612
57,1,GSM331521,1,0.4948424696922302
57,1,GSM331522,1,0.39415499567985535
57,1,GSM331526,1,0.6003027558326721
57,1,GSM331529,1,0.5658590793609619
57,1,GSM331530,1,0.41941404342651367
57,1,GSM331532,1,0.3715422451496124
57,1,GSM331533,1,0.775181233882904
57,1,GSM331534,1,0.5878227353096008
57,1,GSM331541,1,0.6082873940467834
57,1,GSM331543,1,0.6034994721412659
57,1,GSM331546,1,0.4051164984703064
57,1,GSM331548,1,0.8211415410041809
57,1,GSM331549,1,0.6349947452545166
57,1,GSM331550,1,0.38271334767341614
57,1,GSM331551,1,0.5801365375518799
57,1,GSM331552,1,0.31611067056655884
57,1,GSM331557,1,0.6538143754005432
57,1,GSM331564,1,0.5318441987037659
57,1,GSM331567,1,0.3364625573158264
57,1,GSM331568,1,0.8090510964393616
57,1,GSM331570,1,0.6911824345588684
57,1,GSM331579,1,0.3740427792072296
57,1,GSM331580,1,0.755856454372406
57,1,GSM331582,1,0.44634971022605896
57,1,GSM331584,1,0.2505970597267151
57,1,GSM331585,1,0.648954451084137
57,1,GSM331588,1,0.6013043522834778
57,1,GSM331589,1,0.3017754852771759
57,1,GSM331590,1,0.3936924338340759
57,1,GSM331591,1,0.8202587962150574
57,1,GSM331593,1,0.471209317445755
57,1,GSM331594,1,0.44484737515449524
57,1,GSM331596,1,0.5594829320907593
57,1,GSM331597,1,0.4937639832496643
57,1,GSM331598,1,0.2792227864265442
57,1,GSM331599,1,0.7865290641784668
57,1,GSM331600,1,0.6769893765449524
57,1,GSM331605,1,0.5395594239234924
57,1,GSM331606,1,0.2969014346599579
57,1,GSM331608,1,0.2604086399078369
57,1,GSM331609,1,0.5283789038658142
57,1,GSM331610,1,0.8348632454872131
57,1,GSM331611,1,0.681236982345581
57,1,GSM331612,1,0.6045814752578735
57,1,GSM331613,1,0.45622119307518005
57,1,GSM331614,1,0.4649365246295929
57,1,GSM331616,1,0.5267655849456787
57,1,GSM331619,1,0.45280221104621887
57,1,GSM331621,1,0.5245615839958191
57,1,GSM331624,1,0.6229868531227112
57,1,GSM331626,1,0.266220360994339
57,1,GSM331628,1,0.4693007469177246
57,1,GSM331629,1,0.21423020958900452
57,1,GSM331630,1,0.5365467071533203
57,1,GSM331631,1,0.1510414034128189
57,1,GSM331632,1,0.19845770299434662
57,1,GSM331633,1,0.18247200548648834
57,1,GSM331634,1,0.24780085682868958
57,1,GSM331635,1,0.2516501545906067
57,1,GSM331636,1,0.20877113938331604
57,1,GSM331641,1,0.2906251549720764
57,1,GSM331645,1,0.23960386216640472
57,1,GSM331646,1,0.33164888620376587
57,1,GSM331647,1,0.5110962390899658
57,1,GSM331648,1,0.4002336859703064
57,1,GSM331650,1,0.3386831283569336
57,1,GSM331651,1,0.3363364040851593
57,1,GSM331653,1,0.3428547978401184
57,1,GSM331655,1,0.2316056191921234
57,1,GSM331656,1,0.2334739714860916
57,2,GSM331660,0,0.2964935600757599
57,2,GSM331664,0,0.3610338866710663
57,2,GSM331665,0,0.5655843615531921
57,2,GSM331670,0,0.40816980600357056
57,2,GSM331672,0,0.5320720076560974
57,2,GSM331674,0,0.4802546203136444
57,2,GSM331675,0,0.14001432061195374
57,2,GSM331677,0,0.3476458787918091
57,2,GSM331678,0,0.16702577471733093
57,2,GSM331680,0,0.4760279953479767
57,2,GSM331682,0,0.5847274661064148
57,2,GSM331683,0,0.7402777671813965
57,2,GSM331684,0,0.15340743958950043
57,2,GSM331687,0,0.39483991265296936
57,2,GSM331688,0,0.6382424235343933
57,2,GSM331693,0,0.47166523337364197
57,2,GSM331694,0,0.340854674577713
57,2,GSM331696,0,0.34164440631866455
57,2,GSM331697,0,0.2939945161342621
57,2,GSM331701,0,0.34354275465011597
57,2,GSM331702,0,0.5591456890106201
57,2,GSM331705,0,0.2851596176624298
57,2,GSM331706,0,0.7668915390968323
57,2,GSM331707,0,0.45896756649017334
57,2,GSM331710,0,0.11451832950115204
57,2,GSM331711,0,0.6722025275230408
57,2,GSM331712,0,0.44045621156692505
57,2,GSM331716,0,0.8713553547859192
57,2,GSM331717,0,0.6081565022468567
57,2,GSM331718,0,0.6837772727012634
57,2,GSM331719,0,0.14490215480327606
57,2,GSM331722,0,0.4020526707172394
57,2,GSM331724,0,0.4011688828468323
57,2,GSM331726,0,0.17815850675106049
57,2,GSM331730,0,0.5744720101356506
57,2,GSM331732,0,0.5756645202636719
57,2,GSM331454,1,0.4188786447048187
57,2,GSM331457,1,0.5231512188911438
57,2,GSM331458,1,0.37626925110816956
57,2,GSM331459,1,0.8216188549995422
57,2,GSM331463,1,0.26243284344673157
57,2,GSM331466,1,0.37373456358909607
57,2,GSM331467,1,0.1712329387664795
57,2,GSM331469,1,0.37368518114089966
57,2,GSM331471,1,0.7104309797286987
57,2,GSM331472,1,0.1581660956144333
57,2,GSM331475,1,0.20564620196819305
57,2,GSM331476,1,0.342875599861145
57,2,GSM331477,1,0.35560154914855957
57,2,GSM331478,1,0.364344984292984
57,2,GSM331481,1,0.7237164974212646
57,2,GSM331482,1,0.23933455348014832
57,2,GSM331483,1,0.7342743873596191
57,2,GSM331485,1,0.5983440279960632
57,2,GSM331488,1,0.43867194652557373
57,2,GSM331491,1,0.6882668733596802
57,2,GSM331493,1,0.3039100468158722
57,2,GSM331494,1,0.6195017695426941
57,2,GSM331495,1,0.3789324462413788
57,2,GSM331499,1,0.3274126350879669
57,2,GSM331500,1,0.310531884431839
57,2,GSM331502,1,0.5243320465087891
57,2,GSM331503,1,0.2873639762401581
57,2,GSM331510,1,0.4799191355705261
57,2,GSM331511,1,0.43511101603507996
57,2,GSM331512,1,0.32760414481163025
57,2,GSM331513,1,0.5724318027496338
57,2,GSM331514,1,0.19449067115783691
57,2,GSM331518,1,0.4101549983024597
57,2,GSM331519,1,0.2809688150882721
57,2,GSM331520,1,0.4640292823314667
57,2,GSM331523,1,0.48252952098846436
57,2,GSM331524,1,0.616937518119812
57,2,GSM331525,1,0.5360798835754395
57,2,GSM331527,1,0.3172977864742279
57,2,GSM331528,1,0.8011178970336914
57,2,GSM331531,1,0.22651085257530212
57,2,GSM331535,1,0.4319910407066345
57,2,GSM331536,1,0.4559279978275299
57,2,GSM331537,1,0.5907118916511536
57,2,GSM331538,1,0.20149411261081696
57,2,GSM331539,1,0.3942403197288513
57,2,GSM331540,1,0.44181084632873535
57,2,GSM331542,1,0.24040651321411133
57,2,GSM331544,1,0.21292874217033386
57,2,GSM331545,1,0.529629111289978
57,2,GSM331547,1,0.345177561044693
57,2,GSM331553,1,0.8011512160301208
57,2,GSM331554,1,0.2313275784254074
57,2,GSM331555,1,0.1576521396636963
57,2,GSM331556,1,0.7620781064033508
57,2,GSM331558,1,0.11708580702543259
57,2,GSM331559,1,0.7605299949645996
57,2,GSM331560,1,0.17101213335990906
57,2,GSM331561,1,0.659472644329071
57,2,GSM331562,1,0.5667773485183716
57,2,GSM331563,1,0.6065772771835327
57,2,GSM331565,1,0.6428117156028748
57,2,GSM331566,1,0.6551169753074646
57,2,GSM331569,1,0.35063979029655457
57,2,GSM331571,1,0.6253246068954468
57,2,GSM331572,1,0.5543052554130554
57,2,GSM331573,1,0.7016083598136902
57,2,GSM331574,1,0.43372178077697754
57,2,GSM331575,1,0.46881037950515747
57,2,GSM331576,1,0.3493233025074005
57,2,GSM331577,1,0.5643240213394165
57,2,GSM331578,1,0.6303926110267639
57,2,GSM331581,1,0.10473237931728363
57,2,GSM331583,1,0.3958253562450409
57,2,GSM331586,1,0.48734357953071594
57,2,GSM331587,1,0.6262445449829102
57,2,GSM331592,1,0.5114644765853882
57,2,GSM331595,1,0.3778836727142334
57,2,GSM331601,1,0.18379950523376465
57,2,GSM331602,1,0.30028796195983887
57,2,GSM331603,1,0.27660754323005676
57,2,GSM331604,1,0.3517940044403076
57,2,GSM331607,1,0.7291444540023804
57,2,GSM331615,1,0.337828129529953
57,2,GSM331617,1,0.8440456986427307
57,2,GSM331618,1,0.6676417589187622
57,2,GSM331620,1,0.22878386080265045
57,2,GSM331622,1,0.7864839434623718
57,2,GSM331623,1,0.28541299700737
57,2,GSM331625,1,0.5782335996627808
57,2,GSM331627,1,0.27882084250450134
57,2,GSM331637,1,0.4946625530719757
57,2,GSM331639,1,0.22538819909095764
57,2,GSM331640,1,0.24706226587295532
57,2,GSM331642,1,0.41445404291152954
57,2,GSM331643,1,0.8648619055747986
57,2,GSM331644,1,0.24923908710479736
57,2,GSM331649,1,0.6852686405181885
57,2,GSM331652,1,0.8812583088874817
57,2,GSM331654,1,0.7194996476173401
57,2,GSM331657,1,0.6663357019424438
57,2,GSM331658,1,0.5552936792373657
57,2,GSM331659,1,0.7630032896995544
58,1,GSM331638,0,0.4167060852050781
58,1,GSM331660,0,0.1896018534898758
58,1,GSM331661,0,0.6597687602043152
58,1,GSM331664,0,0.14736749231815338
58,1,GSM331665,0,0.40182992815971375
58,1,GSM331671,0,0.3914874494075775
58,1,GSM331672,0,0.43950971961021423
58,1,GSM331673,0,0.1645999401807785
58,1,GSM331676,0,0.5923314094543457
58,1,GSM331678,0,0.13352766633033752
58,1,GSM331679,0,0.17183361947536469
58,1,GSM331680,0,0.5148420333862305
58,1,GSM331681,0,0.6547940969467163
58,1,GSM331686,0,0.5311822295188904
58,1,GSM331687,0,0.5453671813011169
58,1,GSM331688,0,0.5020400881767273
58,1,GSM331689,0,0.5040699243545532
58,1,GSM331691,0,0.6778923869132996
58,1,GSM331696,0,0.4527866542339325
58,1,GSM331698,0,0.35963737964630127
58,1,GSM331699,0,0.6086642742156982
58,1,GSM331702,0,0.4261380732059479
58,1,GSM331706,0,0.6490010619163513
58,1,GSM331708,0,0.4740697741508484
58,1,GSM331709,0,0.12237919121980667
58,1,GSM331710,0,0.29544955492019653
58,1,GSM331712,0,0.4187743365764618
58,1,GSM331713,0,0.2240995615720749
58,1,GSM331715,0,0.4010126292705536
58,1,GSM331717,0,0.44401565194129944
58,1,GSM331718,0,0.5624995231628418
58,1,GSM331720,0,0.44721731543540955
58,1,GSM331723,0,0.665162980556488
58,1,GSM331728,0,0.1560080498456955
58,1,GSM331729,0,0.13035516440868378
58,1,GSM331731,0,0.6773686408996582
58,1,GSM331732,0,0.5934693813323975
58,1,GSM331453,1,0.24086567759513855
58,1,GSM331455,1,0.5867141485214233
58,1,GSM331458,1,0.452176958322525
58,1,GSM331459,1,0.6938315629959106
58,1,GSM331461,1,0.49916622042655945
58,1,GSM331462,1,0.4918295443058014
58,1,GSM331463,1,0.6662396788597107
58,1,GSM331466,1,0.49599090218544006
58,1,GSM331468,1,0.6780089735984802
58,1,GSM331469,1,0.2501218616962433
58,1,GSM331471,1,0.7356641292572021
58,1,GSM331472,1,0.35337740182876587
58,1,GSM331473,1,0.25046777725219727
58,1,GSM331474,1,0.27035537362098694
58,1,GSM331476,1,0.4563685953617096
58,1,GSM331477,1,0.562292754650116
58,1,GSM331479,1,0.3179738521575928
58,1,GSM331480,1,0.5380059480667114
58,1,GSM331483,1,0.3353213369846344
58,1,GSM331487,1,0.7824394106864929
58,1,GSM331491,1,0.563286542892456
58,1,GSM331492,1,0.5724321007728577
58,1,GSM331493,1,0.3396739661693573
58,1,GSM331496,1,0.20953156054019928
58,1,GSM331500,1,0.5757372975349426
58,1,GSM331501,1,0.24541951715946198
58,1,GSM331502,1,0.6156612634658813
58,1,GSM331503,1,0.3206191062927246
58,1,GSM331506,1,0.4262993037700653
58,1,GSM331508,1,0.7324692606925964
58,1,GSM331510,1,0.43501657247543335
58,1,GSM331513,1,0.7942676544189453
58,1,GSM331514,1,0.4008176624774933
58,1,GSM331515,1,0.11089209467172623
58,1,GSM331520,1,0.618369996547699
58,1,GSM331522,1,0.3349117636680603
58,1,GSM331525,1,0.24729228019714355
58,1,GSM331527,1,0.5402929186820984
58,1,GSM331530,1,0.6668412685394287
58,1,GSM331531,1,0.20655205845832825
58,1,GSM331540,1,0.5624992847442627
58,1,GSM331545,1,0.4273945689201355
58,1,GSM331547,1,0.5043978691101074
58,1,GSM331549,1,0.665681779384613
58,1,GSM331551,1,0.3712598383426666
58,1,GSM331552,1,0.33126920461654663
58,1,GSM331553,1,0.7796937227249146
58,1,GSM331554,1,0.41896167397499084
58,1,GSM331555,1,0.24711257219314575
58,1,GSM331557,1,0.35189464688301086
58,1,GSM331558,1,0.2910810112953186
58,1,GSM331559,1,0.5049248933792114
58,1,GSM331561,1,0.5642873048782349
58,1,GSM331562,1,0.31828728318214417
58,1,GSM331567,1,0.5762626528739929
58,1,GSM331568,1,0.740608274936676
58,1,GSM331569,1,0.4970278739929199
58,1,GSM331570,1,0.3720894455909729
58,1,GSM331573,1,0.4558669924736023
58,1,GSM331574,1,0.42886659502983093
58,1,GSM331575,1,0.7752650380134583
58,1,GSM331577,1,0.4583269953727722
58,1,GSM331581,1,0.5169679522514343
58,1,GSM331582,1,0.612430989742279
58,1,GSM331583,1,0.2968175411224365
58,1,GSM331586,1,0.13788218796253204
58,1,GSM331587,1,0.5471475720405579
58,1,GSM331588,1,0.4720838963985443
58,1,GSM331592,1,0.5657608509063721
58,1,GSM331594,1,0.39203688502311707
58,1,GSM331595,1,0.8019450902938843
58,1,GSM331596,1,0.2875124216079712
58,1,GSM331597,1,0.736144483089447
58,1,GSM331598,1,0.39884960651397705
58,1,GSM331601,1,0.21347656846046448
58,1,GSM331607,1,0.6361648440361023
58,1,GSM331608,1,0.09893262386322021
58,1,GSM331610,1,0.38286685943603516
58,1,GSM331613,1,0.5170800685882568
58,1,GSM331615,1,0.7029168009757996
58,1,GSM331616,1,0.4341668486595154
58,1,GSM331618,1,0.6664687991142273
58,1,GSM331622,1,0.48016801476478577
58,1,GSM331624,1,0.5268949270248413
58,1,GSM331625,1,0.6423737406730652
58,1,GSM331626,1,0.5863538384437561
58,1,GSM331629,1,0.18730275332927704
58,1,GSM331631,1,0.4287414848804474
58,1,GSM331632,1,0.5114125609397888
58,1,GSM331633,1,0.38567158579826355
58,1,GSM331634,1,0.4874657988548279
58,1,GSM331635,1,0.37336310744285583
58,1,GSM331636,1,0.32116004824638367
58,1,GSM331639,1,0.5860708355903625
58,1,GSM331640,1,0.3108181953430176
58,1,GSM331641,1,0.5741183161735535
58,1,GSM331642,1,0.5210720300674438
58,1,GSM331648,1,0.31146737933158875
58,1,GSM331649,1,0.82405024766922
58,1,GSM331651,1,0.4048817753791809
58,1,GSM331652,1,0.5195577144622803
58,1,GSM331656,1,0.5290499329566956
58,1,GSM331659,1,0.4224081337451935
58,2,GSM331662,0,0.5591798424720764
58,2,GSM331663,0,0.3579848110675812
58,2,GSM331666,0,0.32748308777809143
58,2,GSM331668,0,0.6072657704353333
58,2,GSM331669,0,0.7906394004821777
58,2,GSM331670,0,0.5810062289237976
58,2,GSM331674,0,0.5236753821372986
58,2,GSM331675,0,0.15788410604000092
58,2,GSM331677,0,0.6630961894989014
58,2,GSM331682,0,0.5641250014305115
58,2,GSM331683,0,0.5064718127250671
58,2,GSM331684,0,0.2824987769126892
58,2,GSM331685,0,0.33473753929138184
58,2,GSM331690,0,0.7533852458000183
58,2,GSM331692,0,0.24849432706832886
58,2,GSM331693,0,0.5293837785720825
58,2,GSM331694,0,0.3284572958946228
58,2,GSM331695,0,0.6033948063850403
58,2,GSM331697,0,0.638970673084259
58,2,GSM331700,0,0.3084492087364197
58,2,GSM331701,0,0.4110310673713684
58,2,GSM331703,0,0.7385130524635315
58,2,GSM331704,0,0.6436479687690735
58,2,GSM331705,0,0.3847636282444
58,2,GSM331707,0,0.7136402130126953
58,2,GSM331711,0,0.7925233840942383
58,2,GSM331714,0,0.7566694021224976
58,2,GSM331716,0,0.879528820514679
58,2,GSM331719,0,0.2722768783569336
58,2,GSM331721,0,0.6599234938621521
58,2,GSM331722,0,0.3789049983024597
58,2,GSM331724,0,0.46654489636421204
58,2,GSM331725,0,0.3684002161026001
58,2,GSM331726,0,0.40241292119026184
58,2,GSM331727,0,0.32425472140312195
58,2,GSM331730,0,0.6271942853927612
58,2,GSM331454,1,0.6150308847427368
58,2,GSM331456,1,0.7960093021392822
58,2,GSM331457,1,0.6078998446464539
58,2,GSM331460,1,0.4908857047557831
58,2,GSM331464,1,0.7414454221725464
58,2,GSM331465,1,0.6928746104240417
58,2,GSM331467,1,0.47179681062698364
58,2,GSM331470,1,0.7042815089225769
58,2,GSM331475,1,0.23658688366413116
58,2,GSM331478,1,0.43762511014938354
58,2,GSM331481,1,0.6588488817214966
58,2,GSM331482,1,0.40465047955513
58,2,GSM331484,1,0.201703742146492
58,2,GSM331485,1,0.857811689376831
58,2,GSM331486,1,0.5258862972259521
58,2,GSM331488,1,0.4985404312610626
58,2,GSM331489,1,0.4973874092102051
58,2,GSM331490,1,0.37374573945999146
58,2,GSM331494,1,0.7563896775245667
58,2,GSM331495,1,0.6679211258888245
58,2,GSM331497,1,0.4001654386520386
58,2,GSM331498,1,0.6211910843849182
58,2,GSM331499,1,0.4839304983615875
58,2,GSM331504,1,0.5109416842460632
58,2,GSM331505,1,0.8019000887870789
58,2,GSM331507,1,0.38844430446624756
58,2,GSM331509,1,0.2545056641101837
58,2,GSM331511,1,0.6461113095283508
58,2,GSM331512,1,0.42960476875305176
58,2,GSM331516,1,0.4601229429244995
58,2,GSM331517,1,0.282963365316391
58,2,GSM331518,1,0.6736229658126831
58,2,GSM331519,1,0.536873459815979
58,2,GSM331521,1,0.4642336964607239
58,2,GSM331523,1,0.9329633116722107
58,2,GSM331524,1,0.6168609261512756
58,2,GSM331526,1,0.8218182325363159
58,2,GSM331528,1,0.45796212553977966
58,2,GSM331529,1,0.25551238656044006
58,2,GSM331532,1,0.6023335456848145
58,2,GSM331533,1,0.6176416873931885
58,2,GSM331534,1,0.4922349452972412
58,2,GSM331535,1,0.5227459669113159
58,2,GSM331536,1,0.3927067220211029
58,2,GSM331537,1,0.7896032929420471
58,2,GSM331538,1,0.5176070332527161
58,2,GSM331539,1,0.6342625617980957
58,2,GSM331541,1,0.667126476764679
58,2,GSM331542,1,0.5572452545166016
58,2,GSM331543,1,0.6964709162712097
58,2,GSM331544,1,0.5615662336349487
58,2,GSM331546,1,0.7637544870376587
58,2,GSM331548,1,0.5855267643928528
58,2,GSM331550,1,0.3834080696105957
58,2,GSM331556,1,0.6191856265068054
58,2,GSM331560,1,0.4597127139568329
58,2,GSM331563,1,0.7632365822792053
58,2,GSM331564,1,0.6854879260063171
58,2,GSM331565,1,0.674903929233551
58,2,GSM331566,1,0.7198123931884766
58,2,GSM331571,1,0.6455281376838684
58,2,GSM331572,1,0.3607649803161621
58,2,GSM331576,1,0.5703152418136597
58,2,GSM331578,1,0.8151270151138306
58,2,GSM331579,1,0.43739473819732666
58,2,GSM331580,1,0.24198253452777863
58,2,GSM331584,1,0.29131513833999634
58,2,GSM331585,1,0.4422473609447479
58,2,GSM331589,1,0.30194005370140076
58,2,GSM331590,1,0.4410995543003082
58,2,GSM331591,1,0.8606067895889282
58,2,GSM331593,1,0.315030962228775
58,2,GSM331599,1,0.8155222535133362
58,2,GSM331600,1,0.7543659210205078
58,2,GSM331602,1,0.65931236743927
58,2,GSM331603,1,0.5382485389709473
58,2,GSM331604,1,0.31705009937286377
58,2,GSM331605,1,0.6786683201789856
58,2,GSM331606,1,0.1823028326034546
58,2,GSM331609,1,0.7774035930633545
58,2,GSM331611,1,0.6836315989494324
58,2,GSM331612,1,0.6088173389434814
58,2,GSM331614,1,0.518092930316925
58,2,GSM331617,1,0.5837687253952026
58,2,GSM331619,1,0.4172133207321167
58,2,GSM331620,1,0.6520957946777344
58,2,GSM331621,1,0.5976211428642273
58,2,GSM331623,1,0.325752854347229
58,2,GSM331627,1,0.6554621458053589
58,2,GSM331628,1,0.3915080428123474
58,2,GSM331630,1,0.5291905403137207
58,2,GSM331637,1,0.5463172793388367
58,2,GSM331643,1,0.7958180904388428
58,2,GSM331644,1,0.36766454577445984
58,2,GSM331645,1,0.3085666298866272
58,2,GSM331646,1,0.5308657884597778
58,2,GSM331647,1,0.7167978882789612
58,2,GSM331650,1,0.6354568004608154
58,2,GSM331653,1,0.6907997131347656
58,2,GSM331654,1,0.8457112312316895
58,2,GSM331655,1,0.5715333223342896
58,2,GSM331657,1,0.7155628800392151
58,2,GSM331658,1,0.7376876473426819
59,1,GSM331638,0,0.2458348572254181
59,1,GSM331660,0,0.16557689011096954
59,1,GSM331664,0,0.11957579851150513
59,1,GSM331665,0,0.8720628023147583
59,1,GSM331666,0,0.2305101603269577
59,1,GSM331669,0,0.9272953867912292
59,1,GSM331671,0,0.8493813872337341
59,1,GSM331673,0,0.1964564174413681
59,1,GSM331674,0,0.7755833864212036
59,1,GSM331675,0,0.07842911779880524
59,1,GSM331678,0,0.11886127293109894
59,1,GSM331679,0,0.4407917857170105
59,1,GSM331682,0,0.7207047939300537
59,1,GSM331684,0,0.10941599309444427
59,1,GSM331685,0,0.33941221237182617
59,1,GSM331686,0,0.6550853848457336
59,1,GSM331688,0,0.5875649452209473
59,1,GSM331694,0,0.33215591311454773
59,1,GSM331695,0,0.5092993974685669
59,1,GSM331696,0,0.2724463939666748
59,1,GSM331698,0,0.563960075378418
59,1,GSM331702,0,0.6578854918479919
59,1,GSM331703,0,0.6113157868385315
59,1,GSM331704,0,0.4546172320842743
59,1,GSM331708,0,0.8648295998573303
59,1,GSM331709,0,0.0628737062215805
59,1,GSM331711,0,0.4610874354839325
59,1,GSM331715,0,0.5633937120437622
59,1,GSM331718,0,0.8281380534172058
59,1,GSM331720,0,0.6114610433578491
59,1,GSM331721,0,0.8612737059593201
59,1,GSM331723,0,0.8063727617263794
59,1,GSM331724,0,0.2896881699562073
59,1,GSM331725,0,0.7447736263275146
59,1,GSM331726,0,0.15996603667736053
59,1,GSM331727,0,0.19734378159046173
59,1,GSM331728,0,0.08179023861885071
59,1,GSM331453,1,0.32645541429519653
59,1,GSM331454,1,0.3563930094242096
59,1,GSM331462,1,0.9173185229301453
59,1,GSM331465,1,0.48031097650527954
59,1,GSM331467,1,0.1333378255367279
59,1,GSM331468,1,0.7590278387069702
59,1,GSM331469,1,0.5808892250061035
59,1,GSM331471,1,0.7306646108627319
59,1,GSM331472,1,0.17215122282505035
59,1,GSM331474,1,0.5848698616027832
59,1,GSM331476,1,0.6256469488143921
59,1,GSM331478,1,0.33837831020355225
59,1,GSM331479,1,0.5339450240135193
59,1,GSM331480,1,0.41462522745132446
59,1,GSM331483,1,0.48694029450416565
59,1,GSM331484,1,0.27210137248039246
59,1,GSM331487,1,0.8981360793113708
59,1,GSM331488,1,0.48653414845466614
59,1,GSM331490,1,0.4075556993484497
59,1,GSM331495,1,0.522455096244812
59,1,GSM331498,1,0.48860791325569153
59,1,GSM331500,1,0.39640602469444275
59,1,GSM331502,1,0.6800446510314941
59,1,GSM331504,1,0.41372326016426086
59,1,GSM331506,1,0.4001668691635132
59,1,GSM331509,1,0.3290124833583832
59,1,GSM331510,1,0.4267231822013855
59,1,GSM331511,1,0.7210570573806763
59,1,GSM331517,1,0.2678794860839844
59,1,GSM331520,1,0.8350086808204651
59,1,GSM331523,1,0.6850414276123047
59,1,GSM331524,1,0.4989766478538513
59,1,GSM331526,1,0.727881908416748
59,1,GSM331527,1,0.3477798402309418
59,1,GSM331531,1,0.48577776551246643
59,1,GSM331532,1,0.32537540793418884
59,1,GSM331533,1,0.3025357127189636
59,1,GSM331534,1,0.7496669292449951
59,1,GSM331537,1,0.749751091003418
59,1,GSM331538,1,0.22062425315380096
59,1,GSM331539,1,0.5923162698745728
59,1,GSM331540,1,0.5950354337692261
59,1,GSM331541,1,0.870849072933197
59,1,GSM331542,1,0.4361616373062134
59,1,GSM331545,1,0.7760673761367798
59,1,GSM331546,1,0.5268043279647827
59,1,GSM331547,1,0.431353896856308
59,1,GSM331549,1,0.6853427886962891
59,1,GSM331550,1,0.6283400058746338
59,1,GSM331551,1,0.5912272930145264
59,1,GSM331556,1,0.7935160994529724
59,1,GSM331558,1,0.03548137843608856
59,1,GSM331559,1,0.909168004989624
59,1,GSM331564,1,0.42595115303993225
59,1,GSM331565,1,0.7510941028594971
59,1,GSM331567,1,0.3761079013347626
59,1,GSM331568,1,0.7866095304489136
59,1,GSM331569,1,0.5463954210281372
59,1,GSM331570,1,0.44733884930610657
59,1,GSM331573,1,0.76800537109375
59,1,GSM331575,1,0.8004286885261536
59,1,GSM331577,1,0.5494111776351929
59,1,GSM331581,1,0.44094666838645935
59,1,GSM331582,1,0.7661001682281494
59,1,GSM331584,1,0.16197152435779572
59,1,GSM331585,1,0.581322193145752
59,1,GSM331587,1,0.49649178981781006
59,1,GSM331588,1,0.13914218544960022
59,1,GSM331589,1,0.3277035355567932
59,1,GSM331590,1,0.5625743269920349
59,1,GSM331593,1,0.3745657205581665
59,1,GSM331594,1,0.36852091550827026
59,1,GSM331598,1,0.3661400377750397
59,1,GSM331600,1,0.8459370732307434
59,1,GSM331602,1,0.2641478478908539
59,1,GSM331603,1,0.5889250636100769
59,1,GSM331607,1,0.7825990319252014
59,1,GSM331608,1,0.21416670083999634
59,1,GSM331610,1,0.6639834642410278
59,1,GSM331613,1,0.4497651755809784
59,1,GSM331614,1,0.27107855677604675
59,1,GSM331616,1,0.6685524582862854
59,1,GSM331620,1,0.5685932040214539
59,1,GSM331621,1,0.5310049057006836
59,1,GSM331623,1,0.20840921998023987
59,1,GSM331624,1,0.4708794355392456
59,1,GSM331626,1,0.4090918302536011
59,1,GSM331627,1,0.388117253780365
59,1,GSM331628,1,0.31900253891944885
59,1,GSM331629,1,0.16404463350772858
59,1,GSM331630,1,0.6143771409988403
59,1,GSM331631,1,0.3076440393924713
59,1,GSM331633,1,0.22129933536052704
59,1,GSM331639,1,0.6393584609031677
59,1,GSM331640,1,0.12635394930839539
59,1,GSM331641,1,0.42112812399864197
59,1,GSM331642,1,0.2979622185230255
59,1,GSM331643,1,0.8621782660484314
59,1,GSM331644,1,0.23290416598320007
59,1,GSM331648,1,0.4070330858230591
59,1,GSM331649,1,0.48732319474220276
59,1,GSM331655,1,0.48272258043289185
59,1,GSM331657,1,0.9172331690788269
59,2,GSM331661,0,0.8008515238761902
59,2,GSM331662,0,0.5278403162956238
59,2,GSM331663,0,0.3193080723285675
59,2,GSM331668,0,0.5759729743003845
59,2,GSM331670,0,0.6875442862510681
59,2,GSM331672,0,0.637292742729187
59,2,GSM331676,0,0.6992731690406799
59,2,GSM331677,0,0.35042068362236023
59,2,GSM331680,0,0.7980233430862427
59,2,GSM331681,0,0.7522759437561035
59,2,GSM331683,0,0.6430785059928894
59,2,GSM331687,0,0.5188477635383606
59,2,GSM331689,0,0.1852126270532608
59,2,GSM331690,0,0.8884316682815552
59,2,GSM331691,0,0.5432654023170471
59,2,GSM331692,0,0.11748521775007248
59,2,GSM331693,0,0.5756160616874695
59,2,GSM331697,0,0.2112712562084198
59,2,GSM331699,0,0.7807695269584656
59,2,GSM331700,0,0.6268171668052673
59,2,GSM331701,0,0.4149141013622284
59,2,GSM331705,0,0.41912803053855896
59,2,GSM331706,0,0.8068529367446899
59,2,GSM331707,0,0.7326918244361877
59,2,GSM331710,0,0.11514589935541153
59,2,GSM331712,0,0.45063516497612
59,2,GSM331713,0,0.5771629810333252
59,2,GSM331714,0,0.5090543627738953
59,2,GSM331716,0,0.963325560092926
59,2,GSM331717,0,0.8712198138237
59,2,GSM331719,0,0.16288547217845917
59,2,GSM331722,0,0.5214739441871643
59,2,GSM331729,0,0.022078722715377808
59,2,GSM331730,0,0.6806151866912842
59,2,GSM331731,0,0.6250464916229248
59,2,GSM331732,0,0.7717319130897522
59,2,GSM331455,1,0.3983153700828552
59,2,GSM331456,1,0.6361966133117676
59,2,GSM331457,1,0.7293635010719299
59,2,GSM331458,1,0.5097517371177673
59,2,GSM331459,1,0.9339485168457031
59,2,GSM331460,1,0.7031943798065186
59,2,GSM331461,1,0.29630884528160095
59,2,GSM331463,1,0.21882972121238708
59,2,GSM331464,1,0.33261561393737793
59,2,GSM331466,1,0.4195060431957245
59,2,GSM331470,1,0.5366541743278503
59,2,GSM331473,1,0.25442689657211304
59,2,GSM331475,1,0.12645943462848663
59,2,GSM331477,1,0.58161860704422
59,2,GSM331481,1,0.7256167531013489
59,2,GSM331482,1,0.23919540643692017
59,2,GSM331485,1,0.9190472960472107
59,2,GSM331486,1,0.6110621094703674
59,2,GSM331489,1,0.7758973240852356
59,2,GSM331491,1,0.786420464515686
59,2,GSM331492,1,0.21078215539455414
59,2,GSM331493,1,0.2847386598587036
59,2,GSM331494,1,0.5179972052574158
59,2,GSM331496,1,0.28960227966308594
59,2,GSM331497,1,0.4966580271720886
59,2,GSM331499,1,0.19139374792575836
59,2,GSM331501,1,0.5579973459243774
59,2,GSM331503,1,0.557410478591919
59,2,GSM331505,1,0.7550676465034485
59,2,GSM331507,1,0.04980470612645149
59,2,GSM331508,1,0.5130078196525574
59,2,GSM331512,1,0.5564736723899841
59,2,GSM331513,1,0.7951735854148865
59,2,GSM331514,1,0.31235307455062866
59,2,GSM331515,1,0.28906041383743286
59,2,GSM331516,1,0.5820907950401306
59,2,GSM331518,1,0.570702850818634
59,2,GSM331519,1,0.484624445438385
59,2,GSM331521,1,0.34923458099365234
59,2,GSM331522,1,0.23749713599681854
59,2,GSM331525,1,0.3725101351737976
59,2,GSM331528,1,0.3419874608516693
59,2,GSM331529,1,0.2639625668525696
59,2,GSM331530,1,0.3586578965187073
59,2,GSM331535,1,0.6215714812278748
59,2,GSM331536,1,0.36594057083129883
59,2,GSM331543,1,0.6743226051330566
59,2,GSM331544,1,0.477077454328537
59,2,GSM331548,1,0.693794846534729
59,2,GSM331552,1,0.43415045738220215
59,2,GSM331553,1,0.8296312689781189
59,2,GSM331554,1,0.3025357127189636
59,2,GSM331555,1,0.17479628324508667
59,2,GSM331557,1,0.787851870059967
59,2,GSM331560,1,0.5971547961235046
59,2,GSM331561,1,0.7301649451255798
59,2,GSM331562,1,0.4266722798347473
59,2,GSM331563,1,0.8983981013298035
59,2,GSM331566,1,0.8141899108886719
59,2,GSM331571,1,0.6463168263435364
59,2,GSM331572,1,0.7732081413269043
59,2,GSM331574,1,0.3715018332004547
59,2,GSM331576,1,0.329619437456131
59,2,GSM331578,1,0.8686046004295349
59,2,GSM331579,1,0.3191910982131958
59,2,GSM331580,1,0.2489299774169922
59,2,GSM331583,1,0.3700034022331238
59,2,GSM331586,1,0.46683621406555176
59,2,GSM331591,1,0.8531480431556702
59,2,GSM331592,1,0.49818912148475647
59,2,GSM331595,1,0.8729782700538635
59,2,GSM331596,1,0.09861429035663605
59,2,GSM331597,1,0.7913344502449036
59,2,GSM331599,1,0.9537699818611145
59,2,GSM331601,1,0.14456970989704132
59,2,GSM331604,1,0.3568120300769806
59,2,GSM331605,1,0.44554370641708374
59,2,GSM331606,1,0.1338399052619934
59,2,GSM331609,1,0.6367954015731812
59,2,GSM331611,1,0.46199968457221985
59,2,GSM331612,1,0.505070686340332
59,2,GSM331615,1,0.40662312507629395
59,2,GSM331617,1,0.7704128623008728
59,2,GSM331618,1,0.625349760055542
59,2,GSM331619,1,0.44358813762664795
59,2,GSM331622,1,0.9281055927276611
59,2,GSM331625,1,0.8230128288269043
59,2,GSM331632,1,0.2994069755077362
59,2,GSM331634,1,0.3760559558868408
59,2,GSM331635,1,0.2162003368139267
59,2,GSM331636,1,0.1889839619398117
59,2,GSM331637,1,0.771480917930603
59,2,GSM331645,1,0.07724051922559738
59,2,GSM331646,1,0.20699511468410492
59,2,GSM331647,1,0.349002867937088
59,2,GSM331650,1,0.5792943239212036
59,2,GSM331651,1,0.1603449583053589
59,2,GSM331652,1,0.6132461428642273
59,2,GSM331653,1,0.3356548547744751
59,2,GSM331654,1,0.9249669909477234
59,2,GSM331656,1,0.3397620916366577
59,2,GSM331658,1,0.9036001563072205
59,2,GSM331659,1,0.8713659644126892
60,1,GSM331638,0,0.6339355707168579
60,1,GSM331660,0,0.14057926833629608
60,1,GSM331662,0,0.45996972918510437
60,1,GSM331665,0,0.820713996887207
60,1,GSM331668,0,0.7703345417976379
60,1,GSM331669,0,0.9579986929893494
60,1,GSM331670,0,0.5640072822570801
60,1,GSM331671,0,0.496018648147583
60,1,GSM331672,0,0.6093060970306396
60,1,GSM331676,0,0.6091295480728149
60,1,GSM331678,0,0.14500273764133453
60,1,GSM331683,0,0.5776858329772949
60,1,GSM331684,0,0.38122302293777466
60,1,GSM331685,0,0.1195593848824501
60,1,GSM331686,0,0.7109242677688599
60,1,GSM331687,0,0.3610674738883972
60,1,GSM331690,0,0.8148868083953857
60,1,GSM331692,0,0.1853257715702057
60,1,GSM331700,0,0.6262432932853699
60,1,GSM331702,0,0.6974124312400818
60,1,GSM331706,0,0.9284687042236328
60,1,GSM331707,0,0.6089568734169006
60,1,GSM331709,0,0.39524778723716736
60,1,GSM331710,0,0.1020905002951622
60,1,GSM331711,0,0.7481526732444763
60,1,GSM331713,0,0.4134969711303711
60,1,GSM331714,0,0.8276563882827759
60,1,GSM331715,0,0.3231014907360077
60,1,GSM331716,0,0.9634182453155518
60,1,GSM331718,0,0.7573221921920776
60,1,GSM331719,0,0.13748179376125336
60,1,GSM331722,0,0.24826723337173462
60,1,GSM331723,0,0.6715764403343201
60,1,GSM331728,0,0.14033615589141846
60,1,GSM331730,0,0.615909993648529
60,1,GSM331731,0,0.9276887774467468
60,1,GSM331732,0,0.873496949672699
60,1,GSM331453,1,0.5893440842628479
60,1,GSM331455,1,0.5378985404968262
60,1,GSM331459,1,0.9410681128501892
60,1,GSM331460,1,0.66310715675354
60,1,GSM331461,1,0.1723799854516983
60,1,GSM331462,1,0.665419340133667
60,1,GSM331464,1,0.6705290675163269
60,1,GSM331466,1,0.5491604208946228
60,1,GSM331467,1,0.5276947617530823
60,1,GSM331469,1,0.40690016746520996
60,1,GSM331477,1,0.4956390857696533
60,1,GSM331479,1,0.1180034801363945
60,1,GSM331480,1,0.5348014235496521
60,1,GSM331481,1,0.7454161047935486
60,1,GSM331482,1,0.2035483419895172
60,1,GSM331483,1,0.41354385018348694
60,1,GSM331487,1,0.8141610622406006
60,1,GSM331490,1,0.6438206434249878
60,1,GSM331491,1,0.7816603183746338
60,1,GSM331492,1,0.4281144440174103
60,1,GSM331493,1,0.6402824521064758
60,1,GSM331495,1,0.44245555996894836
60,1,GSM331497,1,0.49181345105171204
60,1,GSM331504,1,0.803691029548645
60,1,GSM331505,1,0.8653113842010498
60,1,GSM331508,1,0.6826328039169312
60,1,GSM331509,1,0.07230930030345917
60,1,GSM331511,1,0.860606849193573
60,1,GSM331512,1,0.5902293920516968
60,1,GSM331513,1,0.9064342975616455
60,1,GSM331514,1,0.6578611135482788
60,1,GSM331516,1,0.6549756526947021
60,1,GSM331517,1,0.5560191869735718
60,1,GSM331518,1,0.4307057559490204
60,1,GSM331521,1,0.21010369062423706
60,1,GSM331527,1,0.46351712942123413
60,1,GSM331528,1,0.43338701128959656
60,1,GSM331530,1,0.3724082112312317
60,1,GSM331531,1,0.5901010036468506
60,1,GSM331532,1,0.2550354301929474
60,1,GSM331535,1,0.5506455898284912
60,1,GSM331537,1,0.8808199763298035
60,1,GSM331538,1,0.24090971052646637
60,1,GSM331542,1,0.5679951906204224
60,1,GSM331543,1,0.7176606059074402
60,1,GSM331547,1,0.40647247433662415
60,1,GSM331550,1,0.15478728711605072
60,1,GSM331553,1,0.8022782206535339
60,1,GSM331554,1,0.23006071150302887
60,1,GSM331556,1,0.4853283762931824
60,1,GSM331557,1,0.7916576266288757
60,1,GSM331558,1,0.1690393090248108
60,1,GSM331564,1,0.511509895324707
60,1,GSM331567,1,0.6714631915092468
60,1,GSM331568,1,0.7553220391273499
60,1,GSM331569,1,0.5240486860275269
60,1,GSM331570,1,0.5871443748474121
60,1,GSM331571,1,0.7158622145652771
60,1,GSM331575,1,0.6396655440330505
60,1,GSM331576,1,0.6343647837638855
60,1,GSM331579,1,0.6196004748344421
60,1,GSM331580,1,0.45438432693481445
60,1,GSM331584,1,0.1289004534482956
60,1,GSM331589,1,0.49518030881881714
60,1,GSM331590,1,0.52681565284729
60,1,GSM331591,1,0.8438043594360352
60,1,GSM331593,1,0.17609958350658417
60,1,GSM331594,1,0.33384081721305847
60,1,GSM331597,1,0.8197216987609863
60,1,GSM331598,1,0.6222667098045349
60,1,GSM331602,1,0.6277706027030945
60,1,GSM331604,1,0.29423847794532776
60,1,GSM331605,1,0.7936210632324219
60,1,GSM331607,1,0.9122042059898376
60,1,GSM331610,1,0.8670298457145691
60,1,GSM331611,1,0.7989217638969421
60,1,GSM331614,1,0.6189987659454346
60,1,GSM331615,1,0.6025344729423523
60,1,GSM331617,1,0.7861747145652771
60,1,GSM331618,1,0.6735664010047913
60,1,GSM331620,1,0.7104763388633728
60,1,GSM331621,1,0.7569212317466736
60,1,GSM331622,1,0.9298685789108276
60,1,GSM331624,1,0.4726903736591339
60,1,GSM331625,1,0.6239432096481323
60,1,GSM331628,1,0.6737414598464966
60,1,GSM331629,1,0.05435876548290253
60,1,GSM331631,1,0.45032602548599243
60,1,GSM331637,1,0.5903775095939636
60,1,GSM331639,1,0.5465018153190613
60,1,GSM331640,1,0.2057599425315857
60,1,GSM331641,1,0.6268492341041565
60,1,GSM331643,1,0.860298216342926
60,1,GSM331644,1,0.7117911577224731
60,1,GSM331646,1,0.18006283044815063
60,1,GSM331647,1,0.3693681061267853
60,1,GSM331648,1,0.5381873846054077
60,1,GSM331649,1,0.7761391997337341
60,1,GSM331650,1,0.6677391529083252
60,1,GSM331651,1,0.4960775673389435
60,1,GSM331652,1,0.923507034778595
60,1,GSM331655,1,0.5538797974586487
60,1,GSM331657,1,0.8823606371879578
60,2,GSM331661,0,0.6837592124938965
60,2,GSM331663,0,0.3105887770652771
60,2,GSM331664,0,0.0759183019399643
60,2,GSM331666,0,0.3768763840198517
60,2,GSM331673,0,0.36153510212898254
60,2,GSM331674,0,0.4950943887233734
60,2,GSM331675,0,0.12452725321054459
60,2,GSM331677,0,0.3687502443790436
60,2,GSM331679,0,0.15811972320079803
60,2,GSM331680,0,0.7804035544395447
60,2,GSM331681,0,0.35657355189323425
60,2,GSM331682,0,0.49893391132354736
60,2,GSM331688,0,0.7056760191917419
60,2,GSM331689,0,0.29724574089050293
60,2,GSM331691,0,0.7190434336662292
60,2,GSM331693,0,0.4752938747406006
60,2,GSM331694,0,0.3008206784725189
60,2,GSM331695,0,0.6362958550453186
60,2,GSM331696,0,0.4471730589866638
60,2,GSM331697,0,0.5656148195266724
60,2,GSM331698,0,0.33710014820098877
60,2,GSM331699,0,0.6908890008926392
60,2,GSM331701,0,0.2674437463283539
60,2,GSM331703,0,0.8020237684249878
60,2,GSM331704,0,0.5819978713989258
60,2,GSM331705,0,0.5217565298080444
60,2,GSM331708,0,0.6979055404663086
60,2,GSM331712,0,0.5232053995132446
60,2,GSM331717,0,0.6422112584114075
60,2,GSM331720,0,0.3396862745285034
60,2,GSM331721,0,0.837557315826416
60,2,GSM331724,0,0.33563777804374695
60,2,GSM331725,0,0.4111082851886749
60,2,GSM331726,0,0.25205284357070923
60,2,GSM331727,0,0.22848112881183624
60,2,GSM331729,0,0.09820479154586792
60,2,GSM331454,1,0.9303831458091736
60,2,GSM331456,1,0.7572095394134521
60,2,GSM331457,1,0.5573366284370422
60,2,GSM331458,1,0.6655142903327942
60,2,GSM331463,1,0.7801950573921204
60,2,GSM331465,1,0.8352198600769043
60,2,GSM331468,1,0.4348548650741577
60,2,GSM331470,1,0.514742910861969
60,2,GSM331471,1,0.8156090378761292
60,2,GSM331472,1,0.7152813076972961
60,2,GSM331473,1,0.1004575863480568
60,2,GSM331474,1,0.1977606862783432
60,2,GSM331475,1,0.2352059781551361
60,2,GSM331476,1,0.17188754677772522
60,2,GSM331478,1,0.7658885717391968
60,2,GSM331484,1,0.11387539654970169
60,2,GSM331485,1,0.708068311214447
60,2,GSM331486,1,0.3747776746749878
60,2,GSM331488,1,0.5185166597366333
60,2,GSM331489,1,0.7110337615013123
60,2,GSM331494,1,0.9626280069351196
60,2,GSM331496,1,0.12905719876289368
60,2,GSM331498,1,0.6239802241325378
60,2,GSM331499,1,0.30946019291877747
60,2,GSM331500,1,0.7534396648406982
60,2,GSM331501,1,0.3487118184566498
60,2,GSM331502,1,0.884094774723053
60,2,GSM331503,1,0.3614265024662018
60,2,GSM331506,1,0.5102361440658569
60,2,GSM331507,1,0.10591120272874832
60,2,GSM331510,1,0.238872230052948
60,2,GSM331515,1,0.187771275639534
60,2,GSM331519,1,0.61583411693573
60,2,GSM331520,1,0.8115947842597961
60,2,GSM331522,1,0.2626650929450989
60,2,GSM331523,1,0.9359145760536194
60,2,GSM331524,1,0.49226102232933044
60,2,GSM331525,1,0.10592444241046906
60,2,GSM331526,1,0.7500284314155579
60,2,GSM331529,1,0.13736627995967865
60,2,GSM331533,1,0.47574037313461304
60,2,GSM331534,1,0.580397367477417
60,2,GSM331536,1,0.12145446240901947
60,2,GSM331539,1,0.5628616213798523
60,2,GSM331540,1,0.732938826084137
60,2,GSM331541,1,0.7320752143859863
60,2,GSM331544,1,0.4232480227947235
60,2,GSM331545,1,0.746107816696167
60,2,GSM331546,1,0.7325931191444397
60,2,GSM331548,1,0.24768227338790894
60,2,GSM331549,1,0.9169168472290039
60,2,GSM331551,1,0.7426637411117554
60,2,GSM331552,1,0.5587338805198669
60,2,GSM331555,1,0.13608774542808533
60,2,GSM331559,1,0.7666832208633423
60,2,GSM331560,1,0.7320836782455444
60,2,GSM331561,1,0.43837714195251465
60,2,GSM331562,1,0.28941017389297485
60,2,GSM331563,1,0.5513685941696167
60,2,GSM331565,1,0.924004077911377
60,2,GSM331566,1,0.576258659362793
60,2,GSM331572,1,0.4382210671901703
60,2,GSM331573,1,0.8022991418838501
60,2,GSM331574,1,0.23073522746562958
60,2,GSM331577,1,0.48971137404441833
60,2,GSM331578,1,0.645453691482544
60,2,GSM331581,1,0.3828781247138977
60,2,GSM331582,1,0.3449680805206299
60,2,GSM331583,1,0.2024981677532196
60,2,GSM331585,1,0.8233177065849304
60,2,GSM331586,1,0.09922996163368225
60,2,GSM331587,1,0.7079182863235474
60,2,GSM331588,1,0.6077061295509338
60,2,GSM331592,1,0.48850151896476746
60,2,GSM331595,1,0.8978170156478882
60,2,GSM331596,1,0.314933180809021
60,2,GSM331599,1,0.6197965741157532
60,2,GSM331600,1,0.9071160554885864
60,2,GSM331601,1,0.15416648983955383
60,2,GSM331603,1,0.19889700412750244
60,2,GSM331606,1,0.06576605141162872
60,2,GSM331608,1,0.0340537466108799
60,2,GSM331609,1,0.8395464420318604
60,2,GSM331612,1,0.7663782835006714
60,2,GSM331613,1,0.21987588703632355
60,2,GSM331616,1,0.468447744846344
60,2,GSM331619,1,0.7492176294326782
60,2,GSM331623,1,0.06381874531507492
60,2,GSM331626,1,0.3677941560745239
60,2,GSM331627,1,0.7661094665527344
60,2,GSM331630,1,0.3884141743183136
60,2,GSM331632,1,0.4932757318019867
60,2,GSM331633,1,0.42463627457618713
60,2,GSM331634,1,0.6883037090301514
60,2,GSM331635,1,0.22432883083820343
60,2,GSM331636,1,0.21966376900672913
60,2,GSM331642,1,0.5420712828636169
60,2,GSM331645,1,0.20671215653419495
60,2,GSM331653,1,0.5044626593589783
60,2,GSM331654,1,0.9064059257507324
60,2,GSM331656,1,0.18975116312503815
60,2,GSM331658,1,0.6868321895599365
60,2,GSM331659,1,0.8707014918327332
61,1,GSM331664,0,0.49849480390548706
61,1,GSM331666,0,0.43204182386398315
61,1,GSM331669,0,0.8503331542015076
61,1,GSM331671,0,0.7971900701522827
61,1,GSM331672,0,0.5947890877723694
61,1,GSM331673,0,0.6314326524734497
61,1,GSM331674,0,0.7746058702468872
61,1,GSM331675,0,0.30647769570350647
61,1,GSM331676,0,0.6894664764404297
61,1,GSM331679,0,0.7409570813179016
61,1,GSM331681,0,0.3835640251636505
61,1,GSM331683,0,0.7468356490135193
61,1,GSM331686,0,0.5606780648231506
61,1,GSM331688,0,0.6293058395385742
61,1,GSM331691,0,0.412683367729187
61,1,GSM331692,0,0.3819824457168579
61,1,GSM331693,0,0.4447520971298218
61,1,GSM331694,0,0.5006296038627625
61,1,GSM331697,0,0.5060374140739441
61,1,GSM331699,0,0.7093294858932495
61,1,GSM331702,0,0.5321469902992249
61,1,GSM331705,0,0.43636783957481384
61,1,GSM331707,0,0.7117401361465454
61,1,GSM331709,0,0.4197728633880615
61,1,GSM331711,0,0.6961478590965271
61,1,GSM331712,0,0.3698963224887848
61,1,GSM331715,0,0.4219917058944702
61,1,GSM331718,0,0.7851877212524414
61,1,GSM331719,0,0.23235276341438293
61,1,GSM331723,0,0.6398215889930725
61,1,GSM331724,0,0.4520709216594696
61,1,GSM331725,0,0.7704843878746033
61,1,GSM331726,0,0.44262388348579407
61,1,GSM331727,0,0.6070883274078369
61,1,GSM331728,0,0.3872547149658203
61,1,GSM331729,0,0.317469984292984
61,1,GSM331731,0,0.7956489324569702
61,1,GSM331453,1,0.40112078189849854
61,1,GSM331454,1,0.39565518498420715
61,1,GSM331455,1,0.26077574491500854
61,1,GSM331457,1,0.6207981705665588
61,1,GSM331458,1,0.5471205711364746
61,1,GSM331459,1,0.7347297072410583
61,1,GSM331460,1,0.7251959443092346
61,1,GSM331462,1,0.7074515223503113
61,1,GSM331463,1,0.3808620274066925
61,1,GSM331464,1,0.5689074993133545
61,1,GSM331465,1,0.3461918830871582
61,1,GSM331471,1,0.6025272011756897
61,1,GSM331473,1,0.6900621652603149
61,1,GSM331477,1,0.3037528097629547
61,1,GSM331480,1,0.5892723798751831
61,1,GSM331481,1,0.7116352915763855
61,1,GSM331484,1,0.627372145652771
61,1,GSM331485,1,0.5735820531845093
61,1,GSM331486,1,0.699370265007019
61,1,GSM331489,1,0.5274253487586975
61,1,GSM331491,1,0.5700762271881104
61,1,GSM331492,1,0.4519692361354828
61,1,GSM331498,1,0.443217009305954
61,1,GSM331503,1,0.32111266255378723
61,1,GSM331508,1,0.6365266442298889
61,1,GSM331512,1,0.6219613552093506
61,1,GSM331513,1,0.589552104473114
61,1,GSM331517,1,0.6514589786529541
61,1,GSM331519,1,0.41948989033699036
61,1,GSM331522,1,0.4331261217594147
61,1,GSM331525,1,0.7048470973968506
61,1,GSM331526,1,0.4904843270778656
61,1,GSM331529,1,0.6419580578804016
61,1,GSM331531,1,0.5698969960212708
61,1,GSM331533,1,0.591945469379425
61,1,GSM331535,1,0.4922923743724823
61,1,GSM331537,1,0.4797140657901764
61,1,GSM331538,1,0.250710666179657
61,1,GSM331539,1,0.36992013454437256
61,1,GSM331541,1,0.7408639192581177
61,1,GSM331542,1,0.589600145816803
61,1,GSM331545,1,0.7476082444190979
61,1,GSM331547,1,0.6235608458518982
61,1,GSM331548,1,0.7683126330375671
61,1,GSM331549,1,0.7387740015983582
61,1,GSM331555,1,0.3934881091117859
61,1,GSM331556,1,0.6959227323532104
61,1,GSM331557,1,0.7607346773147583
61,1,GSM331560,1,0.34789055585861206
61,1,GSM331561,1,0.5281367897987366
61,1,GSM331563,1,0.8120839595794678
61,1,GSM331564,1,0.5842146277427673
61,1,GSM331566,1,0.641248345375061
61,1,GSM331567,1,0.3255923092365265
61,1,GSM331569,1,0.39179348945617676
61,1,GSM331570,1,0.44241517782211304
61,1,GSM331574,1,0.5114080309867859
61,1,GSM331576,1,0.42268121242523193
61,1,GSM331578,1,0.5683035254478455
61,1,GSM331581,1,0.19588623940944672
61,1,GSM331587,1,0.726645827293396
61,1,GSM331589,1,0.3546716272830963
61,1,GSM331590,1,0.5275106430053711
61,1,GSM331591,1,0.7607877254486084
61,1,GSM331594,1,0.6943477392196655
61,1,GSM331595,1,0.5747820734977722
61,1,GSM331596,1,0.5290205478668213
61,1,GSM331597,1,0.2932528257369995
61,1,GSM331599,1,0.8580549955368042
61,1,GSM331600,1,0.6601036787033081
61,1,GSM331601,1,0.37251925468444824
61,1,GSM331602,1,0.4212395250797272
61,1,GSM331603,1,0.5638448596000671
61,1,GSM331604,1,0.4528084993362427
61,1,GSM331606,1,0.3256382942199707
61,1,GSM331607,1,0.7394828200340271
61,1,GSM331608,1,0.5217759609222412
61,1,GSM331610,1,0.6880878210067749
61,1,GSM331612,1,0.7750150561332703
61,1,GSM331613,1,0.4514026641845703
61,1,GSM331614,1,0.49903762340545654
61,1,GSM331617,1,0.7482834458351135
61,1,GSM331618,1,0.4650537371635437
61,1,GSM331619,1,0.42974144220352173
61,1,GSM331620,1,0.5486995577812195
61,1,GSM331622,1,0.6646963357925415
61,1,GSM331623,1,0.4409598410129547
61,1,GSM331625,1,0.5643789768218994
61,1,GSM331626,1,0.15729205310344696
61,1,GSM331628,1,0.5694718360900879
61,1,GSM331630,1,0.41439157724380493
61,1,GSM331635,1,0.39885878562927246
61,1,GSM331636,1,0.3021293580532074
61,1,GSM331640,1,0.31697240471839905
61,1,GSM331641,1,0.48142239451408386
61,1,GSM331642,1,0.5261873602867126
61,1,GSM331648,1,0.44013842940330505
61,1,GSM331650,1,0.5217922925949097
61,1,GSM331651,1,0.5205435752868652
61,1,GSM331654,1,0.7705743908882141
61,1,GSM331657,1,0.6272161602973938
61,1,GSM331658,1,0.6766952872276306
61,1,GSM331659,1,0.8214391469955444
61,2,GSM331638,0,0.43703722953796387
61,2,GSM331660,0,0.45375850796699524
61,2,GSM331661,0,0.5542681217193604
61,2,GSM331662,0,0.6359970569610596
61,2,GSM331663,0,0.4284566044807434
61,2,GSM331665,0,0.7008175253868103
61,2,GSM331668,0,0.5160847306251526
61,2,GSM331670,0,0.4194384515285492
61,2,GSM331677,0,0.40439796447753906
61,2,GSM331678,0,0.3705357313156128
61,2,GSM331680,0,0.6849838495254517
61,2,GSM331682,0,0.3913525938987732
61,2,GSM331684,0,0.3167067766189575
61,2,GSM331685,0,0.6154686808586121
61,2,GSM331687,0,0.3884906768798828
61,2,GSM331689,0,0.38313087821006775
61,2,GSM331690,0,0.6302244663238525
61,2,GSM331695,0,0.42540979385375977
61,2,GSM331696,0,0.39193132519721985
61,2,GSM331698,0,0.18894445896148682
61,2,GSM331700,0,0.576119065284729
61,2,GSM331701,0,0.330627977848053
61,2,GSM331703,0,0.5060997605323792
61,2,GSM331704,0,0.45006197690963745
61,2,GSM331706,0,0.5142749547958374
61,2,GSM331708,0,0.7507474422454834
61,2,GSM331710,0,0.2463122457265854
61,2,GSM331713,0,0.4728517234325409
61,2,GSM331714,0,0.7205284237861633
61,2,GSM331716,0,0.7195792198181152
61,2,GSM331717,0,0.46739330887794495
61,2,GSM331720,0,0.6901851892471313
61,2,GSM331721,0,0.6444105505943298
61,2,GSM331722,0,0.5701872706413269
61,2,GSM331730,0,0.32351329922676086
61,2,GSM331732,0,0.6613819599151611
61,2,GSM331456,1,0.33532950282096863
61,2,GSM331461,1,0.5216173529624939
61,2,GSM331466,1,0.6530941724777222
61,2,GSM331467,1,0.1943611353635788
61,2,GSM331468,1,0.33105072379112244
61,2,GSM331469,1,0.6467252969741821
61,2,GSM331470,1,0.505359411239624
61,2,GSM331472,1,0.27734896540641785
61,2,GSM331474,1,0.6872897744178772
61,2,GSM331475,1,0.3342970609664917
61,2,GSM331476,1,0.7110510468482971
61,2,GSM331478,1,0.5780903100967407
61,2,GSM331479,1,0.5972063541412354
61,2,GSM331482,1,0.15860947966575623
61,2,GSM331483,1,0.5844003558158875
61,2,GSM331487,1,0.7101317048072815
61,2,GSM331488,1,0.5593106150627136
61,2,GSM331490,1,0.2747221887111664
61,2,GSM331493,1,0.31754857301712036
61,2,GSM331494,1,0.7505658864974976
61,2,GSM331495,1,0.4858492910861969
61,2,GSM331496,1,0.4003310799598694
61,2,GSM331497,1,0.6845580339431763
61,2,GSM331499,1,0.3427952826023102
61,2,GSM331500,1,0.2667015790939331
61,2,GSM331501,1,0.5709830522537231
61,2,GSM331502,1,0.6814463138580322
61,2,GSM331504,1,0.3324664533138275
61,2,GSM331505,1,0.6842941641807556
61,2,GSM331506,1,0.37361663579940796
61,2,GSM331507,1,0.45459702610969543
61,2,GSM331509,1,0.49158531427383423
61,2,GSM331510,1,0.5360440015792847
61,2,GSM331511,1,0.55428546667099
61,2,GSM331514,1,0.5640387535095215
61,2,GSM331515,1,0.3933686316013336
61,2,GSM331516,1,0.6463157534599304
61,2,GSM331518,1,0.5846806764602661
61,2,GSM331520,1,0.46722957491874695
61,2,GSM331521,1,0.5403565764427185
61,2,GSM331523,1,0.604891300201416
61,2,GSM331524,1,0.3156382441520691
61,2,GSM331527,1,0.3314181864261627
61,2,GSM331528,1,0.5529066324234009
61,2,GSM331530,1,0.3441711664199829
61,2,GSM331532,1,0.33310458064079285
61,2,GSM331534,1,0.5146960020065308
61,2,GSM331536,1,0.608386218547821
61,2,GSM331540,1,0.5617771148681641
61,2,GSM331543,1,0.5591144561767578
61,2,GSM331544,1,0.2722334861755371
61,2,GSM331546,1,0.5984693169593811
61,2,GSM331550,1,0.5834590792655945
61,2,GSM331551,1,0.5942385792732239
61,2,GSM331552,1,0.23745231330394745
61,2,GSM331553,1,0.5260421633720398
61,2,GSM331554,1,0.4387095868587494
61,2,GSM331558,1,0.23136159777641296
61,2,GSM331559,1,0.6838555932044983
61,2,GSM331562,1,0.5936564803123474
61,2,GSM331565,1,0.5204387903213501
61,2,GSM331568,1,0.7277711033821106
61,2,GSM331571,1,0.6946913599967957
61,2,GSM331572,1,0.39246800541877747
61,2,GSM331573,1,0.6290549039840698
61,2,GSM331575,1,0.5648539066314697
61,2,GSM331577,1,0.3355206549167633
61,2,GSM331579,1,0.34734585881233215
61,2,GSM331580,1,0.4836558401584625
61,2,GSM331582,1,0.5392014384269714
61,2,GSM331583,1,0.5189039707183838
61,2,GSM331584,1,0.38820961117744446
61,2,GSM331585,1,0.460578978061676
61,2,GSM331586,1,0.2543395161628723
61,2,GSM331588,1,0.5084155201911926
61,2,GSM331592,1,0.35512280464172363
61,2,GSM331593,1,0.35679271817207336
61,2,GSM331598,1,0.37941548228263855
61,2,GSM331605,1,0.5668443441390991
61,2,GSM331609,1,0.5611825585365295
61,2,GSM331611,1,0.6122921705245972
61,2,GSM331615,1,0.33015453815460205
61,2,GSM331616,1,0.41777634620666504
61,2,GSM331621,1,0.38099950551986694
61,2,GSM331624,1,0.5718390345573425
61,2,GSM331627,1,0.22655171155929565
61,2,GSM331629,1,0.27184394001960754
61,2,GSM331631,1,0.43703240156173706
61,2,GSM331632,1,0.4501670002937317
61,2,GSM331633,1,0.3514958918094635
61,2,GSM331634,1,0.32021278142929077
61,2,GSM331637,1,0.2811988294124603
61,2,GSM331639,1,0.32862943410873413
61,2,GSM331643,1,0.7907092571258545
61,2,GSM331644,1,0.40379565954208374
61,2,GSM331645,1,0.24658100306987762
61,2,GSM331646,1,0.3925865888595581
61,2,GSM331647,1,0.6462965607643127
61,2,GSM331649,1,0.546058177947998
61,2,GSM331652,1,0.7553187608718872
61,2,GSM331653,1,0.49989086389541626
61,2,GSM331655,1,0.2715778946876526
61,2,GSM331656,1,0.21745716035366058
62,1,GSM331638,0,0.37880560755729675
62,1,GSM331660,0,0.12003393471240997
62,1,GSM331661,0,0.6835528016090393
62,1,GSM331662,0,0.45880794525146484
62,1,GSM331664,0,0.1179339736700058
62,1,GSM331666,0,0.25419947504997253
62,1,GSM331671,0,0.5517807602882385
62,1,GSM331672,0,0.5193312764167786
62,1,GSM331673,0,0.3151096701622009
62,1,GSM331674,0,0.5120410919189453
62,1,GSM331675,0,0.042661093175411224
62,1,GSM331677,0,0.25293993949890137
62,1,GSM331678,0,0.07142447680234909
62,1,GSM331680,0,0.41843754053115845
62,1,GSM331683,0,0.652898907661438
62,1,GSM331686,0,0.7505151629447937
62,1,GSM331687,0,0.2512199282646179
62,1,GSM331692,0,0.05026218667626381
62,1,GSM331694,0,0.1946454495191574
62,1,GSM331697,0,0.35463446378707886
62,1,GSM331698,0,0.4298420250415802
62,1,GSM331699,0,0.6553171277046204
62,1,GSM331700,0,0.4082297086715698
62,1,GSM331704,0,0.6114062070846558
62,1,GSM331705,0,0.25941479206085205
62,1,GSM331706,0,0.8925403356552124
62,1,GSM331708,0,0.8324682712554932
62,1,GSM331710,0,0.06290555000305176
62,1,GSM331711,0,0.6670417189598083
62,1,GSM331712,0,0.3804525136947632
62,1,GSM331713,0,0.32693198323249817
62,1,GSM331716,0,0.9748123288154602
62,1,GSM331718,0,0.6107866168022156
62,1,GSM331720,0,0.3210119903087616
62,1,GSM331726,0,0.14629121124744415
62,1,GSM331727,0,0.2946541905403137
62,1,GSM331729,0,0.06316159665584564
62,1,GSM331453,1,0.326832115650177
62,1,GSM331454,1,0.6671885251998901
62,1,GSM331457,1,0.5398050546646118
62,1,GSM331458,1,0.5421965718269348
62,1,GSM331459,1,0.8790625333786011
62,1,GSM331461,1,0.15809446573257446
62,1,GSM331462,1,0.651092529296875
62,1,GSM331463,1,0.33661484718322754
62,1,GSM331466,1,0.5665278434753418
62,1,GSM331467,1,0.20761838555335999
62,1,GSM331468,1,0.41137784719467163
62,1,GSM331469,1,0.3577430546283722
62,1,GSM331470,1,0.433078795671463
62,1,GSM331472,1,0.32515349984169006
62,1,GSM331475,1,0.11219023168087006
62,1,GSM331476,1,0.30918315052986145
62,1,GSM331477,1,0.35398930311203003
62,1,GSM331479,1,0.1331699937582016
62,1,GSM331480,1,0.396083265542984
62,1,GSM331481,1,0.7195101976394653
62,1,GSM331482,1,0.13160407543182373
62,1,GSM331484,1,0.19030706584453583
62,1,GSM331487,1,0.7953435182571411
62,1,GSM331488,1,0.5338990092277527
62,1,GSM331490,1,0.335618793964386
62,1,GSM331492,1,0.2954424321651459
62,1,GSM331496,1,0.10249955207109451
62,1,GSM331497,1,0.423298716545105
62,1,GSM331499,1,0.18662923574447632
62,1,GSM331500,1,0.4357851445674896
62,1,GSM331501,1,0.44566309452056885
62,1,GSM331503,1,0.4481676518917084
62,1,GSM331505,1,0.60166996717453
62,1,GSM331509,1,0.13134808838367462
62,1,GSM331510,1,0.3381834626197815
62,1,GSM331513,1,0.7776402831077576
62,1,GSM331514,1,0.2877994179725647
62,1,GSM331516,1,0.6114365458488464
62,1,GSM331517,1,0.5465538501739502
62,1,GSM331520,1,0.7107290029525757
62,1,GSM331521,1,0.1244530975818634
62,1,GSM331525,1,0.3059622049331665
62,1,GSM331526,1,0.48155277967453003
62,1,GSM331527,1,0.2795453667640686
62,1,GSM331528,1,0.34996405243873596
62,1,GSM331529,1,0.22028928995132446
62,1,GSM331532,1,0.16423764824867249
62,1,GSM331544,1,0.2502419650554657
62,1,GSM331552,1,0.37241753935813904
62,1,GSM331555,1,0.06195173040032387
62,1,GSM331559,1,0.8231196403503418
62,1,GSM331563,1,0.6276925206184387
62,1,GSM331564,1,0.33495286107063293
62,1,GSM331565,1,0.8496420383453369
62,1,GSM331566,1,0.6713122129440308
62,1,GSM331570,1,0.38300585746765137
62,1,GSM331575,1,0.5428528785705566
62,1,GSM331577,1,0.605096697807312
62,1,GSM331579,1,0.24900329113006592
62,1,GSM331581,1,0.19865523278713226
62,1,GSM331582,1,0.42381009459495544
62,1,GSM331584,1,0.051362406462430954
62,1,GSM331585,1,0.7912517189979553
62,1,GSM331586,1,0.2016061246395111
62,1,GSM331588,1,0.40554946660995483
62,1,GSM331590,1,0.44797104597091675
62,1,GSM331591,1,0.8214879631996155
62,1,GSM331592,1,0.5209305882453918
62,1,GSM331593,1,0.1798143833875656
62,1,GSM331594,1,0.1762007474899292
62,1,GSM331598,1,0.43407517671585083
62,1,GSM331599,1,0.8272611498832703
62,1,GSM331600,1,0.8821527361869812
62,1,GSM331602,1,0.4306533634662628
62,1,GSM331603,1,0.26041361689567566
62,1,GSM331606,1,0.08758342266082764
62,1,GSM331608,1,0.06518758088350296
62,1,GSM331612,1,0.6119895577430725
62,1,GSM331614,1,0.42422378063201904
62,1,GSM331615,1,0.41746240854263306
62,1,GSM331621,1,0.4347932040691376
62,1,GSM331623,1,0.11341187357902527
62,1,GSM331626,1,0.26489490270614624
62,1,GSM331630,1,0.4770156443119049
62,1,GSM331633,1,0.19348713755607605
62,1,GSM331635,1,0.15024110674858093
62,1,GSM331636,1,0.16799993813037872
62,1,GSM331637,1,0.3951135575771332
62,1,GSM331639,1,0.2780305743217468
62,1,GSM331640,1,0.1361428052186966
62,1,GSM331641,1,0.27766236662864685
62,1,GSM331642,1,0.36196067929267883
62,1,GSM331644,1,0.26885756850242615
62,1,GSM331645,1,0.07943007349967957
62,1,GSM331646,1,0.1867329329252243
62,1,GSM331647,1,0.35673049092292786
62,1,GSM331648,1,0.3878760039806366
62,1,GSM331649,1,0.6997334361076355
62,1,GSM331651,1,0.26893410086631775
62,1,GSM331653,1,0.2593800127506256
62,1,GSM331654,1,0.8498232364654541
62,1,GSM331657,1,0.8308711647987366
62,1,GSM331659,1,0.8822439312934875
62,2,GSM331663,0,0.5836071372032166
62,2,GSM331665,0,0.8585507869720459
62,2,GSM331668,0,0.7996622920036316
62,2,GSM331669,0,0.9762974381446838
62,2,GSM331670,0,0.5912700891494751
62,2,GSM331676,0,0.7433664798736572
62,2,GSM331679,0,0.43033745884895325
62,2,GSM331681,0,0.7654885649681091
62,2,GSM331682,0,0.6901006102561951
62,2,GSM331684,0,0.15448927879333496
62,2,GSM331685,0,0.2097666710615158
62,2,GSM331688,0,0.7996339797973633
62,2,GSM331689,0,0.4448581337928772
62,2,GSM331690,0,0.8172574043273926
62,2,GSM331691,0,0.46817588806152344
62,2,GSM331693,0,0.6437802910804749
62,2,GSM331695,0,0.6596032381057739
62,2,GSM331696,0,0.6141968965530396
62,2,GSM331701,0,0.4806736707687378
62,2,GSM331702,0,0.7967802882194519
62,2,GSM331703,0,0.7831538915634155
62,2,GSM331707,0,0.6305144429206848
62,2,GSM331709,0,0.28371256589889526
62,2,GSM331714,0,0.8547254204750061
62,2,GSM331715,0,0.5328158140182495
62,2,GSM331717,0,0.8730740547180176
62,2,GSM331719,0,0.14108799397945404
62,2,GSM331721,0,0.9370924234390259
62,2,GSM331722,0,0.35496851801872253
62,2,GSM331723,0,0.9104309678077698
62,2,GSM331724,0,0.41664546728134155
62,2,GSM331725,0,0.7471315860748291
62,2,GSM331728,0,0.17267964780330658
62,2,GSM331730,0,0.7518768310546875
62,2,GSM331731,0,0.9170448184013367
62,2,GSM331732,0,0.868424117565155
62,2,GSM331455,1,0.3374822735786438
62,2,GSM331456,1,0.8172194957733154
62,2,GSM331460,1,0.7314540147781372
62,2,GSM331464,1,0.43694353103637695
62,2,GSM331465,1,0.565208911895752
62,2,GSM331471,1,0.9280601739883423
62,2,GSM331473,1,0.4145059883594513
62,2,GSM331474,1,0.25018778443336487
62,2,GSM331478,1,0.5732866525650024
62,2,GSM331483,1,0.5405669212341309
62,2,GSM331485,1,0.9087803363800049
62,2,GSM331486,1,0.7554207444190979
62,2,GSM331489,1,0.7401377558708191
62,2,GSM331491,1,0.7901475429534912
62,2,GSM331493,1,0.3804134428501129
62,2,GSM331494,1,0.9396976828575134
62,2,GSM331495,1,0.6680620908737183
62,2,GSM331498,1,0.5084598660469055
62,2,GSM331502,1,0.9336742162704468
62,2,GSM331504,1,0.7096846103668213
62,2,GSM331506,1,0.8590689301490784
62,2,GSM331507,1,0.15251758694648743
62,2,GSM331508,1,0.7068381905555725
62,2,GSM331511,1,0.8443702459335327
62,2,GSM331512,1,0.5572351217269897
62,2,GSM331515,1,0.4505520164966583
62,2,GSM331518,1,0.4905233383178711
62,2,GSM331519,1,0.6681808233261108
62,2,GSM331522,1,0.3256496489048004
62,2,GSM331523,1,0.7443894147872925
62,2,GSM331524,1,0.7024820446968079
62,2,GSM331530,1,0.4440138638019562
62,2,GSM331531,1,0.370164155960083
62,2,GSM331533,1,0.8237488865852356
62,2,GSM331534,1,0.8672711253166199
62,2,GSM331535,1,0.5123326182365417
62,2,GSM331536,1,0.3418746292591095
62,2,GSM331537,1,0.8796538710594177
62,2,GSM331538,1,0.34477299451828003
62,2,GSM331539,1,0.7874168157577515
62,2,GSM331540,1,0.4898521900177002
62,2,GSM331541,1,0.8673105835914612
62,2,GSM331542,1,0.4915078282356262
62,2,GSM331543,1,0.6721445322036743
62,2,GSM331545,1,0.77602618932724
62,2,GSM331546,1,0.7379031181335449
62,2,GSM331547,1,0.37203606963157654
62,2,GSM331548,1,0.6276816129684448
62,2,GSM331549,1,0.8209125995635986
62,2,GSM331550,1,0.4247950315475464
62,2,GSM331551,1,0.6596325039863586
62,2,GSM331553,1,0.945187509059906
62,2,GSM331554,1,0.3818108141422272
62,2,GSM331556,1,0.714026927947998
62,2,GSM331557,1,0.7389698028564453
62,2,GSM331558,1,0.10340700298547745
62,2,GSM331560,1,0.5670232772827148
62,2,GSM331561,1,0.7382929921150208
62,2,GSM331562,1,0.41126522421836853
62,2,GSM331567,1,0.5698315501213074
62,2,GSM331568,1,0.9204556941986084
62,2,GSM331569,1,0.6719868779182434
62,2,GSM331571,1,0.8233400583267212
62,2,GSM331572,1,0.6142500042915344
62,2,GSM331573,1,0.929617166519165
62,2,GSM331574,1,0.4264221489429474
62,2,GSM331576,1,0.5714856386184692
62,2,GSM331578,1,0.8677404522895813
62,2,GSM331580,1,0.6446861624717712
62,2,GSM331583,1,0.38037991523742676
62,2,GSM331587,1,0.782846212387085
62,2,GSM331589,1,0.7208512425422668
62,2,GSM331595,1,0.8184841275215149
62,2,GSM331596,1,0.5135893821716309
62,2,GSM331597,1,0.81899493932724
62,2,GSM331601,1,0.20329520106315613
62,2,GSM331604,1,0.3653472363948822
62,2,GSM331605,1,0.8030784726142883
62,2,GSM331607,1,0.9456400275230408
62,2,GSM331609,1,0.6742586493492126
62,2,GSM331610,1,0.9252949953079224
62,2,GSM331611,1,0.7385749816894531
62,2,GSM331613,1,0.3756473660469055
62,2,GSM331616,1,0.5532953143119812
62,2,GSM331617,1,0.8107050061225891
62,2,GSM331618,1,0.7629311680793762
62,2,GSM331619,1,0.5990102291107178
62,2,GSM331620,1,0.4951087236404419
62,2,GSM331622,1,0.940721869468689
62,2,GSM331624,1,0.44616419076919556
62,2,GSM331625,1,0.7514116764068604
62,2,GSM331627,1,0.6464297771453857
62,2,GSM331628,1,0.5857245922088623
62,2,GSM331629,1,0.09175614267587662
62,2,GSM331631,1,0.21426965296268463
62,2,GSM331632,1,0.3920414447784424
62,2,GSM331634,1,0.3914460241794586
62,2,GSM331643,1,0.8970085382461548
62,2,GSM331650,1,0.5514090061187744
62,2,GSM331652,1,0.9104294776916504
62,2,GSM331655,1,0.4807039201259613
62,2,GSM331656,1,0.21248161792755127
62,2,GSM331658,1,0.8406772017478943
63,1,GSM331638,0,0.7277111411094666
63,1,GSM331660,0,0.4760333299636841
63,1,GSM331662,0,0.7872744202613831
63,1,GSM331663,0,0.38470542430877686
63,1,GSM331664,0,0.3375840187072754
63,1,GSM331666,0,0.5177900791168213
63,1,GSM331668,0,0.684656023979187
63,1,GSM331669,0,0.8589572310447693
63,1,GSM331670,0,0.5962266325950623
63,1,GSM331671,0,0.5756385326385498
63,1,GSM331672,0,0.3407979905605316
63,1,GSM331674,0,0.39323440194129944
63,1,GSM331677,0,0.38488107919692993
63,1,GSM331679,0,0.18448643386363983
63,1,GSM331680,0,0.8242640495300293
63,1,GSM331681,0,0.4282345771789551
63,1,GSM331682,0,0.5876007080078125
63,1,GSM331686,0,0.5154935717582703
63,1,GSM331688,0,0.5981907248497009
63,1,GSM331695,0,0.7130954265594482
63,1,GSM331696,0,0.46139347553253174
63,1,GSM331697,0,0.4306240379810333
63,1,GSM331699,0,0.6628662347793579
63,1,GSM331700,0,0.4993739724159241
63,1,GSM331706,0,0.6865350008010864
63,1,GSM331709,0,0.23821121454238892
63,1,GSM331712,0,0.4610428810119629
63,1,GSM331713,0,0.29384857416152954
63,1,GSM331714,0,0.9305376410484314
63,1,GSM331715,0,0.3990461826324463
63,1,GSM331719,0,0.07604487240314484
63,1,GSM331720,0,0.6731456518173218
63,1,GSM331724,0,0.22964076697826385
63,1,GSM331726,0,0.3448285460472107
63,1,GSM331729,0,0.34288379549980164
63,1,GSM331731,0,0.8047159910202026
63,1,GSM331732,0,0.7548202276229858
63,1,GSM331453,1,0.5184299349784851
63,1,GSM331454,1,0.7751246690750122
63,1,GSM331455,1,0.39475637674331665
63,1,GSM331456,1,0.7125001549720764
63,1,GSM331457,1,0.5649132132530212
63,1,GSM331464,1,0.7307044863700867
63,1,GSM331465,1,0.666354238986969
63,1,GSM331467,1,0.40780970454216003
63,1,GSM331468,1,0.2700028121471405
63,1,GSM331471,1,0.7141088247299194
63,1,GSM331472,1,0.34991970658302307
63,1,GSM331473,1,0.4649633765220642
63,1,GSM331477,1,0.6993956565856934
63,1,GSM331480,1,0.48246124386787415
63,1,GSM331481,1,0.5937609672546387
63,1,GSM331482,1,0.44051140546798706
63,1,GSM331485,1,0.7211567759513855
63,1,GSM331486,1,0.4287092983722687
63,1,GSM331488,1,0.6205694079399109
63,1,GSM331489,1,0.5060185790061951
63,1,GSM331492,1,0.5195727348327637
63,1,GSM331494,1,0.8353023529052734
63,1,GSM331495,1,0.7444584965705872
63,1,GSM331496,1,0.24444878101348877
63,1,GSM331497,1,0.7495013475418091
63,1,GSM331500,1,0.7534918189048767
63,1,GSM331501,1,0.2973470985889435
63,1,GSM331506,1,0.629516065120697
63,1,GSM331507,1,0.4209437668323517
63,1,GSM331508,1,0.9071803689002991
63,1,GSM331519,1,0.37560275197029114
63,1,GSM331520,1,0.6340612769126892
63,1,GSM331525,1,0.5405460000038147
63,1,GSM331526,1,0.871915876865387
63,1,GSM331529,1,0.46722865104675293
63,1,GSM331530,1,0.4510619342327118
63,1,GSM331533,1,0.5439444780349731
63,1,GSM331534,1,0.49596163630485535
63,1,GSM331535,1,0.4197305142879486
63,1,GSM331536,1,0.414571613073349
63,1,GSM331537,1,0.8776060342788696
63,1,GSM331538,1,0.41509467363357544
63,1,GSM331540,1,0.8796786665916443
63,1,GSM331543,1,0.6245430707931519
63,1,GSM331544,1,0.364589661359787
63,1,GSM331547,1,0.6262408494949341
63,1,GSM331549,1,0.9426690936088562
63,1,GSM331550,1,0.3682015538215637
63,1,GSM331554,1,0.515209436416626
63,1,GSM331558,1,0.3242195248603821
63,1,GSM331559,1,0.6710953116416931
63,1,GSM331560,1,0.590301513671875
63,1,GSM331561,1,0.498577356338501
63,1,GSM331562,1,0.6945948004722595
63,1,GSM331563,1,0.37242254614830017
63,1,GSM331565,1,0.633215606212616
63,1,GSM331567,1,0.5442967414855957
63,1,GSM331571,1,0.7335785031318665
63,1,GSM331572,1,0.5371758341789246
63,1,GSM331573,1,0.6039790511131287
63,1,GSM331575,1,0.7547367215156555
63,1,GSM331576,1,0.41620469093322754
63,1,GSM331580,1,0.46228158473968506
63,1,GSM331582,1,0.5589890480041504
63,1,GSM331584,1,0.3342042863368988
63,1,GSM331585,1,0.5789585709571838
63,1,GSM331586,1,0.1487838178873062
63,1,GSM331589,1,0.40932124853134155
63,1,GSM331592,1,0.37568631768226624
63,1,GSM331595,1,0.6763206124305725
63,1,GSM331596,1,0.45003804564476013
63,1,GSM331598,1,0.5163398385047913
63,1,GSM331600,1,0.8056949973106384
63,1,GSM331601,1,0.35908499360084534
63,1,GSM331603,1,0.4355241060256958
63,1,GSM331604,1,0.2034245878458023
63,1,GSM331606,1,0.12311062216758728
63,1,GSM331608,1,0.06552064418792725
63,1,GSM331609,1,0.7858303189277649
63,1,GSM331610,1,0.5651609301567078
63,1,GSM331611,1,0.7550850510597229
63,1,GSM331614,1,0.4928288757801056
63,1,GSM331615,1,0.7504056692123413
63,1,GSM331618,1,0.6915698647499084
63,1,GSM331620,1,0.6858446002006531
63,1,GSM331623,1,0.37896955013275146
63,1,GSM331624,1,0.5599725842475891
63,1,GSM331626,1,0.41463643312454224
63,1,GSM331631,1,0.27536943554878235
63,1,GSM331633,1,0.21948634088039398
63,1,GSM331634,1,0.4477231800556183
63,1,GSM331635,1,0.39592960476875305
63,1,GSM331636,1,0.20939458906650543
63,1,GSM331637,1,0.48412230610847473
63,1,GSM331639,1,0.4844346344470978
63,1,GSM331640,1,0.22213301062583923
63,1,GSM331645,1,0.23678649961948395
63,1,GSM331646,1,0.7071806192398071
63,1,GSM331647,1,0.6878926157951355
63,1,GSM331649,1,0.8201976418495178
63,1,GSM331653,1,0.36523526906967163
63,1,GSM331654,1,0.8176661729812622
63,1,GSM331658,1,0.6952347755432129
63,2,GSM331661,0,0.6799152493476868
63,2,GSM331665,0,0.2848069369792938
63,2,GSM331673,0,0.319425106048584
63,2,GSM331675,0,0.07998574525117874
63,2,GSM331676,0,0.26955339312553406
63,2,GSM331678,0,0.23770226538181305
63,2,GSM331683,0,0.749178946018219
63,2,GSM331684,0,0.23159341514110565
63,2,GSM331685,0,0.44777247309684753
63,2,GSM331687,0,0.1521954983472824
63,2,GSM331689,0,0.37192755937576294
63,2,GSM331690,0,0.616295337677002
63,2,GSM331691,0,0.6845067143440247
63,2,GSM331692,0,0.1325550228357315
63,2,GSM331693,0,0.22636644542217255
63,2,GSM331694,0,0.44448956847190857
63,2,GSM331698,0,0.35422998666763306
63,2,GSM331701,0,0.26062247157096863
63,2,GSM331702,0,0.3242965340614319
63,2,GSM331703,0,0.7649933695793152
63,2,GSM331704,0,0.34825778007507324
63,2,GSM331705,0,0.39433789253234863
63,2,GSM331707,0,0.6405465602874756
63,2,GSM331708,0,0.7886858582496643
63,2,GSM331710,0,0.1629353165626526
63,2,GSM331711,0,0.5361012816429138
63,2,GSM331716,0,0.7332477569580078
63,2,GSM331717,0,0.4151427149772644
63,2,GSM331718,0,0.6468799114227295
63,2,GSM331721,0,0.590952455997467
63,2,GSM331722,0,0.5330480933189392
63,2,GSM331723,0,0.8962352871894836
63,2,GSM331725,0,0.5856482982635498
63,2,GSM331727,0,0.46979549527168274
63,2,GSM331728,0,0.2968982458114624
63,2,GSM331730,0,0.6136793494224548
63,2,GSM331458,1,0.5483889579772949
63,2,GSM331459,1,0.8276752829551697
63,2,GSM331460,1,0.2909754812717438
63,2,GSM331461,1,0.6820023059844971
63,2,GSM331462,1,0.2954128086566925
63,2,GSM331463,1,0.6748300790786743
63,2,GSM331466,1,0.479046493768692
63,2,GSM331469,1,0.17443113029003143
63,2,GSM331470,1,0.7687488794326782
63,2,GSM331474,1,0.4538559317588806
63,2,GSM331475,1,0.3570546805858612
63,2,GSM331476,1,0.5693716406822205
63,2,GSM331478,1,0.5611532330513
63,2,GSM331479,1,0.3791049122810364
63,2,GSM331483,1,0.5904207229614258
63,2,GSM331484,1,0.0872267633676529
63,2,GSM331487,1,0.8793971538543701
63,2,GSM331490,1,0.4511772692203522
63,2,GSM331491,1,0.5867615342140198
63,2,GSM331493,1,0.2046145647764206
63,2,GSM331498,1,0.30705735087394714
63,2,GSM331499,1,0.2867061197757721
63,2,GSM331502,1,0.9352520704269409
63,2,GSM331503,1,0.3783775269985199
63,2,GSM331504,1,0.4525730013847351
63,2,GSM331505,1,0.5088006854057312
63,2,GSM331509,1,0.49369773268699646
63,2,GSM331510,1,0.3901633024215698
63,2,GSM331511,1,0.8390668034553528
63,2,GSM331512,1,0.6638155579566956
63,2,GSM331513,1,0.5318356156349182
63,2,GSM331514,1,0.42891478538513184
63,2,GSM331515,1,0.23353885114192963
63,2,GSM331516,1,0.6860215067863464
63,2,GSM331517,1,0.5658685564994812
63,2,GSM331518,1,0.6633898019790649
63,2,GSM331521,1,0.2636655271053314
63,2,GSM331522,1,0.3144718110561371
63,2,GSM331523,1,0.8407759070396423
63,2,GSM331524,1,0.2268315553665161
63,2,GSM331527,1,0.4491913914680481
63,2,GSM331528,1,0.27086886763572693
63,2,GSM331531,1,0.3005366623401642
63,2,GSM331532,1,0.6225273013114929
63,2,GSM331539,1,0.5931210517883301
63,2,GSM331541,1,0.6027984023094177
63,2,GSM331542,1,0.193277969956398
63,2,GSM331545,1,0.5458540916442871
63,2,GSM331546,1,0.5749481320381165
63,2,GSM331548,1,0.5401594638824463
63,2,GSM331551,1,0.4355972409248352
63,2,GSM331552,1,0.19906499981880188
63,2,GSM331553,1,0.8392701745033264
63,2,GSM331555,1,0.2936429977416992
63,2,GSM331556,1,0.24738933145999908
63,2,GSM331557,1,0.3992409408092499
63,2,GSM331564,1,0.7315680384635925
63,2,GSM331566,1,0.3289354741573334
63,2,GSM331568,1,0.7921004891395569
63,2,GSM331569,1,0.3717947006225586
63,2,GSM331570,1,0.6396950483322144
63,2,GSM331574,1,0.5698140859603882
63,2,GSM331577,1,0.602353572845459
63,2,GSM331578,1,0.741916835308075
63,2,GSM331579,1,0.35220229625701904
63,2,GSM331581,1,0.2813924252986908
63,2,GSM331583,1,0.2788395583629608
63,2,GSM331587,1,0.5244830250740051
63,2,GSM331588,1,0.5449254512786865
63,2,GSM331590,1,0.43534883856773376
63,2,GSM331591,1,0.49087080359458923
63,2,GSM331593,1,0.39197543263435364
63,2,GSM331594,1,0.3687692880630493
63,2,GSM331597,1,0.6000931262969971
63,2,GSM331599,1,0.4924955666065216
63,2,GSM331602,1,0.5748780369758606
63,2,GSM331605,1,0.5950683355331421
63,2,GSM331607,1,0.872455894947052
63,2,GSM331612,1,0.8144941926002502
63,2,GSM331613,1,0.6804205179214478
63,2,GSM331616,1,0.6216275691986084
63,2,GSM331617,1,0.4026893675327301
63,2,GSM331619,1,0.2960564196109772
63,2,GSM331621,1,0.6259554624557495
63,2,GSM331622,1,0.6729497313499451
63,2,GSM331625,1,0.5195022821426392
63,2,GSM331627,1,0.8208190202713013
63,2,GSM331628,1,0.3022720515727997
63,2,GSM331629,1,0.17604172229766846
63,2,GSM331630,1,0.6177796125411987
63,2,GSM331632,1,0.46013909578323364
63,2,GSM331641,1,0.44143205881118774
63,2,GSM331642,1,0.5460808277130127
63,2,GSM331643,1,0.5974109768867493
63,2,GSM331644,1,0.34555771946907043
63,2,GSM331648,1,0.19765852391719818
63,2,GSM331650,1,0.364130437374115
63,2,GSM331651,1,0.5348132848739624
63,2,GSM331652,1,0.8356483578681946
63,2,GSM331655,1,0.5167810320854187
63,2,GSM331656,1,0.20674987137317657
63,2,GSM331657,1,0.8649954199790955
63,2,GSM331659,1,0.7638516426086426
64,1,GSM331660,0,0.36579346656799316
64,1,GSM331664,0,0.5770411491394043
64,1,GSM331666,0,0.44754737615585327
64,1,GSM331671,0,0.8836237192153931
64,1,GSM331672,0,0.5012009143829346
64,1,GSM331673,0,0.5117282867431641
64,1,GSM331676,0,0.7729562520980835
64,1,GSM331679,0,0.7016288042068481
64,1,GSM331680,0,0.7224699854850769
64,1,GSM331681,0,0.5051355957984924
64,1,GSM331682,0,0.4541842043399811
64,1,GSM331684,0,0.157418355345726
64,1,GSM331685,0,0.7524147033691406
64,1,GSM331686,0,0.38666531443595886
64,1,GSM331688,0,0.7924786806106567
64,1,GSM331690,0,0.7954954504966736
64,1,GSM331691,0,0.5576807260513306
64,1,GSM331698,0,0.2295043021440506
64,1,GSM331699,0,0.5321156978607178
64,1,GSM331700,0,0.5471890568733215
64,1,GSM331703,0,0.5912004113197327
64,1,GSM331704,0,0.3843633532524109
64,1,GSM331706,0,0.7303757071495056
64,1,GSM331707,0,0.6038585305213928
64,1,GSM331711,0,0.7779929637908936
64,1,GSM331712,0,0.3274693787097931
64,1,GSM331713,0,0.24075669050216675
64,1,GSM331714,0,0.9446810483932495
64,1,GSM331719,0,0.09838392585515976
64,1,GSM331721,0,0.7021767497062683
64,1,GSM331722,0,0.756159782409668
64,1,GSM331723,0,0.6304051876068115
64,1,GSM331724,0,0.2282610535621643
64,1,GSM331726,0,0.2775205075740814
64,1,GSM331727,0,0.6187160611152649
64,1,GSM331728,0,0.616595983505249
64,1,GSM331729,0,0.25964033603668213
64,1,GSM331453,1,0.13452951610088348
64,1,GSM331454,1,0.3959248960018158
64,1,GSM331455,1,0.1292441189289093
64,1,GSM331458,1,0.40530550479888916
64,1,GSM331460,1,0.8798385262489319
64,1,GSM331461,1,0.4982088804244995
64,1,GSM331463,1,0.20678822696208954
64,1,GSM331464,1,0.14897598326206207
64,1,GSM331465,1,0.183202862739563
64,1,GSM331470,1,0.8910885453224182
64,1,GSM331471,1,0.7774683237075806
64,1,GSM331472,1,0.20276345312595367
64,1,GSM331473,1,0.4593230187892914
64,1,GSM331477,1,0.20096921920776367
64,1,GSM331480,1,0.8689586520195007
64,1,GSM331483,1,0.9014894366264343
64,1,GSM331485,1,0.6469183564186096
64,1,GSM331488,1,0.664906919002533
64,1,GSM331490,1,0.20223306119441986
64,1,GSM331491,1,0.5619468688964844
64,1,GSM331492,1,0.6590639352798462
64,1,GSM331493,1,0.13281278312206268
64,1,GSM331496,1,0.28469571471214294
64,1,GSM331498,1,0.12357617914676666
64,1,GSM331499,1,0.31414517760276794
64,1,GSM331504,1,0.3149688243865967
64,1,GSM331506,1,0.6962849497795105
64,1,GSM331508,1,0.8037252426147461
64,1,GSM331509,1,0.5075015425682068
64,1,GSM331510,1,0.6600008606910706
64,1,GSM331513,1,0.6399292349815369
64,1,GSM331515,1,0.3984663784503937
64,1,GSM331516,1,0.7571498155593872
64,1,GSM331518,1,0.7619062066078186
64,1,GSM331520,1,0.342519611120224
64,1,GSM331525,1,0.6927406191825867
64,1,GSM331526,1,0.3282676339149475
64,1,GSM331528,1,0.8340601921081543
64,1,GSM331530,1,0.42918822169303894
64,1,GSM331535,1,0.31923195719718933
64,1,GSM331536,1,0.3501701354980469
64,1,GSM331539,1,0.3922700881958008
64,1,GSM331541,1,0.5968782305717468
64,1,GSM331543,1,0.36179935932159424
64,1,GSM331546,1,0.3995015025138855
64,1,GSM331547,1,0.8558343052864075
64,1,GSM331551,1,0.5910811424255371
64,1,GSM331552,1,0.11900060623884201
64,1,GSM331553,1,0.8035103678703308
64,1,GSM331556,1,0.9081405997276306
64,1,GSM331557,1,0.6464025974273682
64,1,GSM331558,1,0.2047595977783203
64,1,GSM331560,1,0.10714586079120636
64,1,GSM331561,1,0.7789633274078369
64,1,GSM331563,1,0.7265390753746033
64,1,GSM331564,1,0.7588855028152466
64,1,GSM331565,1,0.742531955242157
64,1,GSM331567,1,0.13587602972984314
64,1,GSM331569,1,0.3972572386264801
64,1,GSM331572,1,0.46271073818206787
64,1,GSM331574,1,0.8519178628921509
64,1,GSM331575,1,0.1804778128862381
64,1,GSM331576,1,0.5557648539543152
64,1,GSM331577,1,0.39603614807128906
64,1,GSM331578,1,0.5195267796516418
64,1,GSM331579,1,0.13468660414218903
64,1,GSM331582,1,0.6814181208610535
64,1,GSM331584,1,0.20052438974380493
64,1,GSM331586,1,0.20718233287334442
64,1,GSM331587,1,0.9403753280639648
64,1,GSM331588,1,0.6991851329803467
64,1,GSM331589,1,0.24551405012607574
64,1,GSM331591,1,0.9525301456451416
64,1,GSM331594,1,0.640980064868927
64,1,GSM331595,1,0.45176610350608826
64,1,GSM331596,1,0.8645220398902893
64,1,GSM331602,1,0.28963997960090637
64,1,GSM331604,1,0.24563395977020264
64,1,GSM331610,1,0.6896072030067444
64,1,GSM331611,1,0.876520037651062
64,1,GSM331612,1,0.8525835275650024
64,1,GSM331615,1,0.2702656090259552
64,1,GSM331617,1,0.8467455506324768
64,1,GSM331618,1,0.4334462285041809
64,1,GSM331619,1,0.44143030047416687
64,1,GSM331620,1,0.10093291103839874
64,1,GSM331621,1,0.21968811750411987
64,1,GSM331622,1,0.8066415786743164
64,1,GSM331623,1,0.686825156211853
64,1,GSM331624,1,0.9420976042747498
64,1,GSM331625,1,0.6836127638816833
64,1,GSM331626,1,0.11085599660873413
64,1,GSM331635,1,0.09864650666713715
64,1,GSM331636,1,0.14729222655296326
64,1,GSM331639,1,0.09602081775665283
64,1,GSM331641,1,0.26617327332496643
64,1,GSM331642,1,0.7050939202308655
64,1,GSM331643,1,0.8868741989135742
64,1,GSM331646,1,0.42177221179008484
64,1,GSM331647,1,0.8422461152076721
64,1,GSM331649,1,0.833307147026062
64,1,GSM331654,1,0.6941118240356445
64,1,GSM331658,1,0.5658113956451416
64,2,GSM331638,0,0.394487589597702
64,2,GSM331661,0,0.5581632852554321
64,2,GSM331662,0,0.8996686339378357
64,2,GSM331663,0,0.5561550855636597
64,2,GSM331665,0,0.6660045385360718
64,2,GSM331668,0,0.7769172787666321
64,2,GSM331669,0,0.8988484144210815
64,2,GSM331670,0,0.5456620454788208
64,2,GSM331674,0,0.7753867506980896
64,2,GSM331675,0,0.05206606164574623
64,2,GSM331677,0,0.5765599608421326
64,2,GSM331678,0,0.49548062682151794
64,2,GSM331683,0,0.9577253460884094
64,2,GSM331687,0,0.6185718774795532
64,2,GSM331689,0,0.8027939200401306
64,2,GSM331692,0,0.1989869624376297
64,2,GSM331693,0,0.45932286977767944
64,2,GSM331694,0,0.6475131511688232
64,2,GSM331695,0,0.6022315621376038
64,2,GSM331696,0,0.7571449875831604
64,2,GSM331697,0,0.25387662649154663
64,2,GSM331701,0,0.2506672143936157
64,2,GSM331702,0,0.39027824997901917
64,2,GSM331705,0,0.2039370983839035
64,2,GSM331708,0,0.772014319896698
64,2,GSM331709,0,0.18687941133975983
64,2,GSM331710,0,0.13474322855472565
64,2,GSM331715,0,0.3121306598186493
64,2,GSM331716,0,0.897360622882843
64,2,GSM331717,0,0.531398355960846
64,2,GSM331718,0,0.9254845976829529
64,2,GSM331720,0,0.7630705237388611
64,2,GSM331725,0,0.8618744015693665
64,2,GSM331730,0,0.23978298902511597
64,2,GSM331731,0,0.9329879283905029
64,2,GSM331732,0,0.8314773440361023
64,2,GSM331456,1,0.1450214385986328
64,2,GSM331457,1,0.41179028153419495
64,2,GSM331459,1,0.9029899835586548
64,2,GSM331462,1,0.7625051140785217
64,2,GSM331466,1,0.6152794361114502
64,2,GSM331467,1,0.1826777309179306
64,2,GSM331468,1,0.581530749797821
64,2,GSM331469,1,0.6420342922210693
64,2,GSM331474,1,0.38443639874458313
64,2,GSM331475,1,0.5896928310394287
64,2,GSM331476,1,0.7497895359992981
64,2,GSM331478,1,0.428364098072052
64,2,GSM331479,1,0.5879810452461243
64,2,GSM331481,1,0.881227970123291
64,2,GSM331482,1,0.273267924785614
64,2,GSM331484,1,0.6307649612426758
64,2,GSM331486,1,0.9191009998321533
64,2,GSM331487,1,0.9496493339538574
64,2,GSM331489,1,0.3678217828273773
64,2,GSM331494,1,0.902140736579895
64,2,GSM331495,1,0.34150993824005127
64,2,GSM331497,1,0.9234174489974976
64,2,GSM331500,1,0.13398711383342743
64,2,GSM331501,1,0.7299268841743469
64,2,GSM331502,1,0.9047993421554565
64,2,GSM331503,1,0.309893399477005
64,2,GSM331505,1,0.5459443926811218
64,2,GSM331507,1,0.6898226141929626
64,2,GSM331511,1,0.696914792060852
64,2,GSM331512,1,0.8208046555519104
64,2,GSM331514,1,0.13080893456935883
64,2,GSM331517,1,0.8358455896377563
64,2,GSM331519,1,0.20561905205249786
64,2,GSM331521,1,0.4401925206184387
64,2,GSM331522,1,0.42002612352371216
64,2,GSM331523,1,0.3169185221195221
64,2,GSM331524,1,0.7242912650108337
64,2,GSM331527,1,0.13226111233234406
64,2,GSM331529,1,0.7617051601409912
64,2,GSM331531,1,0.4978196620941162
64,2,GSM331532,1,0.09409773349761963
64,2,GSM331533,1,0.914177417755127
64,2,GSM331534,1,0.47841542959213257
64,2,GSM331537,1,0.19027146697044373
64,2,GSM331538,1,0.10479609668254852
64,2,GSM331540,1,0.7341178059577942
64,2,GSM331542,1,0.22948315739631653
64,2,GSM331544,1,0.13790082931518555
64,2,GSM331545,1,0.5941028594970703
64,2,GSM331548,1,0.9758481383323669
64,2,GSM331549,1,0.8388871550559998
64,2,GSM331550,1,0.5489236116409302
64,2,GSM331554,1,0.5378815531730652
64,2,GSM331555,1,0.2753150761127472
64,2,GSM331559,1,0.8849162459373474
64,2,GSM331562,1,0.7824585437774658
64,2,GSM331566,1,0.8121296167373657
64,2,GSM331568,1,0.9245007038116455
64,2,GSM331570,1,0.4997762143611908
64,2,GSM331571,1,0.712518572807312
64,2,GSM331573,1,0.7402113080024719
64,2,GSM331580,1,0.9172549247741699
64,2,GSM331581,1,0.03175865113735199
64,2,GSM331583,1,0.7128432989120483
64,2,GSM331585,1,0.5245298743247986
64,2,GSM331590,1,0.35885894298553467
64,2,GSM331592,1,0.7386050224304199
64,2,GSM331593,1,0.48325851559638977
64,2,GSM331597,1,0.1933455467224121
64,2,GSM331598,1,0.15289777517318726
64,2,GSM331599,1,0.9521522521972656
64,2,GSM331600,1,0.800300121307373
64,2,GSM331601,1,0.3149058520793915
64,2,GSM331603,1,0.5639591217041016
64,2,GSM331605,1,0.4986550211906433
64,2,GSM331606,1,0.25870221853256226
64,2,GSM331607,1,0.9604447484016418
64,2,GSM331608,1,0.3513420820236206
64,2,GSM331609,1,0.18535007536411285
64,2,GSM331613,1,0.6348739266395569
64,2,GSM331614,1,0.49078792333602905
64,2,GSM331616,1,0.2174014300107956
64,2,GSM331627,1,0.2661069929599762
64,2,GSM331628,1,0.5780086517333984
64,2,GSM331629,1,0.23599150776863098
64,2,GSM331630,1,0.49316415190696716
64,2,GSM331631,1,0.14486666023731232
64,2,GSM331632,1,0.11342105269432068
64,2,GSM331633,1,0.07457087934017181
64,2,GSM331634,1,0.09155150502920151
64,2,GSM331637,1,0.45057040452957153
64,2,GSM331640,1,0.14131422340869904
64,2,GSM331644,1,0.16833896934986115
64,2,GSM331645,1,0.2021607905626297
64,2,GSM331648,1,0.10140437632799149
64,2,GSM331650,1,0.19802923500537872
64,2,GSM331651,1,0.5659325122833252
64,2,GSM331652,1,0.9764591455459595
64,2,GSM331653,1,0.8094004988670349
64,2,GSM331655,1,0.06157620996236801
64,2,GSM331656,1,0.13772036135196686
64,2,GSM331657,1,0.3978884816169739
64,2,GSM331659,1,0.7674655318260193
65,1,GSM331661,0,0.651712954044342
65,1,GSM331666,0,0.0968291237950325
65,1,GSM331668,0,0.5862590074539185
65,1,GSM331669,0,0.9611882567405701
65,1,GSM331670,0,0.5484576225280762
65,1,GSM331671,0,0.7718644738197327
65,1,GSM331672,0,0.6975655555725098
65,1,GSM331673,0,0.3519402742385864
65,1,GSM331674,0,0.8787054419517517
65,1,GSM331676,0,0.8112109899520874
65,1,GSM331681,0,0.6551888585090637
65,1,GSM331688,0,0.5782237648963928
65,1,GSM331689,0,0.46097949147224426
65,1,GSM331691,0,0.41697070002555847
65,1,GSM331692,0,0.3066391944885254
65,1,GSM331693,0,0.41622984409332275
65,1,GSM331694,0,0.3844009339809418
65,1,GSM331695,0,0.31540101766586304
65,1,GSM331697,0,0.2661651372909546
65,1,GSM331699,0,0.7400308847427368
65,1,GSM331701,0,0.290682852268219
65,1,GSM331702,0,0.705436646938324
65,1,GSM331703,0,0.5477206110954285
65,1,GSM331704,0,0.5821991562843323
65,1,GSM331707,0,0.7361128330230713
65,1,GSM331710,0,0.11332890391349792
65,1,GSM331711,0,0.5072495937347412
65,1,GSM331712,0,0.4612928628921509
65,1,GSM331715,0,0.4453602135181427
65,1,GSM331716,0,0.9777170419692993
65,1,GSM331717,0,0.7368372082710266
65,1,GSM331723,0,0.8431561589241028
65,1,GSM331724,0,0.38217639923095703
65,1,GSM331725,0,0.8179134130477905
65,1,GSM331726,0,0.15235324203968048
65,1,GSM331728,0,0.16658800840377808
65,1,GSM331732,0,0.8525187969207764
65,1,GSM331454,1,0.6928364634513855
65,1,GSM331457,1,0.652675449848175
65,1,GSM331459,1,0.8284213542938232
65,1,GSM331460,1,0.61294025182724
65,1,GSM331463,1,0.19243760406970978
65,1,GSM331465,1,0.41283178329467773
65,1,GSM331466,1,0.49446141719818115
65,1,GSM331470,1,0.7284514307975769
65,1,GSM331471,1,0.8757935762405396
65,1,GSM331473,1,0.3515981137752533
65,1,GSM331475,1,0.20874670147895813
65,1,GSM331477,1,0.4951392114162445
65,1,GSM331478,1,0.2662379741668701
65,1,GSM331483,1,0.5121768116950989
65,1,GSM331485,1,0.7399722933769226
65,1,GSM331486,1,0.664658784866333
65,1,GSM331488,1,0.672746479511261
65,1,GSM331490,1,0.3234420120716095
65,1,GSM331492,1,0.4452039301395416
65,1,GSM331493,1,0.19138242304325104
65,1,GSM331495,1,0.4269154965877533
65,1,GSM331496,1,0.20773515105247498
65,1,GSM331498,1,0.4323275089263916
65,1,GSM331499,1,0.15986347198486328
65,1,GSM331500,1,0.45600056648254395
65,1,GSM331501,1,0.5261456370353699
65,1,GSM331502,1,0.830047070980072
65,1,GSM331504,1,0.48340800404548645
65,1,GSM331506,1,0.5818734169006348
65,1,GSM331507,1,0.30438661575317383
65,1,GSM331509,1,0.18666237592697144
65,1,GSM331511,1,0.5558960437774658
65,1,GSM331513,1,0.8033344149589539
65,1,GSM331515,1,0.1942259520292282
65,1,GSM331520,1,0.5665209889411926
65,1,GSM331525,1,0.21968413889408112
65,1,GSM331526,1,0.7148039937019348
65,1,GSM331534,1,0.656048059463501
65,1,GSM331537,1,0.6645665764808655
65,1,GSM331538,1,0.14237335324287415
65,1,GSM331542,1,0.4261709749698639
65,1,GSM331545,1,0.6585671305656433
65,1,GSM331550,1,0.19639284908771515
65,1,GSM331553,1,0.8264425992965698
65,1,GSM331554,1,0.2451094388961792
65,1,GSM331555,1,0.1605423092842102
65,1,GSM331558,1,0.2578657269477844
65,1,GSM331559,1,0.7951248288154602
65,1,GSM331560,1,0.4889218211174011
65,1,GSM331561,1,0.7002454400062561
65,1,GSM331562,1,0.249963641166687
65,1,GSM331563,1,0.871739387512207
65,1,GSM331567,1,0.2835995852947235
65,1,GSM331568,1,0.7938668727874756
65,1,GSM331569,1,0.7778052687644958
65,1,GSM331573,1,0.8038099408149719
65,1,GSM331574,1,0.31867772340774536
65,1,GSM331575,1,0.7290001511573792
65,1,GSM331577,1,0.6110288500785828
65,1,GSM331580,1,0.3847905099391937
65,1,GSM331581,1,0.1811339557170868
65,1,GSM331582,1,0.5626107454299927
65,1,GSM331583,1,0.47712329030036926
65,1,GSM331584,1,0.3359154164791107
65,1,GSM331585,1,0.5443873405456543
65,1,GSM331586,1,0.4709954559803009
65,1,GSM331588,1,0.4489135146141052
65,1,GSM331589,1,0.5697013139724731
65,1,GSM331590,1,0.5432814359664917
65,1,GSM331591,1,0.9167097210884094
65,1,GSM331593,1,0.24183528125286102
65,1,GSM331595,1,0.6638785004615784
65,1,GSM331598,1,0.47228696942329407
65,1,GSM331602,1,0.39315265417099
65,1,GSM331606,1,0.25154101848602295
65,1,GSM331607,1,0.9051686525344849
65,1,GSM331609,1,0.4495497941970825
65,1,GSM331610,1,0.8968254923820496
65,1,GSM331613,1,0.3575136661529541
65,1,GSM331618,1,0.32385727763175964
65,1,GSM331619,1,0.4937858581542969
65,1,GSM331620,1,0.32002967596054077
65,1,GSM331621,1,0.52765291929245
65,1,GSM331622,1,0.8091963529586792
65,1,GSM331625,1,0.886652410030365
65,1,GSM331626,1,0.21018750965595245
65,1,GSM331627,1,0.4391380846500397
65,1,GSM331628,1,0.37899357080459595
65,1,GSM331630,1,0.28984445333480835
65,1,GSM331631,1,0.39249324798583984
65,1,GSM331632,1,0.19866034388542175
65,1,GSM331634,1,0.30857932567596436
65,1,GSM331639,1,0.27329501509666443
65,1,GSM331643,1,0.6618526577949524
65,1,GSM331647,1,0.5058568120002747
65,1,GSM331648,1,0.3676013946533203
65,1,GSM331650,1,0.3420602083206177
65,1,GSM331652,1,0.6990296244621277
65,1,GSM331653,1,0.6285961866378784
65,1,GSM331655,1,0.3828847408294678
65,1,GSM331657,1,0.7413719296455383
65,1,GSM331658,1,0.8289811611175537
65,1,GSM331659,1,0.7682274580001831
65,2,GSM331638,0,0.32343897223472595
65,2,GSM331660,0,0.1098271831870079
65,2,GSM331662,0,0.5864614248275757
65,2,GSM331663,0,0.39020687341690063
65,2,GSM331664,0,0.19486677646636963
65,2,GSM331665,0,0.8510105609893799
65,2,GSM331675,0,0.0685567632317543
65,2,GSM331677,0,0.3747757077217102
65,2,GSM331678,0,0.09208154678344727
65,2,GSM331679,0,0.6265320777893066
65,2,GSM331680,0,0.36295682191848755
65,2,GSM331682,0,0.4677225649356842
65,2,GSM331683,0,0.7542670965194702
65,2,GSM331684,0,0.17162662744522095
65,2,GSM331685,0,0.16365091502666473
65,2,GSM331686,0,0.7217920422554016
65,2,GSM331687,0,0.29765310883522034
65,2,GSM331690,0,0.794280469417572
65,2,GSM331696,0,0.41125166416168213
65,2,GSM331698,0,0.43164780735969543
65,2,GSM331700,0,0.5925962924957275
65,2,GSM331705,0,0.2973257601261139
65,2,GSM331706,0,0.8854421377182007
65,2,GSM331708,0,0.763354480266571
65,2,GSM331709,0,0.21239060163497925
65,2,GSM331713,0,0.29584285616874695
65,2,GSM331714,0,0.6346078515052795
65,2,GSM331718,0,0.6806461215019226
65,2,GSM331719,0,0.12940317392349243
65,2,GSM331720,0,0.2861937880516052
65,2,GSM331721,0,0.9156242609024048
65,2,GSM331722,0,0.4108751118183136
65,2,GSM331727,0,0.44067299365997314
65,2,GSM331729,0,0.08541033416986465
65,2,GSM331730,0,0.28794509172439575
65,2,GSM331731,0,0.7979936599731445
65,2,GSM331453,1,0.280586302280426
65,2,GSM331455,1,0.1604652851819992
65,2,GSM331456,1,0.37928855419158936
65,2,GSM331458,1,0.3864336609840393
65,2,GSM331461,1,0.20425310730934143
65,2,GSM331462,1,0.7179803848266602
65,2,GSM331464,1,0.2619609832763672
65,2,GSM331467,1,0.2571568191051483
65,2,GSM331468,1,0.6920780539512634
65,2,GSM331469,1,0.7454601526260376
65,2,GSM331472,1,0.2889319956302643
65,2,GSM331474,1,0.22630959749221802
65,2,GSM331476,1,0.40800046920776367
65,2,GSM331479,1,0.375448614358902
65,2,GSM331480,1,0.7725755572319031
65,2,GSM331481,1,0.4942970275878906
65,2,GSM331482,1,0.2747385799884796
65,2,GSM331484,1,0.12044596672058105
65,2,GSM331487,1,0.8796659708023071
65,2,GSM331489,1,0.5554534196853638
65,2,GSM331491,1,0.5553137063980103
65,2,GSM331494,1,0.8227445483207703
65,2,GSM331497,1,0.6609344482421875
65,2,GSM331503,1,0.27676716446876526
65,2,GSM331505,1,0.8093984723091125
65,2,GSM331508,1,0.6920946836471558
65,2,GSM331510,1,0.28452056646347046
65,2,GSM331512,1,0.6457140445709229
65,2,GSM331514,1,0.18380996584892273
65,2,GSM331516,1,0.5874505043029785
65,2,GSM331517,1,0.6606153249740601
65,2,GSM331518,1,0.5262773633003235
65,2,GSM331519,1,0.4177241027355194
65,2,GSM331521,1,0.4603727161884308
65,2,GSM331522,1,0.2979723811149597
65,2,GSM331523,1,0.5322755575180054
65,2,GSM331524,1,0.6247133016586304
65,2,GSM331527,1,0.4944232404232025
65,2,GSM331528,1,0.6466858983039856
65,2,GSM331529,1,0.2620365619659424
65,2,GSM331530,1,0.41768601536750793
65,2,GSM331531,1,0.46050333976745605
65,2,GSM331532,1,0.2109111100435257
65,2,GSM331533,1,0.8531187772750854
65,2,GSM331535,1,0.4821421504020691
65,2,GSM331536,1,0.5447006225585938
65,2,GSM331539,1,0.3925327956676483
65,2,GSM331540,1,0.5386899709701538
65,2,GSM331541,1,0.7110178470611572
65,2,GSM331543,1,0.4420016407966614
65,2,GSM331544,1,0.22969718277454376
65,2,GSM331546,1,0.44403886795043945
65,2,GSM331547,1,0.5036191940307617
65,2,GSM331548,1,0.7724791765213013
65,2,GSM331549,1,0.7945803999900818
65,2,GSM331551,1,0.5042970776557922
65,2,GSM331552,1,0.35477548837661743
65,2,GSM331556,1,0.4957892894744873
65,2,GSM331557,1,0.6021931171417236
65,2,GSM331564,1,0.4257473647594452
65,2,GSM331565,1,0.8845345973968506
65,2,GSM331566,1,0.765436053276062
65,2,GSM331570,1,0.42028331756591797
65,2,GSM331571,1,0.5485798716545105
65,2,GSM331572,1,0.5501667857170105
65,2,GSM331576,1,0.6359174251556396
65,2,GSM331578,1,0.7770038843154907
65,2,GSM331579,1,0.2988627552986145
65,2,GSM331587,1,0.6874845623970032
65,2,GSM331592,1,0.525890052318573
65,2,GSM331594,1,0.5602685809135437
65,2,GSM331596,1,0.6264310479164124
65,2,GSM331597,1,0.40405189990997314
65,2,GSM331599,1,0.9442451596260071
65,2,GSM331600,1,0.8990104794502258
65,2,GSM331601,1,0.14471940696239471
65,2,GSM331603,1,0.4452352821826935
65,2,GSM331604,1,0.3059033155441284
65,2,GSM331605,1,0.5779591798782349
65,2,GSM331608,1,0.19310113787651062
65,2,GSM331611,1,0.5728678107261658
65,2,GSM331612,1,0.7491267919540405
65,2,GSM331614,1,0.4140785038471222
65,2,GSM331615,1,0.3080696761608124
65,2,GSM331616,1,0.4138734042644501
65,2,GSM331617,1,0.6694429516792297
65,2,GSM331623,1,0.19069238007068634
65,2,GSM331624,1,0.7205908894538879
65,2,GSM331629,1,0.0905560627579689
65,2,GSM331633,1,0.17357778549194336
65,2,GSM331635,1,0.20770050585269928
65,2,GSM331636,1,0.34428688883781433
65,2,GSM331637,1,0.27849724888801575
65,2,GSM331640,1,0.13038139045238495
65,2,GSM331641,1,0.4766750931739807
65,2,GSM331642,1,0.5623550415039062
65,2,GSM331644,1,0.22121430933475494
65,2,GSM331645,1,0.33160942792892456
65,2,GSM331646,1,0.28085967898368835
65,2,GSM331649,1,0.6229641437530518
65,2,GSM331651,1,0.2973998785018921
65,2,GSM331654,1,0.7362712025642395
65,2,GSM331656,1,0.1952488273382187
66,1,GSM331660,0,0.20419861376285553
66,1,GSM331663,0,0.36958205699920654
66,1,GSM331665,0,0.600574791431427
66,1,GSM331668,0,0.3806000351905823
66,1,GSM331673,0,0.537780225276947
66,1,GSM331674,0,0.6618002653121948
66,1,GSM331676,0,0.3439457416534424
66,1,GSM331679,0,0.557539165019989
66,1,GSM331680,0,0.7157554626464844
66,1,GSM331681,0,0.5451498627662659
66,1,GSM331683,0,0.6406596302986145
66,1,GSM331684,0,0.326361745595932
66,1,GSM331685,0,0.490647554397583
66,1,GSM331686,0,0.66612708568573
66,1,GSM331687,0,0.3537229597568512
66,1,GSM331689,0,0.2753027081489563
66,1,GSM331691,0,0.6182875633239746
66,1,GSM331694,0,0.6042711138725281
66,1,GSM331698,0,0.2894907295703888
66,1,GSM331699,0,0.7665166258811951
66,1,GSM331702,0,0.5943419933319092
66,1,GSM331705,0,0.4601289927959442
66,1,GSM331708,0,0.8554866909980774
66,1,GSM331709,0,0.2900458574295044
66,1,GSM331712,0,0.31179383397102356
66,1,GSM331714,0,0.51784348487854
66,1,GSM331715,0,0.41445234417915344
66,1,GSM331716,0,0.7858774065971375
66,1,GSM331717,0,0.5839461088180542
66,1,GSM331720,0,0.6608818769454956
66,1,GSM331721,0,0.6804159283638
66,1,GSM331722,0,0.4957527220249176
66,1,GSM331723,0,0.7135605812072754
66,1,GSM331724,0,0.39942824840545654
66,1,GSM331726,0,0.24050073325634003
66,1,GSM331727,0,0.34357941150665283
66,1,GSM331731,0,0.4477507174015045
66,1,GSM331453,1,0.5999453067779541
66,1,GSM331454,1,0.5623885989189148
66,1,GSM331455,1,0.4202984869480133
66,1,GSM331456,1,0.576208233833313
66,1,GSM331458,1,0.5576156377792358
66,1,GSM331460,1,0.7164198160171509
66,1,GSM331461,1,0.39427056908607483
66,1,GSM331464,1,0.6132345199584961
66,1,GSM331467,1,0.2708244323730469
66,1,GSM331468,1,0.47788915038108826
66,1,GSM331471,1,0.6841491460800171
66,1,GSM331474,1,0.7755244374275208
66,1,GSM331475,1,0.36303117871284485
66,1,GSM331477,1,0.6898924708366394
66,1,GSM331478,1,0.5153729915618896
66,1,GSM331484,1,0.40837058424949646
66,1,GSM331486,1,0.4149920344352722
66,1,GSM331488,1,0.3520580530166626
66,1,GSM331491,1,0.6691094636917114
66,1,GSM331494,1,0.7852312326431274
66,1,GSM331495,1,0.4692343771457672
66,1,GSM331496,1,0.5352338552474976
66,1,GSM331500,1,0.6247008442878723
66,1,GSM331502,1,0.7605358362197876
66,1,GSM331503,1,0.41854873299598694
66,1,GSM331504,1,0.4698798358440399
66,1,GSM331505,1,0.848079264163971
66,1,GSM331506,1,0.4219018220901489
66,1,GSM331507,1,0.41044268012046814
66,1,GSM331508,1,0.6939846277236938
66,1,GSM331511,1,0.5995270013809204
66,1,GSM331512,1,0.36908790469169617
66,1,GSM331513,1,0.6524970531463623
66,1,GSM331516,1,0.7826905250549316
66,1,GSM331517,1,0.2942602336406708
66,1,GSM331518,1,0.4257493317127228
66,1,GSM331519,1,0.5574800968170166
66,1,GSM331522,1,0.34436675906181335
66,1,GSM331523,1,0.7102157473564148
66,1,GSM331524,1,0.42810535430908203
66,1,GSM331527,1,0.45782551169395447
66,1,GSM331531,1,0.632296621799469
66,1,GSM331533,1,0.3237740993499756
66,1,GSM331538,1,0.2894250154495239
66,1,GSM331540,1,0.7059382796287537
66,1,GSM331541,1,0.6872414946556091
66,1,GSM331542,1,0.4996935725212097
66,1,GSM331543,1,0.6341766119003296
66,1,GSM331544,1,0.37453916668891907
66,1,GSM331545,1,0.783615231513977
66,1,GSM331548,1,0.486484169960022
66,1,GSM331550,1,0.4272770881652832
66,1,GSM331552,1,0.35800668597221375
66,1,GSM331554,1,0.4983024001121521
66,1,GSM331555,1,0.21256741881370544
66,1,GSM331556,1,0.6673193573951721
66,1,GSM331562,1,0.8584144711494446
66,1,GSM331564,1,0.4823779761791229
66,1,GSM331565,1,0.7215511202812195
66,1,GSM331567,1,0.35009637475013733
66,1,GSM331569,1,0.5169888138771057
66,1,GSM331571,1,0.6083223223686218
66,1,GSM331576,1,0.3494164049625397
66,1,GSM331577,1,0.4534839689731598
66,1,GSM331578,1,0.5519829988479614
66,1,GSM331582,1,0.7729012370109558
66,1,GSM331584,1,0.22915127873420715
66,1,GSM331586,1,0.18685151636600494
66,1,GSM331593,1,0.48395785689353943
66,1,GSM331595,1,0.42046284675598145
66,1,GSM331596,1,0.362781822681427
66,1,GSM331597,1,0.5110289454460144
66,1,GSM331598,1,0.5425760746002197
66,1,GSM331600,1,0.7515690922737122
66,1,GSM331601,1,0.35525691509246826
66,1,GSM331607,1,0.5430965423583984
66,1,GSM331611,1,0.7753906846046448
66,1,GSM331612,1,0.5893181562423706
66,1,GSM331613,1,0.6921126842498779
66,1,GSM331614,1,0.49086007475852966
66,1,GSM331615,1,0.6449666023254395
66,1,GSM331617,1,0.6754078269004822
66,1,GSM331619,1,0.5096738338470459
66,1,GSM331621,1,0.5683435797691345
66,1,GSM331623,1,0.44741278886795044
66,1,GSM331625,1,0.582535982131958
66,1,GSM331629,1,0.23413385450839996
66,1,GSM331630,1,0.47690457105636597
66,1,GSM331631,1,0.5237858891487122
66,1,GSM331632,1,0.5723023414611816
66,1,GSM331633,1,0.29557058215141296
66,1,GSM331636,1,0.3248065710067749
66,1,GSM331637,1,0.5564845204353333
66,1,GSM331639,1,0.39673277735710144
66,1,GSM331640,1,0.3404286205768585
66,1,GSM331641,1,0.6440458297729492
66,1,GSM331642,1,0.5703014731407166
66,1,GSM331643,1,0.7404651641845703
66,1,GSM331645,1,0.36369094252586365
66,1,GSM331647,1,0.6805449724197388
66,1,GSM331651,1,0.40883326530456543
66,1,GSM331656,1,0.2875395715236664
66,1,GSM331658,1,0.5005707740783691
66,2,GSM331638,0,0.2955891788005829
66,2,GSM331661,0,0.7082290649414062
66,2,GSM331662,0,0.378842830657959
66,2,GSM331664,0,0.21000076830387115
66,2,GSM331666,0,0.31568554043769836
66,2,GSM331669,0,0.8117391467094421
66,2,GSM331670,0,0.428989052772522
66,2,GSM331671,0,0.8143144249916077
66,2,GSM331672,0,0.665898859500885
66,2,GSM331675,0,0.3796948790550232
66,2,GSM331677,0,0.34183886647224426
66,2,GSM331678,0,0.16791892051696777
66,2,GSM331682,0,0.5388858914375305
66,2,GSM331688,0,0.49779343605041504
66,2,GSM331690,0,0.5361574292182922
66,2,GSM331692,0,0.42918097972869873
66,2,GSM331693,0,0.5425072908401489
66,2,GSM331695,0,0.3103039264678955
66,2,GSM331696,0,0.12679044902324677
66,2,GSM331697,0,0.507256031036377
66,2,GSM331700,0,0.25610804557800293
66,2,GSM331701,0,0.2813657820224762
66,2,GSM331703,0,0.3818831741809845
66,2,GSM331704,0,0.5380681753158569
66,2,GSM331706,0,0.6460179090499878
66,2,GSM331707,0,0.7877350449562073
66,2,GSM331710,0,0.1900860071182251
66,2,GSM331711,0,0.331967294216156
66,2,GSM331713,0,0.3089157044887543
66,2,GSM331718,0,0.6576938033103943
66,2,GSM331719,0,0.2128072828054428
66,2,GSM331725,0,0.5445365309715271
66,2,GSM331728,0,0.20285479724407196
66,2,GSM331729,0,0.12059114873409271
66,2,GSM331730,0,0.45145246386528015
66,2,GSM331732,0,0.5034850239753723
66,2,GSM331457,1,0.7964158058166504
66,2,GSM331459,1,0.8137904405593872
66,2,GSM331462,1,0.6127174496650696
66,2,GSM331463,1,0.5668627619743347
66,2,GSM331465,1,0.6423726081848145
66,2,GSM331466,1,0.8096914291381836
66,2,GSM331469,1,0.5968148112297058
66,2,GSM331470,1,0.23065872490406036
66,2,GSM331472,1,0.3666832447052002
66,2,GSM331473,1,0.4199909567832947
66,2,GSM331476,1,0.8517738580703735
66,2,GSM331479,1,0.558703601360321
66,2,GSM331480,1,0.34564343094825745
66,2,GSM331481,1,0.672477126121521
66,2,GSM331482,1,0.2412906438112259
66,2,GSM331483,1,0.7585636377334595
66,2,GSM331485,1,0.42737334966659546
66,2,GSM331487,1,0.6863431334495544
66,2,GSM331489,1,0.5535411834716797
66,2,GSM331490,1,0.5104369521141052
66,2,GSM331492,1,0.5561988949775696
66,2,GSM331493,1,0.5981171131134033
66,2,GSM331497,1,0.5494459867477417
66,2,GSM331498,1,0.4676777124404907
66,2,GSM331499,1,0.2089320868253708
66,2,GSM331501,1,0.43596288561820984
66,2,GSM331509,1,0.22639508545398712
66,2,GSM331510,1,0.35615915060043335
66,2,GSM331514,1,0.6174548268318176
66,2,GSM331515,1,0.25804468989372253
66,2,GSM331520,1,0.4656417965888977
66,2,GSM331521,1,0.705328106880188
66,2,GSM331525,1,0.6405231356620789
66,2,GSM331526,1,0.7160546779632568
66,2,GSM331528,1,0.4797459840774536
66,2,GSM331529,1,0.3438296914100647
66,2,GSM331530,1,0.14778459072113037
66,2,GSM331532,1,0.40389662981033325
66,2,GSM331534,1,0.7561624050140381
66,2,GSM331535,1,0.5667760968208313
66,2,GSM331536,1,0.6427123546600342
66,2,GSM331537,1,0.7422947883605957
66,2,GSM331539,1,0.4232104420661926
66,2,GSM331546,1,0.7479461431503296
66,2,GSM331547,1,0.39440885186195374
66,2,GSM331549,1,0.7400342226028442
66,2,GSM331551,1,0.39699044823646545
66,2,GSM331553,1,0.5693550109863281
66,2,GSM331557,1,0.6397172808647156
66,2,GSM331558,1,0.3226862847805023
66,2,GSM331559,1,0.6939058303833008
66,2,GSM331560,1,0.36378929018974304
66,2,GSM331561,1,0.3922992944717407
66,2,GSM331563,1,0.591238260269165
66,2,GSM331566,1,0.6342170238494873
66,2,GSM331568,1,0.8480520844459534
66,2,GSM331570,1,0.609561562538147
66,2,GSM331572,1,0.4028348922729492
66,2,GSM331573,1,0.7105687260627747
66,2,GSM331574,1,0.2867918312549591
66,2,GSM331575,1,0.7893552184104919
66,2,GSM331579,1,0.4105299711227417
66,2,GSM331580,1,0.4003956913948059
66,2,GSM331581,1,0.4487566351890564
66,2,GSM331583,1,0.41216006875038147
66,2,GSM331585,1,0.6307393908500671
66,2,GSM331587,1,0.46347576379776
66,2,GSM331588,1,0.32165759801864624
66,2,GSM331589,1,0.4767608940601349
66,2,GSM331590,1,0.5956181287765503
66,2,GSM331591,1,0.6936168670654297
66,2,GSM331592,1,0.5363083481788635
66,2,GSM331594,1,0.5645416378974915
66,2,GSM331599,1,0.6309223175048828
66,2,GSM331602,1,0.5125977396965027
66,2,GSM331603,1,0.45218944549560547
66,2,GSM331604,1,0.5164529085159302
66,2,GSM331605,1,0.663582980632782
66,2,GSM331606,1,0.2790801227092743
66,2,GSM331608,1,0.41642695665359497
66,2,GSM331609,1,0.8617435097694397
66,2,GSM331610,1,0.6575460433959961
66,2,GSM331616,1,0.606056809425354
66,2,GSM331618,1,0.5338930487632751
66,2,GSM331620,1,0.5002403259277344
66,2,GSM331622,1,0.7506776452064514
66,2,GSM331624,1,0.44366884231567383
66,2,GSM331626,1,0.33181798458099365
66,2,GSM331627,1,0.4996761381626129
66,2,GSM331628,1,0.28272008895874023
66,2,GSM331634,1,0.3453443944454193
66,2,GSM331635,1,0.6722186803817749
66,2,GSM331644,1,0.5555304288864136
66,2,GSM331646,1,0.3369821310043335
66,2,GSM331648,1,0.5168497562408447
66,2,GSM331649,1,0.6540994644165039
66,2,GSM331650,1,0.5054765343666077
66,2,GSM331652,1,0.7705028057098389
66,2,GSM331653,1,0.41094911098480225
66,2,GSM331654,1,0.707412838935852
66,2,GSM331655,1,0.5346558094024658
66,2,GSM331657,1,0.9071075916290283
66,2,GSM331659,1,0.7882246971130371
67,1,GSM331638,0,0.4144308269023895
67,1,GSM331663,0,0.5825591087341309
67,1,GSM331664,0,0.28374409675598145
67,1,GSM331665,0,0.7113122344017029
67,1,GSM331666,0,0.29208895564079285
67,1,GSM331668,0,0.5114955306053162
67,1,GSM331669,0,0.8543446660041809
67,1,GSM331674,0,0.7580515146255493
67,1,GSM331675,0,0.13162539899349213
67,1,GSM331677,0,0.5423079133033752
67,1,GSM331678,0,0.2683955729007721
67,1,GSM331680,0,0.5086049437522888
67,1,GSM331683,0,0.7214431762695312
67,1,GSM331684,0,0.1797463595867157
67,1,GSM331685,0,0.2550874352455139
67,1,GSM331688,0,0.5866889953613281
67,1,GSM331689,0,0.49719226360321045
67,1,GSM331690,0,0.8548016548156738
67,1,GSM331693,0,0.3859384059906006
67,1,GSM331695,0,0.4445483982563019
67,1,GSM331696,0,0.5540017485618591
67,1,GSM331698,0,0.4759029448032379
67,1,GSM331699,0,0.7618955373764038
67,1,GSM331700,0,0.4295097887516022
67,1,GSM331702,0,0.5203564167022705
67,1,GSM331704,0,0.616552472114563
67,1,GSM331705,0,0.3622271716594696
67,1,GSM331710,0,0.23594050109386444
67,1,GSM331711,0,0.46890079975128174
67,1,GSM331714,0,0.7178585529327393
67,1,GSM331716,0,0.9280856847763062
67,1,GSM331720,0,0.4178239703178406
67,1,GSM331721,0,0.848482072353363
67,1,GSM331727,0,0.2889738976955414
67,1,GSM331729,0,0.17549267411231995
67,1,GSM331730,0,0.4320330023765564
67,1,GSM331731,0,0.7812137603759766
67,1,GSM331456,1,0.5083200335502625
67,1,GSM331457,1,0.6120929718017578
67,1,GSM331458,1,0.504291296005249
67,1,GSM331462,1,0.7115224599838257
67,1,GSM331463,1,0.3582346439361572
67,1,GSM331464,1,0.33369481563568115
67,1,GSM331465,1,0.4873579740524292
67,1,GSM331467,1,0.18319004774093628
67,1,GSM331468,1,0.6020017862319946
67,1,GSM331469,1,0.5480324625968933
67,1,GSM331470,1,0.733207643032074
67,1,GSM331471,1,0.8010016083717346
67,1,GSM331472,1,0.5788477063179016
67,1,GSM331474,1,0.3650956451892853
67,1,GSM331476,1,0.513794481754303
67,1,GSM331480,1,0.7446997165679932
67,1,GSM331481,1,0.7007776498794556
67,1,GSM331485,1,0.7772649526596069
67,1,GSM331487,1,0.8782382011413574
67,1,GSM331488,1,0.5805194973945618
67,1,GSM331489,1,0.6262949109077454
67,1,GSM331490,1,0.33524560928344727
67,1,GSM331493,1,0.1515524685382843
67,1,GSM331494,1,0.828045666217804
67,1,GSM331497,1,0.5735405683517456
67,1,GSM331498,1,0.5363048911094666
67,1,GSM331499,1,0.3140905201435089
67,1,GSM331500,1,0.5553567409515381
67,1,GSM331501,1,0.5224639773368835
67,1,GSM331503,1,0.3834431767463684
67,1,GSM331504,1,0.6158559322357178
67,1,GSM331506,1,0.45994603633880615
67,1,GSM331509,1,0.34249797463417053
67,1,GSM331511,1,0.5332733988761902
67,1,GSM331512,1,0.5132302641868591
67,1,GSM331514,1,0.3022329807281494
67,1,GSM331515,1,0.17176103591918945
67,1,GSM331516,1,0.5479390621185303
67,1,GSM331518,1,0.5784696936607361
67,1,GSM331519,1,0.5515715479850769
67,1,GSM331520,1,0.6798655390739441
67,1,GSM331523,1,0.6796200275421143
67,1,GSM331524,1,0.6118064522743225
67,1,GSM331526,1,0.7238581776618958
67,1,GSM331529,1,0.20148591697216034
67,1,GSM331532,1,0.48674070835113525
67,1,GSM331533,1,0.6975100636482239
67,1,GSM331534,1,0.4679833948612213
67,1,GSM331536,1,0.5866906046867371
67,1,GSM331541,1,0.6984688639640808
67,1,GSM331542,1,0.32648947834968567
67,1,GSM331543,1,0.6285523176193237
67,1,GSM331544,1,0.4923419654369354
67,1,GSM331548,1,0.6711568832397461
67,1,GSM331549,1,0.6273977160453796
67,1,GSM331550,1,0.39528191089630127
67,1,GSM331552,1,0.33295342326164246
67,1,GSM331554,1,0.3943576216697693
67,1,GSM331556,1,0.6661430597305298
67,1,GSM331559,1,0.6351616382598877
67,1,GSM331563,1,0.7950592637062073
67,1,GSM331567,1,0.35715189576148987
67,1,GSM331568,1,0.8732100129127502
67,1,GSM331569,1,0.7116919755935669
67,1,GSM331572,1,0.33239981532096863
67,1,GSM331574,1,0.4024907946586609
67,1,GSM331575,1,0.7555853724479675
67,1,GSM331580,1,0.2869730293750763
67,1,GSM331582,1,0.5807815194129944
67,1,GSM331590,1,0.5906282663345337
67,1,GSM331591,1,0.8443174362182617
67,1,GSM331592,1,0.5789602398872375
67,1,GSM331594,1,0.3757270276546478
67,1,GSM331595,1,0.8083548545837402
67,1,GSM331598,1,0.46768271923065186
67,1,GSM331599,1,0.8552813529968262
67,1,GSM331601,1,0.2502734959125519
67,1,GSM331603,1,0.5733203887939453
67,1,GSM331607,1,0.8842414021492004
67,1,GSM331609,1,0.47760170698165894
67,1,GSM331611,1,0.5563516020774841
67,1,GSM331614,1,0.5876651406288147
67,1,GSM331616,1,0.5471912622451782
67,1,GSM331617,1,0.5910805463790894
67,1,GSM331618,1,0.601641833782196
67,1,GSM331621,1,0.5055203437805176
67,1,GSM331622,1,0.5793011784553528
67,1,GSM331624,1,0.6422905921936035
67,1,GSM331625,1,0.6826987862586975
67,1,GSM331628,1,0.3903927206993103
67,1,GSM331629,1,0.14717520773410797
67,1,GSM331630,1,0.5335244536399841
67,1,GSM331636,1,0.4284652769565582
67,1,GSM331637,1,0.35335439443588257
67,1,GSM331640,1,0.32573914527893066
67,1,GSM331641,1,0.54733806848526
67,1,GSM331646,1,0.39801469445228577
67,1,GSM331647,1,0.5845538973808289
67,1,GSM331652,1,0.5757099986076355
67,1,GSM331653,1,0.6702219247817993
67,1,GSM331654,1,0.6786103248596191
67,1,GSM331655,1,0.4448421895503998
67,1,GSM331657,1,0.6949017643928528
67,2,GSM331660,0,0.2787439227104187
67,2,GSM331661,0,0.7035354375839233
67,2,GSM331662,0,0.3511909246444702
67,2,GSM331670,0,0.6180281043052673
67,2,GSM331671,0,0.7230623960494995
67,2,GSM331672,0,0.6213810443878174
67,2,GSM331673,0,0.4407792389392853
67,2,GSM331676,0,0.6650761961936951
67,2,GSM331679,0,0.4856188893318176
67,2,GSM331681,0,0.6434186697006226
67,2,GSM331682,0,0.6148884892463684
67,2,GSM331686,0,0.7467536926269531
67,2,GSM331687,0,0.41160276532173157
67,2,GSM331691,0,0.40186426043510437
67,2,GSM331692,0,0.21902254223823547
67,2,GSM331694,0,0.3815233111381531
67,2,GSM331697,0,0.5145179629325867
67,2,GSM331701,0,0.3509455919265747
67,2,GSM331703,0,0.6086951494216919
67,2,GSM331706,0,0.7900618314743042
67,2,GSM331707,0,0.7684541344642639
67,2,GSM331708,0,0.8163878321647644
67,2,GSM331709,0,0.27142971754074097
67,2,GSM331712,0,0.5446182489395142
67,2,GSM331713,0,0.40754935145378113
67,2,GSM331715,0,0.5078602433204651
67,2,GSM331717,0,0.7205502390861511
67,2,GSM331718,0,0.7282617688179016
67,2,GSM331719,0,0.21719318628311157
67,2,GSM331722,0,0.3385058641433716
67,2,GSM331723,0,0.8451460599899292
67,2,GSM331724,0,0.47840479016304016
67,2,GSM331725,0,0.7136267423629761
67,2,GSM331726,0,0.24014537036418915
67,2,GSM331728,0,0.2803412079811096
67,2,GSM331732,0,0.8513213992118835
67,2,GSM331453,1,0.463497519493103
67,2,GSM331454,1,0.6430506110191345
67,2,GSM331455,1,0.4272196888923645
67,2,GSM331459,1,0.811589777469635
67,2,GSM331460,1,0.6200899481773376
67,2,GSM331461,1,0.3144169747829437
67,2,GSM331466,1,0.6011644005775452
67,2,GSM331473,1,0.2532127797603607
67,2,GSM331475,1,0.22593693435192108
67,2,GSM331477,1,0.4814062714576721
67,2,GSM331478,1,0.5202894806861877
67,2,GSM331479,1,0.47466808557510376
67,2,GSM331482,1,0.3073914051055908
67,2,GSM331483,1,0.5872566103935242
67,2,GSM331484,1,0.1761353611946106
67,2,GSM331486,1,0.5814917087554932
67,2,GSM331491,1,0.7675148248672485
67,2,GSM331492,1,0.6169695854187012
67,2,GSM331495,1,0.5501825213432312
67,2,GSM331496,1,0.3949953317642212
67,2,GSM331502,1,0.7956068515777588
67,2,GSM331505,1,0.7693610191345215
67,2,GSM331507,1,0.2729427218437195
67,2,GSM331508,1,0.696891188621521
67,2,GSM331510,1,0.45349937677383423
67,2,GSM331513,1,0.7933363914489746
67,2,GSM331517,1,0.4623558819293976
67,2,GSM331521,1,0.5204529166221619
67,2,GSM331522,1,0.3727888762950897
67,2,GSM331525,1,0.2562081515789032
67,2,GSM331527,1,0.6209434866905212
67,2,GSM331528,1,0.5728691816329956
67,2,GSM331530,1,0.32158035039901733
67,2,GSM331531,1,0.5022611021995544
67,2,GSM331535,1,0.5769779682159424
67,2,GSM331537,1,0.6447941660881042
67,2,GSM331538,1,0.3190697431564331
67,2,GSM331539,1,0.5274954438209534
67,2,GSM331540,1,0.6434839963912964
67,2,GSM331545,1,0.6644236445426941
67,2,GSM331546,1,0.7074813842773438
67,2,GSM331547,1,0.34421929717063904
67,2,GSM331551,1,0.31609153747558594
67,2,GSM331553,1,0.786470353603363
67,2,GSM331555,1,0.2927563488483429
67,2,GSM331557,1,0.6126315593719482
67,2,GSM331558,1,0.22075657546520233
67,2,GSM331560,1,0.540406346321106
67,2,GSM331561,1,0.6573652625083923
67,2,GSM331562,1,0.3152105212211609
67,2,GSM331564,1,0.4317333400249481
67,2,GSM331565,1,0.8187161087989807
67,2,GSM331566,1,0.8025527596473694
67,2,GSM331570,1,0.4427545368671417
67,2,GSM331571,1,0.7148691415786743
67,2,GSM331573,1,0.7896735668182373
67,2,GSM331576,1,0.5938220024108887
67,2,GSM331577,1,0.46462544798851013
67,2,GSM331578,1,0.7353991270065308
67,2,GSM331579,1,0.4883410334587097
67,2,GSM331581,1,0.28739309310913086
67,2,GSM331583,1,0.5470128655433655
67,2,GSM331584,1,0.32256609201431274
67,2,GSM331585,1,0.4238031208515167
67,2,GSM331586,1,0.42996373772621155
67,2,GSM331587,1,0.5054140090942383
67,2,GSM331588,1,0.4149188995361328
67,2,GSM331589,1,0.43497708439826965
67,2,GSM331593,1,0.3344934284687042
67,2,GSM331596,1,0.48169419169425964
67,2,GSM331597,1,0.48762619495391846
67,2,GSM331600,1,0.8193675875663757
67,2,GSM331602,1,0.6881104111671448
67,2,GSM331604,1,0.545494019985199
67,2,GSM331605,1,0.6390849947929382
67,2,GSM331606,1,0.25175830721855164
67,2,GSM331608,1,0.17802362143993378
67,2,GSM331610,1,0.8389619588851929
67,2,GSM331612,1,0.7265260219573975
67,2,GSM331613,1,0.5313585996627808
67,2,GSM331615,1,0.4630986154079437
67,2,GSM331619,1,0.39972344040870667
67,2,GSM331620,1,0.5222248435020447
67,2,GSM331623,1,0.17764104902744293
67,2,GSM331626,1,0.3529081642627716
67,2,GSM331627,1,0.5053052306175232
67,2,GSM331631,1,0.4252666234970093
67,2,GSM331632,1,0.4054355025291443
67,2,GSM331633,1,0.32193756103515625
67,2,GSM331634,1,0.43755462765693665
67,2,GSM331635,1,0.40850818157196045
67,2,GSM331639,1,0.42800265550613403
67,2,GSM331642,1,0.38927966356277466
67,2,GSM331643,1,0.7282128930091858
67,2,GSM331644,1,0.4174329936504364
67,2,GSM331645,1,0.27614107728004456
67,2,GSM331648,1,0.6100322008132935
67,2,GSM331649,1,0.5794034600257874
67,2,GSM331650,1,0.47941434383392334
67,2,GSM331651,1,0.319860577583313
67,2,GSM331656,1,0.3389652371406555
67,2,GSM331658,1,0.7602407932281494
67,2,GSM331659,1,0.7897548675537109
68,1,GSM331638,0,0.4273184835910797
68,1,GSM331660,0,0.42020291090011597
68,1,GSM331661,0,0.6123114824295044
68,1,GSM331662,0,0.8239580392837524
68,1,GSM331663,0,0.3694703280925751
68,1,GSM331668,0,0.7826421856880188
68,1,GSM331669,0,0.9007079005241394
68,1,GSM331670,0,0.39842116832733154
68,1,GSM331671,0,0.7425192594528198
68,1,GSM331672,0,0.6185981631278992
68,1,GSM331674,0,0.7346789240837097
68,1,GSM331675,0,0.08159412443637848
68,1,GSM331680,0,0.5952786207199097
68,1,GSM331688,0,0.7704039216041565
68,1,GSM331689,0,0.4531344473361969
68,1,GSM331690,0,0.6897885203361511
68,1,GSM331691,0,0.5914475917816162
68,1,GSM331692,0,0.2337745577096939
68,1,GSM331694,0,0.36894115805625916
68,1,GSM331696,0,0.6068934202194214
68,1,GSM331699,0,0.781120240688324
68,1,GSM331704,0,0.4382280707359314
68,1,GSM331705,0,0.4417836666107178
68,1,GSM331706,0,0.5532895922660828
68,1,GSM331708,0,0.8518829941749573
68,1,GSM331709,0,0.3279781937599182
68,1,GSM331711,0,0.8527567982673645
68,1,GSM331714,0,0.8965977430343628
68,1,GSM331716,0,0.8679277896881104
68,1,GSM331717,0,0.5857951045036316
68,1,GSM331719,0,0.10823415219783783
68,1,GSM331721,0,0.798454225063324
68,1,GSM331724,0,0.21991804242134094
68,1,GSM331727,0,0.5956078767776489
68,1,GSM331729,0,0.23776990175247192
68,1,GSM331730,0,0.47862568497657776
68,1,GSM331731,0,0.8706027865409851
68,1,GSM331453,1,0.2554367482662201
68,1,GSM331454,1,0.40408089756965637
68,1,GSM331457,1,0.6570681929588318
68,1,GSM331458,1,0.6483389139175415
68,1,GSM331459,1,0.7252140641212463
68,1,GSM331460,1,0.7128433585166931
68,1,GSM331464,1,0.47823983430862427
68,1,GSM331466,1,0.8145516514778137
68,1,GSM331469,1,0.6574792861938477
68,1,GSM331473,1,0.5564135909080505
68,1,GSM331474,1,0.4090372622013092
68,1,GSM331475,1,0.46946966648101807
68,1,GSM331477,1,0.5143139362335205
68,1,GSM331478,1,0.42547503113746643
68,1,GSM331480,1,0.6707869172096252
68,1,GSM331483,1,0.7486388683319092
68,1,GSM331486,1,0.6445971727371216
68,1,GSM331488,1,0.6507077217102051
68,1,GSM331495,1,0.5877599716186523
68,1,GSM331496,1,0.24467308819293976
68,1,GSM331497,1,0.559217631816864
68,1,GSM331498,1,0.39982232451438904
68,1,GSM331499,1,0.32321897149086
68,1,GSM331504,1,0.40544137358665466
68,1,GSM331505,1,0.850665271282196
68,1,GSM331506,1,0.6088886857032776
68,1,GSM331507,1,0.43890276551246643
68,1,GSM331508,1,0.7028581500053406
68,1,GSM331509,1,0.38642412424087524
68,1,GSM331510,1,0.6310785412788391
68,1,GSM331513,1,0.753753662109375
68,1,GSM331514,1,0.26598942279815674
68,1,GSM331515,1,0.3471715450286865
68,1,GSM331516,1,0.734361469745636
68,1,GSM331518,1,0.6360800266265869
68,1,GSM331519,1,0.44193899631500244
68,1,GSM331521,1,0.3600403666496277
68,1,GSM331523,1,0.7817211747169495
68,1,GSM331524,1,0.612064778804779
68,1,GSM331525,1,0.44845062494277954
68,1,GSM331527,1,0.37434712052345276
68,1,GSM331531,1,0.3727738559246063
68,1,GSM331532,1,0.4860555827617645
68,1,GSM331535,1,0.2755621671676636
68,1,GSM331536,1,0.42402613162994385
68,1,GSM331537,1,0.6899847984313965
68,1,GSM331541,1,0.674312174320221
68,1,GSM331544,1,0.295192152261734
68,1,GSM331545,1,0.5742161870002747
68,1,GSM331548,1,0.7777451276779175
68,1,GSM331549,1,0.8698059916496277
68,1,GSM331550,1,0.5529972910881042
68,1,GSM331552,1,0.2002047896385193
68,1,GSM331554,1,0.7304258942604065
68,1,GSM331557,1,0.5668803453445435
68,1,GSM331561,1,0.7421455979347229
68,1,GSM331563,1,0.7475306987762451
68,1,GSM331565,1,0.6294580101966858
68,1,GSM331567,1,0.518635094165802
68,1,GSM331568,1,0.8514055609703064
68,1,GSM331570,1,0.4006683826446533
68,1,GSM331572,1,0.49478498101234436
68,1,GSM331573,1,0.7154290080070496
68,1,GSM331576,1,0.4995000660419464
68,1,GSM331578,1,0.7609975337982178
68,1,GSM331579,1,0.1908578872680664
68,1,GSM331580,1,0.6486326456069946
68,1,GSM331581,1,0.3166083097457886
68,1,GSM331586,1,0.3251780569553375
68,1,GSM331587,1,0.836575984954834
68,1,GSM331588,1,0.6840366125106812
68,1,GSM331594,1,0.6097767353057861
68,1,GSM331595,1,0.6137622594833374
68,1,GSM331596,1,0.6001523733139038
68,1,GSM331598,1,0.29354968667030334
68,1,GSM331599,1,0.8990458846092224
68,1,GSM331600,1,0.8591270446777344
68,1,GSM331605,1,0.7426761984825134
68,1,GSM331606,1,0.16972455382347107
68,1,GSM331608,1,0.2033117413520813
68,1,GSM331611,1,0.8770175576210022
68,1,GSM331612,1,0.7136286497116089
68,1,GSM331613,1,0.5650020837783813
68,1,GSM331614,1,0.35075923800468445
68,1,GSM331616,1,0.6093857884407043
68,1,GSM331617,1,0.7554322481155396
68,1,GSM331618,1,0.5888302326202393
68,1,GSM331619,1,0.4471898078918457
68,1,GSM331620,1,0.523404061794281
68,1,GSM331624,1,0.7675408720970154
68,1,GSM331626,1,0.16725096106529236
68,1,GSM331632,1,0.4353904128074646
68,1,GSM331633,1,0.3382590115070343
68,1,GSM331637,1,0.4708364009857178
68,1,GSM331639,1,0.5755135416984558
68,1,GSM331642,1,0.5996503233909607
68,1,GSM331643,1,0.9052157402038574
68,1,GSM331646,1,0.5173825025558472
68,1,GSM331648,1,0.2451166957616806
68,1,GSM331651,1,0.38617637753486633
68,1,GSM331654,1,0.7906365394592285
68,1,GSM331656,1,0.25487378239631653
68,1,GSM331657,1,0.7965752482414246
68,2,GSM331664,0,0.31996285915374756
68,2,GSM331665,0,0.5933548212051392
68,2,GSM331666,0,0.22933408617973328
68,2,GSM331673,0,0.19410546123981476
68,2,GSM331676,0,0.753627359867096
68,2,GSM331677,0,0.49944594502449036
68,2,GSM331678,0,0.21762946248054504
68,2,GSM331679,0,0.35110336542129517
68,2,GSM331681,0,0.24584639072418213
68,2,GSM331682,0,0.4337120056152344
68,2,GSM331683,0,0.7780395746231079
68,2,GSM331684,0,0.16132836043834686
68,2,GSM331685,0,0.4069250822067261
68,2,GSM331686,0,0.6553236842155457
68,2,GSM331687,0,0.6183866262435913
68,2,GSM331693,0,0.43187692761421204
68,2,GSM331695,0,0.7349448800086975
68,2,GSM331697,0,0.6267427206039429
68,2,GSM331698,0,0.18763594329357147
68,2,GSM331700,0,0.3933842182159424
68,2,GSM331701,0,0.18800048530101776
68,2,GSM331702,0,0.4099765121936798
68,2,GSM331703,0,0.7819938063621521
68,2,GSM331707,0,0.7475791573524475
68,2,GSM331710,0,0.07939094305038452
68,2,GSM331712,0,0.2767282724380493
68,2,GSM331713,0,0.20773465931415558
68,2,GSM331715,0,0.33233436942100525
68,2,GSM331718,0,0.6862843632698059
68,2,GSM331720,0,0.2511391341686249
68,2,GSM331722,0,0.2870118319988251
68,2,GSM331723,0,0.7656731009483337
68,2,GSM331725,0,0.4589701294898987
68,2,GSM331726,0,0.4129585921764374
68,2,GSM331728,0,0.2957870066165924
68,2,GSM331732,0,0.5772631168365479
68,2,GSM331455,1,0.2861146032810211
68,2,GSM331456,1,0.5987021923065186
68,2,GSM331461,1,0.2681638300418854
68,2,GSM331462,1,0.4617297351360321
68,2,GSM331463,1,0.579850435256958
68,2,GSM331465,1,0.4808911979198456
68,2,GSM331467,1,0.3115380108356476
68,2,GSM331468,1,0.5351846814155579
68,2,GSM331470,1,0.6085061430931091
68,2,GSM331471,1,0.7851346135139465
68,2,GSM331472,1,0.18797241151332855
68,2,GSM331476,1,0.6163091659545898
68,2,GSM331479,1,0.297058641910553
68,2,GSM331481,1,0.7423579692840576
68,2,GSM331482,1,0.1326373666524887
68,2,GSM331484,1,0.2906024754047394
68,2,GSM331485,1,0.5977154970169067
68,2,GSM331487,1,0.7925072908401489
68,2,GSM331489,1,0.288135290145874
68,2,GSM331490,1,0.19872364401817322
68,2,GSM331491,1,0.33533018827438354
68,2,GSM331492,1,0.5354898571968079
68,2,GSM331493,1,0.38357096910476685
68,2,GSM331494,1,0.872621476650238
68,2,GSM331500,1,0.3902544379234314
68,2,GSM331501,1,0.33224743604660034
68,2,GSM331502,1,0.767149031162262
68,2,GSM331503,1,0.1890154331922531
68,2,GSM331511,1,0.8345703482627869
68,2,GSM331512,1,0.4334184229373932
68,2,GSM331517,1,0.34699442982673645
68,2,GSM331520,1,0.44250479340553284
68,2,GSM331522,1,0.14719010889530182
68,2,GSM331526,1,0.6791583895683289
68,2,GSM331528,1,0.7126849889755249
68,2,GSM331529,1,0.3636602461338043
68,2,GSM331530,1,0.5229998826980591
68,2,GSM331533,1,0.5398156642913818
68,2,GSM331534,1,0.6543945670127869
68,2,GSM331538,1,0.2523729205131531
68,2,GSM331539,1,0.4723559021949768
68,2,GSM331540,1,0.5982641577720642
68,2,GSM331542,1,0.45195886492729187
68,2,GSM331543,1,0.5576582551002502
68,2,GSM331546,1,0.5574547052383423
68,2,GSM331547,1,0.4699973165988922
68,2,GSM331551,1,0.4275650680065155
68,2,GSM331553,1,0.8566192984580994
68,2,GSM331555,1,0.2061404287815094
68,2,GSM331556,1,0.689737856388092
68,2,GSM331558,1,0.11812444031238556
68,2,GSM331559,1,0.85205078125
68,2,GSM331560,1,0.2498795986175537
68,2,GSM331562,1,0.6157073378562927
68,2,GSM331564,1,0.5122416615486145
68,2,GSM331566,1,0.7491492629051208
68,2,GSM331569,1,0.38890212774276733
68,2,GSM331571,1,0.6645224094390869
68,2,GSM331574,1,0.25458747148513794
68,2,GSM331575,1,0.6033006310462952
68,2,GSM331577,1,0.44774261116981506
68,2,GSM331582,1,0.5486652255058289
68,2,GSM331583,1,0.39555060863494873
68,2,GSM331584,1,0.15182167291641235
68,2,GSM331585,1,0.36220553517341614
68,2,GSM331589,1,0.4306122660636902
68,2,GSM331590,1,0.604146420955658
68,2,GSM331591,1,0.8770453929901123
68,2,GSM331592,1,0.587833046913147
68,2,GSM331593,1,0.24474409222602844
68,2,GSM331597,1,0.43346619606018066
68,2,GSM331601,1,0.1410122960805893
68,2,GSM331602,1,0.49764779210090637
68,2,GSM331603,1,0.32531651854515076
68,2,GSM331604,1,0.304066926240921
68,2,GSM331607,1,0.8813439607620239
68,2,GSM331609,1,0.6616655588150024
68,2,GSM331610,1,0.6202715635299683
68,2,GSM331615,1,0.5720493793487549
68,2,GSM331621,1,0.3248108923435211
68,2,GSM331622,1,0.6412888169288635
68,2,GSM331623,1,0.34297654032707214
68,2,GSM331625,1,0.6435217261314392
68,2,GSM331627,1,0.4053941071033478
68,2,GSM331628,1,0.45708027482032776
68,2,GSM331629,1,0.10071451961994171
68,2,GSM331630,1,0.4381411671638489
68,2,GSM331631,1,0.2768305540084839
68,2,GSM331634,1,0.16610342264175415
68,2,GSM331635,1,0.4103945791721344
68,2,GSM331636,1,0.16704073548316956
68,2,GSM331640,1,0.23630808293819427
68,2,GSM331641,1,0.248167023062706
68,2,GSM331644,1,0.17375588417053223
68,2,GSM331645,1,0.24027851223945618
68,2,GSM331647,1,0.7363173961639404
68,2,GSM331649,1,0.8458878397941589
68,2,GSM331650,1,0.3227977752685547
68,2,GSM331652,1,0.8987165689468384
68,2,GSM331653,1,0.5852566957473755
68,2,GSM331655,1,0.192184180021286
68,2,GSM331658,1,0.620574414730072
68,2,GSM331659,1,0.7581296563148499
69,1,GSM331638,0,0.25666964054107666
69,1,GSM331660,0,0.10664265602827072
69,1,GSM331663,0,0.4576428532600403
69,1,GSM331665,0,0.7848998308181763
69,1,GSM331668,0,0.4812396764755249
69,1,GSM331669,0,0.9449191093444824
69,1,GSM331670,0,0.5868999361991882
69,1,GSM331671,0,0.774505078792572
69,1,GSM331674,0,0.7089223265647888
69,1,GSM331675,0,0.23457588255405426
69,1,GSM331676,0,0.8279568552970886
69,1,GSM331678,0,0.11008595675230026
69,1,GSM331680,0,0.6062562465667725
69,1,GSM331681,0,0.6953943371772766
69,1,GSM331682,0,0.6346153020858765
69,1,GSM331683,0,0.7620753645896912
69,1,GSM331684,0,0.2302689105272293
69,1,GSM331685,0,0.31232789158821106
69,1,GSM331687,0,0.39911961555480957
69,1,GSM331688,0,0.547723114490509
69,1,GSM331691,0,0.47166645526885986
69,1,GSM331696,0,0.2598625421524048
69,1,GSM331699,0,0.5890597701072693
69,1,GSM331700,0,0.5889806151390076
69,1,GSM331705,0,0.3324497938156128
69,1,GSM331706,0,0.9352561235427856
69,1,GSM331709,0,0.13575991988182068
69,1,GSM331711,0,0.5215619206428528
69,1,GSM331716,0,0.9746579527854919
69,1,GSM331718,0,0.7704405188560486
69,1,GSM331721,0,0.6025927662849426
69,1,GSM331724,0,0.5783194899559021
69,1,GSM331726,0,0.2220335155725479
69,1,GSM331727,0,0.2513292133808136
69,1,GSM331728,0,0.08634944260120392
69,1,GSM331731,0,0.8327136039733887
69,1,GSM331732,0,0.8051936030387878
69,1,GSM331454,1,0.6579082012176514
69,1,GSM331457,1,0.7260919213294983
69,1,GSM331461,1,0.2105390578508377
69,1,GSM331463,1,0.35874226689338684
69,1,GSM331465,1,0.4792551100254059
69,1,GSM331467,1,0.4188464283943176
69,1,GSM331468,1,0.3926779627799988
69,1,GSM331470,1,0.5110449194908142
69,1,GSM331471,1,0.743960976600647
69,1,GSM331473,1,0.25271517038345337
69,1,GSM331476,1,0.3788136839866638
69,1,GSM331478,1,0.6072193384170532
69,1,GSM331480,1,0.3742341995239258
69,1,GSM331481,1,0.7928345799446106
69,1,GSM331483,1,0.37605616450309753
69,1,GSM331487,1,0.867110013961792
69,1,GSM331491,1,0.5950373411178589
69,1,GSM331494,1,0.8559997081756592
69,1,GSM331495,1,0.4323287606239319
69,1,GSM331496,1,0.2518959045410156
69,1,GSM331497,1,0.5324146747589111
69,1,GSM331500,1,0.4398394525051117
69,1,GSM331502,1,0.8226414918899536
69,1,GSM331504,1,0.610402524471283
69,1,GSM331507,1,0.2356681227684021
69,1,GSM331508,1,0.6980787515640259
69,1,GSM331510,1,0.2888031601905823
69,1,GSM331513,1,0.8720934987068176
69,1,GSM331516,1,0.6796924471855164
69,1,GSM331518,1,0.37968599796295166
69,1,GSM331519,1,0.5566526055335999
69,1,GSM331524,1,0.38875192403793335
69,1,GSM331525,1,0.524051308631897
69,1,GSM331526,1,0.7695168852806091
69,1,GSM331529,1,0.2458784431219101
69,1,GSM331530,1,0.3103524148464203
69,1,GSM331531,1,0.3717271685600281
69,1,GSM331533,1,0.4598143696784973
69,1,GSM331534,1,0.8653199672698975
69,1,GSM331537,1,0.7602413296699524
69,1,GSM331539,1,0.426242858171463
69,1,GSM331542,1,0.5696940422058105
69,1,GSM331544,1,0.40188390016555786
69,1,GSM331546,1,0.7858116030693054
69,1,GSM331547,1,0.5160532593727112
69,1,GSM331548,1,0.4735172986984253
69,1,GSM331550,1,0.306854248046875
69,1,GSM331551,1,0.4861961007118225
69,1,GSM331552,1,0.3634885549545288
69,1,GSM331554,1,0.34484347701072693
69,1,GSM331555,1,0.1277686506509781
69,1,GSM331556,1,0.5002873539924622
69,1,GSM331557,1,0.7780591249465942
69,1,GSM331561,1,0.3487071990966797
69,1,GSM331562,1,0.5822094082832336
69,1,GSM331563,1,0.548051655292511
69,1,GSM331564,1,0.3699782192707062
69,1,GSM331565,1,0.8781694173812866
69,1,GSM331568,1,0.8293880224227905
69,1,GSM331571,1,0.4250936508178711
69,1,GSM331574,1,0.5792496204376221
69,1,GSM331575,1,0.8953080773353577
69,1,GSM331576,1,0.33374494314193726
69,1,GSM331582,1,0.31449446082115173
69,1,GSM331583,1,0.2047174721956253
69,1,GSM331584,1,0.09692563116550446
69,1,GSM331586,1,0.3163168430328369
69,1,GSM331588,1,0.5424647927284241
69,1,GSM331590,1,0.4774247109889984
69,1,GSM331591,1,0.8958945870399475
69,1,GSM331592,1,0.5174131989479065
69,1,GSM331593,1,0.09894539415836334
69,1,GSM331597,1,0.6678891777992249
69,1,GSM331598,1,0.6168580651283264
69,1,GSM331602,1,0.5916121602058411
69,1,GSM331603,1,0.16794544458389282
69,1,GSM331604,1,0.3585841953754425
69,1,GSM331607,1,0.8941706418991089
69,1,GSM331609,1,0.7304317355155945
69,1,GSM331611,1,0.6674802899360657
69,1,GSM331614,1,0.41753774881362915
69,1,GSM331615,1,0.5852205753326416
69,1,GSM331619,1,0.4962945580482483
69,1,GSM331622,1,0.8980633020401001
69,1,GSM331623,1,0.19803699851036072
69,1,GSM331625,1,0.7072908878326416
69,1,GSM331627,1,0.44263631105422974
69,1,GSM331628,1,0.32630977034568787
69,1,GSM331630,1,0.2511090636253357
69,1,GSM331632,1,0.4641685485839844
69,1,GSM331634,1,0.3197614848613739
69,1,GSM331635,1,0.507684588432312
69,1,GSM331637,1,0.550204336643219
69,1,GSM331640,1,0.15764835476875305
69,1,GSM331641,1,0.6868086457252502
69,1,GSM331642,1,0.4595204293727875
69,1,GSM331643,1,0.6498286128044128
69,1,GSM331647,1,0.5764142870903015
69,1,GSM331648,1,0.5087494850158691
69,1,GSM331649,1,0.5950052738189697
69,1,GSM331653,1,0.6040772199630737
69,1,GSM331655,1,0.48126286268234253
69,1,GSM331656,1,0.24018645286560059
69,2,GSM331661,0,0.7450827360153198
69,2,GSM331662,0,0.48172953724861145
69,2,GSM331664,0,0.09219815582036972
69,2,GSM331666,0,0.2531192898750305
69,2,GSM331672,0,0.8126037120819092
69,2,GSM331673,0,0.436555415391922
69,2,GSM331677,0,0.3910021185874939
69,2,GSM331679,0,0.33632659912109375
69,2,GSM331686,0,0.8151065111160278
69,2,GSM331689,0,0.22478578984737396
69,2,GSM331690,0,0.8878406882286072
69,2,GSM331692,0,0.26751798391342163
69,2,GSM331693,0,0.5191924571990967
69,2,GSM331694,0,0.24700579047203064
69,2,GSM331695,0,0.4438101351261139
69,2,GSM331697,0,0.3141007125377655
69,2,GSM331698,0,0.4650086760520935
69,2,GSM331701,0,0.2379523664712906
69,2,GSM331702,0,0.72072833776474
69,2,GSM331703,0,0.6363047361373901
69,2,GSM331704,0,0.6504837870597839
69,2,GSM331707,0,0.6981972455978394
69,2,GSM331708,0,0.6435190439224243
69,2,GSM331710,0,0.13265475630760193
69,2,GSM331712,0,0.3128279447555542
69,2,GSM331713,0,0.323373407125473
69,2,GSM331714,0,0.6987691521644592
69,2,GSM331715,0,0.36094820499420166
69,2,GSM331717,0,0.7418739795684814
69,2,GSM331719,0,0.2256251573562622
69,2,GSM331720,0,0.526772141456604
69,2,GSM331722,0,0.3503984212875366
69,2,GSM331723,0,0.7295869588851929
69,2,GSM331725,0,0.5487986207008362
69,2,GSM331729,0,0.06830152124166489
69,2,GSM331730,0,0.45618459582328796
69,2,GSM331453,1,0.48345625400543213
69,2,GSM331455,1,0.46215710043907166
69,2,GSM331456,1,0.7080237865447998
69,2,GSM331458,1,0.46567654609680176
69,2,GSM331459,1,0.9042445421218872
69,2,GSM331460,1,0.5595046281814575
69,2,GSM331462,1,0.8857022523880005
69,2,GSM331464,1,0.5444777011871338
69,2,GSM331466,1,0.6709806323051453
69,2,GSM331469,1,0.4998604357242584
69,2,GSM331472,1,0.49037840962409973
69,2,GSM331474,1,0.16876184940338135
69,2,GSM331475,1,0.32400140166282654
69,2,GSM331477,1,0.5139183402061462
69,2,GSM331479,1,0.23133809864521027
69,2,GSM331482,1,0.43180063366889954
69,2,GSM331484,1,0.2246684432029724
69,2,GSM331485,1,0.7659929990768433
69,2,GSM331486,1,0.5850683450698853
69,2,GSM331488,1,0.5328453779220581
69,2,GSM331489,1,0.6720067858695984
69,2,GSM331490,1,0.41525864601135254
69,2,GSM331492,1,0.43343034386634827
69,2,GSM331493,1,0.4264454245567322
69,2,GSM331498,1,0.5777953863143921
69,2,GSM331499,1,0.13946767151355743
69,2,GSM331501,1,0.4120430052280426
69,2,GSM331503,1,0.4426930248737335
69,2,GSM331505,1,0.5476421117782593
69,2,GSM331506,1,0.5056294202804565
69,2,GSM331509,1,0.16044199466705322
69,2,GSM331511,1,0.8351826071739197
69,2,GSM331512,1,0.3276127576828003
69,2,GSM331514,1,0.6201803088188171
69,2,GSM331515,1,0.19724807143211365
69,2,GSM331517,1,0.2731689512729645
69,2,GSM331520,1,0.666146457195282
69,2,GSM331521,1,0.4280385673046112
69,2,GSM331522,1,0.20292392373085022
69,2,GSM331523,1,0.7865771651268005
69,2,GSM331527,1,0.557934582233429
69,2,GSM331528,1,0.46311619877815247
69,2,GSM331532,1,0.25266191363334656
69,2,GSM331535,1,0.5677729845046997
69,2,GSM331536,1,0.46301931142807007
69,2,GSM331538,1,0.2681906223297119
69,2,GSM331540,1,0.6188036799430847
69,2,GSM331541,1,0.8505011796951294
69,2,GSM331543,1,0.74580979347229
69,2,GSM331545,1,0.83832848072052
69,2,GSM331549,1,0.7656672596931458
69,2,GSM331553,1,0.8285271525382996
69,2,GSM331558,1,0.3336152136325836
69,2,GSM331559,1,0.8652652502059937
69,2,GSM331560,1,0.5263949632644653
69,2,GSM331566,1,0.7465206980705261
69,2,GSM331567,1,0.43205416202545166
69,2,GSM331569,1,0.5890528559684753
69,2,GSM331570,1,0.4619613289833069
69,2,GSM331572,1,0.5104297399520874
69,2,GSM331573,1,0.6318580508232117
69,2,GSM331577,1,0.5535920262336731
69,2,GSM331578,1,0.8704081177711487
69,2,GSM331579,1,0.37607890367507935
69,2,GSM331580,1,0.4096633493900299
69,2,GSM331581,1,0.3051080107688904
69,2,GSM331585,1,0.8048229813575745
69,2,GSM331587,1,0.6192901134490967
69,2,GSM331589,1,0.2814653515815735
69,2,GSM331594,1,0.3491327166557312
69,2,GSM331595,1,0.7923601269721985
69,2,GSM331596,1,0.21721220016479492
69,2,GSM331599,1,0.8886623382568359
69,2,GSM331600,1,0.8117538094520569
69,2,GSM331601,1,0.15148720145225525
69,2,GSM331605,1,0.6025036573410034
69,2,GSM331606,1,0.41252294182777405
69,2,GSM331608,1,0.11675170063972473
69,2,GSM331610,1,0.8518591523170471
69,2,GSM331612,1,0.6211395263671875
69,2,GSM331613,1,0.23872795701026917
69,2,GSM331616,1,0.6287341713905334
69,2,GSM331617,1,0.7825717329978943
69,2,GSM331618,1,0.7319886684417725
69,2,GSM331620,1,0.45271036028862
69,2,GSM331621,1,0.5339648723602295
69,2,GSM331624,1,0.36568400263786316
69,2,GSM331626,1,0.29737892746925354
69,2,GSM331629,1,0.09500571340322495
69,2,GSM331631,1,0.5159252882003784
69,2,GSM331633,1,0.27724066376686096
69,2,GSM331636,1,0.21240879595279694
69,2,GSM331639,1,0.3666575253009796
69,2,GSM331644,1,0.48737969994544983
69,2,GSM331645,1,0.22954951226711273
69,2,GSM331646,1,0.2656339704990387
69,2,GSM331650,1,0.6989638209342957
69,2,GSM331651,1,0.26441195607185364
69,2,GSM331652,1,0.6821744441986084
69,2,GSM331654,1,0.8877229690551758
69,2,GSM331657,1,0.8968645334243774
69,2,GSM331658,1,0.8016515374183655
69,2,GSM331659,1,0.8839056491851807
70,1,GSM331661,0,0.7195826172828674
70,1,GSM331662,0,0.7346699237823486
70,1,GSM331663,0,0.24656033515930176
70,1,GSM331664,0,0.12721337378025055
70,1,GSM331666,0,0.16602934896945953
70,1,GSM331668,0,0.7991170287132263
70,1,GSM331670,0,0.6359831690788269
70,1,GSM331671,0,0.5948253870010376
70,1,GSM331672,0,0.6431083679199219
70,1,GSM331673,0,0.2176191210746765
70,1,GSM331678,0,0.10345590859651566
70,1,GSM331680,0,0.745018482208252
70,1,GSM331684,0,0.15905824303627014
70,1,GSM331685,0,0.16813823580741882
70,1,GSM331686,0,0.7293835282325745
70,1,GSM331690,0,0.7594397664070129
70,1,GSM331694,0,0.5774176120758057
70,1,GSM331696,0,0.18629884719848633
70,1,GSM331697,0,0.1450694352388382
70,1,GSM331699,0,0.636807382106781
70,1,GSM331700,0,0.5149608254432678
70,1,GSM331709,0,0.12490266561508179
70,1,GSM331710,0,0.11164377629756927
70,1,GSM331714,0,0.8571422100067139
70,1,GSM331715,0,0.2270703762769699
70,1,GSM331716,0,0.9845654368400574
70,1,GSM331717,0,0.8521261811256409
70,1,GSM331719,0,0.09569705277681351
70,1,GSM331720,0,0.3770662546157837
70,1,GSM331722,0,0.4737033545970917
70,1,GSM331723,0,0.9174259305000305
70,1,GSM331724,0,0.13094250857830048
70,1,GSM331725,0,0.6038649678230286
70,1,GSM331726,0,0.08101975172758102
70,1,GSM331729,0,0.04406780004501343
70,1,GSM331730,0,0.33564943075180054
70,1,GSM331731,0,0.822220504283905
70,1,GSM331453,1,0.22895152866840363
70,1,GSM331455,1,0.4114478826522827
70,1,GSM331457,1,0.33878058195114136
70,1,GSM331458,1,0.36677148938179016
70,1,GSM331460,1,0.4397505819797516
70,1,GSM331463,1,0.15928798913955688
70,1,GSM331464,1,0.23177212476730347
70,1,GSM331468,1,0.2903198301792145
70,1,GSM331470,1,0.7353181838989258
70,1,GSM331472,1,0.2334526628255844
70,1,GSM331473,1,0.2825973331928253
70,1,GSM331474,1,0.2558484375476837
70,1,GSM331475,1,0.34950196743011475
70,1,GSM331477,1,0.4434312880039215
70,1,GSM331480,1,0.485870897769928
70,1,GSM331481,1,0.4441893994808197
70,1,GSM331484,1,0.05053011700510979
70,1,GSM331486,1,0.664602518081665
70,1,GSM331491,1,0.4634210765361786
70,1,GSM331492,1,0.37202808260917664
70,1,GSM331493,1,0.16342079639434814
70,1,GSM331495,1,0.3716749846935272
70,1,GSM331497,1,0.7072586417198181
70,1,GSM331499,1,0.1948075145483017
70,1,GSM331500,1,0.5627143979072571
70,1,GSM331502,1,0.927542507648468
70,1,GSM331505,1,0.4100886285305023
70,1,GSM331506,1,0.6991048455238342
70,1,GSM331509,1,0.21505695581436157
70,1,GSM331510,1,0.2928442656993866
70,1,GSM331511,1,0.8009548187255859
70,1,GSM331512,1,0.6135360598564148
70,1,GSM331516,1,0.7460730075836182
70,1,GSM331517,1,0.4962258040904999
70,1,GSM331520,1,0.6368253827095032
70,1,GSM331522,1,0.30766528844833374
70,1,GSM331523,1,0.38430118560791016
70,1,GSM331524,1,0.39248329401016235
70,1,GSM331529,1,0.3058345913887024
70,1,GSM331530,1,0.2555268406867981
70,1,GSM331531,1,0.18801501393318176
70,1,GSM331532,1,0.2927556335926056
70,1,GSM331533,1,0.7227612733840942
70,1,GSM331534,1,0.4439988136291504
70,1,GSM331537,1,0.7770909070968628
70,1,GSM331538,1,0.38162973523139954
70,1,GSM331540,1,0.6837399005889893
70,1,GSM331541,1,0.7372335195541382
70,1,GSM331543,1,0.7271408438682556
70,1,GSM331544,1,0.3228710889816284
70,1,GSM331545,1,0.7493084073066711
70,1,GSM331549,1,0.9242433905601501
70,1,GSM331552,1,0.3800581991672516
70,1,GSM331553,1,0.966463565826416
70,1,GSM331555,1,0.20614676177501678
70,1,GSM331556,1,0.42102524638175964
70,1,GSM331557,1,0.48838573694229126
70,1,GSM331558,1,0.14803661406040192
70,1,GSM331559,1,0.8752323985099792
70,1,GSM331560,1,0.4192742705345154
70,1,GSM331561,1,0.5350908041000366
70,1,GSM331565,1,0.7809824347496033
70,1,GSM331567,1,0.4458203911781311
70,1,GSM331571,1,0.7466483116149902
70,1,GSM331572,1,0.6428187489509583
70,1,GSM331574,1,0.537350058555603
70,1,GSM331576,1,0.5097482800483704
70,1,GSM331577,1,0.5953184962272644
70,1,GSM331580,1,0.23525278270244598
70,1,GSM331583,1,0.11077190935611725
70,1,GSM331587,1,0.8489330410957336
70,1,GSM331588,1,0.6126683354377747
70,1,GSM331589,1,0.49261030554771423
70,1,GSM331595,1,0.7881883382797241
70,1,GSM331596,1,0.48930832743644714
70,1,GSM331597,1,0.6382468342781067
70,1,GSM331598,1,0.29803329706192017
70,1,GSM331600,1,0.8685734272003174
70,1,GSM331601,1,0.18767444789409637
70,1,GSM331604,1,0.13709044456481934
70,1,GSM331608,1,0.0652063712477684
70,1,GSM331610,1,0.8199642300605774
70,1,GSM331611,1,0.8855894804000854
70,1,GSM331613,1,0.40736234188079834
70,1,GSM331616,1,0.4203851819038391
70,1,GSM331617,1,0.8035103678703308
70,1,GSM331618,1,0.5442010760307312
70,1,GSM331619,1,0.21666961908340454
70,1,GSM331620,1,0.23940621316432953
70,1,GSM331621,1,0.26188018918037415
70,1,GSM331622,1,0.8919989466667175
70,1,GSM331624,1,0.48902973532676697
70,1,GSM331625,1,0.8304606080055237
70,1,GSM331630,1,0.473288357257843
70,1,GSM331631,1,0.2608530819416046
70,1,GSM331632,1,0.21491792798042297
70,1,GSM331634,1,0.2104816436767578
70,1,GSM331642,1,0.6776972413063049
70,1,GSM331644,1,0.3214520812034607
70,1,GSM331646,1,0.2125500589609146
70,1,GSM331651,1,0.35257086157798767
70,1,GSM331652,1,0.8874291181564331
70,1,GSM331654,1,0.8305705785751343
70,2,GSM331638,0,0.47224560379981995
70,2,GSM331660,0,0.1481778770685196
70,2,GSM331665,0,0.8507221341133118
70,2,GSM331669,0,0.9613280296325684
70,2,GSM331674,0,0.5609619617462158
70,2,GSM331675,0,0.059394340962171555
70,2,GSM331676,0,0.7498881220817566
70,2,GSM331677,0,0.20123545825481415
70,2,GSM331679,0,0.4343659579753876
70,2,GSM331681,0,0.7023637294769287
70,2,GSM331682,0,0.7435131072998047
70,2,GSM331683,0,0.8101522326469421
70,2,GSM331687,0,0.26317837834358215
70,2,GSM331688,0,0.7740908265113831
70,2,GSM331689,0,0.5774496793746948
70,2,GSM331691,0,0.6775034070014954
70,2,GSM331692,0,0.26217401027679443
70,2,GSM331693,0,0.5967139601707458
70,2,GSM331695,0,0.5331214666366577
70,2,GSM331698,0,0.5262936949729919
70,2,GSM331701,0,0.26489076018333435
70,2,GSM331702,0,0.649215042591095
70,2,GSM331703,0,0.6678391098976135
70,2,GSM331704,0,0.8258970379829407
70,2,GSM331705,0,0.3674277365207672
70,2,GSM331706,0,0.9761464595794678
70,2,GSM331707,0,0.6625601649284363
70,2,GSM331708,0,0.889904260635376
70,2,GSM331711,0,0.5903403162956238
70,2,GSM331712,0,0.6036641597747803
70,2,GSM331713,0,0.27380600571632385
70,2,GSM331718,0,0.7749739289283752
70,2,GSM331721,0,0.9219423532485962
70,2,GSM331727,0,0.5516139268875122
70,2,GSM331728,0,0.09245749562978745
70,2,GSM331732,0,0.7682677507400513
70,2,GSM331454,1,0.7178440093994141
70,2,GSM331456,1,0.7143716812133789
70,2,GSM331459,1,0.8535443544387817
70,2,GSM331461,1,0.4310106933116913
70,2,GSM331462,1,0.7267275452613831
70,2,GSM331465,1,0.5874782800674438
70,2,GSM331466,1,0.23439934849739075
70,2,GSM331467,1,0.5499154329299927
70,2,GSM331469,1,0.3554866909980774
70,2,GSM331471,1,0.9609166383743286
70,2,GSM331476,1,0.3058610260486603
70,2,GSM331478,1,0.3884480893611908
70,2,GSM331479,1,0.23657774925231934
70,2,GSM331482,1,0.3985637426376343
70,2,GSM331483,1,0.40619054436683655
70,2,GSM331485,1,0.8392025232315063
70,2,GSM331487,1,0.870934784412384
70,2,GSM331488,1,0.7350670695304871
70,2,GSM331489,1,0.7522895932197571
70,2,GSM331490,1,0.48984354734420776
70,2,GSM331494,1,0.8438190817832947
70,2,GSM331496,1,0.16070058941841125
70,2,GSM331498,1,0.3133262097835541
70,2,GSM331501,1,0.28445515036582947
70,2,GSM331503,1,0.5417318940162659
70,2,GSM331504,1,0.6348826289176941
70,2,GSM331507,1,0.22072729468345642
70,2,GSM331508,1,0.6936981081962585
70,2,GSM331513,1,0.6564019918441772
70,2,GSM331514,1,0.16624122858047485
70,2,GSM331515,1,0.3784882724285126
70,2,GSM331518,1,0.6551653146743774
70,2,GSM331519,1,0.599362313747406
70,2,GSM331521,1,0.13567134737968445
70,2,GSM331525,1,0.4400333762168884
70,2,GSM331526,1,0.7577091455459595
70,2,GSM331527,1,0.41000130772590637
70,2,GSM331528,1,0.49213844537734985
70,2,GSM331535,1,0.49931564927101135
70,2,GSM331536,1,0.12492851167917252
70,2,GSM331539,1,0.6166594624519348
70,2,GSM331542,1,0.25052323937416077
70,2,GSM331546,1,0.536220908164978
70,2,GSM331547,1,0.6259251832962036
70,2,GSM331548,1,0.6967157125473022
70,2,GSM331550,1,0.2023349404335022
70,2,GSM331551,1,0.5275281071662903
70,2,GSM331554,1,0.4899420738220215
70,2,GSM331562,1,0.2361140251159668
70,2,GSM331563,1,0.6424058675765991
70,2,GSM331564,1,0.7018491625785828
70,2,GSM331566,1,0.7145635485649109
70,2,GSM331568,1,0.9196998476982117
70,2,GSM331569,1,0.5667803883552551
70,2,GSM331570,1,0.6194189786911011
70,2,GSM331573,1,0.886661171913147
70,2,GSM331575,1,0.7274765968322754
70,2,GSM331578,1,0.8530646562576294
70,2,GSM331579,1,0.36881107091903687
70,2,GSM331581,1,0.21936318278312683
70,2,GSM331582,1,0.6616664528846741
70,2,GSM331584,1,0.23251892626285553
70,2,GSM331585,1,0.8075094819068909
70,2,GSM331586,1,0.37883612513542175
70,2,GSM331590,1,0.4357667565345764
70,2,GSM331591,1,0.8430839776992798
70,2,GSM331592,1,0.5846476554870605
70,2,GSM331593,1,0.36046311259269714
70,2,GSM331594,1,0.41016894578933716
70,2,GSM331599,1,0.9162737131118774
70,2,GSM331602,1,0.5271616578102112
70,2,GSM331603,1,0.37996959686279297
70,2,GSM331605,1,0.6962287425994873
70,2,GSM331606,1,0.1532568335533142
70,2,GSM331607,1,0.9557002186775208
70,2,GSM331609,1,0.5740491151809692
70,2,GSM331612,1,0.7860090732574463
70,2,GSM331614,1,0.41122663021087646
70,2,GSM331615,1,0.319065660238266
70,2,GSM331623,1,0.3146979808807373
70,2,GSM331626,1,0.21811340749263763
70,2,GSM331627,1,0.6104472279548645
70,2,GSM331628,1,0.3235462009906769
70,2,GSM331629,1,0.12429443746805191
70,2,GSM331633,1,0.17746418714523315
70,2,GSM331635,1,0.18769358098506927
70,2,GSM331636,1,0.11764644831418991
70,2,GSM331637,1,0.6342554688453674
70,2,GSM331639,1,0.4579761028289795
70,2,GSM331640,1,0.23331138491630554
70,2,GSM331641,1,0.5632844567298889
70,2,GSM331643,1,0.8794546723365784
70,2,GSM331645,1,0.21909171342849731
70,2,GSM331647,1,0.6922552585601807
70,2,GSM331648,1,0.3892785310745239
70,2,GSM331649,1,0.7156980037689209
70,2,GSM331650,1,0.3196450471878052
70,2,GSM331653,1,0.43392273783683777
70,2,GSM331655,1,0.4839232265949249
70,2,GSM331656,1,0.16845586895942688
70,2,GSM331657,1,0.8507285118103027
70,2,GSM331658,1,0.812980055809021
70,2,GSM331659,1,0.8912299871444702
71,1,GSM331638,0,0.291587769985199
71,1,GSM331662,0,0.7945658564567566
71,1,GSM331664,0,0.49656784534454346
71,1,GSM331665,0,0.7018674612045288
71,1,GSM331666,0,0.5926123261451721
71,1,GSM331668,0,0.7899807095527649
71,1,GSM331670,0,0.6148614883422852
71,1,GSM331671,0,0.9443233013153076
71,1,GSM331676,0,0.6915814876556396
71,1,GSM331680,0,0.7176631093025208
71,1,GSM331681,0,0.917172372341156
71,1,GSM331683,0,0.8178016543388367
71,1,GSM331685,0,0.5032113194465637
71,1,GSM331688,0,0.6187776923179626
71,1,GSM331690,0,0.9011178612709045
71,1,GSM331691,0,0.7077036499977112
71,1,GSM331692,0,0.2637839913368225
71,1,GSM331695,0,0.36663079261779785
71,1,GSM331700,0,0.6605794429779053
71,1,GSM331701,0,0.46032074093818665
71,1,GSM331702,0,0.7933509945869446
71,1,GSM331703,0,0.5240241885185242
71,1,GSM331704,0,0.8022888898849487
71,1,GSM331705,0,0.3945324718952179
71,1,GSM331706,0,0.9671157002449036
71,1,GSM331708,0,0.9064933061599731
71,1,GSM331711,0,0.8281362652778625
71,1,GSM331712,0,0.5759483575820923
71,1,GSM331714,0,0.8929418325424194
71,1,GSM331715,0,0.2785487174987793
71,1,GSM331718,0,0.8684360980987549
71,1,GSM331719,0,0.1945117563009262
71,1,GSM331720,0,0.7342729568481445
71,1,GSM331721,0,0.9663847088813782
71,1,GSM331722,0,0.7157493233680725
71,1,GSM331728,0,0.07856708765029907
71,1,GSM331731,0,0.8663435578346252
71,1,GSM331454,1,0.7404657006263733
71,1,GSM331457,1,0.5604460835456848
71,1,GSM331458,1,0.5326195359230042
71,1,GSM331463,1,0.09707605838775635
71,1,GSM331464,1,0.13599246740341187
71,1,GSM331465,1,0.22617270052433014
71,1,GSM331468,1,0.6645729541778564
71,1,GSM331469,1,0.4572065472602844
71,1,GSM331470,1,0.7505384683609009
71,1,GSM331471,1,0.8770496249198914
71,1,GSM331473,1,0.48859697580337524
71,1,GSM331474,1,0.3683041036128998
71,1,GSM331476,1,0.575335681438446
71,1,GSM331479,1,0.4117256999015808
71,1,GSM331481,1,0.6868053674697876
71,1,GSM331485,1,0.6934061050415039
71,1,GSM331486,1,0.8259201645851135
71,1,GSM331488,1,0.634113609790802
71,1,GSM331489,1,0.45281511545181274
71,1,GSM331491,1,0.7417162656784058
71,1,GSM331492,1,0.39903080463409424
71,1,GSM331495,1,0.4150030016899109
71,1,GSM331497,1,0.6456577181816101
71,1,GSM331498,1,0.10869327932596207
71,1,GSM331499,1,0.22397540509700775
71,1,GSM331501,1,0.5673394799232483
71,1,GSM331502,1,0.7114931344985962
71,1,GSM331504,1,0.35933011770248413
71,1,GSM331506,1,0.7922675609588623
71,1,GSM331507,1,0.35155099630355835
71,1,GSM331508,1,0.5097401142120361
71,1,GSM331509,1,0.4046674072742462
71,1,GSM331511,1,0.45549941062927246
71,1,GSM331512,1,0.4923276901245117
71,1,GSM331515,1,0.46555620431900024
71,1,GSM331517,1,0.823836624622345
71,1,GSM331518,1,0.59291011095047
71,1,GSM331519,1,0.19476887583732605
71,1,GSM331523,1,0.4051244854927063
71,1,GSM331526,1,0.7505087852478027
71,1,GSM331527,1,0.42773544788360596
71,1,GSM331528,1,0.5945563912391663
71,1,GSM331531,1,0.29977869987487793
71,1,GSM331532,1,0.2844730317592621
71,1,GSM331536,1,0.4290211796760559
71,1,GSM331539,1,0.4395425617694855
71,1,GSM331540,1,0.5943437814712524
71,1,GSM331541,1,0.7801457047462463
71,1,GSM331542,1,0.11686037480831146
71,1,GSM331543,1,0.727016806602478
71,1,GSM331546,1,0.397222638130188
71,1,GSM331548,1,0.8464249968528748
71,1,GSM331554,1,0.3498692512512207
71,1,GSM331556,1,0.8509374856948853
71,1,GSM331558,1,0.14530280232429504
71,1,GSM331559,1,0.9204174876213074
71,1,GSM331560,1,0.23378078639507294
71,1,GSM331562,1,0.7051822543144226
71,1,GSM331563,1,0.8253707885742188
71,1,GSM331565,1,0.6664370894432068
71,1,GSM331567,1,0.17814971506595612
71,1,GSM331569,1,0.4870217740535736
71,1,GSM331570,1,0.8120195865631104
71,1,GSM331572,1,0.7884791493415833
71,1,GSM331573,1,0.7835783958435059
71,1,GSM331575,1,0.7224143743515015
71,1,GSM331580,1,0.6895382404327393
71,1,GSM331581,1,0.1217745989561081
71,1,GSM331583,1,0.3002229332923889
71,1,GSM331585,1,0.842465341091156
71,1,GSM331586,1,0.4546443223953247
71,1,GSM331587,1,0.834209680557251
71,1,GSM331589,1,0.3233925700187683
71,1,GSM331590,1,0.3239937722682953
71,1,GSM331594,1,0.5730652809143066
71,1,GSM331595,1,0.57520592212677
71,1,GSM331597,1,0.4194546937942505
71,1,GSM331598,1,0.2591756284236908
71,1,GSM331601,1,0.2856127917766571
71,1,GSM331602,1,0.32352909445762634
71,1,GSM331604,1,0.29415270686149597
71,1,GSM331605,1,0.41426149010658264
71,1,GSM331606,1,0.3491046130657196
71,1,GSM331607,1,0.9110878705978394
71,1,GSM331608,1,0.15621262788772583
71,1,GSM331611,1,0.8976548314094543
71,1,GSM331612,1,0.6488267183303833
71,1,GSM331615,1,0.1821238398551941
71,1,GSM331616,1,0.4820224642753601
71,1,GSM331618,1,0.8687307238578796
71,1,GSM331620,1,0.13014726340770721
71,1,GSM331624,1,0.785960853099823
71,1,GSM331625,1,0.8793585896492004
71,1,GSM331626,1,0.09690042585134506
71,1,GSM331627,1,0.6053406596183777
71,1,GSM331632,1,0.10963700711727142
71,1,GSM331640,1,0.12965065240859985
71,1,GSM331642,1,0.80071622133255
71,1,GSM331646,1,0.22008372843265533
71,1,GSM331650,1,0.12829668819904327
71,1,GSM331654,1,0.726994514465332
71,1,GSM331658,1,0.7906949520111084
71,1,GSM331659,1,0.9053776264190674
71,2,GSM331660,0,0.13194981217384338
71,2,GSM331661,0,0.8471221327781677
71,2,GSM331663,0,0.3160262703895569
71,2,GSM331669,0,0.9825966358184814
71,2,GSM331672,0,0.7345711588859558
71,2,GSM331673,0,0.3428875505924225
71,2,GSM331674,0,0.573484480381012
71,2,GSM331675,0,0.09234374761581421
71,2,GSM331677,0,0.32240647077560425
71,2,GSM331678,0,0.05223265662789345
71,2,GSM331679,0,0.6552800536155701
71,2,GSM331682,0,0.7247099280357361
71,2,GSM331684,0,0.21428634226322174
71,2,GSM331686,0,0.8249390125274658
71,2,GSM331687,0,0.4947238564491272
71,2,GSM331689,0,0.22524991631507874
71,2,GSM331693,0,0.43385010957717896
71,2,GSM331694,0,0.35466742515563965
71,2,GSM331696,0,0.2525859475135803
71,2,GSM331697,0,0.3089788258075714
71,2,GSM331698,0,0.2989632189273834
71,2,GSM331699,0,0.35687318444252014
71,2,GSM331707,0,0.8164129257202148
71,2,GSM331709,0,0.15689462423324585
71,2,GSM331710,0,0.05155366659164429
71,2,GSM331713,0,0.32329076528549194
71,2,GSM331716,0,0.9897382855415344
71,2,GSM331717,0,0.861111044883728
71,2,GSM331723,0,0.8040956258773804
71,2,GSM331724,0,0.3548601269721985
71,2,GSM331725,0,0.7913543581962585
71,2,GSM331726,0,0.16027818620204926
71,2,GSM331727,0,0.30321264266967773
71,2,GSM331729,0,0.022994322702288628
71,2,GSM331730,0,0.5856778621673584
71,2,GSM331732,0,0.6670472025871277
71,2,GSM331453,1,0.23532836139202118
71,2,GSM331455,1,0.07214652001857758
71,2,GSM331456,1,0.4740046262741089
71,2,GSM331459,1,0.8255476951599121
71,2,GSM331460,1,0.7197651267051697
71,2,GSM331461,1,0.17790910601615906
71,2,GSM331462,1,0.6347850561141968
71,2,GSM331466,1,0.4149409830570221
71,2,GSM331467,1,0.06555624306201935
71,2,GSM331472,1,0.04874575510621071
71,2,GSM331475,1,0.23596450686454773
71,2,GSM331477,1,0.2989096939563751
71,2,GSM331478,1,0.31892824172973633
71,2,GSM331480,1,0.46497270464897156
71,2,GSM331482,1,0.07611195743083954
71,2,GSM331483,1,0.8344350457191467
71,2,GSM331484,1,0.17791461944580078
71,2,GSM331487,1,0.8887317180633545
71,2,GSM331490,1,0.25674110651016235
71,2,GSM331493,1,0.33957377076148987
71,2,GSM331494,1,0.8978312611579895
71,2,GSM331496,1,0.2494523674249649
71,2,GSM331500,1,0.217098668217659
71,2,GSM331503,1,0.33835622668266296
71,2,GSM331505,1,0.6951960325241089
71,2,GSM331510,1,0.4600768983364105
71,2,GSM331513,1,0.6582958102226257
71,2,GSM331514,1,0.2197445183992386
71,2,GSM331516,1,0.47814851999282837
71,2,GSM331520,1,0.5155609250068665
71,2,GSM331521,1,0.5158168077468872
71,2,GSM331522,1,0.25690919160842896
71,2,GSM331524,1,0.6599578261375427
71,2,GSM331525,1,0.6845199465751648
71,2,GSM331529,1,0.5958415865898132
71,2,GSM331530,1,0.34022727608680725
71,2,GSM331533,1,0.8181540369987488
71,2,GSM331534,1,0.7595524191856384
71,2,GSM331535,1,0.25205671787261963
71,2,GSM331537,1,0.6656747460365295
71,2,GSM331538,1,0.09465400129556656
71,2,GSM331544,1,0.06686116009950638
71,2,GSM331545,1,0.7831020951271057
71,2,GSM331547,1,0.36156582832336426
71,2,GSM331549,1,0.8422335982322693
71,2,GSM331550,1,0.2872147560119629
71,2,GSM331551,1,0.49102655053138733
71,2,GSM331552,1,0.20247215032577515
71,2,GSM331553,1,0.9637718796730042
71,2,GSM331555,1,0.07333666831254959
71,2,GSM331557,1,0.6135000586509705
71,2,GSM331561,1,0.7415310144424438
71,2,GSM331564,1,0.24924719333648682
71,2,GSM331566,1,0.7619972825050354
71,2,GSM331568,1,0.8699090480804443
71,2,GSM331571,1,0.4796500504016876
71,2,GSM331574,1,0.4392675459384918
71,2,GSM331576,1,0.28172537684440613
71,2,GSM331577,1,0.7945703268051147
71,2,GSM331578,1,0.8224180340766907
71,2,GSM331579,1,0.27305740118026733
71,2,GSM331582,1,0.6911489963531494
71,2,GSM331584,1,0.21873536705970764
71,2,GSM331588,1,0.44199565052986145
71,2,GSM331591,1,0.9721148610115051
71,2,GSM331592,1,0.6895934343338013
71,2,GSM331593,1,0.4863092005252838
71,2,GSM331596,1,0.4205479621887207
71,2,GSM331599,1,0.9673306345939636
71,2,GSM331600,1,0.872560441493988
71,2,GSM331603,1,0.351514995098114
71,2,GSM331609,1,0.5717377662658691
71,2,GSM331610,1,0.9292922616004944
71,2,GSM331613,1,0.355149507522583
71,2,GSM331614,1,0.2079669088125229
71,2,GSM331617,1,0.9588993787765503
71,2,GSM331619,1,0.27641159296035767
71,2,GSM331621,1,0.22215986251831055
71,2,GSM331622,1,0.8554697632789612
71,2,GSM331623,1,0.15132416784763336
71,2,GSM331628,1,0.4718630015850067
71,2,GSM331629,1,0.10730241239070892
71,2,GSM331630,1,0.3256848454475403
71,2,GSM331631,1,0.08702993392944336
71,2,GSM331633,1,0.1113392561674118
71,2,GSM331634,1,0.06945459544658661
71,2,GSM331635,1,0.25037339329719543
71,2,GSM331636,1,0.05007306486368179
71,2,GSM331637,1,0.6349864602088928
71,2,GSM331639,1,0.14181046187877655
71,2,GSM331641,1,0.28192102909088135
71,2,GSM331643,1,0.916522204875946
71,2,GSM331644,1,0.3610771596431732
71,2,GSM331645,1,0.20343045890331268
71,2,GSM331647,1,0.4352480173110962
71,2,GSM331648,1,0.1766665279865265
71,2,GSM331649,1,0.8425146341323853
71,2,GSM331651,1,0.10972872376441956
71,2,GSM331652,1,0.9239374995231628
71,2,GSM331653,1,0.46097102761268616
71,2,GSM331655,1,0.13618680834770203
71,2,GSM331656,1,0.19629037380218506
71,2,GSM331657,1,0.851255476474762
72,1,GSM331660,0,0.36711055040359497
72,1,GSM331666,0,0.4418167173862457
72,1,GSM331668,0,0.8003942966461182
72,1,GSM331669,0,0.8961190581321716
72,1,GSM331670,0,0.5348953008651733
72,1,GSM331671,0,0.7315926551818848
72,1,GSM331673,0,0.42091453075408936
72,1,GSM331675,0,0.11634678393602371
72,1,GSM331677,0,0.2730810344219208
72,1,GSM331681,0,0.36946648359298706
72,1,GSM331685,0,0.6959076523780823
72,1,GSM331686,0,0.4600870907306671
72,1,GSM331693,0,0.4941684305667877
72,1,GSM331694,0,0.5370274782180786
72,1,GSM331695,0,0.4774729609489441
72,1,GSM331697,0,0.288017600774765
72,1,GSM331699,0,0.5706974267959595
72,1,GSM331700,0,0.6959376931190491
72,1,GSM331701,0,0.4786694645881653
72,1,GSM331702,0,0.4828556180000305
72,1,GSM331704,0,0.5127438902854919
72,1,GSM331706,0,0.8420332670211792
72,1,GSM331707,0,0.5656262636184692
72,1,GSM331708,0,0.815363347530365
72,1,GSM331709,0,0.2414110153913498
72,1,GSM331710,0,0.15448594093322754
72,1,GSM331711,0,0.7622284293174744
72,1,GSM331714,0,0.8459092378616333
72,1,GSM331716,0,0.8514013290405273
72,1,GSM331719,0,0.11607347428798676
72,1,GSM331722,0,0.6603763699531555
72,1,GSM331724,0,0.3249666690826416
72,1,GSM331725,0,0.6442838311195374
72,1,GSM331728,0,0.36427465081214905
72,1,GSM331729,0,0.19859875738620758
72,1,GSM331730,0,0.31136372685432434
72,1,GSM331732,0,0.6738647818565369
72,1,GSM331453,1,0.3684321641921997
72,1,GSM331454,1,0.593373715877533
72,1,GSM331456,1,0.4335530996322632
72,1,GSM331459,1,0.7909141182899475
72,1,GSM331462,1,0.6250799894332886
72,1,GSM331463,1,0.19440561532974243
72,1,GSM331465,1,0.4080619812011719
72,1,GSM331467,1,0.3604077696800232
72,1,GSM331469,1,0.4766054153442383
72,1,GSM331470,1,0.63460373878479
72,1,GSM331473,1,0.510208249092102
72,1,GSM331476,1,0.6473811864852905
72,1,GSM331479,1,0.43356919288635254
72,1,GSM331481,1,0.6544279456138611
72,1,GSM331482,1,0.2808476686477661
72,1,GSM331484,1,0.4182038903236389
72,1,GSM331487,1,0.7765407562255859
72,1,GSM331488,1,0.5301326513290405
72,1,GSM331489,1,0.5014933943748474
72,1,GSM331493,1,0.3035063147544861
72,1,GSM331495,1,0.3580547571182251
72,1,GSM331499,1,0.23372043669223785
72,1,GSM331504,1,0.3786553144454956
72,1,GSM331507,1,0.40760505199432373
72,1,GSM331511,1,0.6070533990859985
72,1,GSM331512,1,0.6752409338951111
72,1,GSM331514,1,0.32337486743927
72,1,GSM331515,1,0.4141433537006378
72,1,GSM331516,1,0.6625394821166992
72,1,GSM331520,1,0.5577456951141357
72,1,GSM331522,1,0.5498873591423035
72,1,GSM331526,1,0.4564124643802643
72,1,GSM331527,1,0.28839215636253357
72,1,GSM331529,1,0.6188161969184875
72,1,GSM331530,1,0.31714528799057007
72,1,GSM331531,1,0.4582471251487732
72,1,GSM331534,1,0.4324100911617279
72,1,GSM331538,1,0.27639734745025635
72,1,GSM331540,1,0.5578420162200928
72,1,GSM331541,1,0.6743331551551819
72,1,GSM331544,1,0.3055790364742279
72,1,GSM331547,1,0.7539384365081787
72,1,GSM331548,1,0.7685638070106506
72,1,GSM331549,1,0.841499388217926
72,1,GSM331550,1,0.5079349279403687
72,1,GSM331553,1,0.8268558979034424
72,1,GSM331554,1,0.46842870116233826
72,1,GSM331559,1,0.7954244017601013
72,1,GSM331560,1,0.30845627188682556
72,1,GSM331563,1,0.7037031054496765
72,1,GSM331565,1,0.6293679475784302
72,1,GSM331566,1,0.6448584794998169
72,1,GSM331567,1,0.2593100070953369
72,1,GSM331569,1,0.29878613352775574
72,1,GSM331570,1,0.49319326877593994
72,1,GSM331571,1,0.6412875056266785
72,1,GSM331575,1,0.46503594517707825
72,1,GSM331577,1,0.4617033898830414
72,1,GSM331578,1,0.5893355011940002
72,1,GSM331579,1,0.26234129071235657
72,1,GSM331580,1,0.6697342991828918
72,1,GSM331581,1,0.12508514523506165
72,1,GSM331584,1,0.3148461878299713
72,1,GSM331585,1,0.6851385235786438
72,1,GSM331586,1,0.30148226022720337
72,1,GSM331587,1,0.749788224697113
72,1,GSM331589,1,0.50956791639328
72,1,GSM331592,1,0.37476253509521484
72,1,GSM331596,1,0.4855794310569763
72,1,GSM331598,1,0.290886789560318
72,1,GSM331600,1,0.7534133791923523
72,1,GSM331601,1,0.3024541139602661
72,1,GSM331602,1,0.26047685742378235
72,1,GSM331603,1,0.449807733297348
72,1,GSM331604,1,0.16985589265823364
72,1,GSM331606,1,0.22790510952472687
72,1,GSM331609,1,0.4901520311832428
72,1,GSM331610,1,0.7593516707420349
72,1,GSM331611,1,0.8125337958335876
72,1,GSM331612,1,0.6949815154075623
72,1,GSM331616,1,0.38551241159439087
72,1,GSM331618,1,0.4127812385559082
72,1,GSM331620,1,0.40354520082473755
72,1,GSM331624,1,0.6554645895957947
72,1,GSM331625,1,0.6502883434295654
72,1,GSM331627,1,0.42254638671875
72,1,GSM331628,1,0.3332012891769409
72,1,GSM331629,1,0.32196733355522156
72,1,GSM331630,1,0.33596211671829224
72,1,GSM331632,1,0.22737465798854828
72,1,GSM331634,1,0.21118560433387756
72,1,GSM331635,1,0.24275143444538116
72,1,GSM331636,1,0.1824924796819687
72,1,GSM331637,1,0.3986920416355133
72,1,GSM331640,1,0.18878500163555145
72,1,GSM331641,1,0.4656507074832916
72,1,GSM331642,1,0.7104991674423218
72,1,GSM331643,1,0.781161904335022
72,1,GSM331644,1,0.3215635120868683
72,1,GSM331646,1,0.2894361615180969
72,1,GSM331649,1,0.7124025225639343
72,1,GSM331655,1,0.37723949551582336
72,1,GSM331659,1,0.8630167841911316
72,2,GSM331638,0,0.5857397317886353
72,2,GSM331661,0,0.5882600545883179
72,2,GSM331662,0,0.7221372127532959
72,2,GSM331663,0,0.34534522891044617
72,2,GSM331664,0,0.685573935508728
72,2,GSM331665,0,0.6939803957939148
72,2,GSM331672,0,0.456217497587204
72,2,GSM331674,0,0.5809293985366821
72,2,GSM331676,0,0.6191844344139099
72,2,GSM331678,0,0.4601660370826721
72,2,GSM331679,0,0.5296528935432434
72,2,GSM331680,0,0.8628632426261902
72,2,GSM331682,0,0.48908159136772156
72,2,GSM331683,0,0.8093594312667847
72,2,GSM331684,0,0.30206534266471863
72,2,GSM331687,0,0.2729071378707886
72,2,GSM331688,0,0.5454373955726624
72,2,GSM331689,0,0.6955467462539673
72,2,GSM331690,0,0.8507208228111267
72,2,GSM331691,0,0.7571070194244385
72,2,GSM331692,0,0.3281545341014862
72,2,GSM331696,0,0.4253539443016052
72,2,GSM331698,0,0.2699275612831116
72,2,GSM331703,0,0.4495631754398346
72,2,GSM331705,0,0.3257176876068115
72,2,GSM331712,0,0.298829048871994
72,2,GSM331713,0,0.5190680027008057
72,2,GSM331715,0,0.3706451952457428
72,2,GSM331717,0,0.6212000250816345
72,2,GSM331718,0,0.806213915348053
72,2,GSM331720,0,0.6416202187538147
72,2,GSM331721,0,0.729884684085846
72,2,GSM331723,0,0.7341365814208984
72,2,GSM331726,0,0.19492892920970917
72,2,GSM331727,0,0.5945988297462463
72,2,GSM331731,0,0.7774353623390198
72,2,GSM331455,1,0.19810034334659576
72,2,GSM331457,1,0.3231510818004608
72,2,GSM331458,1,0.4449366629123688
72,2,GSM331460,1,0.5453475713729858
72,2,GSM331461,1,0.7140496373176575
72,2,GSM331464,1,0.5285844206809998
72,2,GSM331466,1,0.4174375534057617
72,2,GSM331468,1,0.24503056704998016
72,2,GSM331471,1,0.6175003051757812
72,2,GSM331472,1,0.3491542339324951
72,2,GSM331474,1,0.565575361251831
72,2,GSM331475,1,0.4976865351200104
72,2,GSM331477,1,0.2380395233631134
72,2,GSM331478,1,0.6218384504318237
72,2,GSM331480,1,0.6422885060310364
72,2,GSM331483,1,0.5040502548217773
72,2,GSM331485,1,0.6899811029434204
72,2,GSM331486,1,0.6249583959579468
72,2,GSM331490,1,0.37847548723220825
72,2,GSM331491,1,0.5905778408050537
72,2,GSM331492,1,0.20958173274993896
72,2,GSM331494,1,0.7577371001243591
72,2,GSM331496,1,0.3410961925983429
72,2,GSM331497,1,0.6684216856956482
72,2,GSM331498,1,0.19827397167682648
72,2,GSM331500,1,0.3153613209724426
72,2,GSM331501,1,0.42054426670074463
72,2,GSM331502,1,0.850489616394043
72,2,GSM331503,1,0.30053070187568665
72,2,GSM331505,1,0.5210887789726257
72,2,GSM331506,1,0.7006152868270874
72,2,GSM331508,1,0.6877416968345642
72,2,GSM331509,1,0.4910019338130951
72,2,GSM331510,1,0.5277562737464905
72,2,GSM331513,1,0.39538905024528503
72,2,GSM331517,1,0.6310988068580627
72,2,GSM331518,1,0.6827980279922485
72,2,GSM331519,1,0.41119644045829773
72,2,GSM331521,1,0.3110393285751343
72,2,GSM331523,1,0.445469468832016
72,2,GSM331524,1,0.2633122503757477
72,2,GSM331525,1,0.7753730416297913
72,2,GSM331528,1,0.41479647159576416
72,2,GSM331532,1,0.36584213376045227
72,2,GSM331533,1,0.781052827835083
72,2,GSM331535,1,0.3643231689929962
72,2,GSM331536,1,0.46465370059013367
72,2,GSM331537,1,0.6543155312538147
72,2,GSM331539,1,0.4811091721057892
72,2,GSM331542,1,0.3004339635372162
72,2,GSM331543,1,0.5044462084770203
72,2,GSM331545,1,0.6319501399993896
72,2,GSM331546,1,0.4228120446205139
72,2,GSM331551,1,0.5495520234107971
72,2,GSM331552,1,0.2945234775543213
72,2,GSM331555,1,0.4842488467693329
72,2,GSM331556,1,0.5765601992607117
72,2,GSM331557,1,0.6354044079780579
72,2,GSM331558,1,0.39459410309791565
72,2,GSM331561,1,0.48190316557884216
72,2,GSM331562,1,0.5368549823760986
72,2,GSM331564,1,0.7766492366790771
72,2,GSM331568,1,0.8346847891807556
72,2,GSM331572,1,0.6670346856117249
72,2,GSM331573,1,0.7831918597221375
72,2,GSM331574,1,0.7837982177734375
72,2,GSM331576,1,0.3441309928894043
72,2,GSM331582,1,0.508719801902771
72,2,GSM331583,1,0.23374547064304352
72,2,GSM331588,1,0.7577484250068665
72,2,GSM331590,1,0.37378573417663574
72,2,GSM331591,1,0.6166908740997314
72,2,GSM331593,1,0.3292596638202667
72,2,GSM331594,1,0.7243632078170776
72,2,GSM331595,1,0.6452880501747131
72,2,GSM331597,1,0.5641067624092102
72,2,GSM331599,1,0.8409895300865173
72,2,GSM331605,1,0.4208639860153198
72,2,GSM331607,1,0.8586500287055969
72,2,GSM331608,1,0.3713512718677521
72,2,GSM331613,1,0.4732130467891693
72,2,GSM331614,1,0.36129680275917053
72,2,GSM331615,1,0.3936561942100525
72,2,GSM331617,1,0.8152193427085876
72,2,GSM331619,1,0.3759366273880005
72,2,GSM331621,1,0.18463054299354553
72,2,GSM331622,1,0.8103501200675964
72,2,GSM331623,1,0.41728705167770386
72,2,GSM331626,1,0.12569206953048706
72,2,GSM331631,1,0.22478945553302765
72,2,GSM331633,1,0.22598041594028473
72,2,GSM331639,1,0.2924671471118927
72,2,GSM331645,1,0.40420714020729065
72,2,GSM331647,1,0.7626908421516418
72,2,GSM331648,1,0.39049312472343445
72,2,GSM331650,1,0.31301090121269226
72,2,GSM331651,1,0.47705987095832825
72,2,GSM331652,1,0.8510626554489136
72,2,GSM331653,1,0.654521107673645
72,2,GSM331654,1,0.5558258891105652
72,2,GSM331656,1,0.18089324235916138
72,2,GSM331657,1,0.652691662311554
72,2,GSM331658,1,0.6656637191772461
73,1,GSM331662,0,0.4656059443950653
73,1,GSM331664,0,0.08684135973453522
73,1,GSM331665,0,0.8690510988235474
73,1,GSM331670,0,0.6118146181106567
73,1,GSM331672,0,0.699679970741272
73,1,GSM331674,0,0.8111876845359802
73,1,GSM331676,0,0.8229069113731384
73,1,GSM331677,0,0.2172684371471405
73,1,GSM331680,0,0.6289203763008118
73,1,GSM331681,0,0.6945025324821472
73,1,GSM331686,0,0.8141483068466187
73,1,GSM331688,0,0.5440903902053833
73,1,GSM331689,0,0.4065113961696625
73,1,GSM331690,0,0.7940449714660645
73,1,GSM331691,0,0.532237708568573
73,1,GSM331693,0,0.49798718094825745
73,1,GSM331696,0,0.2813909649848938
73,1,GSM331701,0,0.19900549948215485
73,1,GSM331703,0,0.7017977237701416
73,1,GSM331705,0,0.4517902433872223
73,1,GSM331706,0,0.9151674509048462
73,1,GSM331708,0,0.8187755346298218
73,1,GSM331710,0,0.1764763742685318
73,1,GSM331711,0,0.4653363823890686
73,1,GSM331712,0,0.5291635394096375
73,1,GSM331716,0,0.9566183090209961
73,1,GSM331718,0,0.8052488565444946
73,1,GSM331719,0,0.1353788673877716
73,1,GSM331720,0,0.5430533289909363
73,1,GSM331723,0,0.8596121668815613
73,1,GSM331724,0,0.2973724603652954
73,1,GSM331725,0,0.7959219217300415
73,1,GSM331726,0,0.2064066380262375
73,1,GSM331729,0,0.06332440674304962
73,1,GSM331730,0,0.5258915424346924
73,1,GSM331731,0,0.7680830955505371
73,1,GSM331732,0,0.7784342169761658
73,1,GSM331454,1,0.5857567191123962
73,1,GSM331456,1,0.6249628663063049
73,1,GSM331457,1,0.5918106436729431
73,1,GSM331458,1,0.4463467001914978
73,1,GSM331460,1,0.3849793076515198
73,1,GSM331461,1,0.21872076392173767
73,1,GSM331464,1,0.4180581271648407
73,1,GSM331465,1,0.44985824823379517
73,1,GSM331467,1,0.5985308289527893
73,1,GSM331468,1,0.38525909185409546
73,1,GSM331471,1,0.8785707950592041
73,1,GSM331472,1,0.23927105963230133
73,1,GSM331473,1,0.5629352927207947
73,1,GSM331475,1,0.1519254744052887
73,1,GSM331476,1,0.4640643894672394
73,1,GSM331479,1,0.18842002749443054
73,1,GSM331480,1,0.4571596086025238
73,1,GSM331483,1,0.3358026146888733
73,1,GSM331486,1,0.7377321720123291
73,1,GSM331492,1,0.3431304097175598
73,1,GSM331493,1,0.21166808903217316
73,1,GSM331494,1,0.8620573878288269
73,1,GSM331502,1,0.8635110855102539
73,1,GSM331504,1,0.2385883629322052
73,1,GSM331505,1,0.6244180202484131
73,1,GSM331506,1,0.6705945730209351
73,1,GSM331507,1,0.2284284234046936
73,1,GSM331508,1,0.6716372966766357
73,1,GSM331512,1,0.6039321422576904
73,1,GSM331514,1,0.23417730629444122
73,1,GSM331516,1,0.642834484577179
73,1,GSM331518,1,0.46066972613334656
73,1,GSM331522,1,0.32468006014823914
73,1,GSM331524,1,0.40112537145614624
73,1,GSM331525,1,0.3851812481880188
73,1,GSM331526,1,0.7338337898254395
73,1,GSM331528,1,0.3959837555885315
73,1,GSM331531,1,0.40787553787231445
73,1,GSM331533,1,0.7186917066574097
73,1,GSM331536,1,0.29576319456100464
73,1,GSM331538,1,0.2921493351459503
73,1,GSM331542,1,0.33803585171699524
73,1,GSM331543,1,0.45284315943717957
73,1,GSM331544,1,0.24431003630161285
73,1,GSM331546,1,0.49733078479766846
73,1,GSM331549,1,0.8945605158805847
73,1,GSM331550,1,0.20785769820213318
73,1,GSM331552,1,0.26797476410865784
73,1,GSM331553,1,0.8984485268592834
73,1,GSM331555,1,0.1991058886051178
73,1,GSM331558,1,0.5435099005699158
73,1,GSM331560,1,0.4876176416873932
73,1,GSM331566,1,0.5712953805923462
73,1,GSM331568,1,0.8116481304168701
73,1,GSM331569,1,0.4066343903541565
73,1,GSM331573,1,0.6974578499794006
73,1,GSM331577,1,0.6731932163238525
73,1,GSM331578,1,0.8738537430763245
73,1,GSM331581,1,0.13411252200603485
73,1,GSM331583,1,0.36643561720848083
73,1,GSM331584,1,0.3280768096446991
73,1,GSM331585,1,0.6771249175071716
73,1,GSM331587,1,0.6807195544242859
73,1,GSM331588,1,0.7416476607322693
73,1,GSM331591,1,0.7003582119941711
73,1,GSM331594,1,0.3501022458076477
73,1,GSM331595,1,0.561331570148468
73,1,GSM331596,1,0.39453139901161194
73,1,GSM331598,1,0.5957754850387573
73,1,GSM331601,1,0.1234348937869072
73,1,GSM331603,1,0.2452532798051834
73,1,GSM331608,1,0.13423921167850494
73,1,GSM331609,1,0.5749819278717041
73,1,GSM331610,1,0.7325476408004761
73,1,GSM331611,1,0.7294080257415771
73,1,GSM331613,1,0.41096389293670654
73,1,GSM331614,1,0.4591048061847687
73,1,GSM331615,1,0.5034196376800537
73,1,GSM331616,1,0.4945361018180847
73,1,GSM331617,1,0.749119758605957
73,1,GSM331620,1,0.4030357897281647
73,1,GSM331622,1,0.914673924446106
73,1,GSM331624,1,0.6046855449676514
73,1,GSM331627,1,0.6265474557876587
73,1,GSM331628,1,0.4797826409339905
73,1,GSM331630,1,0.2773403823375702
73,1,GSM331631,1,0.19686298072338104
73,1,GSM331632,1,0.26397648453712463
73,1,GSM331634,1,0.3142496645450592
73,1,GSM331635,1,0.20445016026496887
73,1,GSM331636,1,0.11898880451917648
73,1,GSM331639,1,0.4587259292602539
73,1,GSM331640,1,0.14366719126701355
73,1,GSM331642,1,0.4500502645969391
73,1,GSM331644,1,0.4375978112220764
73,1,GSM331645,1,0.3200274109840393
73,1,GSM331647,1,0.6053281426429749
73,1,GSM331650,1,0.25530675053596497
73,1,GSM331651,1,0.3765137195587158
73,1,GSM331652,1,0.734315037727356
73,1,GSM331653,1,0.5368520021438599
73,1,GSM331657,1,0.7886438965797424
73,1,GSM331658,1,0.7991661429405212
73,2,GSM331638,0,0.4964541792869568
73,2,GSM331660,0,0.13610415160655975
73,2,GSM331661,0,0.8006626963615417
73,2,GSM331663,0,0.3782880902290344
73,2,GSM331666,0,0.22843146324157715
73,2,GSM331668,0,0.5061054825782776
73,2,GSM331669,0,0.9419996738433838
73,2,GSM331671,0,0.6138305068016052
73,2,GSM331673,0,0.38001343607902527
73,2,GSM331675,0,0.17705601453781128
73,2,GSM331678,0,0.10342344641685486
73,2,GSM331679,0,0.5908825993537903
73,2,GSM331682,0,0.6768289804458618
73,2,GSM331683,0,0.5780624747276306
73,2,GSM331684,0,0.30741748213768005
73,2,GSM331685,0,0.2864212393760681
73,2,GSM331687,0,0.3202836215496063
73,2,GSM331692,0,0.44603440165519714
73,2,GSM331694,0,0.35429513454437256
73,2,GSM331695,0,0.4793452024459839
73,2,GSM331697,0,0.3319403827190399
73,2,GSM331698,0,0.34021756052970886
73,2,GSM331699,0,0.7127654552459717
73,2,GSM331700,0,0.566685676574707
73,2,GSM331702,0,0.7328713536262512
73,2,GSM331704,0,0.5607203841209412
73,2,GSM331707,0,0.7375186681747437
73,2,GSM331709,0,0.130697563290596
73,2,GSM331713,0,0.46842116117477417
73,2,GSM331714,0,0.6958437561988831
73,2,GSM331715,0,0.36131715774536133
73,2,GSM331717,0,0.8652393817901611
73,2,GSM331721,0,0.8217949271202087
73,2,GSM331722,0,0.343228280544281
73,2,GSM331727,0,0.4670397937297821
73,2,GSM331728,0,0.12338018417358398
73,2,GSM331453,1,0.4055015742778778
73,2,GSM331455,1,0.3512471318244934
73,2,GSM331459,1,0.7906356453895569
73,2,GSM331462,1,0.6268506646156311
73,2,GSM331463,1,0.373301237821579
73,2,GSM331466,1,0.6623662114143372
73,2,GSM331469,1,0.5316143035888672
73,2,GSM331470,1,0.41278576850891113
73,2,GSM331474,1,0.23339363932609558
73,2,GSM331477,1,0.45671507716178894
73,2,GSM331478,1,0.405242383480072
73,2,GSM331481,1,0.5863404870033264
73,2,GSM331482,1,0.3367859423160553
73,2,GSM331484,1,0.15259762108325958
73,2,GSM331485,1,0.606579065322876
73,2,GSM331487,1,0.7995187044143677
73,2,GSM331488,1,0.7938684225082397
73,2,GSM331489,1,0.5664101243019104
73,2,GSM331490,1,0.36258113384246826
73,2,GSM331491,1,0.411787211894989
73,2,GSM331495,1,0.6742891669273376
73,2,GSM331496,1,0.23095811903476715
73,2,GSM331497,1,0.5979681611061096
73,2,GSM331498,1,0.3685269355773926
73,2,GSM331499,1,0.22195059061050415
73,2,GSM331500,1,0.4581718444824219
73,2,GSM331501,1,0.4369252026081085
73,2,GSM331503,1,0.47754940390586853
73,2,GSM331509,1,0.20685242116451263
73,2,GSM331510,1,0.1675116866827011
73,2,GSM331511,1,0.8196011185646057
73,2,GSM331513,1,0.6526574492454529
73,2,GSM331515,1,0.17501476407051086
73,2,GSM331517,1,0.5484907031059265
73,2,GSM331519,1,0.40945762395858765
73,2,GSM331520,1,0.5271819829940796
73,2,GSM331521,1,0.30343469977378845
73,2,GSM331523,1,0.7939054369926453
73,2,GSM331527,1,0.36383965611457825
73,2,GSM331529,1,0.25511234998703003
73,2,GSM331530,1,0.3889816999435425
73,2,GSM331532,1,0.24606910347938538
73,2,GSM331534,1,0.6523756980895996
73,2,GSM331535,1,0.3368149399757385
73,2,GSM331537,1,0.805855393409729
73,2,GSM331539,1,0.5080986618995667
73,2,GSM331540,1,0.6256411671638489
73,2,GSM331541,1,0.783013105392456
73,2,GSM331545,1,0.7454139590263367
73,2,GSM331547,1,0.35912764072418213
73,2,GSM331548,1,0.5402446389198303
73,2,GSM331551,1,0.5468336343765259
73,2,GSM331554,1,0.38112685084342957
73,2,GSM331556,1,0.48336297273635864
73,2,GSM331557,1,0.6302302479743958
73,2,GSM331559,1,0.7858349084854126
73,2,GSM331561,1,0.5951762199401855
73,2,GSM331562,1,0.3787928521633148
73,2,GSM331563,1,0.777762234210968
73,2,GSM331564,1,0.2939532697200775
73,2,GSM331565,1,0.7890276312828064
73,2,GSM331567,1,0.3959420919418335
73,2,GSM331570,1,0.494003027677536
73,2,GSM331571,1,0.5798694491386414
73,2,GSM331572,1,0.7350422143936157
73,2,GSM331574,1,0.45764294266700745
73,2,GSM331575,1,0.7957727313041687
73,2,GSM331576,1,0.517239511013031
73,2,GSM331579,1,0.32554659247398376
73,2,GSM331580,1,0.20969152450561523
73,2,GSM331582,1,0.5685039758682251
73,2,GSM331586,1,0.35827645659446716
73,2,GSM331589,1,0.3679620623588562
73,2,GSM331590,1,0.5882264375686646
73,2,GSM331592,1,0.43393072485923767
73,2,GSM331593,1,0.17829778790473938
73,2,GSM331597,1,0.5720914006233215
73,2,GSM331599,1,0.8977019190788269
73,2,GSM331600,1,0.8501445651054382
73,2,GSM331602,1,0.3946325480937958
73,2,GSM331604,1,0.11116310209035873
73,2,GSM331605,1,0.6276341080665588
73,2,GSM331606,1,0.4137398600578308
73,2,GSM331607,1,0.7552328109741211
73,2,GSM331612,1,0.68058842420578
73,2,GSM331618,1,0.4476364552974701
73,2,GSM331619,1,0.6495977640151978
73,2,GSM331621,1,0.5287827253341675
73,2,GSM331623,1,0.1536472737789154
73,2,GSM331625,1,0.8730525970458984
73,2,GSM331626,1,0.28650274872779846
73,2,GSM331629,1,0.1716746985912323
73,2,GSM331633,1,0.14769503474235535
73,2,GSM331637,1,0.4026440978050232
73,2,GSM331641,1,0.5996068716049194
73,2,GSM331643,1,0.7526625394821167
73,2,GSM331646,1,0.2590533196926117
73,2,GSM331648,1,0.24961507320404053
73,2,GSM331649,1,0.6366701722145081
73,2,GSM331654,1,0.8077322244644165
73,2,GSM331655,1,0.35231077671051025
73,2,GSM331656,1,0.25132471323013306
73,2,GSM331659,1,0.6798953413963318
74,1,GSM331638,0,0.5257927775382996
74,1,GSM331661,0,0.8705854415893555
74,1,GSM331664,0,0.2245372235774994
74,1,GSM331665,0,0.778129518032074
74,1,GSM331666,0,0.5121870636940002
74,1,GSM331668,0,0.5915189981460571
74,1,GSM331670,0,0.6297602653503418
74,1,GSM331674,0,0.7164784073829651
74,1,GSM331677,0,0.2660791873931885
74,1,GSM331679,0,0.5538533926010132
74,1,GSM331680,0,0.8348974585533142
74,1,GSM331682,0,0.42697206139564514
74,1,GSM331686,0,0.6715351939201355
74,1,GSM331688,0,0.5887065529823303
74,1,GSM331689,0,0.3197360038757324
74,1,GSM331691,0,0.64799964427948
74,1,GSM331692,0,0.2817768156528473
74,1,GSM331698,0,0.3542947769165039
74,1,GSM331699,0,0.7367891073226929
74,1,GSM331700,0,0.4317007064819336
74,1,GSM331701,0,0.4085294306278229
74,1,GSM331703,0,0.5754544734954834
74,1,GSM331704,0,0.40532517433166504
74,1,GSM331705,0,0.4167639911174774
74,1,GSM331706,0,0.6282126307487488
74,1,GSM331708,0,0.9353646039962769
74,1,GSM331709,0,0.2907316982746124
74,1,GSM331711,0,0.5913069248199463
74,1,GSM331712,0,0.35389360785484314
74,1,GSM331714,0,0.5959810018539429
74,1,GSM331715,0,0.6842252016067505
74,1,GSM331716,0,0.8395944237709045
74,1,GSM331719,0,0.2514641582965851
74,1,GSM331723,0,0.8177647590637207
74,1,GSM331724,0,0.4946920573711395
74,1,GSM331729,0,0.24001960456371307
74,1,GSM331730,0,0.5974975824356079
74,1,GSM331453,1,0.7483131289482117
74,1,GSM331454,1,0.8100209832191467
74,1,GSM331456,1,0.7065650224685669
74,1,GSM331461,1,0.4655226171016693
74,1,GSM331463,1,0.5356175303459167
74,1,GSM331466,1,0.7252719402313232
74,1,GSM331468,1,0.3615870773792267
74,1,GSM331469,1,0.5389257073402405
74,1,GSM331470,1,0.7032656073570251
74,1,GSM331472,1,0.6713204979896545
74,1,GSM331473,1,0.5521196722984314
74,1,GSM331474,1,0.6894319653511047
74,1,GSM331475,1,0.28615713119506836
74,1,GSM331476,1,0.617833137512207
74,1,GSM331479,1,0.5985490083694458
74,1,GSM331480,1,0.5374859571456909
74,1,GSM331483,1,0.6295666694641113
74,1,GSM331485,1,0.7973031401634216
74,1,GSM331486,1,0.6026084423065186
74,1,GSM331489,1,0.7119640111923218
74,1,GSM331494,1,0.9011293649673462
74,1,GSM331495,1,0.592387855052948
74,1,GSM331500,1,0.7013075351715088
74,1,GSM331504,1,0.6531387567520142
74,1,GSM331505,1,0.7197516560554504
74,1,GSM331506,1,0.513504683971405
74,1,GSM331507,1,0.256644606590271
74,1,GSM331510,1,0.3302692472934723
74,1,GSM331511,1,0.7275273203849792
74,1,GSM331512,1,0.6663051247596741
74,1,GSM331514,1,0.7658234238624573
74,1,GSM331517,1,0.6780627369880676
74,1,GSM331518,1,0.4887382686138153
74,1,GSM331520,1,0.6473860144615173
74,1,GSM331521,1,0.6049189567565918
74,1,GSM331522,1,0.45723316073417664
74,1,GSM331523,1,0.7697352170944214
74,1,GSM331526,1,0.7808345556259155
74,1,GSM331527,1,0.562593936920166
74,1,GSM331528,1,0.23170101642608643
74,1,GSM331529,1,0.3757041394710541
74,1,GSM331531,1,0.6242845058441162
74,1,GSM331534,1,0.6882473230361938
74,1,GSM331535,1,0.5922445058822632
74,1,GSM331536,1,0.49406468868255615
74,1,GSM331538,1,0.2488309144973755
74,1,GSM331539,1,0.3696414828300476
74,1,GSM331540,1,0.6505962014198303
74,1,GSM331547,1,0.44398319721221924
74,1,GSM331549,1,0.8646008372306824
74,1,GSM331551,1,0.6882654428482056
74,1,GSM331558,1,0.2899084985256195
74,1,GSM331561,1,0.5160735845565796
74,1,GSM331562,1,0.4154072403907776
74,1,GSM331563,1,0.7892249226570129
74,1,GSM331566,1,0.6572015881538391
74,1,GSM331568,1,0.9017967581748962
74,1,GSM331569,1,0.49033328890800476
74,1,GSM331571,1,0.7501131892204285
74,1,GSM331572,1,0.46053075790405273
74,1,GSM331573,1,0.6866962313652039
74,1,GSM331575,1,0.835087776184082
74,1,GSM331576,1,0.4850873649120331
74,1,GSM331577,1,0.5364606380462646
74,1,GSM331578,1,0.6645740270614624
74,1,GSM331581,1,0.3893021047115326
74,1,GSM331582,1,0.6892266273498535
74,1,GSM331584,1,0.3534011244773865
74,1,GSM331585,1,0.6248074173927307
74,1,GSM331586,1,0.19094210863113403
74,1,GSM331587,1,0.3492790162563324
74,1,GSM331591,1,0.644473671913147
74,1,GSM331592,1,0.4049569070339203
74,1,GSM331595,1,0.7684181928634644
74,1,GSM331597,1,0.7284225225448608
74,1,GSM331598,1,0.8191923499107361
74,1,GSM331601,1,0.2749482989311218
74,1,GSM331604,1,0.3574334979057312
74,1,GSM331608,1,0.37425822019577026
74,1,GSM331609,1,0.708173930644989
74,1,GSM331612,1,0.6849847435951233
74,1,GSM331614,1,0.6374075412750244
74,1,GSM331617,1,0.7353939414024353
74,1,GSM331618,1,0.7787296772003174
74,1,GSM331619,1,0.6086084246635437
74,1,GSM331621,1,0.666301429271698
74,1,GSM331623,1,0.33019721508026123
74,1,GSM331624,1,0.3821001350879669
74,1,GSM331625,1,0.5796666145324707
74,1,GSM331626,1,0.44326597452163696
74,1,GSM331628,1,0.5708409547805786
74,1,GSM331629,1,0.2371712625026703
74,1,GSM331630,1,0.5740021467208862
74,1,GSM331632,1,0.490482360124588
74,1,GSM331633,1,0.34646856784820557
74,1,GSM331635,1,0.5340254902839661
74,1,GSM331637,1,0.32917946577072144
74,1,GSM331639,1,0.5796298980712891
74,1,GSM331643,1,0.8756528496742249
74,1,GSM331648,1,0.66883385181427
74,1,GSM331651,1,0.4631437659263611
74,1,GSM331654,1,0.8346784114837646
74,1,GSM331655,1,0.48770397901535034
74,2,GSM331660,0,0.24094338715076447
74,2,GSM331662,0,0.19519703090190887
74,2,GSM331663,0,0.5276186466217041
74,2,GSM331669,0,0.8588914275169373
74,2,GSM331671,0,0.6788701415061951
74,2,GSM331672,0,0.3439188301563263
74,2,GSM331673,0,0.4742206633090973
74,2,GSM331675,0,0.20211763679981232
74,2,GSM331676,0,0.2728915512561798
74,2,GSM331678,0,0.2578479051589966
74,2,GSM331681,0,0.451140820980072
74,2,GSM331683,0,0.5147846937179565
74,2,GSM331684,0,0.19893382489681244
74,2,GSM331685,0,0.25917983055114746
74,2,GSM331687,0,0.16527815163135529
74,2,GSM331690,0,0.7015538811683655
74,2,GSM331693,0,0.3445276916027069
74,2,GSM331694,0,0.31823763251304626
74,2,GSM331695,0,0.25281840562820435
74,2,GSM331696,0,0.3381405770778656
74,2,GSM331697,0,0.2773522138595581
74,2,GSM331702,0,0.4820988178253174
74,2,GSM331707,0,0.5619454383850098
74,2,GSM331710,0,0.08321389555931091
74,2,GSM331713,0,0.5562955141067505
74,2,GSM331717,0,0.627500593662262
74,2,GSM331718,0,0.7379567623138428
74,2,GSM331720,0,0.38893288373947144
74,2,GSM331721,0,0.7399419546127319
74,2,GSM331722,0,0.37950509786605835
74,2,GSM331725,0,0.6165441274642944
74,2,GSM331726,0,0.18843162059783936
74,2,GSM331727,0,0.3194279968738556
74,2,GSM331728,0,0.1710301637649536
74,2,GSM331731,0,0.7375670671463013
74,2,GSM331732,0,0.7396334409713745
74,2,GSM331455,1,0.31184902787208557
74,2,GSM331457,1,0.6616504192352295
74,2,GSM331458,1,0.520806074142456
74,2,GSM331459,1,0.8229597210884094
74,2,GSM331460,1,0.7349409461021423
74,2,GSM331462,1,0.7867437601089478
74,2,GSM331464,1,0.6027153730392456
74,2,GSM331465,1,0.4206492006778717
74,2,GSM331467,1,0.20498691499233246
74,2,GSM331471,1,0.5916520357131958
74,2,GSM331477,1,0.40797173976898193
74,2,GSM331478,1,0.6898154616355896
74,2,GSM331481,1,0.39265987277030945
74,2,GSM331482,1,0.1768726259469986
74,2,GSM331484,1,0.2726830244064331
74,2,GSM331487,1,0.7029822468757629
74,2,GSM331488,1,0.48790812492370605
74,2,GSM331490,1,0.38161084055900574
74,2,GSM331491,1,0.6591388583183289
74,2,GSM331492,1,0.2997576594352722
74,2,GSM331493,1,0.28564250469207764
74,2,GSM331496,1,0.2671723961830139
74,2,GSM331497,1,0.6743365526199341
74,2,GSM331498,1,0.31566691398620605
74,2,GSM331499,1,0.17469656467437744
74,2,GSM331501,1,0.4688068628311157
74,2,GSM331502,1,0.697295069694519
74,2,GSM331503,1,0.2986927330493927
74,2,GSM331508,1,0.5190376043319702
74,2,GSM331509,1,0.2756957411766052
74,2,GSM331513,1,0.6147670149803162
74,2,GSM331515,1,0.20748098194599152
74,2,GSM331516,1,0.6157293319702148
74,2,GSM331519,1,0.4838576316833496
74,2,GSM331524,1,0.2304011732339859
74,2,GSM331525,1,0.4429915249347687
74,2,GSM331530,1,0.158834308385849
74,2,GSM331532,1,0.3240588903427124
74,2,GSM331533,1,0.48854050040245056
74,2,GSM331537,1,0.6964108347892761
74,2,GSM331541,1,0.7898510694503784
74,2,GSM331542,1,0.5609977841377258
74,2,GSM331543,1,0.6521889567375183
74,2,GSM331544,1,0.24074335396289825
74,2,GSM331545,1,0.7413331866264343
74,2,GSM331546,1,0.6208783984184265
74,2,GSM331548,1,0.39844539761543274
74,2,GSM331550,1,0.23403462767601013
74,2,GSM331552,1,0.4591585397720337
74,2,GSM331553,1,0.35000744462013245
74,2,GSM331554,1,0.19587697088718414
74,2,GSM331555,1,0.25382599234580994
74,2,GSM331556,1,0.4087181091308594
74,2,GSM331557,1,0.7508400082588196
74,2,GSM331559,1,0.5319149494171143
74,2,GSM331560,1,0.6100496649742126
74,2,GSM331564,1,0.39885878562927246
74,2,GSM331565,1,0.7817822694778442
74,2,GSM331567,1,0.436924010515213
74,2,GSM331570,1,0.4277886152267456
74,2,GSM331574,1,0.40381237864494324
74,2,GSM331579,1,0.4490695297718048
74,2,GSM331580,1,0.31287482380867004
74,2,GSM331583,1,0.22790959477424622
74,2,GSM331588,1,0.20127683877944946
74,2,GSM331589,1,0.36743754148483276
74,2,GSM331590,1,0.5314244627952576
74,2,GSM331593,1,0.20041127502918243
74,2,GSM331594,1,0.579162061214447
74,2,GSM331596,1,0.3144952356815338
74,2,GSM331599,1,0.6948702335357666
74,2,GSM331600,1,0.8225688934326172
74,2,GSM331602,1,0.3051397204399109
74,2,GSM331603,1,0.45933544635772705
74,2,GSM331605,1,0.6694262027740479
74,2,GSM331606,1,0.21891921758651733
74,2,GSM331607,1,0.6881340146064758
74,2,GSM331610,1,0.46591511368751526
74,2,GSM331611,1,0.37729907035827637
74,2,GSM331613,1,0.2876169681549072
74,2,GSM331615,1,0.3796076476573944
74,2,GSM331616,1,0.2137397974729538
74,2,GSM331620,1,0.5326125621795654
74,2,GSM331622,1,0.5903393626213074
74,2,GSM331627,1,0.4096100926399231
74,2,GSM331631,1,0.3298042118549347
74,2,GSM331634,1,0.32718226313591003
74,2,GSM331636,1,0.4357979893684387
74,2,GSM331640,1,0.2434397041797638
74,2,GSM331641,1,0.5720612406730652
74,2,GSM331642,1,0.41114339232444763
74,2,GSM331644,1,0.43185165524482727
74,2,GSM331645,1,0.30408358573913574
74,2,GSM331646,1,0.24694281816482544
74,2,GSM331647,1,0.3918136954307556
74,2,GSM331649,1,0.44363635778427124
74,2,GSM331650,1,0.498416930437088
74,2,GSM331652,1,0.5982054471969604
74,2,GSM331653,1,0.37516799569129944
74,2,GSM331656,1,0.1627272069454193
74,2,GSM331657,1,0.8058237433433533
74,2,GSM331658,1,0.7087243795394897
74,2,GSM331659,1,0.87943035364151
75,1,GSM331661,0,0.7344147562980652
75,1,GSM331664,0,0.31115660071372986
75,1,GSM331665,0,0.8142847418785095
75,1,GSM331666,0,0.16879992187023163
75,1,GSM331668,0,0.6984935998916626
75,1,GSM331672,0,0.6194123029708862
75,1,GSM331673,0,0.41947126388549805
75,1,GSM331674,0,0.7218034863471985
75,1,GSM331675,0,0.03649044781923294
75,1,GSM331676,0,0.7439073920249939
75,1,GSM331679,0,0.4393238127231598
75,1,GSM331681,0,0.5916218757629395
75,1,GSM331683,0,0.8538112640380859
75,1,GSM331684,0,0.16901612281799316
75,1,GSM331692,0,0.1662364900112152
75,1,GSM331693,0,0.34686577320098877
75,1,GSM331695,0,0.4485523998737335
75,1,GSM331699,0,0.6250332593917847
75,1,GSM331700,0,0.636671781539917
75,1,GSM331702,0,0.6510844230651855
75,1,GSM331703,0,0.5508126020431519
75,1,GSM331705,0,0.3126080334186554
75,1,GSM331706,0,0.9329996109008789
75,1,GSM331707,0,0.6331974267959595
75,1,GSM331708,0,0.8392246961593628
75,1,GSM331709,0,0.2694654166698456
75,1,GSM331713,0,0.27059805393218994
75,1,GSM331714,0,0.8506571054458618
75,1,GSM331716,0,0.9803842902183533
75,1,GSM331720,0,0.456254243850708
75,1,GSM331721,0,0.9433679580688477
75,1,GSM331723,0,0.8469750285148621
75,1,GSM331724,0,0.21761074662208557
75,1,GSM331726,0,0.07814747095108032
75,1,GSM331727,0,0.3939700126647949
75,1,GSM331729,0,0.10478106886148453
75,1,GSM331731,0,0.8880839943885803
75,1,GSM331454,1,0.8136346340179443
75,1,GSM331455,1,0.13025060296058655
75,1,GSM331459,1,0.9190618395805359
75,1,GSM331460,1,0.7720257639884949
75,1,GSM331464,1,0.2500150203704834
75,1,GSM331466,1,0.4461819529533386
75,1,GSM331468,1,0.4338032901287079
75,1,GSM331470,1,0.8462045192718506
75,1,GSM331474,1,0.21896450221538544
75,1,GSM331475,1,0.2613573372364044
75,1,GSM331477,1,0.36776086688041687
75,1,GSM331478,1,0.3598252832889557
75,1,GSM331479,1,0.2263568639755249
75,1,GSM331483,1,0.48576319217681885
75,1,GSM331484,1,0.06829946488142014
75,1,GSM331485,1,0.8199633955955505
75,1,GSM331487,1,0.8120450377464294
75,1,GSM331488,1,0.6702792644500732
75,1,GSM331489,1,0.5806246995925903
75,1,GSM331494,1,0.9032915830612183
75,1,GSM331495,1,0.4515814781188965
75,1,GSM331496,1,0.16432012617588043
75,1,GSM331497,1,0.7176298499107361
75,1,GSM331498,1,0.3532412648200989
75,1,GSM331500,1,0.3143707513809204
75,1,GSM331504,1,0.4905789792537689
75,1,GSM331505,1,0.5820633172988892
75,1,GSM331506,1,0.7268545031547546
75,1,GSM331507,1,0.2705811858177185
75,1,GSM331508,1,0.6713685989379883
75,1,GSM331509,1,0.26672545075416565
75,1,GSM331510,1,0.4391878843307495
75,1,GSM331511,1,0.668548583984375
75,1,GSM331512,1,0.6154525279998779
75,1,GSM331513,1,0.7923805117607117
75,1,GSM331519,1,0.3392668068408966
75,1,GSM331523,1,0.4804937541484833
75,1,GSM331524,1,0.5088280439376831
75,1,GSM331526,1,0.5675930976867676
75,1,GSM331527,1,0.3880388140678406
75,1,GSM331529,1,0.29038408398628235
75,1,GSM331530,1,0.21736763417720795
75,1,GSM331531,1,0.3268727958202362
75,1,GSM331533,1,0.8353766202926636
75,1,GSM331534,1,0.6514588594436646
75,1,GSM331538,1,0.09429628401994705
75,1,GSM331539,1,0.6347327828407288
75,1,GSM331540,1,0.5101189017295837
75,1,GSM331542,1,0.40336912870407104
75,1,GSM331544,1,0.20693594217300415
75,1,GSM331545,1,0.7965484857559204
75,1,GSM331548,1,0.8341198563575745
75,1,GSM331549,1,0.8871200680732727
75,1,GSM331553,1,0.8648378252983093
75,1,GSM331557,1,0.634534478187561
75,1,GSM331558,1,0.10171090811491013
75,1,GSM331560,1,0.567343533039093
75,1,GSM331563,1,0.780470073223114
75,1,GSM331564,1,0.4541947543621063
75,1,GSM331565,1,0.8301616311073303
75,1,GSM331569,1,0.5319921970367432
75,1,GSM331571,1,0.6789773106575012
75,1,GSM331573,1,0.8156765699386597
75,1,GSM331576,1,0.5763635039329529
75,1,GSM331580,1,0.47399017214775085
75,1,GSM331581,1,0.10995753109455109
75,1,GSM331582,1,0.556884765625
75,1,GSM331583,1,0.30616018176078796
75,1,GSM331584,1,0.1547308713197708
75,1,GSM331585,1,0.5816733241081238
75,1,GSM331586,1,0.2638225555419922
75,1,GSM331594,1,0.47827014327049255
75,1,GSM331596,1,0.5354682207107544
75,1,GSM331597,1,0.4601620137691498
75,1,GSM331598,1,0.5436879396438599
75,1,GSM331601,1,0.16348981857299805
75,1,GSM331603,1,0.2962093949317932
75,1,GSM331604,1,0.23030613362789154
75,1,GSM331605,1,0.7176327109336853
75,1,GSM331606,1,0.13464078307151794
75,1,GSM331609,1,0.488524854183197
75,1,GSM331611,1,0.48343825340270996
75,1,GSM331615,1,0.26225054264068604
75,1,GSM331616,1,0.41709765791893005
75,1,GSM331617,1,0.7372444272041321
75,1,GSM331618,1,0.4920367896556854
75,1,GSM331621,1,0.4342554211616516
75,1,GSM331624,1,0.6722207069396973
75,1,GSM331625,1,0.73211270570755
75,1,GSM331626,1,0.1470511555671692
75,1,GSM331630,1,0.24518397450447083
75,1,GSM331631,1,0.24963527917861938
75,1,GSM331632,1,0.18772846460342407
75,1,GSM331633,1,0.0835820809006691
75,1,GSM331634,1,0.23398028314113617
75,1,GSM331640,1,0.08971172571182251
75,1,GSM331644,1,0.3286758065223694
75,1,GSM331646,1,0.23945754766464233
75,1,GSM331650,1,0.3168639540672302
75,1,GSM331651,1,0.3427853584289551
75,1,GSM331652,1,0.9052048921585083
75,1,GSM331655,1,0.2387239933013916
75,1,GSM331657,1,0.7464279532432556
75,2,GSM331638,0,0.37328994274139404
75,2,GSM331660,0,0.18287023901939392
75,2,GSM331662,0,0.5524468421936035
75,2,GSM331663,0,0.39560598134994507
75,2,GSM331669,0,0.9585478901863098
75,2,GSM331670,0,0.5278664231300354
75,2,GSM331671,0,0.6395756602287292
75,2,GSM331677,0,0.2639865279197693
75,2,GSM331678,0,0.10634075105190277
75,2,GSM331680,0,0.5074725151062012
75,2,GSM331682,0,0.6047430634498596
75,2,GSM331685,0,0.19706998765468597
75,2,GSM331686,0,0.5905002951622009
75,2,GSM331687,0,0.16893348097801208
75,2,GSM331688,0,0.695144534111023
75,2,GSM331689,0,0.397776335477829
75,2,GSM331690,0,0.8531733751296997
75,2,GSM331691,0,0.4757150113582611
75,2,GSM331694,0,0.30937501788139343
75,2,GSM331696,0,0.4391338527202606
75,2,GSM331697,0,0.28406503796577454
75,2,GSM331698,0,0.35566768050193787
75,2,GSM331701,0,0.29011407494544983
75,2,GSM331704,0,0.5967506766319275
75,2,GSM331710,0,0.08375981450080872
75,2,GSM331711,0,0.6351770758628845
75,2,GSM331712,0,0.5366171598434448
75,2,GSM331715,0,0.34353646636009216
75,2,GSM331717,0,0.7317344546318054
75,2,GSM331718,0,0.7280707955360413
75,2,GSM331719,0,0.07030846178531647
75,2,GSM331722,0,0.5227866172790527
75,2,GSM331725,0,0.7750558853149414
75,2,GSM331728,0,0.11542735248804092
75,2,GSM331730,0,0.37017568945884705
75,2,GSM331732,0,0.8069599270820618
75,2,GSM331453,1,0.2932256758213043
75,2,GSM331456,1,0.4678911566734314
75,2,GSM331457,1,0.5057229995727539
75,2,GSM331458,1,0.47193580865859985
75,2,GSM331461,1,0.2183738499879837
75,2,GSM331462,1,0.7746460437774658
75,2,GSM331463,1,0.13007338345050812
75,2,GSM331465,1,0.4295386075973511
75,2,GSM331467,1,0.22720766067504883
75,2,GSM331469,1,0.522262692451477
75,2,GSM331471,1,0.8857156038284302
75,2,GSM331472,1,0.26283028721809387
75,2,GSM331473,1,0.13216494023799896
75,2,GSM331476,1,0.3715837299823761
75,2,GSM331480,1,0.6753379702568054
75,2,GSM331481,1,0.7749170064926147
75,2,GSM331482,1,0.22233259677886963
75,2,GSM331486,1,0.6331719756126404
75,2,GSM331490,1,0.34740355610847473
75,2,GSM331491,1,0.719237744808197
75,2,GSM331492,1,0.3895737826824188
75,2,GSM331493,1,0.15302525460720062
75,2,GSM331499,1,0.17887964844703674
75,2,GSM331501,1,0.34199684858322144
75,2,GSM331502,1,0.8810839653015137
75,2,GSM331503,1,0.3373861312866211
75,2,GSM331514,1,0.19217391312122345
75,2,GSM331515,1,0.26841893792152405
75,2,GSM331516,1,0.6340026259422302
75,2,GSM331517,1,0.7802321314811707
75,2,GSM331518,1,0.4959307014942169
75,2,GSM331520,1,0.7306662797927856
75,2,GSM331521,1,0.2110888659954071
75,2,GSM331522,1,0.1765919029712677
75,2,GSM331525,1,0.21106302738189697
75,2,GSM331528,1,0.5561035871505737
75,2,GSM331532,1,0.1568642109632492
75,2,GSM331535,1,0.5931850671768188
75,2,GSM331536,1,0.18544895946979523
75,2,GSM331537,1,0.7329837679862976
75,2,GSM331541,1,0.7424840927124023
75,2,GSM331543,1,0.5735031962394714
75,2,GSM331546,1,0.5302414298057556
75,2,GSM331547,1,0.4321618974208832
75,2,GSM331550,1,0.15493957698345184
75,2,GSM331551,1,0.5285202860832214
75,2,GSM331552,1,0.33510085940361023
75,2,GSM331554,1,0.22504721581935883
75,2,GSM331555,1,0.18361137807369232
75,2,GSM331556,1,0.47974693775177
75,2,GSM331559,1,0.862421989440918
75,2,GSM331561,1,0.6454891562461853
75,2,GSM331562,1,0.2304949164390564
75,2,GSM331566,1,0.5532060861587524
75,2,GSM331567,1,0.36486580967903137
75,2,GSM331568,1,0.8488091826438904
75,2,GSM331570,1,0.5156712532043457
75,2,GSM331572,1,0.5141783952713013
75,2,GSM331574,1,0.4622606039047241
75,2,GSM331575,1,0.5784590244293213
75,2,GSM331577,1,0.5294710397720337
75,2,GSM331578,1,0.6774269938468933
75,2,GSM331579,1,0.38976728916168213
75,2,GSM331587,1,0.6991316080093384
75,2,GSM331588,1,0.5039805769920349
75,2,GSM331589,1,0.5867148637771606
75,2,GSM331590,1,0.5005092024803162
75,2,GSM331591,1,0.8701399564743042
75,2,GSM331592,1,0.5645641088485718
75,2,GSM331593,1,0.15287818014621735
75,2,GSM331595,1,0.6346561312675476
75,2,GSM331599,1,0.8143795728683472
75,2,GSM331600,1,0.9026868939399719
75,2,GSM331602,1,0.35133129358291626
75,2,GSM331607,1,0.9127772450447083
75,2,GSM331608,1,0.09251108020544052
75,2,GSM331610,1,0.7740625143051147
75,2,GSM331612,1,0.8502712249755859
75,2,GSM331613,1,0.34987056255340576
75,2,GSM331614,1,0.514566957950592
75,2,GSM331619,1,0.46979379653930664
75,2,GSM331620,1,0.34633609652519226
75,2,GSM331622,1,0.8477434515953064
75,2,GSM331623,1,0.16518722474575043
75,2,GSM331627,1,0.58014976978302
75,2,GSM331628,1,0.5047661066055298
75,2,GSM331629,1,0.07478733360767365
75,2,GSM331635,1,0.11044653505086899
75,2,GSM331636,1,0.14495353400707245
75,2,GSM331637,1,0.4387282133102417
75,2,GSM331639,1,0.34250858426094055
75,2,GSM331641,1,0.5883655548095703
75,2,GSM331642,1,0.4777909517288208
75,2,GSM331643,1,0.8633463382720947
75,2,GSM331645,1,0.1281989961862564
75,2,GSM331647,1,0.3755475580692291
75,2,GSM331648,1,0.41388270258903503
75,2,GSM331649,1,0.5949541926383972
75,2,GSM331653,1,0.5337173342704773
75,2,GSM331654,1,0.8632689714431763
75,2,GSM331656,1,0.1393120437860489
75,2,GSM331658,1,0.7794296145439148
75,2,GSM331659,1,0.8703171014785767
76,1,GSM331638,0,0.2533625066280365
76,1,GSM331663,0,0.27949750423431396
76,1,GSM331670,0,0.24193133413791656
76,1,GSM331674,0,0.7591796517372131
76,1,GSM331676,0,0.5480239987373352
76,1,GSM331677,0,0.27865540981292725
76,1,GSM331678,0,0.09971356391906738
76,1,GSM331681,0,0.33271312713623047
76,1,GSM331682,0,0.5150306820869446
76,1,GSM331684,0,0.26769086718559265
76,1,GSM331686,0,0.8196065425872803
76,1,GSM331690,0,0.6573817133903503
76,1,GSM331691,0,0.4559428095817566
76,1,GSM331693,0,0.484856516122818
76,1,GSM331695,0,0.37049442529678345
76,1,GSM331696,0,0.2324538230895996
76,1,GSM331698,0,0.17140986025333405
76,1,GSM331701,0,0.26999589800834656
76,1,GSM331702,0,0.5722910761833191
76,1,GSM331704,0,0.6441639065742493
76,1,GSM331705,0,0.466007798910141
76,1,GSM331706,0,0.8829728364944458
76,1,GSM331708,0,0.7690350413322449
76,1,GSM331710,0,0.12035834789276123
76,1,GSM331712,0,0.3248542845249176
76,1,GSM331714,0,0.7633886933326721
76,1,GSM331716,0,0.964730441570282
76,1,GSM331717,0,0.6010695099830627
76,1,GSM331718,0,0.6522964835166931
76,1,GSM331724,0,0.49010351300239563
76,1,GSM331725,0,0.6630287766456604
76,1,GSM331727,0,0.2498319000005722
76,1,GSM331728,0,0.18492445349693298
76,1,GSM331729,0,0.1417701095342636
76,1,GSM331730,0,0.5613890290260315
76,1,GSM331731,0,0.6652176380157471
76,1,GSM331732,0,0.7154706716537476
76,1,GSM331454,1,0.6517763733863831
76,1,GSM331456,1,0.403493195772171
76,1,GSM331457,1,0.7093827724456787
76,1,GSM331460,1,0.5963453650474548
76,1,GSM331462,1,0.6949506998062134
76,1,GSM331463,1,0.4549916982650757
76,1,GSM331464,1,0.45614615082740784
76,1,GSM331465,1,0.38439762592315674
76,1,GSM331469,1,0.5518571734428406
76,1,GSM331470,1,0.36861297488212585
76,1,GSM331471,1,0.5949125289916992
76,1,GSM331472,1,0.47444698214530945
76,1,GSM331475,1,0.23286014795303345
76,1,GSM331481,1,0.6996506452560425
76,1,GSM331482,1,0.34438326954841614
76,1,GSM331483,1,0.7180438041687012
76,1,GSM331484,1,0.19178450107574463
76,1,GSM331487,1,0.8705751299858093
76,1,GSM331488,1,0.41068094968795776
76,1,GSM331493,1,0.3587758243083954
76,1,GSM331496,1,0.41027897596359253
76,1,GSM331497,1,0.46737971901893616
76,1,GSM331498,1,0.451374351978302
76,1,GSM331499,1,0.31480872631073
76,1,GSM331500,1,0.5886910557746887
76,1,GSM331501,1,0.5791123509407043
76,1,GSM331503,1,0.26435986161231995
76,1,GSM331504,1,0.5473929047584534
76,1,GSM331505,1,0.9048646092414856
76,1,GSM331509,1,0.3180893659591675
76,1,GSM331512,1,0.3954462707042694
76,1,GSM331513,1,0.6893909573554993
76,1,GSM331514,1,0.5195492506027222
76,1,GSM331515,1,0.24078017473220825
76,1,GSM331516,1,0.5240387320518494
76,1,GSM331517,1,0.3299408555030823
76,1,GSM331518,1,0.37732261419296265
76,1,GSM331519,1,0.24244840443134308
76,1,GSM331521,1,0.6428249478340149
76,1,GSM331523,1,0.7473788261413574
76,1,GSM331525,1,0.3937765955924988
76,1,GSM331528,1,0.3727874457836151
76,1,GSM331529,1,0.2716110050678253
76,1,GSM331532,1,0.4593067765235901
76,1,GSM331535,1,0.4868573248386383
76,1,GSM331536,1,0.7293397784233093
76,1,GSM331539,1,0.4342280328273773
76,1,GSM331543,1,0.7216241359710693
76,1,GSM331545,1,0.7585678696632385
76,1,GSM331546,1,0.6179171204566956
76,1,GSM331552,1,0.2046261876821518
76,1,GSM331555,1,0.16733300685882568
76,1,GSM331556,1,0.7071961760520935
76,1,GSM331557,1,0.6380845308303833
76,1,GSM331559,1,0.6597619652748108
76,1,GSM331560,1,0.3478420078754425
76,1,GSM331562,1,0.5346272587776184
76,1,GSM331566,1,0.76180499792099
76,1,GSM331567,1,0.4541327655315399
76,1,GSM331569,1,0.5543122887611389
76,1,GSM331570,1,0.41589808464050293
76,1,GSM331575,1,0.8507529497146606
76,1,GSM331576,1,0.33309829235076904
76,1,GSM331577,1,0.49097177386283875
76,1,GSM331579,1,0.4487092196941376
76,1,GSM331581,1,0.2363540530204773
76,1,GSM331582,1,0.5053510069847107
76,1,GSM331584,1,0.193890780210495
76,1,GSM331585,1,0.6873024106025696
76,1,GSM331587,1,0.5532588362693787
76,1,GSM331588,1,0.4920456111431122
76,1,GSM331589,1,0.21550971269607544
76,1,GSM331590,1,0.5724338889122009
76,1,GSM331591,1,0.8328447937965393
76,1,GSM331595,1,0.797989010810852
76,1,GSM331597,1,0.23286306858062744
76,1,GSM331601,1,0.11638239026069641
76,1,GSM331602,1,0.3220518231391907
76,1,GSM331605,1,0.5754973292350769
76,1,GSM331606,1,0.2109048217535019
76,1,GSM331607,1,0.8087294101715088
76,1,GSM331609,1,0.7176103591918945
76,1,GSM331610,1,0.9004366993904114
76,1,GSM331613,1,0.48510879278182983
76,1,GSM331614,1,0.35553282499313354
76,1,GSM331619,1,0.1923678070306778
76,1,GSM331624,1,0.2821390628814697
76,1,GSM331625,1,0.6241233348846436
76,1,GSM331626,1,0.1513969749212265
76,1,GSM331627,1,0.46789422631263733
76,1,GSM331628,1,0.4194968342781067
76,1,GSM331633,1,0.32137858867645264
76,1,GSM331636,1,0.28558221459388733
76,1,GSM331641,1,0.31231948733329773
76,1,GSM331643,1,0.7945007085800171
76,1,GSM331646,1,0.35863596200942993
76,1,GSM331649,1,0.6541407108306885
76,1,GSM331650,1,0.48283204436302185
76,1,GSM331652,1,0.7644960880279541
76,1,GSM331655,1,0.5944600105285645
76,1,GSM331656,1,0.276080846786499
76,1,GSM331657,1,0.9360073208808899
76,1,GSM331658,1,0.7480060458183289
76,2,GSM331660,0,0.19182656705379486
76,2,GSM331661,0,0.6198577284812927
76,2,GSM331662,0,0.6428017020225525
76,2,GSM331664,0,0.4705125093460083
76,2,GSM331665,0,0.6197353601455688
76,2,GSM331666,0,0.2784976065158844
76,2,GSM331668,0,0.49246537685394287
76,2,GSM331669,0,0.9268604516983032
76,2,GSM331671,0,0.8611720204353333
76,2,GSM331672,0,0.5319328904151917
76,2,GSM331673,0,0.48034363985061646
76,2,GSM331675,0,0.08441329747438431
76,2,GSM331679,0,0.29280006885528564
76,2,GSM331680,0,0.4388020932674408
76,2,GSM331683,0,0.4934772551059723
76,2,GSM331685,0,0.4069187045097351
76,2,GSM331687,0,0.32616427540779114
76,2,GSM331688,0,0.6834709644317627
76,2,GSM331689,0,0.28016796708106995
76,2,GSM331692,0,0.18447692692279816
76,2,GSM331694,0,0.24436691403388977
76,2,GSM331697,0,0.457344651222229
76,2,GSM331699,0,0.6891540884971619
76,2,GSM331700,0,0.6157411932945251
76,2,GSM331703,0,0.7808414101600647
76,2,GSM331707,0,0.7982226610183716
76,2,GSM331709,0,0.28058817982673645
76,2,GSM331711,0,0.6486610770225525
76,2,GSM331713,0,0.4572613835334778
76,2,GSM331715,0,0.26722612977027893
76,2,GSM331719,0,0.08425970375537872
76,2,GSM331720,0,0.42873507738113403
76,2,GSM331721,0,0.8914931416511536
76,2,GSM331722,0,0.22322675585746765
76,2,GSM331723,0,0.6292834877967834
76,2,GSM331726,0,0.31015411019325256
76,2,GSM331453,1,0.43855834007263184
76,2,GSM331455,1,0.20690856873989105
76,2,GSM331458,1,0.5020992159843445
76,2,GSM331459,1,0.7554891109466553
76,2,GSM331461,1,0.38454145193099976
76,2,GSM331466,1,0.6948385834693909
76,2,GSM331467,1,0.10919744521379471
76,2,GSM331468,1,0.24361254274845123
76,2,GSM331473,1,0.29820704460144043
76,2,GSM331474,1,0.5273593664169312
76,2,GSM331476,1,0.5187762975692749
76,2,GSM331477,1,0.4186359643936157
76,2,GSM331478,1,0.5653682947158813
76,2,GSM331479,1,0.5730479955673218
76,2,GSM331480,1,0.34953293204307556
76,2,GSM331485,1,0.6266370415687561
76,2,GSM331486,1,0.6272478699684143
76,2,GSM331489,1,0.4459903836250305
76,2,GSM331490,1,0.3837454617023468
76,2,GSM331491,1,0.4856792688369751
76,2,GSM331492,1,0.2713048458099365
76,2,GSM331494,1,0.8425729274749756
76,2,GSM331495,1,0.47580453753471375
76,2,GSM331502,1,0.6720374822616577
76,2,GSM331506,1,0.41109469532966614
76,2,GSM331507,1,0.1398652195930481
76,2,GSM331508,1,0.6388368010520935
76,2,GSM331510,1,0.45728421211242676
76,2,GSM331511,1,0.445420503616333
76,2,GSM331520,1,0.5743076801300049
76,2,GSM331522,1,0.1866917908191681
76,2,GSM331524,1,0.3328701853752136
76,2,GSM331526,1,0.7730785608291626
76,2,GSM331527,1,0.4819577634334564
76,2,GSM331530,1,0.260915607213974
76,2,GSM331531,1,0.47107988595962524
76,2,GSM331533,1,0.5461685061454773
76,2,GSM331534,1,0.6207813620567322
76,2,GSM331537,1,0.5897186994552612
76,2,GSM331538,1,0.15912681818008423
76,2,GSM331540,1,0.450582891702652
76,2,GSM331541,1,0.6666079163551331
76,2,GSM331542,1,0.3633468747138977
76,2,GSM331544,1,0.36462631821632385
76,2,GSM331547,1,0.4744734466075897
76,2,GSM331548,1,0.7095471024513245
76,2,GSM331549,1,0.6809619069099426
76,2,GSM331550,1,0.5995726585388184
76,2,GSM331551,1,0.448885977268219
76,2,GSM331553,1,0.8297494053840637
76,2,GSM331554,1,0.23400239646434784
76,2,GSM331558,1,0.05590695142745972
76,2,GSM331561,1,0.7827561497688293
76,2,GSM331563,1,0.5954463481903076
76,2,GSM331564,1,0.4539639949798584
76,2,GSM331565,1,0.5351352691650391
76,2,GSM331568,1,0.8382956981658936
76,2,GSM331571,1,0.706032395362854
76,2,GSM331572,1,0.28935202956199646
76,2,GSM331573,1,0.786497950553894
76,2,GSM331574,1,0.40321192145347595
76,2,GSM331578,1,0.6472956538200378
76,2,GSM331580,1,0.4129236936569214
76,2,GSM331583,1,0.42819875478744507
76,2,GSM331586,1,0.24552218616008759
76,2,GSM331592,1,0.4456045925617218
76,2,GSM331593,1,0.613134503364563
76,2,GSM331594,1,0.4830435812473297
76,2,GSM331596,1,0.4242405295372009
76,2,GSM331598,1,0.2852156162261963
76,2,GSM331599,1,0.8622589111328125
76,2,GSM331600,1,0.7459664940834045
76,2,GSM331603,1,0.5534326434135437
76,2,GSM331604,1,0.6731048226356506
76,2,GSM331608,1,0.09665863960981369
76,2,GSM331611,1,0.757195234298706
76,2,GSM331612,1,0.7087639570236206
76,2,GSM331615,1,0.5824503898620605
76,2,GSM331616,1,0.4923102855682373
76,2,GSM331617,1,0.6625626683235168
76,2,GSM331618,1,0.5278191566467285
76,2,GSM331620,1,0.5639228820800781
76,2,GSM331621,1,0.545741856098175
76,2,GSM331622,1,0.6100502610206604
76,2,GSM331623,1,0.09544330835342407
76,2,GSM331629,1,0.060472775250673294
76,2,GSM331630,1,0.5889192223548889
76,2,GSM331631,1,0.433148056268692
76,2,GSM331632,1,0.4504314363002777
76,2,GSM331634,1,0.41711902618408203
76,2,GSM331635,1,0.36245620250701904
76,2,GSM331637,1,0.4423367977142334
76,2,GSM331639,1,0.4512172043323517
76,2,GSM331640,1,0.20637895166873932
76,2,GSM331642,1,0.46302810311317444
76,2,GSM331644,1,0.523054301738739
76,2,GSM331645,1,0.10137803852558136
76,2,GSM331647,1,0.4693982005119324
76,2,GSM331648,1,0.433827668428421
76,2,GSM331651,1,0.3135770857334137
76,2,GSM331653,1,0.24152050912380219
76,2,GSM331654,1,0.7463167905807495
76,2,GSM331659,1,0.8186798691749573
77,1,GSM331663,0,0.3430854380130768
77,1,GSM331668,0,0.43950819969177246
77,1,GSM331669,0,0.8583358526229858
77,1,GSM331672,0,0.5633140802383423
77,1,GSM331673,0,0.4771192967891693
77,1,GSM331674,0,0.38540053367614746
77,1,GSM331675,0,0.16998876631259918
77,1,GSM331676,0,0.48759785294532776
77,1,GSM331677,0,0.30101102590560913
77,1,GSM331678,0,0.15412795543670654
77,1,GSM331679,0,0.4023224413394928
77,1,GSM331680,0,0.6012735366821289
77,1,GSM331681,0,0.624886691570282
77,1,GSM331685,0,0.2897469699382782
77,1,GSM331686,0,0.8029371500015259
77,1,GSM331692,0,0.20437711477279663
77,1,GSM331693,0,0.5001755952835083
77,1,GSM331695,0,0.3390515148639679
77,1,GSM331698,0,0.3237142562866211
77,1,GSM331699,0,0.5435513257980347
77,1,GSM331701,0,0.3373141586780548
77,1,GSM331704,0,0.6842039227485657
77,1,GSM331705,0,0.5444397330284119
77,1,GSM331706,0,0.8553298115730286
77,1,GSM331707,0,0.5915671586990356
77,1,GSM331709,0,0.1539161503314972
77,1,GSM331712,0,0.49119889736175537
77,1,GSM331719,0,0.21509741246700287
77,1,GSM331721,0,0.5868862271308899
77,1,GSM331723,0,0.7499721050262451
77,1,GSM331724,0,0.45552581548690796
77,1,GSM331726,0,0.24241000413894653
77,1,GSM331728,0,0.10261493176221848
77,1,GSM331729,0,0.10197368264198303
77,1,GSM331730,0,0.5957959294319153
77,1,GSM331731,0,0.7318720817565918
77,1,GSM331732,0,0.7175731062889099
77,1,GSM331454,1,0.6623926758766174
77,1,GSM331456,1,0.7655186057090759
77,1,GSM331457,1,0.7175500392913818
77,1,GSM331458,1,0.45136627554893494
77,1,GSM331459,1,0.8321406841278076
77,1,GSM331460,1,0.5556551814079285
77,1,GSM331463,1,0.44560733437538147
77,1,GSM331464,1,0.5389708280563354
77,1,GSM331466,1,0.6227241158485413
77,1,GSM331468,1,0.4521077573299408
77,1,GSM331469,1,0.4108162224292755
77,1,GSM331470,1,0.31344273686408997
77,1,GSM331472,1,0.43768611550331116
77,1,GSM331473,1,0.4246906042098999
77,1,GSM331477,1,0.4221530258655548
77,1,GSM331478,1,0.6521034240722656
77,1,GSM331479,1,0.3921080529689789
77,1,GSM331483,1,0.6954443454742432
77,1,GSM331487,1,0.7395800352096558
77,1,GSM331490,1,0.4132956862449646
77,1,GSM331493,1,0.4038008153438568
77,1,GSM331494,1,0.7881413698196411
77,1,GSM331497,1,0.6565867066383362
77,1,GSM331499,1,0.32953187823295593
77,1,GSM331500,1,0.5006908774375916
77,1,GSM331502,1,0.8522515296936035
77,1,GSM331503,1,0.5378840565681458
77,1,GSM331506,1,0.598272979259491
77,1,GSM331508,1,0.7674400806427002
77,1,GSM331510,1,0.37593522667884827
77,1,GSM331512,1,0.44011595845222473
77,1,GSM331514,1,0.5788870453834534
77,1,GSM331519,1,0.3782302439212799
77,1,GSM331523,1,0.8129809498786926
77,1,GSM331526,1,0.80062335729599
77,1,GSM331527,1,0.34491440653800964
77,1,GSM331532,1,0.39303550124168396
77,1,GSM331534,1,0.6779674291610718
77,1,GSM331537,1,0.7603824138641357
77,1,GSM331538,1,0.37386375665664673
77,1,GSM331539,1,0.39013808965682983
77,1,GSM331542,1,0.48886212706565857
77,1,GSM331543,1,0.8287881016731262
77,1,GSM331545,1,0.7868606448173523
77,1,GSM331546,1,0.7226759791374207
77,1,GSM331550,1,0.3526291251182556
77,1,GSM331554,1,0.24593806266784668
77,1,GSM331555,1,0.10023873299360275
77,1,GSM331559,1,0.7211953401565552
77,1,GSM331562,1,0.6006802320480347
77,1,GSM331563,1,0.6401098966598511
77,1,GSM331564,1,0.3434828519821167
77,1,GSM331568,1,0.8340152502059937
77,1,GSM331569,1,0.4443078637123108
77,1,GSM331572,1,0.49615180492401123
77,1,GSM331573,1,0.8126203417778015
77,1,GSM331575,1,0.8410320281982422
77,1,GSM331576,1,0.3925129771232605
77,1,GSM331577,1,0.5460944771766663
77,1,GSM331578,1,0.8385026454925537
77,1,GSM331579,1,0.613222599029541
77,1,GSM331580,1,0.3863673210144043
77,1,GSM331582,1,0.5156359076499939
77,1,GSM331588,1,0.337467223405838
77,1,GSM331589,1,0.4670025408267975
77,1,GSM331592,1,0.5203221440315247
77,1,GSM331593,1,0.17646078765392303
77,1,GSM331594,1,0.5108876824378967
77,1,GSM331596,1,0.409831166267395
77,1,GSM331600,1,0.8687951564788818
77,1,GSM331601,1,0.21436618268489838
77,1,GSM331603,1,0.41894689202308655
77,1,GSM331604,1,0.24251271784305573
77,1,GSM331606,1,0.3014240264892578
77,1,GSM331608,1,0.1595216691493988
77,1,GSM331609,1,0.7604461312294006
77,1,GSM331610,1,0.6518789529800415
77,1,GSM331612,1,0.6673918962478638
77,1,GSM331613,1,0.41604936122894287
77,1,GSM331614,1,0.43037596344947815
77,1,GSM331617,1,0.7721717357635498
77,1,GSM331620,1,0.6333807706832886
77,1,GSM331622,1,0.818941056728363
77,1,GSM331624,1,0.40972819924354553
77,1,GSM331626,1,0.3912128508090973
77,1,GSM331627,1,0.5747525691986084
77,1,GSM331628,1,0.40879717469215393
77,1,GSM331630,1,0.4024536609649658
77,1,GSM331631,1,0.3534467816352844
77,1,GSM331634,1,0.25352978706359863
77,1,GSM331635,1,0.37239399552345276
77,1,GSM331636,1,0.21502840518951416
77,1,GSM331637,1,0.4926939904689789
77,1,GSM331639,1,0.38568270206451416
77,1,GSM331640,1,0.2591281235218048
77,1,GSM331641,1,0.5876073241233826
77,1,GSM331642,1,0.4130968749523163
77,1,GSM331643,1,0.7238100171089172
77,1,GSM331648,1,0.3936847150325775
77,1,GSM331649,1,0.729313313961029
77,1,GSM331652,1,0.7187884449958801
77,1,GSM331655,1,0.4907950460910797
77,1,GSM331657,1,0.89983731508255
77,2,GSM331638,0,0.31506478786468506
77,2,GSM331660,0,0.15252690017223358
77,2,GSM331661,0,0.7374169826507568
77,2,GSM331662,0,0.30146104097366333
77,2,GSM331664,0,0.17008726298809052
77,2,GSM331665,0,0.6167880892753601
77,2,GSM331666,0,0.3194475769996643
77,2,GSM331670,0,0.5843106508255005
77,2,GSM331671,0,0.663987398147583
77,2,GSM331682,0,0.594720184803009
77,2,GSM331683,0,0.5097467303276062
77,2,GSM331684,0,0.1598624736070633
77,2,GSM331687,0,0.26305851340293884
77,2,GSM331688,0,0.5386660099029541
77,2,GSM331689,0,0.1926940679550171
77,2,GSM331690,0,0.579077959060669
77,2,GSM331691,0,0.4124777615070343
77,2,GSM331694,0,0.2662421762943268
77,2,GSM331696,0,0.31743323802948
77,2,GSM331697,0,0.42329880595207214
77,2,GSM331700,0,0.321734219789505
77,2,GSM331702,0,0.7405958771705627
77,2,GSM331703,0,0.6261756420135498
77,2,GSM331708,0,0.8121500015258789
77,2,GSM331710,0,0.1026153415441513
77,2,GSM331711,0,0.48991745710372925
77,2,GSM331713,0,0.39260590076446533
77,2,GSM331714,0,0.658333420753479
77,2,GSM331715,0,0.3247670829296112
77,2,GSM331716,0,0.9613785147666931
77,2,GSM331717,0,0.7156635522842407
77,2,GSM331718,0,0.7256981134414673
77,2,GSM331720,0,0.40800097584724426
77,2,GSM331722,0,0.191979318857193
77,2,GSM331725,0,0.6500003337860107
77,2,GSM331727,0,0.30339333415031433
77,2,GSM331453,1,0.49415165185928345
77,2,GSM331455,1,0.34430360794067383
77,2,GSM331461,1,0.2909296751022339
77,2,GSM331462,1,0.6329989433288574
77,2,GSM331465,1,0.5408650636672974
77,2,GSM331467,1,0.3184282183647156
77,2,GSM331471,1,0.8519043922424316
77,2,GSM331474,1,0.42899730801582336
77,2,GSM331475,1,0.18262161314487457
77,2,GSM331476,1,0.6706450581550598
77,2,GSM331480,1,0.36341995000839233
77,2,GSM331481,1,0.6024516820907593
77,2,GSM331482,1,0.2543940544128418
77,2,GSM331484,1,0.2126387655735016
77,2,GSM331485,1,0.6476635932922363
77,2,GSM331486,1,0.5590360760688782
77,2,GSM331488,1,0.5613332390785217
77,2,GSM331489,1,0.6034965515136719
77,2,GSM331491,1,0.6823349595069885
77,2,GSM331492,1,0.5015912055969238
77,2,GSM331495,1,0.5469247102737427
77,2,GSM331496,1,0.1884826272726059
77,2,GSM331498,1,0.368606835603714
77,2,GSM331501,1,0.4440593421459198
77,2,GSM331504,1,0.5314236879348755
77,2,GSM331505,1,0.6952821612358093
77,2,GSM331507,1,0.1792701631784439
77,2,GSM331509,1,0.16819848120212555
77,2,GSM331511,1,0.7478746175765991
77,2,GSM331513,1,0.8085008263587952
77,2,GSM331515,1,0.1908210813999176
77,2,GSM331516,1,0.665913462638855
77,2,GSM331517,1,0.33135178685188293
77,2,GSM331518,1,0.32965779304504395
77,2,GSM331520,1,0.6302629113197327
77,2,GSM331521,1,0.3971836566925049
77,2,GSM331522,1,0.3223021626472473
77,2,GSM331524,1,0.3277600109577179
77,2,GSM331525,1,0.414470911026001
77,2,GSM331528,1,0.3889431655406952
77,2,GSM331529,1,0.25620418787002563
77,2,GSM331530,1,0.23922455310821533
77,2,GSM331531,1,0.4905158579349518
77,2,GSM331533,1,0.48619768023490906
77,2,GSM331535,1,0.5222674608230591
77,2,GSM331536,1,0.4486939609050751
77,2,GSM331540,1,0.5362086296081543
77,2,GSM331541,1,0.7703357934951782
77,2,GSM331544,1,0.2746296525001526
77,2,GSM331547,1,0.3127952814102173
77,2,GSM331548,1,0.46489638090133667
77,2,GSM331549,1,0.7884640693664551
77,2,GSM331551,1,0.5471776723861694
77,2,GSM331552,1,0.3802661895751953
77,2,GSM331553,1,0.8164176940917969
77,2,GSM331556,1,0.500286877155304
77,2,GSM331557,1,0.7069603800773621
77,2,GSM331558,1,0.18642084300518036
77,2,GSM331560,1,0.44224655628204346
77,2,GSM331561,1,0.3309210538864136
77,2,GSM331565,1,0.7907142639160156
77,2,GSM331566,1,0.5909444689750671
77,2,GSM331567,1,0.49707740545272827
77,2,GSM331570,1,0.5204574465751648
77,2,GSM331571,1,0.5873228907585144
77,2,GSM331574,1,0.33127468824386597
77,2,GSM331581,1,0.26364338397979736
77,2,GSM331583,1,0.3172176778316498
77,2,GSM331584,1,0.1646568328142166
77,2,GSM331585,1,0.7880818843841553
77,2,GSM331586,1,0.22431372106075287
77,2,GSM331587,1,0.42185771465301514
77,2,GSM331590,1,0.5899712443351746
77,2,GSM331591,1,0.7144514918327332
77,2,GSM331595,1,0.6703925132751465
77,2,GSM331597,1,0.6916252374649048
77,2,GSM331598,1,0.4478375017642975
77,2,GSM331599,1,0.6769760251045227
77,2,GSM331602,1,0.4756735563278198
77,2,GSM331605,1,0.6876934170722961
77,2,GSM331607,1,0.6884510517120361
77,2,GSM331611,1,0.36101824045181274
77,2,GSM331615,1,0.7499496340751648
77,2,GSM331616,1,0.4795428216457367
77,2,GSM331618,1,0.8220524191856384
77,2,GSM331619,1,0.338014155626297
77,2,GSM331621,1,0.535199761390686
77,2,GSM331623,1,0.15367989242076874
77,2,GSM331625,1,0.6534982323646545
77,2,GSM331629,1,0.11663315445184708
77,2,GSM331632,1,0.4976487159729004
77,2,GSM331633,1,0.3101441562175751
77,2,GSM331644,1,0.5903327465057373
77,2,GSM331645,1,0.3705613613128662
77,2,GSM331646,1,0.3643384277820587
77,2,GSM331647,1,0.5368068218231201
77,2,GSM331650,1,0.6891178488731384
77,2,GSM331651,1,0.264129102230072
77,2,GSM331653,1,0.3727152347564697
77,2,GSM331654,1,0.7896709442138672
77,2,GSM331656,1,0.26486799120903015
77,2,GSM331658,1,0.6545780897140503
77,2,GSM331659,1,0.8572474718093872
78,1,GSM331638,0,0.44925951957702637
78,1,GSM331660,0,0.2812173664569855
78,1,GSM331666,0,0.36943766474723816
78,1,GSM331669,0,0.838547945022583
78,1,GSM331670,0,0.7299599647521973
78,1,GSM331672,0,0.5305684208869934
78,1,GSM331673,0,0.49707546830177307
78,1,GSM331674,0,0.6180276870727539
78,1,GSM331675,0,0.21692878007888794
78,1,GSM331679,0,0.37161076068878174
78,1,GSM331680,0,0.570644736289978
78,1,GSM331682,0,0.5445490479469299
78,1,GSM331688,0,0.5085830092430115
78,1,GSM331689,0,0.23188257217407227
78,1,GSM331692,0,0.1846720576286316
78,1,GSM331693,0,0.4879319965839386
78,1,GSM331694,0,0.337713360786438
78,1,GSM331696,0,0.46544089913368225
78,1,GSM331698,0,0.5078455805778503
78,1,GSM331699,0,0.6805912256240845
78,1,GSM331701,0,0.6722420454025269
78,1,GSM331702,0,0.7154198884963989
78,1,GSM331703,0,0.47271427512168884
78,1,GSM331707,0,0.7068743109703064
78,1,GSM331712,0,0.46111950278282166
78,1,GSM331714,0,0.626194953918457
78,1,GSM331715,0,0.564094066619873
78,1,GSM331716,0,0.9473339319229126
78,1,GSM331718,0,0.8492923974990845
78,1,GSM331720,0,0.586530864238739
78,1,GSM331721,0,0.8994256258010864
78,1,GSM331723,0,0.8984001874923706
78,1,GSM331724,0,0.49134165048599243
78,1,GSM331725,0,0.6731982827186584
78,1,GSM331727,0,0.3634340763092041
78,1,GSM331729,0,0.15383489429950714
78,1,GSM331732,0,0.7239294648170471
78,1,GSM331454,1,0.7172462344169617
78,1,GSM331455,1,0.39426931738853455
78,1,GSM331458,1,0.6000771522521973
78,1,GSM331459,1,0.8536317944526672
78,1,GSM331462,1,0.7383270263671875
78,1,GSM331464,1,0.519619882106781
78,1,GSM331465,1,0.45441845059394836
78,1,GSM331467,1,0.20614425837993622
78,1,GSM331468,1,0.5976816415786743
78,1,GSM331470,1,0.6082969307899475
78,1,GSM331472,1,0.3902386724948883
78,1,GSM331473,1,0.44267788529396057
78,1,GSM331474,1,0.49830126762390137
78,1,GSM331475,1,0.38632604479789734
78,1,GSM331478,1,0.6249704360961914
78,1,GSM331479,1,0.38306924700737
78,1,GSM331480,1,0.5344603061676025
78,1,GSM331483,1,0.7238678336143494
78,1,GSM331484,1,0.3125266432762146
78,1,GSM331486,1,0.7483959197998047
78,1,GSM331488,1,0.6000118255615234
78,1,GSM331489,1,0.6874278783798218
78,1,GSM331490,1,0.5623297095298767
78,1,GSM331491,1,0.7509179711341858
78,1,GSM331493,1,0.33914610743522644
78,1,GSM331503,1,0.587288498878479
78,1,GSM331504,1,0.7596743702888489
78,1,GSM331505,1,0.8091740012168884
78,1,GSM331506,1,0.6683381795883179
78,1,GSM331507,1,0.20367252826690674
78,1,GSM331508,1,0.6423022747039795
78,1,GSM331509,1,0.35584211349487305
78,1,GSM331512,1,0.5888197422027588
78,1,GSM331517,1,0.6800776124000549
78,1,GSM331518,1,0.3187110126018524
78,1,GSM331520,1,0.6862907409667969
78,1,GSM331521,1,0.5600615739822388
78,1,GSM331524,1,0.543537437915802
78,1,GSM331525,1,0.41651827096939087
78,1,GSM331527,1,0.519644558429718
78,1,GSM331529,1,0.31335774064064026
78,1,GSM331530,1,0.3530139923095703
78,1,GSM331532,1,0.661525309085846
78,1,GSM331534,1,0.782599925994873
78,1,GSM331541,1,0.7692724466323853
78,1,GSM331542,1,0.4404429793357849
78,1,GSM331544,1,0.4616602063179016
78,1,GSM331546,1,0.6326099634170532
78,1,GSM331550,1,0.4369451701641083
78,1,GSM331553,1,0.7216309905052185
78,1,GSM331556,1,0.6815218925476074
78,1,GSM331557,1,0.7373133897781372
78,1,GSM331558,1,0.2434680014848709
78,1,GSM331560,1,0.583441972732544
78,1,GSM331562,1,0.4878489673137665
78,1,GSM331563,1,0.7314513325691223
78,1,GSM331564,1,0.34466269612312317
78,1,GSM331566,1,0.6238650679588318
78,1,GSM331567,1,0.4669530391693115
78,1,GSM331568,1,0.8804265260696411
78,1,GSM331570,1,0.5730572938919067
78,1,GSM331571,1,0.6676096320152283
78,1,GSM331573,1,0.8484135866165161
78,1,GSM331574,1,0.30752474069595337
78,1,GSM331576,1,0.4456423223018646
78,1,GSM331577,1,0.6969391107559204
78,1,GSM331578,1,0.6826902031898499
78,1,GSM331585,1,0.7925940752029419
78,1,GSM331586,1,0.4223627746105194
78,1,GSM331587,1,0.416942834854126
78,1,GSM331594,1,0.389077752828598
78,1,GSM331596,1,0.502274751663208
78,1,GSM331598,1,0.5680112838745117
78,1,GSM331600,1,0.8158922791481018
78,1,GSM331602,1,0.33318522572517395
78,1,GSM331604,1,0.4295888841152191
78,1,GSM331605,1,0.48437994718551636
78,1,GSM331608,1,0.190303772687912
78,1,GSM331609,1,0.5496729016304016
78,1,GSM331610,1,0.7104660868644714
78,1,GSM331613,1,0.42372244596481323
78,1,GSM331614,1,0.5805782675743103
78,1,GSM331615,1,0.3457435965538025
78,1,GSM331616,1,0.5275666117668152
78,1,GSM331620,1,0.5083600878715515
78,1,GSM331623,1,0.20251189172267914
78,1,GSM331625,1,0.6294707655906677
78,1,GSM331626,1,0.6149593591690063
78,1,GSM331627,1,0.7024398446083069
78,1,GSM331628,1,0.3121551275253296
78,1,GSM331631,1,0.3041052520275116
78,1,GSM331632,1,0.39281928539276123
78,1,GSM331635,1,0.4313426911830902
78,1,GSM331636,1,0.40165016055107117
78,1,GSM331637,1,0.5679044723510742
78,1,GSM331640,1,0.3054145574569702
78,1,GSM331641,1,0.6293739080429077
78,1,GSM331644,1,0.6161785125732422
78,1,GSM331645,1,0.3872714042663574
78,1,GSM331646,1,0.2968849241733551
78,1,GSM331649,1,0.5928032994270325
78,1,GSM331655,1,0.6606099009513855
78,1,GSM331657,1,0.8850929141044617
78,2,GSM331661,0,0.6046099066734314
78,2,GSM331662,0,0.18935436010360718
78,2,GSM331663,0,0.2888854742050171
78,2,GSM331664,0,0.2028791457414627
78,2,GSM331665,0,0.6197537779808044
78,2,GSM331668,0,0.4885665774345398
78,2,GSM331671,0,0.6131547689437866
78,2,GSM331676,0,0.3446543216705322
78,2,GSM331677,0,0.21482832729816437
78,2,GSM331678,0,0.10888870060443878
78,2,GSM331681,0,0.696917712688446
78,2,GSM331683,0,0.3758496940135956
78,2,GSM331684,0,0.28449395298957825
78,2,GSM331685,0,0.1816391944885254
78,2,GSM331686,0,0.6686694622039795
78,2,GSM331687,0,0.24648435413837433
78,2,GSM331690,0,0.7084632515907288
78,2,GSM331691,0,0.4878987967967987
78,2,GSM331695,0,0.31619149446487427
78,2,GSM331697,0,0.23482072353363037
78,2,GSM331700,0,0.4100254774093628
78,2,GSM331704,0,0.5959042310714722
78,2,GSM331705,0,0.3649440109729767
78,2,GSM331706,0,0.725780725479126
78,2,GSM331708,0,0.7810978889465332
78,2,GSM331709,0,0.19693537056446075
78,2,GSM331710,0,0.15864773094654083
78,2,GSM331711,0,0.35046839714050293
78,2,GSM331713,0,0.46036088466644287
78,2,GSM331717,0,0.77461177110672
78,2,GSM331719,0,0.1980951875448227
78,2,GSM331722,0,0.2963677644729614
78,2,GSM331726,0,0.1377941519021988
78,2,GSM331728,0,0.09444230794906616
78,2,GSM331730,0,0.6613348722457886
78,2,GSM331731,0,0.6261230111122131
78,2,GSM331453,1,0.5746068954467773
78,2,GSM331456,1,0.5941344499588013
78,2,GSM331457,1,0.5130235552787781
78,2,GSM331460,1,0.656353771686554
78,2,GSM331461,1,0.36928844451904297
78,2,GSM331463,1,0.3678032159805298
78,2,GSM331466,1,0.5356104373931885
78,2,GSM331469,1,0.3855225443840027
78,2,GSM331471,1,0.5820023417472839
78,2,GSM331476,1,0.47539839148521423
78,2,GSM331477,1,0.26755574345588684
78,2,GSM331481,1,0.2845335602760315
78,2,GSM331482,1,0.20754633843898773
78,2,GSM331485,1,0.5537115335464478
78,2,GSM331487,1,0.5516770482063293
78,2,GSM331492,1,0.28014570474624634
78,2,GSM331494,1,0.6123713254928589
78,2,GSM331495,1,0.3022630214691162
78,2,GSM331496,1,0.2543053925037384
78,2,GSM331497,1,0.4993433654308319
78,2,GSM331498,1,0.27016744017601013
78,2,GSM331499,1,0.38879621028900146
78,2,GSM331500,1,0.7181359529495239
78,2,GSM331501,1,0.5541831254959106
78,2,GSM331502,1,0.5320754051208496
78,2,GSM331510,1,0.2681197226047516
78,2,GSM331511,1,0.40665343403816223
78,2,GSM331513,1,0.44657883048057556
78,2,GSM331514,1,0.29982274770736694
78,2,GSM331515,1,0.22205403447151184
78,2,GSM331516,1,0.29695242643356323
78,2,GSM331519,1,0.35863423347473145
78,2,GSM331522,1,0.45540404319763184
78,2,GSM331523,1,0.5270370841026306
78,2,GSM331526,1,0.6784870028495789
78,2,GSM331528,1,0.2995586097240448
78,2,GSM331531,1,0.4819396138191223
78,2,GSM331533,1,0.4974452257156372
78,2,GSM331535,1,0.4845035970211029
78,2,GSM331536,1,0.5274004340171814
78,2,GSM331537,1,0.7284314036369324
78,2,GSM331538,1,0.3569108247756958
78,2,GSM331539,1,0.3437168002128601
78,2,GSM331540,1,0.364470511674881
78,2,GSM331543,1,0.6866127252578735
78,2,GSM331545,1,0.580868124961853
78,2,GSM331547,1,0.23357433080673218
78,2,GSM331548,1,0.45316842198371887
78,2,GSM331549,1,0.7071682810783386
78,2,GSM331551,1,0.44673532247543335
78,2,GSM331552,1,0.5523483753204346
78,2,GSM331554,1,0.2161044478416443
78,2,GSM331555,1,0.20756910741329193
78,2,GSM331559,1,0.7273174524307251
78,2,GSM331561,1,0.4789862036705017
78,2,GSM331565,1,0.7199275493621826
78,2,GSM331569,1,0.5364354848861694
78,2,GSM331572,1,0.4577311873435974
78,2,GSM331575,1,0.7259481549263
78,2,GSM331579,1,0.4589574635028839
78,2,GSM331580,1,0.20208634436130524
78,2,GSM331581,1,0.3220408260822296
78,2,GSM331582,1,0.6493092775344849
78,2,GSM331583,1,0.21459056437015533
78,2,GSM331584,1,0.36335670948028564
78,2,GSM331588,1,0.2840593755245209
78,2,GSM331589,1,0.5661245584487915
78,2,GSM331590,1,0.3156076669692993
78,2,GSM331591,1,0.49765828251838684
78,2,GSM331592,1,0.47538113594055176
78,2,GSM331593,1,0.26213282346725464
78,2,GSM331595,1,0.5366058349609375
78,2,GSM331597,1,0.43654829263687134
78,2,GSM331599,1,0.7323102355003357
78,2,GSM331601,1,0.16454839706420898
78,2,GSM331603,1,0.29304876923561096
78,2,GSM331606,1,0.25512051582336426
78,2,GSM331607,1,0.7202691435813904
78,2,GSM331611,1,0.43385472893714905
78,2,GSM331612,1,0.3814440071582794
78,2,GSM331617,1,0.7433003783226013
78,2,GSM331618,1,0.6979490518569946
78,2,GSM331619,1,0.33264487981796265
78,2,GSM331621,1,0.543131947517395
78,2,GSM331622,1,0.7363489270210266
78,2,GSM331624,1,0.18025028705596924
78,2,GSM331629,1,0.1987486481666565
78,2,GSM331630,1,0.5502399802207947
78,2,GSM331633,1,0.1883258819580078
78,2,GSM331634,1,0.3933127224445343
78,2,GSM331639,1,0.4050326347351074
78,2,GSM331642,1,0.4294506013393402
78,2,GSM331643,1,0.757229745388031
78,2,GSM331647,1,0.3211350440979004
78,2,GSM331648,1,0.37530115246772766
78,2,GSM331650,1,0.3544709086418152
78,2,GSM331651,1,0.1197221428155899
78,2,GSM331652,1,0.4141644239425659
78,2,GSM331653,1,0.30641695857048035
78,2,GSM331654,1,0.657585084438324
78,2,GSM331656,1,0.21594859659671783
78,2,GSM331658,1,0.777859628200531
78,2,GSM331659,1,0.8450174331665039
79,1,GSM331660,0,0.3430437445640564
79,1,GSM331663,0,0.39627471566200256
79,1,GSM331664,0,0.30620670318603516
79,1,GSM331671,0,0.5949582457542419
79,1,GSM331673,0,0.3726651966571808
79,1,GSM331674,0,0.5576910972595215
79,1,GSM331675,0,0.24688605964183807
79,1,GSM331678,0,0.24110737442970276
79,1,GSM331679,0,0.5220385789871216
79,1,GSM331680,0,0.6234384179115295
79,1,GSM331681,0,0.5669922828674316
79,1,GSM331683,0,0.8695781230926514
79,1,GSM331686,0,0.4470577836036682
79,1,GSM331688,0,0.6272748708724976
79,1,GSM331690,0,0.7614176273345947
79,1,GSM331693,0,0.34286031126976013
79,1,GSM331699,0,0.5080316662788391
79,1,GSM331700,0,0.5312140583992004
79,1,GSM331701,0,0.3617103099822998
79,1,GSM331706,0,0.7937102913856506
79,1,GSM331708,0,0.7156562805175781
79,1,GSM331709,0,0.22049498558044434
79,1,GSM331710,0,0.24358490109443665
79,1,GSM331713,0,0.32796624302864075
79,1,GSM331715,0,0.37769076228141785
79,1,GSM331716,0,0.8369938731193542
79,1,GSM331717,0,0.4612646996974945
79,1,GSM331719,0,0.25836899876594543
79,1,GSM331720,0,0.5449801683425903
79,1,GSM331721,0,0.6419819593429565
79,1,GSM331722,0,0.47713708877563477
79,1,GSM331723,0,0.5716989040374756
79,1,GSM331726,0,0.5250126123428345
79,1,GSM331727,0,0.46175992488861084
79,1,GSM331728,0,0.2947262227535248
79,1,GSM331729,0,0.2181166559457779
79,1,GSM331731,0,0.8012704253196716
79,1,GSM331453,1,0.30016013979911804
79,1,GSM331458,1,0.41837191581726074
79,1,GSM331459,1,0.7502301335334778
79,1,GSM331463,1,0.3049096167087555
79,1,GSM331468,1,0.5009762048721313
79,1,GSM331471,1,0.7683991193771362
79,1,GSM331473,1,0.3889670670032501
79,1,GSM331478,1,0.49744781851768494
79,1,GSM331479,1,0.3234565258026123
79,1,GSM331480,1,0.6172569394111633
79,1,GSM331481,1,0.68798828125
79,1,GSM331482,1,0.319699764251709
79,1,GSM331485,1,0.6215825080871582
79,1,GSM331488,1,0.5127414464950562
79,1,GSM331490,1,0.3584196865558624
79,1,GSM331491,1,0.5507957935333252
79,1,GSM331493,1,0.35730987787246704
79,1,GSM331496,1,0.20244379341602325
79,1,GSM331499,1,0.15857738256454468
79,1,GSM331500,1,0.3932233452796936
79,1,GSM331501,1,0.3341461420059204
79,1,GSM331502,1,0.724250853061676
79,1,GSM331503,1,0.36113056540489197
79,1,GSM331506,1,0.5356630086898804
79,1,GSM331510,1,0.4296879172325134
79,1,GSM331511,1,0.7355928421020508
79,1,GSM331513,1,0.6784845590591431
79,1,GSM331514,1,0.5146645307540894
79,1,GSM331515,1,0.3592003583908081
79,1,GSM331516,1,0.6796306371688843
79,1,GSM331518,1,0.5116029977798462
79,1,GSM331520,1,0.5171160697937012
79,1,GSM331521,1,0.3680913746356964
79,1,GSM331522,1,0.4258226156234741
79,1,GSM331524,1,0.35939571261405945
79,1,GSM331525,1,0.564035952091217
79,1,GSM331526,1,0.582705557346344
79,1,GSM331528,1,0.7861395478248596
79,1,GSM331530,1,0.2661671042442322
79,1,GSM331531,1,0.36454251408576965
79,1,GSM331534,1,0.4642540216445923
79,1,GSM331535,1,0.3497418761253357
79,1,GSM331536,1,0.44342276453971863
79,1,GSM331537,1,0.35085082054138184
79,1,GSM331538,1,0.2383732944726944
79,1,GSM331541,1,0.649710476398468
79,1,GSM331544,1,0.3441157639026642
79,1,GSM331545,1,0.6568441390991211
79,1,GSM331549,1,0.7375056147575378
79,1,GSM331552,1,0.28218570351600647
79,1,GSM331553,1,0.8066253662109375
79,1,GSM331554,1,0.5078554153442383
79,1,GSM331555,1,0.1930670589208603
79,1,GSM331557,1,0.6168903708457947
79,1,GSM331559,1,0.6910949945449829
79,1,GSM331561,1,0.32850512862205505
79,1,GSM331564,1,0.6235483288764954
79,1,GSM331566,1,0.3821983337402344
79,1,GSM331569,1,0.5077390670776367
79,1,GSM331570,1,0.46433189511299133
79,1,GSM331573,1,0.5284759402275085
79,1,GSM331574,1,0.5389310121536255
79,1,GSM331577,1,0.6335256099700928
79,1,GSM331578,1,0.7849002480506897
79,1,GSM331579,1,0.42073991894721985
79,1,GSM331580,1,0.6080911755561829
79,1,GSM331584,1,0.2711901366710663
79,1,GSM331587,1,0.7464433908462524
79,1,GSM331592,1,0.37594279646873474
79,1,GSM331593,1,0.13556019961833954
79,1,GSM331598,1,0.4672127068042755
79,1,GSM331601,1,0.23757247626781464
79,1,GSM331605,1,0.6402930617332458
79,1,GSM331606,1,0.3587215840816498
79,1,GSM331607,1,0.8236619830131531
79,1,GSM331608,1,0.20597384870052338
79,1,GSM331609,1,0.4939405918121338
79,1,GSM331613,1,0.34915265440940857
79,1,GSM331614,1,0.38668641448020935
79,1,GSM331615,1,0.4519939422607422
79,1,GSM331616,1,0.44335705041885376
79,1,GSM331618,1,0.44344624876976013
79,1,GSM331621,1,0.47214022278785706
79,1,GSM331622,1,0.746160089969635
79,1,GSM331623,1,0.45670950412750244
79,1,GSM331624,1,0.5343124866485596
79,1,GSM331626,1,0.21192893385887146
79,1,GSM331627,1,0.5434156060218811
79,1,GSM331630,1,0.322764128446579
79,1,GSM331631,1,0.42034801840782166
79,1,GSM331632,1,0.44683322310447693
79,1,GSM331633,1,0.2971954047679901
79,1,GSM331634,1,0.2039894163608551
79,1,GSM331635,1,0.24169935286045074
79,1,GSM331636,1,0.38757291436195374
79,1,GSM331637,1,0.4680721163749695
79,1,GSM331643,1,0.6464501619338989
79,1,GSM331644,1,0.4171965718269348
79,1,GSM331646,1,0.332200288772583
79,1,GSM331648,1,0.3028920888900757
79,1,GSM331650,1,0.44482243061065674
79,1,GSM331651,1,0.3781141936779022
79,1,GSM331654,1,0.6672677397727966
79,2,GSM331638,0,0.3489122986793518
79,2,GSM331661,0,0.6571959257125854
79,2,GSM331662,0,0.6567525267601013
79,2,GSM331665,0,0.5578175187110901
79,2,GSM331666,0,0.37700483202934265
79,2,GSM331668,0,0.5774320363998413
79,2,GSM331669,0,0.8840038776397705
79,2,GSM331670,0,0.6445319652557373
79,2,GSM331672,0,0.6772342324256897
79,2,GSM331676,0,0.6318556070327759
79,2,GSM331677,0,0.5371562242507935
79,2,GSM331682,0,0.5598834753036499
79,2,GSM331684,0,0.37761369347572327
79,2,GSM331685,0,0.3941495716571808
79,2,GSM331687,0,0.48722776770591736
79,2,GSM331689,0,0.4127914011478424
79,2,GSM331691,0,0.6211249232292175
79,2,GSM331692,0,0.26311802864074707
79,2,GSM331694,0,0.43497779965400696
79,2,GSM331695,0,0.4490526020526886
79,2,GSM331696,0,0.3384488523006439
79,2,GSM331697,0,0.6901816129684448
79,2,GSM331698,0,0.4894067943096161
79,2,GSM331702,0,0.6609009504318237
79,2,GSM331703,0,0.5342679619789124
79,2,GSM331704,0,0.653550386428833
79,2,GSM331705,0,0.4417635202407837
79,2,GSM331707,0,0.7658715844154358
79,2,GSM331711,0,0.5832854509353638
79,2,GSM331712,0,0.47718924283981323
79,2,GSM331714,0,0.7946069836616516
79,2,GSM331718,0,0.7050502896308899
79,2,GSM331724,0,0.4221498966217041
79,2,GSM331725,0,0.6838794350624084
79,2,GSM331730,0,0.4011310636997223
79,2,GSM331732,0,0.6604989767074585
79,2,GSM331454,1,0.5115719437599182
79,2,GSM331455,1,0.3266996741294861
79,2,GSM331456,1,0.5188814997673035
79,2,GSM331457,1,0.704895555973053
79,2,GSM331460,1,0.4586690366268158
79,2,GSM331461,1,0.30384108424186707
79,2,GSM331462,1,0.6231348514556885
79,2,GSM331464,1,0.7059648633003235
79,2,GSM331465,1,0.4644221365451813
79,2,GSM331466,1,0.5490046143531799
79,2,GSM331467,1,0.3735889494419098
79,2,GSM331469,1,0.6926759481430054
79,2,GSM331470,1,0.6090733408927917
79,2,GSM331472,1,0.3362269103527069
79,2,GSM331474,1,0.4025666117668152
79,2,GSM331475,1,0.28218403458595276
79,2,GSM331476,1,0.6473393440246582
79,2,GSM331477,1,0.5991519689559937
79,2,GSM331483,1,0.6017107367515564
79,2,GSM331484,1,0.3872692584991455
79,2,GSM331486,1,0.47796300053596497
79,2,GSM331487,1,0.7802566289901733
79,2,GSM331489,1,0.5848777294158936
79,2,GSM331492,1,0.5463314056396484
79,2,GSM331494,1,0.8690700531005859
79,2,GSM331495,1,0.44540441036224365
79,2,GSM331497,1,0.6226773262023926
79,2,GSM331498,1,0.5148065090179443
79,2,GSM331504,1,0.46891677379608154
79,2,GSM331505,1,0.6459676623344421
79,2,GSM331507,1,0.3623708486557007
79,2,GSM331508,1,0.5608908534049988
79,2,GSM331509,1,0.2811397612094879
79,2,GSM331512,1,0.5319806933403015
79,2,GSM331517,1,0.31228041648864746
79,2,GSM331519,1,0.4594876170158386
79,2,GSM331523,1,0.8296834230422974
79,2,GSM331527,1,0.47196558117866516
79,2,GSM331529,1,0.6109172105789185
79,2,GSM331532,1,0.4824415147304535
79,2,GSM331533,1,0.6210945248603821
79,2,GSM331539,1,0.4728938937187195
79,2,GSM331540,1,0.6166483759880066
79,2,GSM331542,1,0.7231924533843994
79,2,GSM331543,1,0.6103396415710449
79,2,GSM331546,1,0.7358168959617615
79,2,GSM331547,1,0.6192914843559265
79,2,GSM331548,1,0.7002184987068176
79,2,GSM331550,1,0.39716967940330505
79,2,GSM331551,1,0.48620837926864624
79,2,GSM331556,1,0.5281880497932434
79,2,GSM331558,1,0.41514894366264343
79,2,GSM331560,1,0.5015179514884949
79,2,GSM331562,1,0.6922851800918579
79,2,GSM331563,1,0.8296241164207458
79,2,GSM331565,1,0.7807856798171997
79,2,GSM331567,1,0.42864274978637695
79,2,GSM331568,1,0.7780362367630005
79,2,GSM331571,1,0.6100559830665588
79,2,GSM331572,1,0.6561513543128967
79,2,GSM331575,1,0.6334707736968994
79,2,GSM331576,1,0.5065760016441345
79,2,GSM331581,1,0.31405511498451233
79,2,GSM331582,1,0.49582645297050476
79,2,GSM331583,1,0.3186984062194824
79,2,GSM331585,1,0.6573966145515442
79,2,GSM331586,1,0.41828346252441406
79,2,GSM331588,1,0.5839502811431885
79,2,GSM331589,1,0.4903460144996643
79,2,GSM331590,1,0.3146151006221771
79,2,GSM331591,1,0.7704476118087769
79,2,GSM331594,1,0.6976562738418579
79,2,GSM331595,1,0.5712869167327881
79,2,GSM331596,1,0.30285897850990295
79,2,GSM331597,1,0.5075955390930176
79,2,GSM331599,1,0.8078038096427917
79,2,GSM331600,1,0.6891524791717529
79,2,GSM331602,1,0.3798212707042694
79,2,GSM331603,1,0.36281558871269226
79,2,GSM331604,1,0.3151392638683319
79,2,GSM331610,1,0.5577179193496704
79,2,GSM331611,1,0.644843339920044
79,2,GSM331612,1,0.6994116902351379
79,2,GSM331617,1,0.7829440236091614
79,2,GSM331619,1,0.4494635760784149
79,2,GSM331620,1,0.5444516539573669
79,2,GSM331625,1,0.6158074140548706
79,2,GSM331628,1,0.4765112102031708
79,2,GSM331629,1,0.22204521298408508
79,2,GSM331639,1,0.5865418314933777
79,2,GSM331640,1,0.26488742232322693
79,2,GSM331641,1,0.6109259128570557
79,2,GSM331642,1,0.5230773687362671
79,2,GSM331645,1,0.3960983455181122
79,2,GSM331647,1,0.6491013765335083
79,2,GSM331649,1,0.6826651692390442
79,2,GSM331652,1,0.8476411700248718
79,2,GSM331653,1,0.5589677691459656
79,2,GSM331655,1,0.2469528764486313
79,2,GSM331656,1,0.3274915814399719
79,2,GSM331657,1,0.7372783422470093
79,2,GSM331658,1,0.6647526621818542
79,2,GSM331659,1,0.8204238414764404
80,1,GSM331660,0,0.3804582357406616
80,1,GSM331668,0,0.46996551752090454
80,1,GSM331669,0,0.774874210357666
80,1,GSM331670,0,0.7095305919647217
80,1,GSM331671,0,0.7446679472923279
80,1,GSM331673,0,0.41701018810272217
80,1,GSM331674,0,0.5726296901702881
80,1,GSM331676,0,0.36624711751937866
80,1,GSM331677,0,0.5000566244125366
80,1,GSM331679,0,0.4199982285499573
80,1,GSM331682,0,0.45722270011901855
80,1,GSM331683,0,0.7035911679267883
80,1,GSM331684,0,0.23155942559242249
80,1,GSM331686,0,0.6256899833679199
80,1,GSM331687,0,0.3460786044597626
80,1,GSM331689,0,0.4161447584629059
80,1,GSM331691,0,0.28214916586875916
80,1,GSM331693,0,0.33948710560798645
80,1,GSM331694,0,0.4082399010658264
80,1,GSM331695,0,0.5627433061599731
80,1,GSM331696,0,0.40528419613838196
80,1,GSM331697,0,0.5481552481651306
80,1,GSM331698,0,0.5265662670135498
80,1,GSM331701,0,0.378316193819046
80,1,GSM331704,0,0.4309830665588379
80,1,GSM331705,0,0.45062869787216187
80,1,GSM331713,0,0.2526562213897705
80,1,GSM331714,0,0.6379140615463257
80,1,GSM331716,0,0.7971676588058472
80,1,GSM331721,0,0.7132108807563782
80,1,GSM331722,0,0.3563949167728424
80,1,GSM331724,0,0.4160816967487335
80,1,GSM331726,0,0.2757391631603241
80,1,GSM331727,0,0.39375096559524536
80,1,GSM331728,0,0.30809101462364197
80,1,GSM331729,0,0.17989464104175568
80,1,GSM331731,0,0.6949896216392517
80,1,GSM331454,1,0.553748607635498
80,1,GSM331455,1,0.46106430888175964
80,1,GSM331458,1,0.5906768441200256
80,1,GSM331459,1,0.808789849281311
80,1,GSM331460,1,0.7418937683105469
80,1,GSM331461,1,0.24783582985401154
80,1,GSM331464,1,0.6309208869934082
80,1,GSM331465,1,0.5601839423179626
80,1,GSM331468,1,0.44144609570503235
80,1,GSM331474,1,0.6242156624794006
80,1,GSM331475,1,0.29803696274757385
80,1,GSM331476,1,0.6273057460784912
80,1,GSM331478,1,0.5170467495918274
80,1,GSM331480,1,0.37927961349487305
80,1,GSM331484,1,0.29050421714782715
80,1,GSM331487,1,0.8652266263961792
80,1,GSM331489,1,0.3870936334133148
80,1,GSM331493,1,0.3972521722316742
80,1,GSM331494,1,0.8214074373245239
80,1,GSM331495,1,0.6464723944664001
80,1,GSM331498,1,0.5537096261978149
80,1,GSM331500,1,0.5091122984886169
80,1,GSM331501,1,0.5132407546043396
80,1,GSM331506,1,0.43857288360595703
80,1,GSM331509,1,0.2640612721443176
80,1,GSM331511,1,0.6260791420936584
80,1,GSM331512,1,0.42744553089141846
80,1,GSM331514,1,0.5062199234962463
80,1,GSM331516,1,0.5831141471862793
80,1,GSM331517,1,0.3833616077899933
80,1,GSM331518,1,0.47283151745796204
80,1,GSM331522,1,0.33298158645629883
80,1,GSM331523,1,0.8514677882194519
80,1,GSM331524,1,0.5093024373054504
80,1,GSM331527,1,0.3970355987548828
80,1,GSM331530,1,0.4509948492050171
80,1,GSM331531,1,0.5284509062767029
80,1,GSM331533,1,0.2435970902442932
80,1,GSM331535,1,0.6196238994598389
80,1,GSM331536,1,0.5024529695510864
80,1,GSM331538,1,0.2736164629459381
80,1,GSM331540,1,0.6800107955932617
80,1,GSM331543,1,0.7714177966117859
80,1,GSM331545,1,0.6872694492340088
80,1,GSM331548,1,0.6587899327278137
80,1,GSM331551,1,0.3527548313140869
80,1,GSM331552,1,0.28731387853622437
80,1,GSM331553,1,0.6200618743896484
80,1,GSM331554,1,0.4524917006492615
80,1,GSM331556,1,0.5619126558303833
80,1,GSM331560,1,0.44289150834083557
80,1,GSM331563,1,0.5969861149787903
80,1,GSM331565,1,0.7703097462654114
80,1,GSM331567,1,0.640888512134552
80,1,GSM331568,1,0.8403086066246033
80,1,GSM331569,1,0.4295761287212372
80,1,GSM331571,1,0.7403958439826965
80,1,GSM331572,1,0.38141778111457825
80,1,GSM331573,1,0.8039553761482239
80,1,GSM331574,1,0.2556116282939911
80,1,GSM331575,1,0.6871207356452942
80,1,GSM331580,1,0.3457753658294678
80,1,GSM331581,1,0.39724746346473694
80,1,GSM331583,1,0.6071627736091614
80,1,GSM331586,1,0.17001788318157196
80,1,GSM331590,1,0.619525671005249
80,1,GSM331591,1,0.6661137938499451
80,1,GSM331592,1,0.574852705001831
80,1,GSM331593,1,0.29831379652023315
80,1,GSM331594,1,0.4771445095539093
80,1,GSM331595,1,0.7833622097969055
80,1,GSM331597,1,0.5378830432891846
80,1,GSM331598,1,0.4454929828643799
80,1,GSM331601,1,0.24615086615085602
80,1,GSM331602,1,0.590644896030426
80,1,GSM331603,1,0.5318453311920166
80,1,GSM331604,1,0.5578902959823608
80,1,GSM331606,1,0.06821973621845245
80,1,GSM331607,1,0.8006129264831543
80,1,GSM331608,1,0.2210509330034256
80,1,GSM331609,1,0.7572866678237915
80,1,GSM331611,1,0.3442215323448181
80,1,GSM331613,1,0.47447317838668823
80,1,GSM331614,1,0.7217630743980408
80,1,GSM331618,1,0.6569037437438965
80,1,GSM331619,1,0.36231306195259094
80,1,GSM331620,1,0.5627477169036865
80,1,GSM331621,1,0.6839203834533691
80,1,GSM331622,1,0.628707766532898
80,1,GSM331624,1,0.45494282245635986
80,1,GSM331626,1,0.5267844796180725
80,1,GSM331629,1,0.17078542709350586
80,1,GSM331632,1,0.5173259377479553
80,1,GSM331635,1,0.2877956032752991
80,1,GSM331640,1,0.295742005109787
80,1,GSM331641,1,0.4487510621547699
80,1,GSM331642,1,0.214910626411438
80,1,GSM331643,1,0.8739314079284668
80,1,GSM331645,1,0.12640811502933502
80,1,GSM331646,1,0.4089735150337219
80,1,GSM331649,1,0.6437968611717224
80,1,GSM331654,1,0.8567500710487366
80,1,GSM331655,1,0.39620906114578247
80,2,GSM331638,0,0.475644588470459
80,2,GSM331661,0,0.6451120972633362
80,2,GSM331662,0,0.5216066837310791
80,2,GSM331663,0,0.3060409128665924
80,2,GSM331664,0,0.2890024781227112
80,2,GSM331665,0,0.7212981581687927
80,2,GSM331666,0,0.3465181887149811
80,2,GSM331672,0,0.5582309365272522
80,2,GSM331675,0,0.18106214702129364
80,2,GSM331678,0,0.35654518008232117
80,2,GSM331680,0,0.8208614587783813
80,2,GSM331681,0,0.5675228238105774
80,2,GSM331685,0,0.4971669018268585
80,2,GSM331688,0,0.5901033878326416
80,2,GSM331690,0,0.7248873710632324
80,2,GSM331692,0,0.10700184106826782
80,2,GSM331699,0,0.8023636341094971
80,2,GSM331700,0,0.4830336570739746
80,2,GSM331702,0,0.468832403421402
80,2,GSM331703,0,0.6608917713165283
80,2,GSM331706,0,0.6817570328712463
80,2,GSM331707,0,0.6967897415161133
80,2,GSM331708,0,0.7934309840202332
80,2,GSM331709,0,0.3589246869087219
80,2,GSM331710,0,0.14084292948246002
80,2,GSM331711,0,0.5368325114250183
80,2,GSM331712,0,0.4088253974914551
80,2,GSM331715,0,0.3868582546710968
80,2,GSM331717,0,0.5876591205596924
80,2,GSM331718,0,0.6583399176597595
80,2,GSM331719,0,0.2119075059890747
80,2,GSM331720,0,0.6558942794799805
80,2,GSM331723,0,0.7708355784416199
80,2,GSM331725,0,0.7067773342132568
80,2,GSM331730,0,0.5026475787162781
80,2,GSM331732,0,0.7511595487594604
80,2,GSM331453,1,0.46722280979156494
80,2,GSM331456,1,0.5863983631134033
80,2,GSM331457,1,0.7249309420585632
80,2,GSM331462,1,0.7334627509117126
80,2,GSM331463,1,0.5178586840629578
80,2,GSM331466,1,0.7728129029273987
80,2,GSM331467,1,0.30796414613723755
80,2,GSM331469,1,0.4885360598564148
80,2,GSM331470,1,0.8005021214485168
80,2,GSM331471,1,0.5895618796348572
80,2,GSM331472,1,0.47217780351638794
80,2,GSM331473,1,0.49852806329727173
80,2,GSM331477,1,0.48158660531044006
80,2,GSM331479,1,0.6926411986351013
80,2,GSM331481,1,0.6883524060249329
80,2,GSM331482,1,0.3297714591026306
80,2,GSM331483,1,0.6173465847969055
80,2,GSM331485,1,0.788011372089386
80,2,GSM331486,1,0.5958905220031738
80,2,GSM331488,1,0.7432044744491577
80,2,GSM331490,1,0.41574934124946594
80,2,GSM331491,1,0.7117816209793091
80,2,GSM331492,1,0.7058351039886475
80,2,GSM331496,1,0.373320072889328
80,2,GSM331497,1,0.6509464383125305
80,2,GSM331499,1,0.4294872581958771
80,2,GSM331502,1,0.8463087677955627
80,2,GSM331503,1,0.3567520081996918
80,2,GSM331504,1,0.663587749004364
80,2,GSM331505,1,0.7162922620773315
80,2,GSM331507,1,0.3857893645763397
80,2,GSM331508,1,0.8214107155799866
80,2,GSM331510,1,0.6505770683288574
80,2,GSM331513,1,0.7720284461975098
80,2,GSM331515,1,0.26750215888023376
80,2,GSM331519,1,0.471121609210968
80,2,GSM331520,1,0.6231786012649536
80,2,GSM331521,1,0.6039724349975586
80,2,GSM331525,1,0.2742803692817688
80,2,GSM331526,1,0.7670817971229553
80,2,GSM331528,1,0.5206735730171204
80,2,GSM331529,1,0.2667621970176697
80,2,GSM331532,1,0.6659966111183167
80,2,GSM331534,1,0.5141808986663818
80,2,GSM331537,1,0.7493911385536194
80,2,GSM331539,1,0.5067160725593567
80,2,GSM331541,1,0.7289482355117798
80,2,GSM331542,1,0.4737706780433655
80,2,GSM331544,1,0.3983205258846283
80,2,GSM331546,1,0.6312030553817749
80,2,GSM331547,1,0.4568021297454834
80,2,GSM331549,1,0.8186109066009521
80,2,GSM331550,1,0.5618460178375244
80,2,GSM331555,1,0.2974110245704651
80,2,GSM331557,1,0.6514534950256348
80,2,GSM331558,1,0.11352923512458801
80,2,GSM331559,1,0.7135462760925293
80,2,GSM331561,1,0.6502597332000732
80,2,GSM331562,1,0.4545520544052124
80,2,GSM331564,1,0.623641848564148
80,2,GSM331566,1,0.5768786072731018
80,2,GSM331570,1,0.41382643580436707
80,2,GSM331576,1,0.4646260142326355
80,2,GSM331577,1,0.2955484986305237
80,2,GSM331578,1,0.6269996166229248
80,2,GSM331579,1,0.4368390142917633
80,2,GSM331582,1,0.7942119836807251
80,2,GSM331584,1,0.45111697912216187
80,2,GSM331585,1,0.46266546845436096
80,2,GSM331587,1,0.38515520095825195
80,2,GSM331588,1,0.31751933693885803
80,2,GSM331589,1,0.3643838167190552
80,2,GSM331596,1,0.3315710127353668
80,2,GSM331599,1,0.6387015581130981
80,2,GSM331600,1,0.7122606039047241
80,2,GSM331605,1,0.7562617063522339
80,2,GSM331610,1,0.7486206293106079
80,2,GSM331612,1,0.7813274264335632
80,2,GSM331615,1,0.4973195791244507
80,2,GSM331616,1,0.4883967638015747
80,2,GSM331617,1,0.4039457142353058
80,2,GSM331623,1,0.2736912965774536
80,2,GSM331625,1,0.38860076665878296
80,2,GSM331627,1,0.6080858111381531
80,2,GSM331628,1,0.363389253616333
80,2,GSM331630,1,0.7141098976135254
80,2,GSM331631,1,0.4893738627433777
80,2,GSM331633,1,0.24409329891204834
80,2,GSM331634,1,0.5881847143173218
80,2,GSM331636,1,0.511942982673645
80,2,GSM331637,1,0.4761788845062256
80,2,GSM331639,1,0.6449851393699646
80,2,GSM331644,1,0.40585795044898987
80,2,GSM331647,1,0.626533031463623
80,2,GSM331648,1,0.4963032603263855
80,2,GSM331650,1,0.5505163669586182
80,2,GSM331651,1,0.45708873867988586
80,2,GSM331652,1,0.6707596182823181
80,2,GSM331653,1,0.24422518908977509
80,2,GSM331656,1,0.26077958941459656
80,2,GSM331657,1,0.8213818073272705
80,2,GSM331658,1,0.6816695928573608
80,2,GSM331659,1,0.6448690891265869
